$MeshFormat
2.2 0 8
$EndMeshFormat
$Nodes
1875
1 0 0 0
2 0 0 4.166666666666667e-05
3 0 0 8.333333333333333e-05
4 0 0 0.000125
5 0 0 0.0001666666666666667
6 0 0 0.0002083333333333333
7 0 0 0.00025
8 0 0 0.0002916666666666667
9 0 0 0.0003333333333333333
10 0 0 0.0003750000000000001
11 0 0 0.0004166666666666667
12 0 0 0.0004583333333333333
13 0 0 0.0005
14 0 0 0.0005416666666666668
15 0 0 0.0005833333333333334
16 0 0 0.000625
17 0 0 0.0006666666666666666
18 0 0 0.0007083333333333334
19 0 0 0.0007500000000000001
20 0 0 0.0007916666666666666
21 0 0 0.0008333333333333334
22 0 0 0.000875
23 0 0 0.0009166666666666666
24 0 0 0.0009583333333333333
25 0 0 0.001
26 0 0.000125 0
27 0 0.000125 4.166666666666667e-05
28 0 0.000125 8.333333333333333e-05
29 0 0.000125 0.000125
30 0 0.000125 0.0001666666666666667
31 0 0.000125 0.0002083333333333333
32 0 0.000125 0.00025
33 0 0.000125 0.0002916666666666667
34 0 0.000125 0.0003333333333333333
35 0 0.000125 0.0003750000000000001
36 0 0.000125 0.0004166666666666667
37 0 0.000125 0.0004583333333333333
38 0 0.000125 0.0005
39 0 0.000125 0.0005416666666666668
40 0 0.000125 0.0005833333333333334
41 0 0.000125 0.000625
42 0 0.000125 0.0006666666666666666
43 0 0.000125 0.0007083333333333334
44 0 0.000125 0.0007500000000000001
45 0 0.000125 0.0007916666666666666
46 0 0.000125 0.0008333333333333334
47 0 0.000125 0.000875
48 0 0.000125 0.0009166666666666666
49 0 0.000125 0.0009583333333333333
50 0 0.000125 0.001
51 0 0.00025 0
52 0 0.00025 4.166666666666667e-05
53 0 0.00025 8.333333333333333e-05
54 0 0.00025 0.000125
55 0 0.00025 0.0001666666666666667
56 0 0.00025 0.0002083333333333333
57 0 0.00025 0.00025
58 0 0.00025 0.0002916666666666667
59 0 0.00025 0.0003333333333333333
60 0 0.00025 0.0003750000000000001
61 0 0.00025 0.0004166666666666667
62 0 0.00025 0.0004583333333333333
63 0 0.00025 0.0005
64 0 0.00025 0.0005416666666666668
65 0 0.00025 0.0005833333333333334
66 0 0.00025 0.000625
67 0 0.00025 0.0006666666666666666
68 0 0.00025 0.0007083333333333334
69 0 0.00025 0.0007500000000000001
70 0 0.00025 0.0007916666666666666
71 0 0.00025 0.0008333333333333334
72 0 0.00025 0.000875
73 0 0.00025 0.0009166666666666666
74 0 0.00025 0.0009583333333333333
75 0 0.00025 0.001
76 8.333333333333333e-05 0 0
77 8.333333333333333e-05 0 4.166666666666667e-05
78 8.333333333333333e-05 0 8.333333333333333e-05
79 8.333333333333333e-05 0 0.000125
80 8.333333333333333e-05 0 0.0001666666666666667
81 8.333333333333333e-05 0 0.0002083333333333333
82 8.333333333333333e-05 0 0.00025
83 8.333333333333333e-05 0 0.0002916666666666667
84 8.333333333333333e-05 0 0.0003333333333333333
85 8.333333333333333e-05 0 0.0003750000000000001
86 8.333333333333333e-05 0 0.0004166666666666667
87 8.333333333333333e-05 0 0.0004583333333333333
88 8.333333333333333e-05 0 0.0005
89 8.333333333333333e-05 0 0.0005416666666666668
90 8.333333333333333e-05 0 0.0005833333333333334
91 8.333333333333333e-05 0 0.000625
92 8.333333333333333e-05 0 0.0006666666666666666
93 8.333333333333333e-05 0 0.0007083333333333334
94 8.333333333333333e-05 0 0.0007500000000000001
95 8.333333333333333e-05 0 0.0007916666666666666
96 8.333333333333333e-05 0 0.0008333333333333334
97 8.333333333333333e-05 0 0.000875
98 8.333333333333333e-05 0 0.0009166666666666666
99 8.333333333333333e-05 0 0.0009583333333333333
100 8.333333333333333e-05 0 0.001
101 8.333333333333333e-05 0.000125 0
102 8.333333333333333e-05 0.000125 4.166666666666667e-05
103 8.333333333333333e-05 0.000125 8.333333333333333e-05
104 8.333333333333333e-05 0.000125 0.000125
105 8.333333333333333e-05 0.000125 0.0001666666666666667
106 8.333333333333333e-05 0.000125 0.0002083333333333333
107 8.333333333333333e-05 0.000125 0.00025
108 8.333333333333333e-05 0.000125 0.0002916666666666667
109 8.333333333333333e-05 0.000125 0.0003333333333333333
110 8.333333333333333e-05 0.000125 0.0003750000000000001
111 8.333333333333333e-05 0.000125 0.0004166666666666667
112 8.333333333333333e-05 0.000125 0.0004583333333333333
113 8.333333333333333e-05 0.000125 0.0005
114 8.333333333333333e-05 0.000125 0.0005416666666666668
115 8.333333333333333e-05 0.000125 0.0005833333333333334
116 8.333333333333333e-05 0.000125 0.000625
117 8.333333333333333e-05 0.000125 0.0006666666666666666
118 8.333333333333333e-05 0.000125 0.0007083333333333334
119 8.333333333333333e-05 0.000125 0.0007500000000000001
120 8.333333333333333e-05 0.000125 0.0007916666666666666
121 8.333333333333333e-05 0.000125 0.0008333333333333334
122 8.333333333333333e-05 0.000125 0.000875
123 8.333333333333333e-05 0.000125 0.0009166666666666666
124 8.333333333333333e-05 0.000125 0.0009583333333333333
125 8.333333333333333e-05 0.000125 0.001
126 8.333333333333333e-05 0.00025 0
127 8.333333333333333e-05 0.00025 4.166666666666667e-05
128 8.333333333333333e-05 0.00025 8.333333333333333e-05
129 8.333333333333333e-05 0.00025 0.000125
130 8.333333333333333e-05 0.00025 0.0001666666666666667
131 8.333333333333333e-05 0.00025 0.0002083333333333333
132 8.333333333333333e-05 0.00025 0.00025
133 8.333333333333333e-05 0.00025 0.0002916666666666667
134 8.333333333333333e-05 0.00025 0.0003333333333333333
135 8.333333333333333e-05 0.00025 0.0003750000000000001
136 8.333333333333333e-05 0.00025 0.0004166666666666667
137 8.333333333333333e-05 0.00025 0.0004583333333333333
138 8.333333333333333e-05 0.00025 0.0005
139 8.333333333333333e-05 0.00025 0.0005416666666666668
140 8.333333333333333e-05 0.00025 0.0005833333333333334
141 8.333333333333333e-05 0.00025 0.000625
142 8.333333333333333e-05 0.00025 0.0006666666666666666
143 8.333333333333333e-05 0.00025 0.0007083333333333334
144 8.333333333333333e-05 0.00025 0.0007500000000000001
145 8.333333333333333e-05 0.00025 0.0007916666666666666
146 8.333333333333333e-05 0.00025 0.0008333333333333334
147 8.333333333333333e-05 0.00025 0.000875
148 8.333333333333333e-05 0.00025 0.0009166666666666666
149 8.333333333333333e-05 0.00025 0.0009583333333333333
150 8.333333333333333e-05 0.00025 0.001
151 0.0001666666666666667 0 0
152 0.0001666666666666667 0 4.166666666666667e-05
153 0.0001666666666666667 0 8.333333333333333e-05
154 0.0001666666666666667 0 0.000125
155 0.0001666666666666667 0 0.0001666666666666667
156 0.0001666666666666667 0 0.0002083333333333333
157 0.0001666666666666667 0 0.00025
158 0.0001666666666666667 0 0.0002916666666666667
159 0.0001666666666666667 0 0.0003333333333333333
160 0.0001666666666666667 0 0.0003750000000000001
161 0.0001666666666666667 0 0.0004166666666666667
162 0.0001666666666666667 0 0.0004583333333333333
163 0.0001666666666666667 0 0.0005
164 0.0001666666666666667 0 0.0005416666666666668
165 0.0001666666666666667 0 0.0005833333333333334
166 0.0001666666666666667 0 0.000625
167 0.0001666666666666667 0 0.0006666666666666666
168 0.0001666666666666667 0 0.0007083333333333334
169 0.0001666666666666667 0 0.0007500000000000001
170 0.0001666666666666667 0 0.0007916666666666666
171 0.0001666666666666667 0 0.0008333333333333334
172 0.0001666666666666667 0 0.000875
173 0.0001666666666666667 0 0.0009166666666666666
174 0.0001666666666666667 0 0.0009583333333333333
175 0.0001666666666666667 0 0.001
176 0.0001666666666666667 0.000125 0
177 0.0001666666666666667 0.000125 4.166666666666667e-05
178 0.0001666666666666667 0.000125 8.333333333333333e-05
179 0.0001666666666666667 0.000125 0.000125
180 0.0001666666666666667 0.000125 0.0001666666666666667
181 0.0001666666666666667 0.000125 0.0002083333333333333
182 0.0001666666666666667 0.000125 0.00025
183 0.0001666666666666667 0.000125 0.0002916666666666667
184 0.0001666666666666667 0.000125 0.0003333333333333333
185 0.0001666666666666667 0.000125 0.0003750000000000001
186 0.0001666666666666667 0.000125 0.0004166666666666667
187 0.0001666666666666667 0.000125 0.0004583333333333333
188 0.0001666666666666667 0.000125 0.0005
189 0.0001666666666666667 0.000125 0.0005416666666666668
190 0.0001666666666666667 0.000125 0.0005833333333333334
191 0.0001666666666666667 0.000125 0.000625
192 0.0001666666666666667 0.000125 0.0006666666666666666
193 0.0001666666666666667 0.000125 0.0007083333333333334
194 0.0001666666666666667 0.000125 0.0007500000000000001
195 0.0001666666666666667 0.000125 0.0007916666666666666
196 0.0001666666666666667 0.000125 0.0008333333333333334
197 0.0001666666666666667 0.000125 0.000875
198 0.0001666666666666667 0.000125 0.0009166666666666666
199 0.0001666666666666667 0.000125 0.0009583333333333333
200 0.0001666666666666667 0.000125 0.001
201 0.0001666666666666667 0.00025 0
202 0.0001666666666666667 0.00025 4.166666666666667e-05
203 0.0001666666666666667 0.00025 8.333333333333333e-05
204 0.0001666666666666667 0.00025 0.000125
205 0.0001666666666666667 0.00025 0.0001666666666666667
206 0.0001666666666666667 0.00025 0.0002083333333333333
207 0.0001666666666666667 0.00025 0.00025
208 0.0001666666666666667 0.00025 0.0002916666666666667
209 0.0001666666666666667 0.00025 0.0003333333333333333
210 0.0001666666666666667 0.00025 0.0003750000000000001
211 0.0001666666666666667 0.00025 0.0004166666666666667
212 0.0001666666666666667 0.00025 0.0004583333333333333
213 0.0001666666666666667 0.00025 0.0005
214 0.0001666666666666667 0.00025 0.0005416666666666668
215 0.0001666666666666667 0.00025 0.0005833333333333334
216 0.0001666666666666667 0.00025 0.000625
217 0.0001666666666666667 0.00025 0.0006666666666666666
218 0.0001666666666666667 0.00025 0.0007083333333333334
219 0.0001666666666666667 0.00025 0.0007500000000000001
220 0.0001666666666666667 0.00025 0.0007916666666666666
221 0.0001666666666666667 0.00025 0.0008333333333333334
222 0.0001666666666666667 0.00025 0.000875
223 0.0001666666666666667 0.00025 0.0009166666666666666
224 0.0001666666666666667 0.00025 0.0009583333333333333
225 0.0001666666666666667 0.00025 0.001
226 0.00025 0 0
227 0.00025 0 4.166666666666667e-05
228 0.00025 0 8.333333333333333e-05
229 0.00025 0 0.000125
230 0.00025 0 0.0001666666666666667
231 0.00025 0 0.0002083333333333333
232 0.00025 0 0.00025
233 0.00025 0 0.0002916666666666667
234 0.00025 0 0.0003333333333333333
235 0.00025 0 0.0003750000000000001
236 0.00025 0 0.0004166666666666667
237 0.00025 0 0.0004583333333333333
238 0.00025 0 0.0005
239 0.00025 0 0.0005416666666666668
240 0.00025 0 0.0005833333333333334
241 0.00025 0 0.000625
242 0.00025 0 0.0006666666666666666
243 0.00025 0 0.0007083333333333334
244 0.00025 0 0.0007500000000000001
245 0.00025 0 0.0007916666666666666
246 0.00025 0 0.0008333333333333334
247 0.00025 0 0.000875
248 0.00025 0 0.0009166666666666666
249 0.00025 0 0.0009583333333333333
250 0.00025 0 0.001
251 0.00025 0.000125 0
252 0.00025 0.000125 4.166666666666667e-05
253 0.00025 0.000125 8.333333333333333e-05
254 0.00025 0.000125 0.000125
255 0.00025 0.000125 0.0001666666666666667
256 0.00025 0.000125 0.0002083333333333333
257 0.00025 0.000125 0.00025
258 0.00025 0.000125 0.0002916666666666667
259 0.00025 0.000125 0.0003333333333333333
260 0.00025 0.000125 0.0003750000000000001
261 0.00025 0.000125 0.0004166666666666667
262 0.00025 0.000125 0.0004583333333333333
263 0.00025 0.000125 0.0005
264 0.00025 0.000125 0.0005416666666666668
265 0.00025 0.000125 0.0005833333333333334
266 0.00025 0.000125 0.000625
267 0.00025 0.000125 0.0006666666666666666
268 0.00025 0.000125 0.0007083333333333334
269 0.00025 0.000125 0.0007500000000000001
270 0.00025 0.000125 0.0007916666666666666
271 0.00025 0.000125 0.0008333333333333334
272 0.00025 0.000125 0.000875
273 0.00025 0.000125 0.0009166666666666666
274 0.00025 0.000125 0.0009583333333333333
275 0.00025 0.000125 0.001
276 0.00025 0.00025 0
277 0.00025 0.00025 4.166666666666667e-05
278 0.00025 0.00025 8.333333333333333e-05
279 0.00025 0.00025 0.000125
280 0.00025 0.00025 0.0001666666666666667
281 0.00025 0.00025 0.0002083333333333333
282 0.00025 0.00025 0.00025
283 0.00025 0.00025 0.0002916666666666667
284 0.00025 0.00025 0.0003333333333333333
285 0.00025 0.00025 0.0003750000000000001
286 0.00025 0.00025 0.0004166666666666667
287 0.00025 0.00025 0.0004583333333333333
288 0.00025 0.00025 0.0005
289 0.00025 0.00025 0.0005416666666666668
290 0.00025 0.00025 0.0005833333333333334
291 0.00025 0.00025 0.000625
292 0.00025 0.00025 0.0006666666666666666
293 0.00025 0.00025 0.0007083333333333334
294 0.00025 0.00025 0.0007500000000000001
295 0.00025 0.00025 0.0007916666666666666
296 0.00025 0.00025 0.0008333333333333334
297 0.00025 0.00025 0.000875
298 0.00025 0.00025 0.0009166666666666666
299 0.00025 0.00025 0.0009583333333333333
300 0.00025 0.00025 0.001
301 0.0003333333333333333 0 0
302 0.0003333333333333333 0 4.166666666666667e-05
303 0.0003333333333333333 0 8.333333333333333e-05
304 0.0003333333333333333 0 0.000125
305 0.0003333333333333333 0 0.0001666666666666667
306 0.0003333333333333333 0 0.0002083333333333333
307 0.0003333333333333333 0 0.00025
308 0.0003333333333333333 0 0.0002916666666666667
309 0.0003333333333333333 0 0.0003333333333333333
310 0.0003333333333333333 0 0.0003750000000000001
311 0.0003333333333333333 0 0.0004166666666666667
312 0.0003333333333333333 0 0.0004583333333333333
313 0.0003333333333333333 0 0.0005
314 0.0003333333333333333 0 0.0005416666666666668
315 0.0003333333333333333 0 0.0005833333333333334
316 0.0003333333333333333 0 0.000625
317 0.0003333333333333333 0 0.0006666666666666666
318 0.0003333333333333333 0 0.0007083333333333334
319 0.0003333333333333333 0 0.0007500000000000001
320 0.0003333333333333333 0 0.0007916666666666666
321 0.0003333333333333333 0 0.0008333333333333334
322 0.0003333333333333333 0 0.000875
323 0.0003333333333333333 0 0.0009166666666666666
324 0.0003333333333333333 0 0.0009583333333333333
325 0.0003333333333333333 0 0.001
326 0.0003333333333333333 0.000125 0
327 0.0003333333333333333 0.000125 4.166666666666667e-05
328 0.0003333333333333333 0.000125 8.333333333333333e-05
329 0.0003333333333333333 0.000125 0.000125
330 0.0003333333333333333 0.000125 0.0001666666666666667
331 0.0003333333333333333 0.000125 0.0002083333333333333
332 0.0003333333333333333 0.000125 0.00025
333 0.0003333333333333333 0.000125 0.0002916666666666667
334 0.0003333333333333333 0.000125 0.0003333333333333333
335 0.0003333333333333333 0.000125 0.0003750000000000001
336 0.0003333333333333333 0.000125 0.0004166666666666667
337 0.0003333333333333333 0.000125 0.0004583333333333333
338 0.0003333333333333333 0.000125 0.0005
339 0.0003333333333333333 0.000125 0.0005416666666666668
340 0.0003333333333333333 0.000125 0.0005833333333333334
341 0.0003333333333333333 0.000125 0.000625
342 0.0003333333333333333 0.000125 0.0006666666666666666
343 0.0003333333333333333 0.000125 0.0007083333333333334
344 0.0003333333333333333 0.000125 0.0007500000000000001
345 0.0003333333333333333 0.000125 0.0007916666666666666
346 0.0003333333333333333 0.000125 0.0008333333333333334
347 0.0003333333333333333 0.000125 0.000875
348 0.0003333333333333333 0.000125 0.0009166666666666666
349 0.0003333333333333333 0.000125 0.0009583333333333333
350 0.0003333333333333333 0.000125 0.001
351 0.0003333333333333333 0.00025 0
352 0.0003333333333333333 0.00025 4.166666666666667e-05
353 0.0003333333333333333 0.00025 8.333333333333333e-05
354 0.0003333333333333333 0.00025 0.000125
355 0.0003333333333333333 0.00025 0.0001666666666666667
356 0.0003333333333333333 0.00025 0.0002083333333333333
357 0.0003333333333333333 0.00025 0.00025
358 0.0003333333333333333 0.00025 0.0002916666666666667
359 0.0003333333333333333 0.00025 0.0003333333333333333
360 0.0003333333333333333 0.00025 0.0003750000000000001
361 0.0003333333333333333 0.00025 0.0004166666666666667
362 0.0003333333333333333 0.00025 0.0004583333333333333
363 0.0003333333333333333 0.00025 0.0005
364 0.0003333333333333333 0.00025 0.0005416666666666668
365 0.0003333333333333333 0.00025 0.0005833333333333334
366 0.0003333333333333333 0.00025 0.000625
367 0.0003333333333333333 0.00025 0.0006666666666666666
368 0.0003333333333333333 0.00025 0.0007083333333333334
369 0.0003333333333333333 0.00025 0.0007500000000000001
370 0.0003333333333333333 0.00025 0.0007916666666666666
371 0.0003333333333333333 0.00025 0.0008333333333333334
372 0.0003333333333333333 0.00025 0.000875
373 0.0003333333333333333 0.00025 0.0009166666666666666
374 0.0003333333333333333 0.00025 0.0009583333333333333
375 0.0003333333333333333 0.00025 0.001
376 0.0004166666666666667 0 0
377 0.0004166666666666667 0 4.166666666666667e-05
378 0.0004166666666666667 0 8.333333333333333e-05
379 0.0004166666666666667 0 0.000125
380 0.0004166666666666667 0 0.0001666666666666667
381 0.0004166666666666667 0 0.0002083333333333333
382 0.0004166666666666667 0 0.00025
383 0.0004166666666666667 0 0.0002916666666666667
384 0.0004166666666666667 0 0.0003333333333333333
385 0.0004166666666666667 0 0.0003750000000000001
386 0.0004166666666666667 0 0.0004166666666666667
387 0.0004166666666666667 0 0.0004583333333333333
388 0.0004166666666666667 0 0.0005
389 0.0004166666666666667 0 0.0005416666666666668
390 0.0004166666666666667 0 0.0005833333333333334
391 0.0004166666666666667 0 0.000625
392 0.0004166666666666667 0 0.0006666666666666666
393 0.0004166666666666667 0 0.0007083333333333334
394 0.0004166666666666667 0 0.0007500000000000001
395 0.0004166666666666667 0 0.0007916666666666666
396 0.0004166666666666667 0 0.0008333333333333334
397 0.0004166666666666667 0 0.000875
398 0.0004166666666666667 0 0.0009166666666666666
399 0.0004166666666666667 0 0.0009583333333333333
400 0.0004166666666666667 0 0.001
401 0.0004166666666666667 0.000125 0
402 0.0004166666666666667 0.000125 4.166666666666667e-05
403 0.0004166666666666667 0.000125 8.333333333333333e-05
404 0.0004166666666666667 0.000125 0.000125
405 0.0004166666666666667 0.000125 0.0001666666666666667
406 0.0004166666666666667 0.000125 0.0002083333333333333
407 0.0004166666666666667 0.000125 0.00025
408 0.0004166666666666667 0.000125 0.0002916666666666667
409 0.0004166666666666667 0.000125 0.0003333333333333333
410 0.0004166666666666667 0.000125 0.0003750000000000001
411 0.0004166666666666667 0.000125 0.0004166666666666667
412 0.0004166666666666667 0.000125 0.0004583333333333333
413 0.0004166666666666667 0.000125 0.0005
414 0.0004166666666666667 0.000125 0.0005416666666666668
415 0.0004166666666666667 0.000125 0.0005833333333333334
416 0.0004166666666666667 0.000125 0.000625
417 0.0004166666666666667 0.000125 0.0006666666666666666
418 0.0004166666666666667 0.000125 0.0007083333333333334
419 0.0004166666666666667 0.000125 0.0007500000000000001
420 0.0004166666666666667 0.000125 0.0007916666666666666
421 0.0004166666666666667 0.000125 0.0008333333333333334
422 0.0004166666666666667 0.000125 0.000875
423 0.0004166666666666667 0.000125 0.0009166666666666666
424 0.0004166666666666667 0.000125 0.0009583333333333333
425 0.0004166666666666667 0.000125 0.001
426 0.0004166666666666667 0.00025 0
427 0.0004166666666666667 0.00025 4.166666666666667e-05
428 0.0004166666666666667 0.00025 8.333333333333333e-05
429 0.0004166666666666667 0.00025 0.000125
430 0.0004166666666666667 0.00025 0.0001666666666666667
431 0.0004166666666666667 0.00025 0.0002083333333333333
432 0.0004166666666666667 0.00025 0.00025
433 0.0004166666666666667 0.00025 0.0002916666666666667
434 0.0004166666666666667 0.00025 0.0003333333333333333
435 0.0004166666666666667 0.00025 0.0003750000000000001
436 0.0004166666666666667 0.00025 0.0004166666666666667
437 0.0004166666666666667 0.00025 0.0004583333333333333
438 0.0004166666666666667 0.00025 0.0005
439 0.0004166666666666667 0.00025 0.0005416666666666668
440 0.0004166666666666667 0.00025 0.0005833333333333334
441 0.0004166666666666667 0.00025 0.000625
442 0.0004166666666666667 0.00025 0.0006666666666666666
443 0.0004166666666666667 0.00025 0.0007083333333333334
444 0.0004166666666666667 0.00025 0.0007500000000000001
445 0.0004166666666666667 0.00025 0.0007916666666666666
446 0.0004166666666666667 0.00025 0.0008333333333333334
447 0.0004166666666666667 0.00025 0.000875
448 0.0004166666666666667 0.00025 0.0009166666666666666
449 0.0004166666666666667 0.00025 0.0009583333333333333
450 0.0004166666666666667 0.00025 0.001
451 0.0005 0 0
452 0.0005 0 4.166666666666667e-05
453 0.0005 0 8.333333333333333e-05
454 0.0005 0 0.000125
455 0.0005 0 0.0001666666666666667
456 0.0005 0 0.0002083333333333333
457 0.0005 0 0.00025
458 0.0005 0 0.0002916666666666667
459 0.0005 0 0.0003333333333333333
460 0.0005 0 0.0003750000000000001
461 0.0005 0 0.0004166666666666667
462 0.0005 0 0.0004583333333333333
463 0.0005 0 0.0005
464 0.0005 0 0.0005416666666666668
465 0.0005 0 0.0005833333333333334
466 0.0005 0 0.000625
467 0.0005 0 0.0006666666666666666
468 0.0005 0 0.0007083333333333334
469 0.0005 0 0.0007500000000000001
470 0.0005 0 0.0007916666666666666
471 0.0005 0 0.0008333333333333334
472 0.0005 0 0.000875
473 0.0005 0 0.0009166666666666666
474 0.0005 0 0.0009583333333333333
475 0.0005 0 0.001
476 0.0005 0.000125 0
477 0.0005 0.000125 4.166666666666667e-05
478 0.0005 0.000125 8.333333333333333e-05
479 0.0005 0.000125 0.000125
480 0.0005 0.000125 0.0001666666666666667
481 0.0005 0.000125 0.0002083333333333333
482 0.0005 0.000125 0.00025
483 0.0005 0.000125 0.0002916666666666667
484 0.0005 0.000125 0.0003333333333333333
485 0.0005 0.000125 0.0003750000000000001
486 0.0005 0.000125 0.0004166666666666667
487 0.0005 0.000125 0.0004583333333333333
488 0.0005 0.000125 0.0005
489 0.0005 0.000125 0.0005416666666666668
490 0.0005 0.000125 0.0005833333333333334
491 0.0005 0.000125 0.000625
492 0.0005 0.000125 0.0006666666666666666
493 0.0005 0.000125 0.0007083333333333334
494 0.0005 0.000125 0.0007500000000000001
495 0.0005 0.000125 0.0007916666666666666
496 0.0005 0.000125 0.0008333333333333334
497 0.0005 0.000125 0.000875
498 0.0005 0.000125 0.0009166666666666666
499 0.0005 0.000125 0.0009583333333333333
500 0.0005 0.000125 0.001
501 0.0005 0.00025 0
502 0.0005 0.00025 4.166666666666667e-05
503 0.0005 0.00025 8.333333333333333e-05
504 0.0005 0.00025 0.000125
505 0.0005 0.00025 0.0001666666666666667
506 0.0005 0.00025 0.0002083333333333333
507 0.0005 0.00025 0.00025
508 0.0005 0.00025 0.0002916666666666667
509 0.0005 0.00025 0.0003333333333333333
510 0.0005 0.00025 0.0003750000000000001
511 0.0005 0.00025 0.0004166666666666667
512 0.0005 0.00025 0.0004583333333333333
513 0.0005 0.00025 0.0005
514 0.0005 0.00025 0.0005416666666666668
515 0.0005 0.00025 0.0005833333333333334
516 0.0005 0.00025 0.000625
517 0.0005 0.00025 0.0006666666666666666
518 0.0005 0.00025 0.0007083333333333334
519 0.0005 0.00025 0.0007500000000000001
520 0.0005 0.00025 0.0007916666666666666
521 0.0005 0.00025 0.0008333333333333334
522 0.0005 0.00025 0.000875
523 0.0005 0.00025 0.0009166666666666666
524 0.0005 0.00025 0.0009583333333333333
525 0.0005 0.00025 0.001
526 0.0005833333333333334 0 0
527 0.0005833333333333334 0 4.166666666666667e-05
528 0.0005833333333333334 0 8.333333333333333e-05
529 0.0005833333333333334 0 0.000125
530 0.0005833333333333334 0 0.0001666666666666667
531 0.0005833333333333334 0 0.0002083333333333333
532 0.0005833333333333334 0 0.00025
533 0.0005833333333333334 0 0.0002916666666666667
534 0.0005833333333333334 0 0.0003333333333333333
535 0.0005833333333333334 0 0.0003750000000000001
536 0.0005833333333333334 0 0.0004166666666666667
537 0.0005833333333333334 0 0.0004583333333333333
538 0.0005833333333333334 0 0.0005
539 0.0005833333333333334 0 0.0005416666666666668
540 0.0005833333333333334 0 0.0005833333333333334
541 0.0005833333333333334 0 0.000625
542 0.0005833333333333334 0 0.0006666666666666666
543 0.0005833333333333334 0 0.0007083333333333334
544 0.0005833333333333334 0 0.0007500000000000001
545 0.0005833333333333334 0 0.0007916666666666666
546 0.0005833333333333334 0 0.0008333333333333334
547 0.0005833333333333334 0 0.000875
548 0.0005833333333333334 0 0.0009166666666666666
549 0.0005833333333333334 0 0.0009583333333333333
550 0.0005833333333333334 0 0.001
551 0.0005833333333333334 0.000125 0
552 0.0005833333333333334 0.000125 4.166666666666667e-05
553 0.0005833333333333334 0.000125 8.333333333333333e-05
554 0.0005833333333333334 0.000125 0.000125
555 0.0005833333333333334 0.000125 0.0001666666666666667
556 0.0005833333333333334 0.000125 0.0002083333333333333
557 0.0005833333333333334 0.000125 0.00025
558 0.0005833333333333334 0.000125 0.0002916666666666667
559 0.0005833333333333334 0.000125 0.0003333333333333333
560 0.0005833333333333334 0.000125 0.0003750000000000001
561 0.0005833333333333334 0.000125 0.0004166666666666667
562 0.0005833333333333334 0.000125 0.0004583333333333333
563 0.0005833333333333334 0.000125 0.0005
564 0.0005833333333333334 0.000125 0.0005416666666666668
565 0.0005833333333333334 0.000125 0.0005833333333333334
566 0.0005833333333333334 0.000125 0.000625
567 0.0005833333333333334 0.000125 0.0006666666666666666
568 0.0005833333333333334 0.000125 0.0007083333333333334
569 0.0005833333333333334 0.000125 0.0007500000000000001
570 0.0005833333333333334 0.000125 0.0007916666666666666
571 0.0005833333333333334 0.000125 0.0008333333333333334
572 0.0005833333333333334 0.000125 0.000875
573 0.0005833333333333334 0.000125 0.0009166666666666666
574 0.0005833333333333334 0.000125 0.0009583333333333333
575 0.0005833333333333334 0.000125 0.001
576 0.0005833333333333334 0.00025 0
577 0.0005833333333333334 0.00025 4.166666666666667e-05
578 0.0005833333333333334 0.00025 8.333333333333333e-05
579 0.0005833333333333334 0.00025 0.000125
580 0.0005833333333333334 0.00025 0.0001666666666666667
581 0.0005833333333333334 0.00025 0.0002083333333333333
582 0.0005833333333333334 0.00025 0.00025
583 0.0005833333333333334 0.00025 0.0002916666666666667
584 0.0005833333333333334 0.00025 0.0003333333333333333
585 0.0005833333333333334 0.00025 0.0003750000000000001
586 0.0005833333333333334 0.00025 0.0004166666666666667
587 0.0005833333333333334 0.00025 0.0004583333333333333
588 0.0005833333333333334 0.00025 0.0005
589 0.0005833333333333334 0.00025 0.0005416666666666668
590 0.0005833333333333334 0.00025 0.0005833333333333334
591 0.0005833333333333334 0.00025 0.000625
592 0.0005833333333333334 0.00025 0.0006666666666666666
593 0.0005833333333333334 0.00025 0.0007083333333333334
594 0.0005833333333333334 0.00025 0.0007500000000000001
595 0.0005833333333333334 0.00025 0.0007916666666666666
596 0.0005833333333333334 0.00025 0.0008333333333333334
597 0.0005833333333333334 0.00025 0.000875
598 0.0005833333333333334 0.00025 0.0009166666666666666
599 0.0005833333333333334 0.00025 0.0009583333333333333
600 0.0005833333333333334 0.00025 0.001
601 0.0006666666666666666 0 0
602 0.0006666666666666666 0 4.166666666666667e-05
603 0.0006666666666666666 0 8.333333333333333e-05
604 0.0006666666666666666 0 0.000125
605 0.0006666666666666666 0 0.0001666666666666667
606 0.0006666666666666666 0 0.0002083333333333333
607 0.0006666666666666666 0 0.00025
608 0.0006666666666666666 0 0.0002916666666666667
609 0.0006666666666666666 0 0.0003333333333333333
610 0.0006666666666666666 0 0.0003750000000000001
611 0.0006666666666666666 0 0.0004166666666666667
612 0.0006666666666666666 0 0.0004583333333333333
613 0.0006666666666666666 0 0.0005
614 0.0006666666666666666 0 0.0005416666666666668
615 0.0006666666666666666 0 0.0005833333333333334
616 0.0006666666666666666 0 0.000625
617 0.0006666666666666666 0 0.0006666666666666666
618 0.0006666666666666666 0 0.0007083333333333334
619 0.0006666666666666666 0 0.0007500000000000001
620 0.0006666666666666666 0 0.0007916666666666666
621 0.0006666666666666666 0 0.0008333333333333334
622 0.0006666666666666666 0 0.000875
623 0.0006666666666666666 0 0.0009166666666666666
624 0.0006666666666666666 0 0.0009583333333333333
625 0.0006666666666666666 0 0.001
626 0.0006666666666666666 0.000125 0
627 0.0006666666666666666 0.000125 4.166666666666667e-05
628 0.0006666666666666666 0.000125 8.333333333333333e-05
629 0.0006666666666666666 0.000125 0.000125
630 0.0006666666666666666 0.000125 0.0001666666666666667
631 0.0006666666666666666 0.000125 0.0002083333333333333
632 0.0006666666666666666 0.000125 0.00025
633 0.0006666666666666666 0.000125 0.0002916666666666667
634 0.0006666666666666666 0.000125 0.0003333333333333333
635 0.0006666666666666666 0.000125 0.0003750000000000001
636 0.0006666666666666666 0.000125 0.0004166666666666667
637 0.0006666666666666666 0.000125 0.0004583333333333333
638 0.0006666666666666666 0.000125 0.0005
639 0.0006666666666666666 0.000125 0.0005416666666666668
640 0.0006666666666666666 0.000125 0.0005833333333333334
641 0.0006666666666666666 0.000125 0.000625
642 0.0006666666666666666 0.000125 0.0006666666666666666
643 0.0006666666666666666 0.000125 0.0007083333333333334
644 0.0006666666666666666 0.000125 0.0007500000000000001
645 0.0006666666666666666 0.000125 0.0007916666666666666
646 0.0006666666666666666 0.000125 0.0008333333333333334
647 0.0006666666666666666 0.000125 0.000875
648 0.0006666666666666666 0.000125 0.0009166666666666666
649 0.0006666666666666666 0.000125 0.0009583333333333333
650 0.0006666666666666666 0.000125 0.001
651 0.0006666666666666666 0.00025 0
652 0.0006666666666666666 0.00025 4.166666666666667e-05
653 0.0006666666666666666 0.00025 8.333333333333333e-05
654 0.0006666666666666666 0.00025 0.000125
655 0.0006666666666666666 0.00025 0.0001666666666666667
656 0.0006666666666666666 0.00025 0.0002083333333333333
657 0.0006666666666666666 0.00025 0.00025
658 0.0006666666666666666 0.00025 0.0002916666666666667
659 0.0006666666666666666 0.00025 0.0003333333333333333
660 0.0006666666666666666 0.00025 0.0003750000000000001
661 0.0006666666666666666 0.00025 0.0004166666666666667
662 0.0006666666666666666 0.00025 0.0004583333333333333
663 0.0006666666666666666 0.00025 0.0005
664 0.0006666666666666666 0.00025 0.0005416666666666668
665 0.0006666666666666666 0.00025 0.0005833333333333334
666 0.0006666666666666666 0.00025 0.000625
667 0.0006666666666666666 0.00025 0.0006666666666666666
668 0.0006666666666666666 0.00025 0.0007083333333333334
669 0.0006666666666666666 0.00025 0.0007500000000000001
670 0.0006666666666666666 0.00025 0.0007916666666666666
671 0.0006666666666666666 0.00025 0.0008333333333333334
672 0.0006666666666666666 0.00025 0.000875
673 0.0006666666666666666 0.00025 0.0009166666666666666
674 0.0006666666666666666 0.00025 0.0009583333333333333
675 0.0006666666666666666 0.00025 0.001
676 0.0007500000000000001 0 0
677 0.0007500000000000001 0 4.166666666666667e-05
678 0.0007500000000000001 0 8.333333333333333e-05
679 0.0007500000000000001 0 0.000125
680 0.0007500000000000001 0 0.0001666666666666667
681 0.0007500000000000001 0 0.0002083333333333333
682 0.0007500000000000001 0 0.00025
683 0.0007500000000000001 0 0.0002916666666666667
684 0.0007500000000000001 0 0.0003333333333333333
685 0.0007500000000000001 0 0.0003750000000000001
686 0.0007500000000000001 0 0.0004166666666666667
687 0.0007500000000000001 0 0.0004583333333333333
688 0.0007500000000000001 0 0.0005
689 0.0007500000000000001 0 0.0005416666666666668
690 0.0007500000000000001 0 0.0005833333333333334
691 0.0007500000000000001 0 0.000625
692 0.0007500000000000001 0 0.0006666666666666666
693 0.0007500000000000001 0 0.0007083333333333334
694 0.0007500000000000001 0 0.0007500000000000001
695 0.0007500000000000001 0 0.0007916666666666666
696 0.0007500000000000001 0 0.0008333333333333334
697 0.0007500000000000001 0 0.000875
698 0.0007500000000000001 0 0.0009166666666666666
699 0.0007500000000000001 0 0.0009583333333333333
700 0.0007500000000000001 0 0.001
701 0.0007500000000000001 0.000125 0
702 0.0007500000000000001 0.000125 4.166666666666667e-05
703 0.0007500000000000001 0.000125 8.333333333333333e-05
704 0.0007500000000000001 0.000125 0.000125
705 0.0007500000000000001 0.000125 0.0001666666666666667
706 0.0007500000000000001 0.000125 0.0002083333333333333
707 0.0007500000000000001 0.000125 0.00025
708 0.0007500000000000001 0.000125 0.0002916666666666667
709 0.0007500000000000001 0.000125 0.0003333333333333333
710 0.0007500000000000001 0.000125 0.0003750000000000001
711 0.0007500000000000001 0.000125 0.0004166666666666667
712 0.0007500000000000001 0.000125 0.0004583333333333333
713 0.0007500000000000001 0.000125 0.0005
714 0.0007500000000000001 0.000125 0.0005416666666666668
715 0.0007500000000000001 0.000125 0.0005833333333333334
716 0.0007500000000000001 0.000125 0.000625
717 0.0007500000000000001 0.000125 0.0006666666666666666
718 0.0007500000000000001 0.000125 0.0007083333333333334
719 0.0007500000000000001 0.000125 0.0007500000000000001
720 0.0007500000000000001 0.000125 0.0007916666666666666
721 0.0007500000000000001 0.000125 0.0008333333333333334
722 0.0007500000000000001 0.000125 0.000875
723 0.0007500000000000001 0.000125 0.0009166666666666666
724 0.0007500000000000001 0.000125 0.0009583333333333333
725 0.0007500000000000001 0.000125 0.001
726 0.0007500000000000001 0.00025 0
727 0.0007500000000000001 0.00025 4.166666666666667e-05
728 0.0007500000000000001 0.00025 8.333333333333333e-05
729 0.0007500000000000001 0.00025 0.000125
730 0.0007500000000000001 0.00025 0.0001666666666666667
731 0.0007500000000000001 0.00025 0.0002083333333333333
732 0.0007500000000000001 0.00025 0.00025
733 0.0007500000000000001 0.00025 0.0002916666666666667
734 0.0007500000000000001 0.00025 0.0003333333333333333
735 0.0007500000000000001 0.00025 0.0003750000000000001
736 0.0007500000000000001 0.00025 0.0004166666666666667
737 0.0007500000000000001 0.00025 0.0004583333333333333
738 0.0007500000000000001 0.00025 0.0005
739 0.0007500000000000001 0.00025 0.0005416666666666668
740 0.0007500000000000001 0.00025 0.0005833333333333334
741 0.0007500000000000001 0.00025 0.000625
742 0.0007500000000000001 0.00025 0.0006666666666666666
743 0.0007500000000000001 0.00025 0.0007083333333333334
744 0.0007500000000000001 0.00025 0.0007500000000000001
745 0.0007500000000000001 0.00025 0.0007916666666666666
746 0.0007500000000000001 0.00025 0.0008333333333333334
747 0.0007500000000000001 0.00025 0.000875
748 0.0007500000000000001 0.00025 0.0009166666666666666
749 0.0007500000000000001 0.00025 0.0009583333333333333
750 0.0007500000000000001 0.00025 0.001
751 0.0008333333333333334 0 0
752 0.0008333333333333334 0 4.166666666666667e-05
753 0.0008333333333333334 0 8.333333333333333e-05
754 0.0008333333333333334 0 0.000125
755 0.0008333333333333334 0 0.0001666666666666667
756 0.0008333333333333334 0 0.0002083333333333333
757 0.0008333333333333334 0 0.00025
758 0.0008333333333333334 0 0.0002916666666666667
759 0.0008333333333333334 0 0.0003333333333333333
760 0.0008333333333333334 0 0.0003750000000000001
761 0.0008333333333333334 0 0.0004166666666666667
762 0.0008333333333333334 0 0.0004583333333333333
763 0.0008333333333333334 0 0.0005
764 0.0008333333333333334 0 0.0005416666666666668
765 0.0008333333333333334 0 0.0005833333333333334
766 0.0008333333333333334 0 0.000625
767 0.0008333333333333334 0 0.0006666666666666666
768 0.0008333333333333334 0 0.0007083333333333334
769 0.0008333333333333334 0 0.0007500000000000001
770 0.0008333333333333334 0 0.0007916666666666666
771 0.0008333333333333334 0 0.0008333333333333334
772 0.0008333333333333334 0 0.000875
773 0.0008333333333333334 0 0.0009166666666666666
774 0.0008333333333333334 0 0.0009583333333333333
775 0.0008333333333333334 0 0.001
776 0.0008333333333333334 0.000125 0
777 0.0008333333333333334 0.000125 4.166666666666667e-05
778 0.0008333333333333334 0.000125 8.333333333333333e-05
779 0.0008333333333333334 0.000125 0.000125
780 0.0008333333333333334 0.000125 0.0001666666666666667
781 0.0008333333333333334 0.000125 0.0002083333333333333
782 0.0008333333333333334 0.000125 0.00025
783 0.0008333333333333334 0.000125 0.0002916666666666667
784 0.0008333333333333334 0.000125 0.0003333333333333333
785 0.0008333333333333334 0.000125 0.0003750000000000001
786 0.0008333333333333334 0.000125 0.0004166666666666667
787 0.0008333333333333334 0.000125 0.0004583333333333333
788 0.0008333333333333334 0.000125 0.0005
789 0.0008333333333333334 0.000125 0.0005416666666666668
790 0.0008333333333333334 0.000125 0.0005833333333333334
791 0.0008333333333333334 0.000125 0.000625
792 0.0008333333333333334 0.000125 0.0006666666666666666
793 0.0008333333333333334 0.000125 0.0007083333333333334
794 0.0008333333333333334 0.000125 0.0007500000000000001
795 0.0008333333333333334 0.000125 0.0007916666666666666
796 0.0008333333333333334 0.000125 0.0008333333333333334
797 0.0008333333333333334 0.000125 0.000875
798 0.0008333333333333334 0.000125 0.0009166666666666666
799 0.0008333333333333334 0.000125 0.0009583333333333333
800 0.0008333333333333334 0.000125 0.001
801 0.0008333333333333334 0.00025 0
802 0.0008333333333333334 0.00025 4.166666666666667e-05
803 0.0008333333333333334 0.00025 8.333333333333333e-05
804 0.0008333333333333334 0.00025 0.000125
805 0.0008333333333333334 0.00025 0.0001666666666666667
806 0.0008333333333333334 0.00025 0.0002083333333333333
807 0.0008333333333333334 0.00025 0.00025
808 0.0008333333333333334 0.00025 0.0002916666666666667
809 0.0008333333333333334 0.00025 0.0003333333333333333
810 0.0008333333333333334 0.00025 0.0003750000000000001
811 0.0008333333333333334 0.00025 0.0004166666666666667
812 0.0008333333333333334 0.00025 0.0004583333333333333
813 0.0008333333333333334 0.00025 0.0005
814 0.0008333333333333334 0.00025 0.0005416666666666668
815 0.0008333333333333334 0.00025 0.0005833333333333334
816 0.0008333333333333334 0.00025 0.000625
817 0.0008333333333333334 0.00025 0.0006666666666666666
818 0.0008333333333333334 0.00025 0.0007083333333333334
819 0.0008333333333333334 0.00025 0.0007500000000000001
820 0.0008333333333333334 0.00025 0.0007916666666666666
821 0.0008333333333333334 0.00025 0.0008333333333333334
822 0.0008333333333333334 0.00025 0.000875
823 0.0008333333333333334 0.00025 0.0009166666666666666
824 0.0008333333333333334 0.00025 0.0009583333333333333
825 0.0008333333333333334 0.00025 0.001
826 0.0009166666666666666 0 0
827 0.0009166666666666666 0 4.166666666666667e-05
828 0.0009166666666666666 0 8.333333333333333e-05
829 0.0009166666666666666 0 0.000125
830 0.0009166666666666666 0 0.0001666666666666667
831 0.0009166666666666666 0 0.0002083333333333333
832 0.0009166666666666666 0 0.00025
833 0.0009166666666666666 0 0.0002916666666666667
834 0.0009166666666666666 0 0.0003333333333333333
835 0.0009166666666666666 0 0.0003750000000000001
836 0.0009166666666666666 0 0.0004166666666666667
837 0.0009166666666666666 0 0.0004583333333333333
838 0.0009166666666666666 0 0.0005
839 0.0009166666666666666 0 0.0005416666666666668
840 0.0009166666666666666 0 0.0005833333333333334
841 0.0009166666666666666 0 0.000625
842 0.0009166666666666666 0 0.0006666666666666666
843 0.0009166666666666666 0 0.0007083333333333334
844 0.0009166666666666666 0 0.0007500000000000001
845 0.0009166666666666666 0 0.0007916666666666666
846 0.0009166666666666666 0 0.0008333333333333334
847 0.0009166666666666666 0 0.000875
848 0.0009166666666666666 0 0.0009166666666666666
849 0.0009166666666666666 0 0.0009583333333333333
850 0.0009166666666666666 0 0.001
851 0.0009166666666666666 0.000125 0
852 0.0009166666666666666 0.000125 4.166666666666667e-05
853 0.0009166666666666666 0.000125 8.333333333333333e-05
854 0.0009166666666666666 0.000125 0.000125
855 0.0009166666666666666 0.000125 0.0001666666666666667
856 0.0009166666666666666 0.000125 0.0002083333333333333
857 0.0009166666666666666 0.000125 0.00025
858 0.0009166666666666666 0.000125 0.0002916666666666667
859 0.0009166666666666666 0.000125 0.0003333333333333333
860 0.0009166666666666666 0.000125 0.0003750000000000001
861 0.0009166666666666666 0.000125 0.0004166666666666667
862 0.0009166666666666666 0.000125 0.0004583333333333333
863 0.0009166666666666666 0.000125 0.0005
864 0.0009166666666666666 0.000125 0.0005416666666666668
865 0.0009166666666666666 0.000125 0.0005833333333333334
866 0.0009166666666666666 0.000125 0.000625
867 0.0009166666666666666 0.000125 0.0006666666666666666
868 0.0009166666666666666 0.000125 0.0007083333333333334
869 0.0009166666666666666 0.000125 0.0007500000000000001
870 0.0009166666666666666 0.000125 0.0007916666666666666
871 0.0009166666666666666 0.000125 0.0008333333333333334
872 0.0009166666666666666 0.000125 0.000875
873 0.0009166666666666666 0.000125 0.0009166666666666666
874 0.0009166666666666666 0.000125 0.0009583333333333333
875 0.0009166666666666666 0.000125 0.001
876 0.0009166666666666666 0.00025 0
877 0.0009166666666666666 0.00025 4.166666666666667e-05
878 0.0009166666666666666 0.00025 8.333333333333333e-05
879 0.0009166666666666666 0.00025 0.000125
880 0.0009166666666666666 0.00025 0.0001666666666666667
881 0.0009166666666666666 0.00025 0.0002083333333333333
882 0.0009166666666666666 0.00025 0.00025
883 0.0009166666666666666 0.00025 0.0002916666666666667
884 0.0009166666666666666 0.00025 0.0003333333333333333
885 0.0009166666666666666 0.00025 0.0003750000000000001
886 0.0009166666666666666 0.00025 0.0004166666666666667
887 0.0009166666666666666 0.00025 0.0004583333333333333
888 0.0009166666666666666 0.00025 0.0005
889 0.0009166666666666666 0.00025 0.0005416666666666668
890 0.0009166666666666666 0.00025 0.0005833333333333334
891 0.0009166666666666666 0.00025 0.000625
892 0.0009166666666666666 0.00025 0.0006666666666666666
893 0.0009166666666666666 0.00025 0.0007083333333333334
894 0.0009166666666666666 0.00025 0.0007500000000000001
895 0.0009166666666666666 0.00025 0.0007916666666666666
896 0.0009166666666666666 0.00025 0.0008333333333333334
897 0.0009166666666666666 0.00025 0.000875
898 0.0009166666666666666 0.00025 0.0009166666666666666
899 0.0009166666666666666 0.00025 0.0009583333333333333
900 0.0009166666666666666 0.00025 0.001
901 0.001 0 0
902 0.001 0 4.166666666666667e-05
903 0.001 0 8.333333333333333e-05
904 0.001 0 0.000125
905 0.001 0 0.0001666666666666667
906 0.001 0 0.0002083333333333333
907 0.001 0 0.00025
908 0.001 0 0.0002916666666666667
909 0.001 0 0.0003333333333333333
910 0.001 0 0.0003750000000000001
911 0.001 0 0.0004166666666666667
912 0.001 0 0.0004583333333333333
913 0.001 0 0.0005
914 0.001 0 0.0005416666666666668
915 0.001 0 0.0005833333333333334
916 0.001 0 0.000625
917 0.001 0 0.0006666666666666666
918 0.001 0 0.0007083333333333334
919 0.001 0 0.0007500000000000001
920 0.001 0 0.0007916666666666666
921 0.001 0 0.0008333333333333334
922 0.001 0 0.000875
923 0.001 0 0.0009166666666666666
924 0.001 0 0.0009583333333333333
925 0.001 0 0.001
926 0.001 0.000125 0
927 0.001 0.000125 4.166666666666667e-05
928 0.001 0.000125 8.333333333333333e-05
929 0.001 0.000125 0.000125
930 0.001 0.000125 0.0001666666666666667
931 0.001 0.000125 0.0002083333333333333
932 0.001 0.000125 0.00025
933 0.001 0.000125 0.0002916666666666667
934 0.001 0.000125 0.0003333333333333333
935 0.001 0.000125 0.0003750000000000001
936 0.001 0.000125 0.0004166666666666667
937 0.001 0.000125 0.0004583333333333333
938 0.001 0.000125 0.0005
939 0.001 0.000125 0.0005416666666666668
940 0.001 0.000125 0.0005833333333333334
941 0.001 0.000125 0.000625
942 0.001 0.000125 0.0006666666666666666
943 0.001 0.000125 0.0007083333333333334
944 0.001 0.000125 0.0007500000000000001
945 0.001 0.000125 0.0007916666666666666
946 0.001 0.000125 0.0008333333333333334
947 0.001 0.000125 0.000875
948 0.001 0.000125 0.0009166666666666666
949 0.001 0.000125 0.0009583333333333333
950 0.001 0.000125 0.001
951 0.001 0.00025 0
952 0.001 0.00025 4.166666666666667e-05
953 0.001 0.00025 8.333333333333333e-05
954 0.001 0.00025 0.000125
955 0.001 0.00025 0.0001666666666666667
956 0.001 0.00025 0.0002083333333333333
957 0.001 0.00025 0.00025
958 0.001 0.00025 0.0002916666666666667
959 0.001 0.00025 0.0003333333333333333
960 0.001 0.00025 0.0003750000000000001
961 0.001 0.00025 0.0004166666666666667
962 0.001 0.00025 0.0004583333333333333
963 0.001 0.00025 0.0005
964 0.001 0.00025 0.0005416666666666668
965 0.001 0.00025 0.0005833333333333334
966 0.001 0.00025 0.000625
967 0.001 0.00025 0.0006666666666666666
968 0.001 0.00025 0.0007083333333333334
969 0.001 0.00025 0.0007500000000000001
970 0.001 0.00025 0.0007916666666666666
971 0.001 0.00025 0.0008333333333333334
972 0.001 0.00025 0.000875
973 0.001 0.00025 0.0009166666666666666
974 0.001 0.00025 0.0009583333333333333
975 0.001 0.00025 0.001
976 0.001083333333333334 0 0
977 0.001083333333333334 0 4.166666666666667e-05
978 0.001083333333333334 0 8.333333333333333e-05
979 0.001083333333333334 0 0.000125
980 0.001083333333333334 0 0.0001666666666666667
981 0.001083333333333334 0 0.0002083333333333333
982 0.001083333333333334 0 0.00025
983 0.001083333333333334 0 0.0002916666666666667
984 0.001083333333333334 0 0.0003333333333333333
985 0.001083333333333334 0 0.0003750000000000001
986 0.001083333333333334 0 0.0004166666666666667
987 0.001083333333333334 0 0.0004583333333333333
988 0.001083333333333334 0 0.0005
989 0.001083333333333334 0 0.0005416666666666668
990 0.001083333333333334 0 0.0005833333333333334
991 0.001083333333333334 0 0.000625
992 0.001083333333333334 0 0.0006666666666666666
993 0.001083333333333334 0 0.0007083333333333334
994 0.001083333333333334 0 0.0007500000000000001
995 0.001083333333333334 0 0.0007916666666666666
996 0.001083333333333334 0 0.0008333333333333334
997 0.001083333333333334 0 0.000875
998 0.001083333333333334 0 0.0009166666666666666
999 0.001083333333333334 0 0.0009583333333333333
1000 0.001083333333333334 0 0.001
1001 0.001083333333333334 0.000125 0
1002 0.001083333333333334 0.000125 4.166666666666667e-05
1003 0.001083333333333334 0.000125 8.333333333333333e-05
1004 0.001083333333333334 0.000125 0.000125
1005 0.001083333333333334 0.000125 0.0001666666666666667
1006 0.001083333333333334 0.000125 0.0002083333333333333
1007 0.001083333333333334 0.000125 0.00025
1008 0.001083333333333334 0.000125 0.0002916666666666667
1009 0.001083333333333334 0.000125 0.0003333333333333333
1010 0.001083333333333334 0.000125 0.0003750000000000001
1011 0.001083333333333334 0.000125 0.0004166666666666667
1012 0.001083333333333334 0.000125 0.0004583333333333333
1013 0.001083333333333334 0.000125 0.0005
1014 0.001083333333333334 0.000125 0.0005416666666666668
1015 0.001083333333333334 0.000125 0.0005833333333333334
1016 0.001083333333333334 0.000125 0.000625
1017 0.001083333333333334 0.000125 0.0006666666666666666
1018 0.001083333333333334 0.000125 0.0007083333333333334
1019 0.001083333333333334 0.000125 0.0007500000000000001
1020 0.001083333333333334 0.000125 0.0007916666666666666
1021 0.001083333333333334 0.000125 0.0008333333333333334
1022 0.001083333333333334 0.000125 0.000875
1023 0.001083333333333334 0.000125 0.0009166666666666666
1024 0.001083333333333334 0.000125 0.0009583333333333333
1025 0.001083333333333334 0.000125 0.001
1026 0.001083333333333334 0.00025 0
1027 0.001083333333333334 0.00025 4.166666666666667e-05
1028 0.001083333333333334 0.00025 8.333333333333333e-05
1029 0.001083333333333334 0.00025 0.000125
1030 0.001083333333333334 0.00025 0.0001666666666666667
1031 0.001083333333333334 0.00025 0.0002083333333333333
1032 0.001083333333333334 0.00025 0.00025
1033 0.001083333333333334 0.00025 0.0002916666666666667
1034 0.001083333333333334 0.00025 0.0003333333333333333
1035 0.001083333333333334 0.00025 0.0003750000000000001
1036 0.001083333333333334 0.00025 0.0004166666666666667
1037 0.001083333333333334 0.00025 0.0004583333333333333
1038 0.001083333333333334 0.00025 0.0005
1039 0.001083333333333334 0.00025 0.0005416666666666668
1040 0.001083333333333334 0.00025 0.0005833333333333334
1041 0.001083333333333334 0.00025 0.000625
1042 0.001083333333333334 0.00025 0.0006666666666666666
1043 0.001083333333333334 0.00025 0.0007083333333333334
1044 0.001083333333333334 0.00025 0.0007500000000000001
1045 0.001083333333333334 0.00025 0.0007916666666666666
1046 0.001083333333333334 0.00025 0.0008333333333333334
1047 0.001083333333333334 0.00025 0.000875
1048 0.001083333333333334 0.00025 0.0009166666666666666
1049 0.001083333333333334 0.00025 0.0009583333333333333
1050 0.001083333333333334 0.00025 0.001
1051 0.001166666666666667 0 0
1052 0.001166666666666667 0 4.166666666666667e-05
1053 0.001166666666666667 0 8.333333333333333e-05
1054 0.001166666666666667 0 0.000125
1055 0.001166666666666667 0 0.0001666666666666667
1056 0.001166666666666667 0 0.0002083333333333333
1057 0.001166666666666667 0 0.00025
1058 0.001166666666666667 0 0.0002916666666666667
1059 0.001166666666666667 0 0.0003333333333333333
1060 0.001166666666666667 0 0.0003750000000000001
1061 0.001166666666666667 0 0.0004166666666666667
1062 0.001166666666666667 0 0.0004583333333333333
1063 0.001166666666666667 0 0.0005
1064 0.001166666666666667 0 0.0005416666666666668
1065 0.001166666666666667 0 0.0005833333333333334
1066 0.001166666666666667 0 0.000625
1067 0.001166666666666667 0 0.0006666666666666666
1068 0.001166666666666667 0 0.0007083333333333334
1069 0.001166666666666667 0 0.0007500000000000001
1070 0.001166666666666667 0 0.0007916666666666666
1071 0.001166666666666667 0 0.0008333333333333334
1072 0.001166666666666667 0 0.000875
1073 0.001166666666666667 0 0.0009166666666666666
1074 0.001166666666666667 0 0.0009583333333333333
1075 0.001166666666666667 0 0.001
1076 0.001166666666666667 0.000125 0
1077 0.001166666666666667 0.000125 4.166666666666667e-05
1078 0.001166666666666667 0.000125 8.333333333333333e-05
1079 0.001166666666666667 0.000125 0.000125
1080 0.001166666666666667 0.000125 0.0001666666666666667
1081 0.001166666666666667 0.000125 0.0002083333333333333
1082 0.001166666666666667 0.000125 0.00025
1083 0.001166666666666667 0.000125 0.0002916666666666667
1084 0.001166666666666667 0.000125 0.0003333333333333333
1085 0.001166666666666667 0.000125 0.0003750000000000001
1086 0.001166666666666667 0.000125 0.0004166666666666667
1087 0.001166666666666667 0.000125 0.0004583333333333333
1088 0.001166666666666667 0.000125 0.0005
1089 0.001166666666666667 0.000125 0.0005416666666666668
1090 0.001166666666666667 0.000125 0.0005833333333333334
1091 0.001166666666666667 0.000125 0.000625
1092 0.001166666666666667 0.000125 0.0006666666666666666
1093 0.001166666666666667 0.000125 0.0007083333333333334
1094 0.001166666666666667 0.000125 0.0007500000000000001
1095 0.001166666666666667 0.000125 0.0007916666666666666
1096 0.001166666666666667 0.000125 0.0008333333333333334
1097 0.001166666666666667 0.000125 0.000875
1098 0.001166666666666667 0.000125 0.0009166666666666666
1099 0.001166666666666667 0.000125 0.0009583333333333333
1100 0.001166666666666667 0.000125 0.001
1101 0.001166666666666667 0.00025 0
1102 0.001166666666666667 0.00025 4.166666666666667e-05
1103 0.001166666666666667 0.00025 8.333333333333333e-05
1104 0.001166666666666667 0.00025 0.000125
1105 0.001166666666666667 0.00025 0.0001666666666666667
1106 0.001166666666666667 0.00025 0.0002083333333333333
1107 0.001166666666666667 0.00025 0.00025
1108 0.001166666666666667 0.00025 0.0002916666666666667
1109 0.001166666666666667 0.00025 0.0003333333333333333
1110 0.001166666666666667 0.00025 0.0003750000000000001
1111 0.001166666666666667 0.00025 0.0004166666666666667
1112 0.001166666666666667 0.00025 0.0004583333333333333
1113 0.001166666666666667 0.00025 0.0005
1114 0.001166666666666667 0.00025 0.0005416666666666668
1115 0.001166666666666667 0.00025 0.0005833333333333334
1116 0.001166666666666667 0.00025 0.000625
1117 0.001166666666666667 0.00025 0.0006666666666666666
1118 0.001166666666666667 0.00025 0.0007083333333333334
1119 0.001166666666666667 0.00025 0.0007500000000000001
1120 0.001166666666666667 0.00025 0.0007916666666666666
1121 0.001166666666666667 0.00025 0.0008333333333333334
1122 0.001166666666666667 0.00025 0.000875
1123 0.001166666666666667 0.00025 0.0009166666666666666
1124 0.001166666666666667 0.00025 0.0009583333333333333
1125 0.001166666666666667 0.00025 0.001
1126 0.00125 0 0
1127 0.00125 0 4.166666666666667e-05
1128 0.00125 0 8.333333333333333e-05
1129 0.00125 0 0.000125
1130 0.00125 0 0.0001666666666666667
1131 0.00125 0 0.0002083333333333333
1132 0.00125 0 0.00025
1133 0.00125 0 0.0002916666666666667
1134 0.00125 0 0.0003333333333333333
1135 0.00125 0 0.0003750000000000001
1136 0.00125 0 0.0004166666666666667
1137 0.00125 0 0.0004583333333333333
1138 0.00125 0 0.0005
1139 0.00125 0 0.0005416666666666668
1140 0.00125 0 0.0005833333333333334
1141 0.00125 0 0.000625
1142 0.00125 0 0.0006666666666666666
1143 0.00125 0 0.0007083333333333334
1144 0.00125 0 0.0007500000000000001
1145 0.00125 0 0.0007916666666666666
1146 0.00125 0 0.0008333333333333334
1147 0.00125 0 0.000875
1148 0.00125 0 0.0009166666666666666
1149 0.00125 0 0.0009583333333333333
1150 0.00125 0 0.001
1151 0.00125 0.000125 0
1152 0.00125 0.000125 4.166666666666667e-05
1153 0.00125 0.000125 8.333333333333333e-05
1154 0.00125 0.000125 0.000125
1155 0.00125 0.000125 0.0001666666666666667
1156 0.00125 0.000125 0.0002083333333333333
1157 0.00125 0.000125 0.00025
1158 0.00125 0.000125 0.0002916666666666667
1159 0.00125 0.000125 0.0003333333333333333
1160 0.00125 0.000125 0.0003750000000000001
1161 0.00125 0.000125 0.0004166666666666667
1162 0.00125 0.000125 0.0004583333333333333
1163 0.00125 0.000125 0.0005
1164 0.00125 0.000125 0.0005416666666666668
1165 0.00125 0.000125 0.0005833333333333334
1166 0.00125 0.000125 0.000625
1167 0.00125 0.000125 0.0006666666666666666
1168 0.00125 0.000125 0.0007083333333333334
1169 0.00125 0.000125 0.0007500000000000001
1170 0.00125 0.000125 0.0007916666666666666
1171 0.00125 0.000125 0.0008333333333333334
1172 0.00125 0.000125 0.000875
1173 0.00125 0.000125 0.0009166666666666666
1174 0.00125 0.000125 0.0009583333333333333
1175 0.00125 0.000125 0.001
1176 0.00125 0.00025 0
1177 0.00125 0.00025 4.166666666666667e-05
1178 0.00125 0.00025 8.333333333333333e-05
1179 0.00125 0.00025 0.000125
1180 0.00125 0.00025 0.0001666666666666667
1181 0.00125 0.00025 0.0002083333333333333
1182 0.00125 0.00025 0.00025
1183 0.00125 0.00025 0.0002916666666666667
1184 0.00125 0.00025 0.0003333333333333333
1185 0.00125 0.00025 0.0003750000000000001
1186 0.00125 0.00025 0.0004166666666666667
1187 0.00125 0.00025 0.0004583333333333333
1188 0.00125 0.00025 0.0005
1189 0.00125 0.00025 0.0005416666666666668
1190 0.00125 0.00025 0.0005833333333333334
1191 0.00125 0.00025 0.000625
1192 0.00125 0.00025 0.0006666666666666666
1193 0.00125 0.00025 0.0007083333333333334
1194 0.00125 0.00025 0.0007500000000000001
1195 0.00125 0.00025 0.0007916666666666666
1196 0.00125 0.00025 0.0008333333333333334
1197 0.00125 0.00025 0.000875
1198 0.00125 0.00025 0.0009166666666666666
1199 0.00125 0.00025 0.0009583333333333333
1200 0.00125 0.00025 0.001
1201 0.001333333333333333 0 0
1202 0.001333333333333333 0 4.166666666666667e-05
1203 0.001333333333333333 0 8.333333333333333e-05
1204 0.001333333333333333 0 0.000125
1205 0.001333333333333333 0 0.0001666666666666667
1206 0.001333333333333333 0 0.0002083333333333333
1207 0.001333333333333333 0 0.00025
1208 0.001333333333333333 0 0.0002916666666666667
1209 0.001333333333333333 0 0.0003333333333333333
1210 0.001333333333333333 0 0.0003750000000000001
1211 0.001333333333333333 0 0.0004166666666666667
1212 0.001333333333333333 0 0.0004583333333333333
1213 0.001333333333333333 0 0.0005
1214 0.001333333333333333 0 0.0005416666666666668
1215 0.001333333333333333 0 0.0005833333333333334
1216 0.001333333333333333 0 0.000625
1217 0.001333333333333333 0 0.0006666666666666666
1218 0.001333333333333333 0 0.0007083333333333334
1219 0.001333333333333333 0 0.0007500000000000001
1220 0.001333333333333333 0 0.0007916666666666666
1221 0.001333333333333333 0 0.0008333333333333334
1222 0.001333333333333333 0 0.000875
1223 0.001333333333333333 0 0.0009166666666666666
1224 0.001333333333333333 0 0.0009583333333333333
1225 0.001333333333333333 0 0.001
1226 0.001333333333333333 0.000125 0
1227 0.001333333333333333 0.000125 4.166666666666667e-05
1228 0.001333333333333333 0.000125 8.333333333333333e-05
1229 0.001333333333333333 0.000125 0.000125
1230 0.001333333333333333 0.000125 0.0001666666666666667
1231 0.001333333333333333 0.000125 0.0002083333333333333
1232 0.001333333333333333 0.000125 0.00025
1233 0.001333333333333333 0.000125 0.0002916666666666667
1234 0.001333333333333333 0.000125 0.0003333333333333333
1235 0.001333333333333333 0.000125 0.0003750000000000001
1236 0.001333333333333333 0.000125 0.0004166666666666667
1237 0.001333333333333333 0.000125 0.0004583333333333333
1238 0.001333333333333333 0.000125 0.0005
1239 0.001333333333333333 0.000125 0.0005416666666666668
1240 0.001333333333333333 0.000125 0.0005833333333333334
1241 0.001333333333333333 0.000125 0.000625
1242 0.001333333333333333 0.000125 0.0006666666666666666
1243 0.001333333333333333 0.000125 0.0007083333333333334
1244 0.001333333333333333 0.000125 0.0007500000000000001
1245 0.001333333333333333 0.000125 0.0007916666666666666
1246 0.001333333333333333 0.000125 0.0008333333333333334
1247 0.001333333333333333 0.000125 0.000875
1248 0.001333333333333333 0.000125 0.0009166666666666666
1249 0.001333333333333333 0.000125 0.0009583333333333333
1250 0.001333333333333333 0.000125 0.001
1251 0.001333333333333333 0.00025 0
1252 0.001333333333333333 0.00025 4.166666666666667e-05
1253 0.001333333333333333 0.00025 8.333333333333333e-05
1254 0.001333333333333333 0.00025 0.000125
1255 0.001333333333333333 0.00025 0.0001666666666666667
1256 0.001333333333333333 0.00025 0.0002083333333333333
1257 0.001333333333333333 0.00025 0.00025
1258 0.001333333333333333 0.00025 0.0002916666666666667
1259 0.001333333333333333 0.00025 0.0003333333333333333
1260 0.001333333333333333 0.00025 0.0003750000000000001
1261 0.001333333333333333 0.00025 0.0004166666666666667
1262 0.001333333333333333 0.00025 0.0004583333333333333
1263 0.001333333333333333 0.00025 0.0005
1264 0.001333333333333333 0.00025 0.0005416666666666668
1265 0.001333333333333333 0.00025 0.0005833333333333334
1266 0.001333333333333333 0.00025 0.000625
1267 0.001333333333333333 0.00025 0.0006666666666666666
1268 0.001333333333333333 0.00025 0.0007083333333333334
1269 0.001333333333333333 0.00025 0.0007500000000000001
1270 0.001333333333333333 0.00025 0.0007916666666666666
1271 0.001333333333333333 0.00025 0.0008333333333333334
1272 0.001333333333333333 0.00025 0.000875
1273 0.001333333333333333 0.00025 0.0009166666666666666
1274 0.001333333333333333 0.00025 0.0009583333333333333
1275 0.001333333333333333 0.00025 0.001
1276 0.001416666666666667 0 0
1277 0.001416666666666667 0 4.166666666666667e-05
1278 0.001416666666666667 0 8.333333333333333e-05
1279 0.001416666666666667 0 0.000125
1280 0.001416666666666667 0 0.0001666666666666667
1281 0.001416666666666667 0 0.0002083333333333333
1282 0.001416666666666667 0 0.00025
1283 0.001416666666666667 0 0.0002916666666666667
1284 0.001416666666666667 0 0.0003333333333333333
1285 0.001416666666666667 0 0.0003750000000000001
1286 0.001416666666666667 0 0.0004166666666666667
1287 0.001416666666666667 0 0.0004583333333333333
1288 0.001416666666666667 0 0.0005
1289 0.001416666666666667 0 0.0005416666666666668
1290 0.001416666666666667 0 0.0005833333333333334
1291 0.001416666666666667 0 0.000625
1292 0.001416666666666667 0 0.0006666666666666666
1293 0.001416666666666667 0 0.0007083333333333334
1294 0.001416666666666667 0 0.0007500000000000001
1295 0.001416666666666667 0 0.0007916666666666666
1296 0.001416666666666667 0 0.0008333333333333334
1297 0.001416666666666667 0 0.000875
1298 0.001416666666666667 0 0.0009166666666666666
1299 0.001416666666666667 0 0.0009583333333333333
1300 0.001416666666666667 0 0.001
1301 0.001416666666666667 0.000125 0
1302 0.001416666666666667 0.000125 4.166666666666667e-05
1303 0.001416666666666667 0.000125 8.333333333333333e-05
1304 0.001416666666666667 0.000125 0.000125
1305 0.001416666666666667 0.000125 0.0001666666666666667
1306 0.001416666666666667 0.000125 0.0002083333333333333
1307 0.001416666666666667 0.000125 0.00025
1308 0.001416666666666667 0.000125 0.0002916666666666667
1309 0.001416666666666667 0.000125 0.0003333333333333333
1310 0.001416666666666667 0.000125 0.0003750000000000001
1311 0.001416666666666667 0.000125 0.0004166666666666667
1312 0.001416666666666667 0.000125 0.0004583333333333333
1313 0.001416666666666667 0.000125 0.0005
1314 0.001416666666666667 0.000125 0.0005416666666666668
1315 0.001416666666666667 0.000125 0.0005833333333333334
1316 0.001416666666666667 0.000125 0.000625
1317 0.001416666666666667 0.000125 0.0006666666666666666
1318 0.001416666666666667 0.000125 0.0007083333333333334
1319 0.001416666666666667 0.000125 0.0007500000000000001
1320 0.001416666666666667 0.000125 0.0007916666666666666
1321 0.001416666666666667 0.000125 0.0008333333333333334
1322 0.001416666666666667 0.000125 0.000875
1323 0.001416666666666667 0.000125 0.0009166666666666666
1324 0.001416666666666667 0.000125 0.0009583333333333333
1325 0.001416666666666667 0.000125 0.001
1326 0.001416666666666667 0.00025 0
1327 0.001416666666666667 0.00025 4.166666666666667e-05
1328 0.001416666666666667 0.00025 8.333333333333333e-05
1329 0.001416666666666667 0.00025 0.000125
1330 0.001416666666666667 0.00025 0.0001666666666666667
1331 0.001416666666666667 0.00025 0.0002083333333333333
1332 0.001416666666666667 0.00025 0.00025
1333 0.001416666666666667 0.00025 0.0002916666666666667
1334 0.001416666666666667 0.00025 0.0003333333333333333
1335 0.001416666666666667 0.00025 0.0003750000000000001
1336 0.001416666666666667 0.00025 0.0004166666666666667
1337 0.001416666666666667 0.00025 0.0004583333333333333
1338 0.001416666666666667 0.00025 0.0005
1339 0.001416666666666667 0.00025 0.0005416666666666668
1340 0.001416666666666667 0.00025 0.0005833333333333334
1341 0.001416666666666667 0.00025 0.000625
1342 0.001416666666666667 0.00025 0.0006666666666666666
1343 0.001416666666666667 0.00025 0.0007083333333333334
1344 0.001416666666666667 0.00025 0.0007500000000000001
1345 0.001416666666666667 0.00025 0.0007916666666666666
1346 0.001416666666666667 0.00025 0.0008333333333333334
1347 0.001416666666666667 0.00025 0.000875
1348 0.001416666666666667 0.00025 0.0009166666666666666
1349 0.001416666666666667 0.00025 0.0009583333333333333
1350 0.001416666666666667 0.00025 0.001
1351 0.0015 0 0
1352 0.0015 0 4.166666666666667e-05
1353 0.0015 0 8.333333333333333e-05
1354 0.0015 0 0.000125
1355 0.0015 0 0.0001666666666666667
1356 0.0015 0 0.0002083333333333333
1357 0.0015 0 0.00025
1358 0.0015 0 0.0002916666666666667
1359 0.0015 0 0.0003333333333333333
1360 0.0015 0 0.0003750000000000001
1361 0.0015 0 0.0004166666666666667
1362 0.0015 0 0.0004583333333333333
1363 0.0015 0 0.0005
1364 0.0015 0 0.0005416666666666668
1365 0.0015 0 0.0005833333333333334
1366 0.0015 0 0.000625
1367 0.0015 0 0.0006666666666666666
1368 0.0015 0 0.0007083333333333334
1369 0.0015 0 0.0007500000000000001
1370 0.0015 0 0.0007916666666666666
1371 0.0015 0 0.0008333333333333334
1372 0.0015 0 0.000875
1373 0.0015 0 0.0009166666666666666
1374 0.0015 0 0.0009583333333333333
1375 0.0015 0 0.001
1376 0.0015 0.000125 0
1377 0.0015 0.000125 4.166666666666667e-05
1378 0.0015 0.000125 8.333333333333333e-05
1379 0.0015 0.000125 0.000125
1380 0.0015 0.000125 0.0001666666666666667
1381 0.0015 0.000125 0.0002083333333333333
1382 0.0015 0.000125 0.00025
1383 0.0015 0.000125 0.0002916666666666667
1384 0.0015 0.000125 0.0003333333333333333
1385 0.0015 0.000125 0.0003750000000000001
1386 0.0015 0.000125 0.0004166666666666667
1387 0.0015 0.000125 0.0004583333333333333
1388 0.0015 0.000125 0.0005
1389 0.0015 0.000125 0.0005416666666666668
1390 0.0015 0.000125 0.0005833333333333334
1391 0.0015 0.000125 0.000625
1392 0.0015 0.000125 0.0006666666666666666
1393 0.0015 0.000125 0.0007083333333333334
1394 0.0015 0.000125 0.0007500000000000001
1395 0.0015 0.000125 0.0007916666666666666
1396 0.0015 0.000125 0.0008333333333333334
1397 0.0015 0.000125 0.000875
1398 0.0015 0.000125 0.0009166666666666666
1399 0.0015 0.000125 0.0009583333333333333
1400 0.0015 0.000125 0.001
1401 0.0015 0.00025 0
1402 0.0015 0.00025 4.166666666666667e-05
1403 0.0015 0.00025 8.333333333333333e-05
1404 0.0015 0.00025 0.000125
1405 0.0015 0.00025 0.0001666666666666667
1406 0.0015 0.00025 0.0002083333333333333
1407 0.0015 0.00025 0.00025
1408 0.0015 0.00025 0.0002916666666666667
1409 0.0015 0.00025 0.0003333333333333333
1410 0.0015 0.00025 0.0003750000000000001
1411 0.0015 0.00025 0.0004166666666666667
1412 0.0015 0.00025 0.0004583333333333333
1413 0.0015 0.00025 0.0005
1414 0.0015 0.00025 0.0005416666666666668
1415 0.0015 0.00025 0.0005833333333333334
1416 0.0015 0.00025 0.000625
1417 0.0015 0.00025 0.0006666666666666666
1418 0.0015 0.00025 0.0007083333333333334
1419 0.0015 0.00025 0.0007500000000000001
1420 0.0015 0.00025 0.0007916666666666666
1421 0.0015 0.00025 0.0008333333333333334
1422 0.0015 0.00025 0.000875
1423 0.0015 0.00025 0.0009166666666666666
1424 0.0015 0.00025 0.0009583333333333333
1425 0.0015 0.00025 0.001
1426 0.001583333333333333 0 0
1427 0.001583333333333333 0 4.166666666666667e-05
1428 0.001583333333333333 0 8.333333333333333e-05
1429 0.001583333333333333 0 0.000125
1430 0.001583333333333333 0 0.0001666666666666667
1431 0.001583333333333333 0 0.0002083333333333333
1432 0.001583333333333333 0 0.00025
1433 0.001583333333333333 0 0.0002916666666666667
1434 0.001583333333333333 0 0.0003333333333333333
1435 0.001583333333333333 0 0.0003750000000000001
1436 0.001583333333333333 0 0.0004166666666666667
1437 0.001583333333333333 0 0.0004583333333333333
1438 0.001583333333333333 0 0.0005
1439 0.001583333333333333 0 0.0005416666666666668
1440 0.001583333333333333 0 0.0005833333333333334
1441 0.001583333333333333 0 0.000625
1442 0.001583333333333333 0 0.0006666666666666666
1443 0.001583333333333333 0 0.0007083333333333334
1444 0.001583333333333333 0 0.0007500000000000001
1445 0.001583333333333333 0 0.0007916666666666666
1446 0.001583333333333333 0 0.0008333333333333334
1447 0.001583333333333333 0 0.000875
1448 0.001583333333333333 0 0.0009166666666666666
1449 0.001583333333333333 0 0.0009583333333333333
1450 0.001583333333333333 0 0.001
1451 0.001583333333333333 0.000125 0
1452 0.001583333333333333 0.000125 4.166666666666667e-05
1453 0.001583333333333333 0.000125 8.333333333333333e-05
1454 0.001583333333333333 0.000125 0.000125
1455 0.001583333333333333 0.000125 0.0001666666666666667
1456 0.001583333333333333 0.000125 0.0002083333333333333
1457 0.001583333333333333 0.000125 0.00025
1458 0.001583333333333333 0.000125 0.0002916666666666667
1459 0.001583333333333333 0.000125 0.0003333333333333333
1460 0.001583333333333333 0.000125 0.0003750000000000001
1461 0.001583333333333333 0.000125 0.0004166666666666667
1462 0.001583333333333333 0.000125 0.0004583333333333333
1463 0.001583333333333333 0.000125 0.0005
1464 0.001583333333333333 0.000125 0.0005416666666666668
1465 0.001583333333333333 0.000125 0.0005833333333333334
1466 0.001583333333333333 0.000125 0.000625
1467 0.001583333333333333 0.000125 0.0006666666666666666
1468 0.001583333333333333 0.000125 0.0007083333333333334
1469 0.001583333333333333 0.000125 0.0007500000000000001
1470 0.001583333333333333 0.000125 0.0007916666666666666
1471 0.001583333333333333 0.000125 0.0008333333333333334
1472 0.001583333333333333 0.000125 0.000875
1473 0.001583333333333333 0.000125 0.0009166666666666666
1474 0.001583333333333333 0.000125 0.0009583333333333333
1475 0.001583333333333333 0.000125 0.001
1476 0.001583333333333333 0.00025 0
1477 0.001583333333333333 0.00025 4.166666666666667e-05
1478 0.001583333333333333 0.00025 8.333333333333333e-05
1479 0.001583333333333333 0.00025 0.000125
1480 0.001583333333333333 0.00025 0.0001666666666666667
1481 0.001583333333333333 0.00025 0.0002083333333333333
1482 0.001583333333333333 0.00025 0.00025
1483 0.001583333333333333 0.00025 0.0002916666666666667
1484 0.001583333333333333 0.00025 0.0003333333333333333
1485 0.001583333333333333 0.00025 0.0003750000000000001
1486 0.001583333333333333 0.00025 0.0004166666666666667
1487 0.001583333333333333 0.00025 0.0004583333333333333
1488 0.001583333333333333 0.00025 0.0005
1489 0.001583333333333333 0.00025 0.0005416666666666668
1490 0.001583333333333333 0.00025 0.0005833333333333334
1491 0.001583333333333333 0.00025 0.000625
1492 0.001583333333333333 0.00025 0.0006666666666666666
1493 0.001583333333333333 0.00025 0.0007083333333333334
1494 0.001583333333333333 0.00025 0.0007500000000000001
1495 0.001583333333333333 0.00025 0.0007916666666666666
1496 0.001583333333333333 0.00025 0.0008333333333333334
1497 0.001583333333333333 0.00025 0.000875
1498 0.001583333333333333 0.00025 0.0009166666666666666
1499 0.001583333333333333 0.00025 0.0009583333333333333
1500 0.001583333333333333 0.00025 0.001
1501 0.001666666666666667 0 0
1502 0.001666666666666667 0 4.166666666666667e-05
1503 0.001666666666666667 0 8.333333333333333e-05
1504 0.001666666666666667 0 0.000125
1505 0.001666666666666667 0 0.0001666666666666667
1506 0.001666666666666667 0 0.0002083333333333333
1507 0.001666666666666667 0 0.00025
1508 0.001666666666666667 0 0.0002916666666666667
1509 0.001666666666666667 0 0.0003333333333333333
1510 0.001666666666666667 0 0.0003750000000000001
1511 0.001666666666666667 0 0.0004166666666666667
1512 0.001666666666666667 0 0.0004583333333333333
1513 0.001666666666666667 0 0.0005
1514 0.001666666666666667 0 0.0005416666666666668
1515 0.001666666666666667 0 0.0005833333333333334
1516 0.001666666666666667 0 0.000625
1517 0.001666666666666667 0 0.0006666666666666666
1518 0.001666666666666667 0 0.0007083333333333334
1519 0.001666666666666667 0 0.0007500000000000001
1520 0.001666666666666667 0 0.0007916666666666666
1521 0.001666666666666667 0 0.0008333333333333334
1522 0.001666666666666667 0 0.000875
1523 0.001666666666666667 0 0.0009166666666666666
1524 0.001666666666666667 0 0.0009583333333333333
1525 0.001666666666666667 0 0.001
1526 0.001666666666666667 0.000125 0
1527 0.001666666666666667 0.000125 4.166666666666667e-05
1528 0.001666666666666667 0.000125 8.333333333333333e-05
1529 0.001666666666666667 0.000125 0.000125
1530 0.001666666666666667 0.000125 0.0001666666666666667
1531 0.001666666666666667 0.000125 0.0002083333333333333
1532 0.001666666666666667 0.000125 0.00025
1533 0.001666666666666667 0.000125 0.0002916666666666667
1534 0.001666666666666667 0.000125 0.0003333333333333333
1535 0.001666666666666667 0.000125 0.0003750000000000001
1536 0.001666666666666667 0.000125 0.0004166666666666667
1537 0.001666666666666667 0.000125 0.0004583333333333333
1538 0.001666666666666667 0.000125 0.0005
1539 0.001666666666666667 0.000125 0.0005416666666666668
1540 0.001666666666666667 0.000125 0.0005833333333333334
1541 0.001666666666666667 0.000125 0.000625
1542 0.001666666666666667 0.000125 0.0006666666666666666
1543 0.001666666666666667 0.000125 0.0007083333333333334
1544 0.001666666666666667 0.000125 0.0007500000000000001
1545 0.001666666666666667 0.000125 0.0007916666666666666
1546 0.001666666666666667 0.000125 0.0008333333333333334
1547 0.001666666666666667 0.000125 0.000875
1548 0.001666666666666667 0.000125 0.0009166666666666666
1549 0.001666666666666667 0.000125 0.0009583333333333333
1550 0.001666666666666667 0.000125 0.001
1551 0.001666666666666667 0.00025 0
1552 0.001666666666666667 0.00025 4.166666666666667e-05
1553 0.001666666666666667 0.00025 8.333333333333333e-05
1554 0.001666666666666667 0.00025 0.000125
1555 0.001666666666666667 0.00025 0.0001666666666666667
1556 0.001666666666666667 0.00025 0.0002083333333333333
1557 0.001666666666666667 0.00025 0.00025
1558 0.001666666666666667 0.00025 0.0002916666666666667
1559 0.001666666666666667 0.00025 0.0003333333333333333
1560 0.001666666666666667 0.00025 0.0003750000000000001
1561 0.001666666666666667 0.00025 0.0004166666666666667
1562 0.001666666666666667 0.00025 0.0004583333333333333
1563 0.001666666666666667 0.00025 0.0005
1564 0.001666666666666667 0.00025 0.0005416666666666668
1565 0.001666666666666667 0.00025 0.0005833333333333334
1566 0.001666666666666667 0.00025 0.000625
1567 0.001666666666666667 0.00025 0.0006666666666666666
1568 0.001666666666666667 0.00025 0.0007083333333333334
1569 0.001666666666666667 0.00025 0.0007500000000000001
1570 0.001666666666666667 0.00025 0.0007916666666666666
1571 0.001666666666666667 0.00025 0.0008333333333333334
1572 0.001666666666666667 0.00025 0.000875
1573 0.001666666666666667 0.00025 0.0009166666666666666
1574 0.001666666666666667 0.00025 0.0009583333333333333
1575 0.001666666666666667 0.00025 0.001
1576 0.00175 0 0
1577 0.00175 0 4.166666666666667e-05
1578 0.00175 0 8.333333333333333e-05
1579 0.00175 0 0.000125
1580 0.00175 0 0.0001666666666666667
1581 0.00175 0 0.0002083333333333333
1582 0.00175 0 0.00025
1583 0.00175 0 0.0002916666666666667
1584 0.00175 0 0.0003333333333333333
1585 0.00175 0 0.0003750000000000001
1586 0.00175 0 0.0004166666666666667
1587 0.00175 0 0.0004583333333333333
1588 0.00175 0 0.0005
1589 0.00175 0 0.0005416666666666668
1590 0.00175 0 0.0005833333333333334
1591 0.00175 0 0.000625
1592 0.00175 0 0.0006666666666666666
1593 0.00175 0 0.0007083333333333334
1594 0.00175 0 0.0007500000000000001
1595 0.00175 0 0.0007916666666666666
1596 0.00175 0 0.0008333333333333334
1597 0.00175 0 0.000875
1598 0.00175 0 0.0009166666666666666
1599 0.00175 0 0.0009583333333333333
1600 0.00175 0 0.001
1601 0.00175 0.000125 0
1602 0.00175 0.000125 4.166666666666667e-05
1603 0.00175 0.000125 8.333333333333333e-05
1604 0.00175 0.000125 0.000125
1605 0.00175 0.000125 0.0001666666666666667
1606 0.00175 0.000125 0.0002083333333333333
1607 0.00175 0.000125 0.00025
1608 0.00175 0.000125 0.0002916666666666667
1609 0.00175 0.000125 0.0003333333333333333
1610 0.00175 0.000125 0.0003750000000000001
1611 0.00175 0.000125 0.0004166666666666667
1612 0.00175 0.000125 0.0004583333333333333
1613 0.00175 0.000125 0.0005
1614 0.00175 0.000125 0.0005416666666666668
1615 0.00175 0.000125 0.0005833333333333334
1616 0.00175 0.000125 0.000625
1617 0.00175 0.000125 0.0006666666666666666
1618 0.00175 0.000125 0.0007083333333333334
1619 0.00175 0.000125 0.0007500000000000001
1620 0.00175 0.000125 0.0007916666666666666
1621 0.00175 0.000125 0.0008333333333333334
1622 0.00175 0.000125 0.000875
1623 0.00175 0.000125 0.0009166666666666666
1624 0.00175 0.000125 0.0009583333333333333
1625 0.00175 0.000125 0.001
1626 0.00175 0.00025 0
1627 0.00175 0.00025 4.166666666666667e-05
1628 0.00175 0.00025 8.333333333333333e-05
1629 0.00175 0.00025 0.000125
1630 0.00175 0.00025 0.0001666666666666667
1631 0.00175 0.00025 0.0002083333333333333
1632 0.00175 0.00025 0.00025
1633 0.00175 0.00025 0.0002916666666666667
1634 0.00175 0.00025 0.0003333333333333333
1635 0.00175 0.00025 0.0003750000000000001
1636 0.00175 0.00025 0.0004166666666666667
1637 0.00175 0.00025 0.0004583333333333333
1638 0.00175 0.00025 0.0005
1639 0.00175 0.00025 0.0005416666666666668
1640 0.00175 0.00025 0.0005833333333333334
1641 0.00175 0.00025 0.000625
1642 0.00175 0.00025 0.0006666666666666666
1643 0.00175 0.00025 0.0007083333333333334
1644 0.00175 0.00025 0.0007500000000000001
1645 0.00175 0.00025 0.0007916666666666666
1646 0.00175 0.00025 0.0008333333333333334
1647 0.00175 0.00025 0.000875
1648 0.00175 0.00025 0.0009166666666666666
1649 0.00175 0.00025 0.0009583333333333333
1650 0.00175 0.00025 0.001
1651 0.001833333333333333 0 0
1652 0.001833333333333333 0 4.166666666666667e-05
1653 0.001833333333333333 0 8.333333333333333e-05
1654 0.001833333333333333 0 0.000125
1655 0.001833333333333333 0 0.0001666666666666667
1656 0.001833333333333333 0 0.0002083333333333333
1657 0.001833333333333333 0 0.00025
1658 0.001833333333333333 0 0.0002916666666666667
1659 0.001833333333333333 0 0.0003333333333333333
1660 0.001833333333333333 0 0.0003750000000000001
1661 0.001833333333333333 0 0.0004166666666666667
1662 0.001833333333333333 0 0.0004583333333333333
1663 0.001833333333333333 0 0.0005
1664 0.001833333333333333 0 0.0005416666666666668
1665 0.001833333333333333 0 0.0005833333333333334
1666 0.001833333333333333 0 0.000625
1667 0.001833333333333333 0 0.0006666666666666666
1668 0.001833333333333333 0 0.0007083333333333334
1669 0.001833333333333333 0 0.0007500000000000001
1670 0.001833333333333333 0 0.0007916666666666666
1671 0.001833333333333333 0 0.0008333333333333334
1672 0.001833333333333333 0 0.000875
1673 0.001833333333333333 0 0.0009166666666666666
1674 0.001833333333333333 0 0.0009583333333333333
1675 0.001833333333333333 0 0.001
1676 0.001833333333333333 0.000125 0
1677 0.001833333333333333 0.000125 4.166666666666667e-05
1678 0.001833333333333333 0.000125 8.333333333333333e-05
1679 0.001833333333333333 0.000125 0.000125
1680 0.001833333333333333 0.000125 0.0001666666666666667
1681 0.001833333333333333 0.000125 0.0002083333333333333
1682 0.001833333333333333 0.000125 0.00025
1683 0.001833333333333333 0.000125 0.0002916666666666667
1684 0.001833333333333333 0.000125 0.0003333333333333333
1685 0.001833333333333333 0.000125 0.0003750000000000001
1686 0.001833333333333333 0.000125 0.0004166666666666667
1687 0.001833333333333333 0.000125 0.0004583333333333333
1688 0.001833333333333333 0.000125 0.0005
1689 0.001833333333333333 0.000125 0.0005416666666666668
1690 0.001833333333333333 0.000125 0.0005833333333333334
1691 0.001833333333333333 0.000125 0.000625
1692 0.001833333333333333 0.000125 0.0006666666666666666
1693 0.001833333333333333 0.000125 0.0007083333333333334
1694 0.001833333333333333 0.000125 0.0007500000000000001
1695 0.001833333333333333 0.000125 0.0007916666666666666
1696 0.001833333333333333 0.000125 0.0008333333333333334
1697 0.001833333333333333 0.000125 0.000875
1698 0.001833333333333333 0.000125 0.0009166666666666666
1699 0.001833333333333333 0.000125 0.0009583333333333333
1700 0.001833333333333333 0.000125 0.001
1701 0.001833333333333333 0.00025 0
1702 0.001833333333333333 0.00025 4.166666666666667e-05
1703 0.001833333333333333 0.00025 8.333333333333333e-05
1704 0.001833333333333333 0.00025 0.000125
1705 0.001833333333333333 0.00025 0.0001666666666666667
1706 0.001833333333333333 0.00025 0.0002083333333333333
1707 0.001833333333333333 0.00025 0.00025
1708 0.001833333333333333 0.00025 0.0002916666666666667
1709 0.001833333333333333 0.00025 0.0003333333333333333
1710 0.001833333333333333 0.00025 0.0003750000000000001
1711 0.001833333333333333 0.00025 0.0004166666666666667
1712 0.001833333333333333 0.00025 0.0004583333333333333
1713 0.001833333333333333 0.00025 0.0005
1714 0.001833333333333333 0.00025 0.0005416666666666668
1715 0.001833333333333333 0.00025 0.0005833333333333334
1716 0.001833333333333333 0.00025 0.000625
1717 0.001833333333333333 0.00025 0.0006666666666666666
1718 0.001833333333333333 0.00025 0.0007083333333333334
1719 0.001833333333333333 0.00025 0.0007500000000000001
1720 0.001833333333333333 0.00025 0.0007916666666666666
1721 0.001833333333333333 0.00025 0.0008333333333333334
1722 0.001833333333333333 0.00025 0.000875
1723 0.001833333333333333 0.00025 0.0009166666666666666
1724 0.001833333333333333 0.00025 0.0009583333333333333
1725 0.001833333333333333 0.00025 0.001
1726 0.001916666666666667 0 0
1727 0.001916666666666667 0 4.166666666666667e-05
1728 0.001916666666666667 0 8.333333333333333e-05
1729 0.001916666666666667 0 0.000125
1730 0.001916666666666667 0 0.0001666666666666667
1731 0.001916666666666667 0 0.0002083333333333333
1732 0.001916666666666667 0 0.00025
1733 0.001916666666666667 0 0.0002916666666666667
1734 0.001916666666666667 0 0.0003333333333333333
1735 0.001916666666666667 0 0.0003750000000000001
1736 0.001916666666666667 0 0.0004166666666666667
1737 0.001916666666666667 0 0.0004583333333333333
1738 0.001916666666666667 0 0.0005
1739 0.001916666666666667 0 0.0005416666666666668
1740 0.001916666666666667 0 0.0005833333333333334
1741 0.001916666666666667 0 0.000625
1742 0.001916666666666667 0 0.0006666666666666666
1743 0.001916666666666667 0 0.0007083333333333334
1744 0.001916666666666667 0 0.0007500000000000001
1745 0.001916666666666667 0 0.0007916666666666666
1746 0.001916666666666667 0 0.0008333333333333334
1747 0.001916666666666667 0 0.000875
1748 0.001916666666666667 0 0.0009166666666666666
1749 0.001916666666666667 0 0.0009583333333333333
1750 0.001916666666666667 0 0.001
1751 0.001916666666666667 0.000125 0
1752 0.001916666666666667 0.000125 4.166666666666667e-05
1753 0.001916666666666667 0.000125 8.333333333333333e-05
1754 0.001916666666666667 0.000125 0.000125
1755 0.001916666666666667 0.000125 0.0001666666666666667
1756 0.001916666666666667 0.000125 0.0002083333333333333
1757 0.001916666666666667 0.000125 0.00025
1758 0.001916666666666667 0.000125 0.0002916666666666667
1759 0.001916666666666667 0.000125 0.0003333333333333333
1760 0.001916666666666667 0.000125 0.0003750000000000001
1761 0.001916666666666667 0.000125 0.0004166666666666667
1762 0.001916666666666667 0.000125 0.0004583333333333333
1763 0.001916666666666667 0.000125 0.0005
1764 0.001916666666666667 0.000125 0.0005416666666666668
1765 0.001916666666666667 0.000125 0.0005833333333333334
1766 0.001916666666666667 0.000125 0.000625
1767 0.001916666666666667 0.000125 0.0006666666666666666
1768 0.001916666666666667 0.000125 0.0007083333333333334
1769 0.001916666666666667 0.000125 0.0007500000000000001
1770 0.001916666666666667 0.000125 0.0007916666666666666
1771 0.001916666666666667 0.000125 0.0008333333333333334
1772 0.001916666666666667 0.000125 0.000875
1773 0.001916666666666667 0.000125 0.0009166666666666666
1774 0.001916666666666667 0.000125 0.0009583333333333333
1775 0.001916666666666667 0.000125 0.001
1776 0.001916666666666667 0.00025 0
1777 0.001916666666666667 0.00025 4.166666666666667e-05
1778 0.001916666666666667 0.00025 8.333333333333333e-05
1779 0.001916666666666667 0.00025 0.000125
1780 0.001916666666666667 0.00025 0.0001666666666666667
1781 0.001916666666666667 0.00025 0.0002083333333333333
1782 0.001916666666666667 0.00025 0.00025
1783 0.001916666666666667 0.00025 0.0002916666666666667
1784 0.001916666666666667 0.00025 0.0003333333333333333
1785 0.001916666666666667 0.00025 0.0003750000000000001
1786 0.001916666666666667 0.00025 0.0004166666666666667
1787 0.001916666666666667 0.00025 0.0004583333333333333
1788 0.001916666666666667 0.00025 0.0005
1789 0.001916666666666667 0.00025 0.0005416666666666668
1790 0.001916666666666667 0.00025 0.0005833333333333334
1791 0.001916666666666667 0.00025 0.000625
1792 0.001916666666666667 0.00025 0.0006666666666666666
1793 0.001916666666666667 0.00025 0.0007083333333333334
1794 0.001916666666666667 0.00025 0.0007500000000000001
1795 0.001916666666666667 0.00025 0.0007916666666666666
1796 0.001916666666666667 0.00025 0.0008333333333333334
1797 0.001916666666666667 0.00025 0.000875
1798 0.001916666666666667 0.00025 0.0009166666666666666
1799 0.001916666666666667 0.00025 0.0009583333333333333
1800 0.001916666666666667 0.00025 0.001
1801 0.002 0 0
1802 0.002 0 4.166666666666667e-05
1803 0.002 0 8.333333333333333e-05
1804 0.002 0 0.000125
1805 0.002 0 0.0001666666666666667
1806 0.002 0 0.0002083333333333333
1807 0.002 0 0.00025
1808 0.002 0 0.0002916666666666667
1809 0.002 0 0.0003333333333333333
1810 0.002 0 0.0003750000000000001
1811 0.002 0 0.0004166666666666667
1812 0.002 0 0.0004583333333333333
1813 0.002 0 0.0005
1814 0.002 0 0.0005416666666666668
1815 0.002 0 0.0005833333333333334
1816 0.002 0 0.000625
1817 0.002 0 0.0006666666666666666
1818 0.002 0 0.0007083333333333334
1819 0.002 0 0.0007500000000000001
1820 0.002 0 0.0007916666666666666
1821 0.002 0 0.0008333333333333334
1822 0.002 0 0.000875
1823 0.002 0 0.0009166666666666666
1824 0.002 0 0.0009583333333333333
1825 0.002 0 0.001
1826 0.002 0.000125 0
1827 0.002 0.000125 4.166666666666667e-05
1828 0.002 0.000125 8.333333333333333e-05
1829 0.002 0.000125 0.000125
1830 0.002 0.000125 0.0001666666666666667
1831 0.002 0.000125 0.0002083333333333333
1832 0.002 0.000125 0.00025
1833 0.002 0.000125 0.0002916666666666667
1834 0.002 0.000125 0.0003333333333333333
1835 0.002 0.000125 0.0003750000000000001
1836 0.002 0.000125 0.0004166666666666667
1837 0.002 0.000125 0.0004583333333333333
1838 0.002 0.000125 0.0005
1839 0.002 0.000125 0.0005416666666666668
1840 0.002 0.000125 0.0005833333333333334
1841 0.002 0.000125 0.000625
1842 0.002 0.000125 0.0006666666666666666
1843 0.002 0.000125 0.0007083333333333334
1844 0.002 0.000125 0.0007500000000000001
1845 0.002 0.000125 0.0007916666666666666
1846 0.002 0.000125 0.0008333333333333334
1847 0.002 0.000125 0.000875
1848 0.002 0.000125 0.0009166666666666666
1849 0.002 0.000125 0.0009583333333333333
1850 0.002 0.000125 0.001
1851 0.002 0.00025 0
1852 0.002 0.00025 4.166666666666667e-05
1853 0.002 0.00025 8.333333333333333e-05
1854 0.002 0.00025 0.000125
1855 0.002 0.00025 0.0001666666666666667
1856 0.002 0.00025 0.0002083333333333333
1857 0.002 0.00025 0.00025
1858 0.002 0.00025 0.0002916666666666667
1859 0.002 0.00025 0.0003333333333333333
1860 0.002 0.00025 0.0003750000000000001
1861 0.002 0.00025 0.0004166666666666667
1862 0.002 0.00025 0.0004583333333333333
1863 0.002 0.00025 0.0005
1864 0.002 0.00025 0.0005416666666666668
1865 0.002 0.00025 0.0005833333333333334
1866 0.002 0.00025 0.000625
1867 0.002 0.00025 0.0006666666666666666
1868 0.002 0.00025 0.0007083333333333334
1869 0.002 0.00025 0.0007500000000000001
1870 0.002 0.00025 0.0007916666666666666
1871 0.002 0.00025 0.0008333333333333334
1872 0.002 0.00025 0.000875
1873 0.002 0.00025 0.0009166666666666666
1874 0.002 0.00025 0.0009583333333333333
1875 0.002 0.00025 0.001
$EndNodes
$Elements
1440
1 5 2 1 1 1 76 101 26 2 77 102 27
2 5 2 1 1 2 77 102 27 3 78 103 28
3 5 2 1 1 3 78 103 28 4 79 104 29
4 5 2 1 1 4 79 104 29 5 80 105 30
5 5 2 1 1 5 80 105 30 6 81 106 31
6 5 2 1 1 6 81 106 31 7 82 107 32
7 5 2 1 1 7 82 107 32 8 83 108 33
8 5 2 1 1 8 83 108 33 9 84 109 34
9 5 2 1 1 9 84 109 34 10 85 110 35
10 5 2 1 1 10 85 110 35 11 86 111 36
11 5 2 1 1 11 86 111 36 12 87 112 37
12 5 2 1 1 12 87 112 37 13 88 113 38
13 5 2 1 1 13 88 113 38 14 89 114 39
14 5 2 1 1 14 89 114 39 15 90 115 40
15 5 2 1 1 15 90 115 40 16 91 116 41
16 5 2 1 1 16 91 116 41 17 92 117 42
17 5 2 1 1 17 92 117 42 18 93 118 43
18 5 2 1 1 18 93 118 43 19 94 119 44
19 5 2 1 1 19 94 119 44 20 95 120 45
20 5 2 1 1 20 95 120 45 21 96 121 46
21 5 2 1 1 21 96 121 46 22 97 122 47
22 5 2 1 1 22 97 122 47 23 98 123 48
23 5 2 1 1 23 98 123 48 24 99 124 49
24 5 2 1 1 24 99 124 49 25 100 125 50
25 5 2 1 1 26 101 126 51 27 102 127 52
26 5 2 1 1 27 102 127 52 28 103 128 53
27 5 2 1 1 28 103 128 53 29 104 129 54
28 5 2 1 1 29 104 129 54 30 105 130 55
29 5 2 1 1 30 105 130 55 31 106 131 56
30 5 2 1 1 31 106 131 56 32 107 132 57
31 5 2 1 1 32 107 132 57 33 108 133 58
32 5 2 1 1 33 108 133 58 34 109 134 59
33 5 2 1 1 34 109 134 59 35 110 135 60
34 5 2 1 1 35 110 135 60 36 111 136 61
35 5 2 1 1 36 111 136 61 37 112 137 62
36 5 2 1 1 37 112 137 62 38 113 138 63
37 5 2 1 1 38 113 138 63 39 114 139 64
38 5 2 1 1 39 114 139 64 40 115 140 65
39 5 2 1 1 40 115 140 65 41 116 141 66
40 5 2 1 1 41 116 141 66 42 117 142 67
41 5 2 1 1 42 117 142 67 43 118 143 68
42 5 2 1 1 43 118 143 68 44 119 144 69
43 5 2 1 1 44 119 144 69 45 120 145 70
44 5 2 1 1 45 120 145 70 46 121 146 71
45 5 2 1 1 46 121 146 71 47 122 147 72
46 5 2 1 1 47 122 147 72 48 123 148 73
47 5 2 1 1 48 123 148 73 49 124 149 74
48 5 2 1 1 49 124 149 74 50 125 150 75
49 5 2 1 1 76 151 176 101 77 152 177 102
50 5 2 1 1 77 152 177 102 78 153 178 103
51 5 2 1 1 78 153 178 103 79 154 179 104
52 5 2 1 1 79 154 179 104 80 155 180 105
53 5 2 1 1 80 155 180 105 81 156 181 106
54 5 2 1 1 81 156 181 106 82 157 182 107
55 5 2 1 1 82 157 182 107 83 158 183 108
56 5 2 1 1 83 158 183 108 84 159 184 109
57 5 2 1 1 84 159 184 109 85 160 185 110
58 5 2 1 1 85 160 185 110 86 161 186 111
59 5 2 1 1 86 161 186 111 87 162 187 112
60 5 2 1 1 87 162 187 112 88 163 188 113
61 5 2 1 1 88 163 188 113 89 164 189 114
62 5 2 1 1 89 164 189 114 90 165 190 115
63 5 2 1 1 90 165 190 115 91 166 191 116
64 5 2 1 1 91 166 191 116 92 167 192 117
65 5 2 1 1 92 167 192 117 93 168 193 118
66 5 2 1 1 93 168 193 118 94 169 194 119
67 5 2 1 1 94 169 194 119 95 170 195 120
68 5 2 1 1 95 170 195 120 96 171 196 121
69 5 2 1 1 96 171 196 121 97 172 197 122
70 5 2 1 1 97 172 197 122 98 173 198 123
71 5 2 1 1 98 173 198 123 99 174 199 124
72 5 2 1 1 99 174 199 124 100 175 200 125
73 5 2 1 1 101 176 201 126 102 177 202 127
74 5 2 1 1 102 177 202 127 103 178 203 128
75 5 2 1 1 103 178 203 128 104 179 204 129
76 5 2 1 1 104 179 204 129 105 180 205 130
77 5 2 1 1 105 180 205 130 106 181 206 131
78 5 2 1 1 106 181 206 131 107 182 207 132
79 5 2 1 1 107 182 207 132 108 183 208 133
80 5 2 1 1 108 183 208 133 109 184 209 134
81 5 2 1 1 109 184 209 134 110 185 210 135
82 5 2 1 1 110 185 210 135 111 186 211 136
83 5 2 1 1 111 186 211 136 112 187 212 137
84 5 2 1 1 112 187 212 137 113 188 213 138
85 5 2 1 1 113 188 213 138 114 189 214 139
86 5 2 1 1 114 189 214 139 115 190 215 140
87 5 2 1 1 115 190 215 140 116 191 216 141
88 5 2 1 1 116 191 216 141 117 192 217 142
89 5 2 1 1 117 192 217 142 118 193 218 143
90 5 2 1 1 118 193 218 143 119 194 219 144
91 5 2 1 1 119 194 219 144 120 195 220 145
92 5 2 1 1 120 195 220 145 121 196 221 146
93 5 2 1 1 121 196 221 146 122 197 222 147
94 5 2 1 1 122 197 222 147 123 198 223 148
95 5 2 1 1 123 198 223 148 124 199 224 149
96 5 2 1 1 124 199 224 149 125 200 225 150
97 5 2 1 1 151 226 251 176 152 227 252 177
98 5 2 1 1 152 227 252 177 153 228 253 178
99 5 2 1 1 153 228 253 178 154 229 254 179
100 5 2 1 1 154 229 254 179 155 230 255 180
101 5 2 1 1 155 230 255 180 156 231 256 181
102 5 2 1 1 156 231 256 181 157 232 257 182
103 5 2 1 1 157 232 257 182 158 233 258 183
104 5 2 1 1 158 233 258 183 159 234 259 184
105 5 2 1 1 159 234 259 184 160 235 260 185
106 5 2 1 1 160 235 260 185 161 236 261 186
107 5 2 1 1 161 236 261 186 162 237 262 187
108 5 2 1 1 162 237 262 187 163 238 263 188
109 5 2 1 1 163 238 263 188 164 239 264 189
110 5 2 1 1 164 239 264 189 165 240 265 190
111 5 2 1 1 165 240 265 190 166 241 266 191
112 5 2 1 1 166 241 266 191 167 242 267 192
113 5 2 1 1 167 242 267 192 168 243 268 193
114 5 2 1 1 168 243 268 193 169 244 269 194
115 5 2 1 1 169 244 269 194 170 245 270 195
116 5 2 1 1 170 245 270 195 171 246 271 196
117 5 2 1 1 171 246 271 196 172 247 272 197
118 5 2 1 1 172 247 272 197 173 248 273 198
119 5 2 1 1 173 248 273 198 174 249 274 199
120 5 2 1 1 174 249 274 199 175 250 275 200
121 5 2 1 1 176 251 276 201 177 252 277 202
122 5 2 1 1 177 252 277 202 178 253 278 203
123 5 2 1 1 178 253 278 203 179 254 279 204
124 5 2 1 1 179 254 279 204 180 255 280 205
125 5 2 1 1 180 255 280 205 181 256 281 206
126 5 2 1 1 181 256 281 206 182 257 282 207
127 5 2 1 1 182 257 282 207 183 258 283 208
128 5 2 1 1 183 258 283 208 184 259 284 209
129 5 2 1 1 184 259 284 209 185 260 285 210
130 5 2 1 1 185 260 285 210 186 261 286 211
131 5 2 1 1 186 261 286 211 187 262 287 212
132 5 2 1 1 187 262 287 212 188 263 288 213
133 5 2 1 1 188 263 288 213 189 264 289 214
134 5 2 1 1 189 264 289 214 190 265 290 215
135 5 2 1 1 190 265 290 215 191 266 291 216
136 5 2 1 1 191 266 291 216 192 267 292 217
137 5 2 1 1 192 267 292 217 193 268 293 218
138 5 2 1 1 193 268 293 218 194 269 294 219
139 5 2 1 1 194 269 294 219 195 270 295 220
140 5 2 1 1 195 270 295 220 196 271 296 221
141 5 2 1 1 196 271 296 221 197 272 297 222
142 5 2 1 1 197 272 297 222 198 273 298 223
143 5 2 1 1 198 273 298 223 199 274 299 224
144 5 2 1 1 199 274 299 224 200 275 300 225
145 5 2 1 1 226 301 326 251 227 302 327 252
146 5 2 1 1 227 302 327 252 228 303 328 253
147 5 2 1 1 228 303 328 253 229 304 329 254
148 5 2 1 1 229 304 329 254 230 305 330 255
149 5 2 1 1 230 305 330 255 231 306 331 256
150 5 2 1 1 231 306 331 256 232 307 332 257
151 5 2 1 1 232 307 332 257 233 308 333 258
152 5 2 1 1 233 308 333 258 234 309 334 259
153 5 2 1 1 234 309 334 259 235 310 335 260
154 5 2 1 1 235 310 335 260 236 311 336 261
155 5 2 1 1 236 311 336 261 237 312 337 262
156 5 2 1 1 237 312 337 262 238 313 338 263
157 5 2 1 1 238 313 338 263 239 314 339 264
158 5 2 1 1 239 314 339 264 240 315 340 265
159 5 2 1 1 240 315 340 265 241 316 341 266
160 5 2 1 1 241 316 341 266 242 317 342 267
161 5 2 1 1 242 317 342 267 243 318 343 268
162 5 2 1 1 243 318 343 268 244 319 344 269
163 5 2 1 1 244 319 344 269 245 320 345 270
164 5 2 1 1 245 320 345 270 246 321 346 271
165 5 2 1 1 246 321 346 271 247 322 347 272
166 5 2 1 1 247 322 347 272 248 323 348 273
167 5 2 1 1 248 323 348 273 249 324 349 274
168 5 2 1 1 249 324 349 274 250 325 350 275
169 5 2 1 1 251 326 351 276 252 327 352 277
170 5 2 1 1 252 327 352 277 253 328 353 278
171 5 2 1 1 253 328 353 278 254 329 354 279
172 5 2 1 1 254 329 354 279 255 330 355 280
173 5 2 1 1 255 330 355 280 256 331 356 281
174 5 2 1 1 256 331 356 281 257 332 357 282
175 5 2 1 1 257 332 357 282 258 333 358 283
176 5 2 1 1 258 333 358 283 259 334 359 284
177 5 2 1 1 259 334 359 284 260 335 360 285
178 5 2 1 1 260 335 360 285 261 336 361 286
179 5 2 1 1 261 336 361 286 262 337 362 287
180 5 2 1 1 262 337 362 287 263 338 363 288
181 5 2 1 1 263 338 363 288 264 339 364 289
182 5 2 1 1 264 339 364 289 265 340 365 290
183 5 2 1 1 265 340 365 290 266 341 366 291
184 5 2 1 1 266 341 366 291 267 342 367 292
185 5 2 1 1 267 342 367 292 268 343 368 293
186 5 2 1 1 268 343 368 293 269 344 369 294
187 5 2 1 1 269 344 369 294 270 345 370 295
188 5 2 1 1 270 345 370 295 271 346 371 296
189 5 2 1 1 271 346 371 296 272 347 372 297
190 5 2 1 1 272 347 372 297 273 348 373 298
191 5 2 1 1 273 348 373 298 274 349 374 299
192 5 2 1 1 274 349 374 299 275 350 375 300
193 5 2 1 1 301 376 401 326 302 377 402 327
194 5 2 1 1 302 377 402 327 303 378 403 328
195 5 2 1 1 303 378 403 328 304 379 404 329
196 5 2 1 1 304 379 404 329 305 380 405 330
197 5 2 1 1 305 380 405 330 306 381 406 331
198 5 2 1 1 306 381 406 331 307 382 407 332
199 5 2 1 1 307 382 407 332 308 383 408 333
200 5 2 1 1 308 383 408 333 309 384 409 334
201 5 2 1 1 309 384 409 334 310 385 410 335
202 5 2 1 1 310 385 410 335 311 386 411 336
203 5 2 1 1 311 386 411 336 312 387 412 337
204 5 2 1 1 312 387 412 337 313 388 413 338
205 5 2 1 1 313 388 413 338 314 389 414 339
206 5 2 1 1 314 389 414 339 315 390 415 340
207 5 2 1 1 315 390 415 340 316 391 416 341
208 5 2 1 1 316 391 416 341 317 392 417 342
209 5 2 1 1 317 392 417 342 318 393 418 343
210 5 2 1 1 318 393 418 343 319 394 419 344
211 5 2 1 1 319 394 419 344 320 395 420 345
212 5 2 1 1 320 395 420 345 321 396 421 346
213 5 2 1 1 321 396 421 346 322 397 422 347
214 5 2 1 1 322 397 422 347 323 398 423 348
215 5 2 1 1 323 398 423 348 324 399 424 349
216 5 2 1 1 324 399 424 349 325 400 425 350
217 5 2 1 1 326 401 426 351 327 402 427 352
218 5 2 1 1 327 402 427 352 328 403 428 353
219 5 2 1 1 328 403 428 353 329 404 429 354
220 5 2 1 1 329 404 429 354 330 405 430 355
221 5 2 1 1 330 405 430 355 331 406 431 356
222 5 2 1 1 331 406 431 356 332 407 432 357
223 5 2 1 1 332 407 432 357 333 408 433 358
224 5 2 1 1 333 408 433 358 334 409 434 359
225 5 2 1 1 334 409 434 359 335 410 435 360
226 5 2 1 1 335 410 435 360 336 411 436 361
227 5 2 1 1 336 411 436 361 337 412 437 362
228 5 2 1 1 337 412 437 362 338 413 438 363
229 5 2 1 1 338 413 438 363 339 414 439 364
230 5 2 1 1 339 414 439 364 340 415 440 365
231 5 2 1 1 340 415 440 365 341 416 441 366
232 5 2 1 1 341 416 441 366 342 417 442 367
233 5 2 1 1 342 417 442 367 343 418 443 368
234 5 2 1 1 343 418 443 368 344 419 444 369
235 5 2 1 1 344 419 444 369 345 420 445 370
236 5 2 1 1 345 420 445 370 346 421 446 371
237 5 2 1 1 346 421 446 371 347 422 447 372
238 5 2 1 1 347 422 447 372 348 423 448 373
239 5 2 1 1 348 423 448 373 349 424 449 374
240 5 2 1 1 349 424 449 374 350 425 450 375
241 5 2 1 1 376 451 476 401 377 452 477 402
242 5 2 1 1 377 452 477 402 378 453 478 403
243 5 2 1 1 378 453 478 403 379 454 479 404
244 5 2 1 1 379 454 479 404 380 455 480 405
245 5 2 1 1 380 455 480 405 381 456 481 406
246 5 2 1 1 381 456 481 406 382 457 482 407
247 5 2 1 1 382 457 482 407 383 458 483 408
248 5 2 1 1 383 458 483 408 384 459 484 409
249 5 2 1 1 384 459 484 409 385 460 485 410
250 5 2 1 1 385 460 485 410 386 461 486 411
251 5 2 1 1 386 461 486 411 387 462 487 412
252 5 2 1 1 387 462 487 412 388 463 488 413
253 5 2 1 1 388 463 488 413 389 464 489 414
254 5 2 1 1 389 464 489 414 390 465 490 415
255 5 2 1 1 390 465 490 415 391 466 491 416
256 5 2 1 1 391 466 491 416 392 467 492 417
257 5 2 1 1 392 467 492 417 393 468 493 418
258 5 2 1 1 393 468 493 418 394 469 494 419
259 5 2 1 1 394 469 494 419 395 470 495 420
260 5 2 1 1 395 470 495 420 396 471 496 421
261 5 2 1 1 396 471 496 421 397 472 497 422
262 5 2 1 1 397 472 497 422 398 473 498 423
263 5 2 1 1 398 473 498 423 399 474 499 424
264 5 2 1 1 399 474 499 424 400 475 500 425
265 5 2 1 1 401 476 501 426 402 477 502 427
266 5 2 1 1 402 477 502 427 403 478 503 428
267 5 2 1 1 403 478 503 428 404 479 504 429
268 5 2 1 1 404 479 504 429 405 480 505 430
269 5 2 1 1 405 480 505 430 406 481 506 431
270 5 2 1 1 406 481 506 431 407 482 507 432
271 5 2 1 1 407 482 507 432 408 483 508 433
272 5 2 1 1 408 483 508 433 409 484 509 434
273 5 2 1 1 409 484 509 434 410 485 510 435
274 5 2 1 1 410 485 510 435 411 486 511 436
275 5 2 1 1 411 486 511 436 412 487 512 437
276 5 2 1 1 412 487 512 437 413 488 513 438
277 5 2 1 1 413 488 513 438 414 489 514 439
278 5 2 1 1 414 489 514 439 415 490 515 440
279 5 2 1 1 415 490 515 440 416 491 516 441
280 5 2 1 1 416 491 516 441 417 492 517 442
281 5 2 1 1 417 492 517 442 418 493 518 443
282 5 2 1 1 418 493 518 443 419 494 519 444
283 5 2 1 1 419 494 519 444 420 495 520 445
284 5 2 1 1 420 495 520 445 421 496 521 446
285 5 2 1 1 421 496 521 446 422 497 522 447
286 5 2 1 1 422 497 522 447 423 498 523 448
287 5 2 1 1 423 498 523 448 424 499 524 449
288 5 2 1 1 424 499 524 449 425 500 525 450
289 5 2 1 1 451 526 551 476 452 527 552 477
290 5 2 1 1 452 527 552 477 453 528 553 478
291 5 2 1 1 453 528 553 478 454 529 554 479
292 5 2 1 1 454 529 554 479 455 530 555 480
293 5 2 1 1 455 530 555 480 456 531 556 481
294 5 2 1 1 456 531 556 481 457 532 557 482
295 5 2 1 1 457 532 557 482 458 533 558 483
296 5 2 1 1 458 533 558 483 459 534 559 484
297 5 2 1 1 459 534 559 484 460 535 560 485
298 5 2 1 1 460 535 560 485 461 536 561 486
299 5 2 1 1 461 536 561 486 462 537 562 487
300 5 2 1 1 462 537 562 487 463 538 563 488
301 5 2 1 1 463 538 563 488 464 539 564 489
302 5 2 1 1 464 539 564 489 465 540 565 490
303 5 2 1 1 465 540 565 490 466 541 566 491
304 5 2 1 1 466 541 566 491 467 542 567 492
305 5 2 1 1 467 542 567 492 468 543 568 493
306 5 2 1 1 468 543 568 493 469 544 569 494
307 5 2 1 1 469 544 569 494 470 545 570 495
308 5 2 1 1 470 545 570 495 471 546 571 496
309 5 2 1 1 471 546 571 496 472 547 572 497
310 5 2 1 1 472 547 572 497 473 548 573 498
311 5 2 1 1 473 548 573 498 474 549 574 499
312 5 2 1 1 474 549 574 499 475 550 575 500
313 5 2 1 1 476 551 576 501 477 552 577 502
314 5 2 1 1 477 552 577 502 478 553 578 503
315 5 2 1 1 478 553 578 503 479 554 579 504
316 5 2 1 1 479 554 579 504 480 555 580 505
317 5 2 1 1 480 555 580 505 481 556 581 506
318 5 2 1 1 481 556 581 506 482 557 582 507
319 5 2 1 1 482 557 582 507 483 558 583 508
320 5 2 1 1 483 558 583 508 484 559 584 509
321 5 2 1 1 484 559 584 509 485 560 585 510
322 5 2 1 1 485 560 585 510 486 561 586 511
323 5 2 1 1 486 561 586 511 487 562 587 512
324 5 2 1 1 487 562 587 512 488 563 588 513
325 5 2 1 1 488 563 588 513 489 564 589 514
326 5 2 1 1 489 564 589 514 490 565 590 515
327 5 2 1 1 490 565 590 515 491 566 591 516
328 5 2 1 1 491 566 591 516 492 567 592 517
329 5 2 1 1 492 567 592 517 493 568 593 518
330 5 2 1 1 493 568 593 518 494 569 594 519
331 5 2 1 1 494 569 594 519 495 570 595 520
332 5 2 1 1 495 570 595 520 496 571 596 521
333 5 2 1 1 496 571 596 521 497 572 597 522
334 5 2 1 1 497 572 597 522 498 573 598 523
335 5 2 1 1 498 573 598 523 499 574 599 524
336 5 2 1 1 499 574 599 524 500 575 600 525
337 5 2 1 1 526 601 626 551 527 602 627 552
338 5 2 1 1 527 602 627 552 528 603 628 553
339 5 2 1 1 528 603 628 553 529 604 629 554
340 5 2 1 1 529 604 629 554 530 605 630 555
341 5 2 1 1 530 605 630 555 531 606 631 556
342 5 2 1 1 531 606 631 556 532 607 632 557
343 5 2 1 1 532 607 632 557 533 608 633 558
344 5 2 1 1 533 608 633 558 534 609 634 559
345 5 2 1 1 534 609 634 559 535 610 635 560
346 5 2 1 1 535 610 635 560 536 611 636 561
347 5 2 1 1 536 611 636 561 537 612 637 562
348 5 2 1 1 537 612 637 562 538 613 638 563
349 5 2 1 1 538 613 638 563 539 614 639 564
350 5 2 1 1 539 614 639 564 540 615 640 565
351 5 2 1 1 540 615 640 565 541 616 641 566
352 5 2 1 1 541 616 641 566 542 617 642 567
353 5 2 1 1 542 617 642 567 543 618 643 568
354 5 2 1 1 543 618 643 568 544 619 644 569
355 5 2 1 1 544 619 644 569 545 620 645 570
356 5 2 1 1 545 620 645 570 546 621 646 571
357 5 2 1 1 546 621 646 571 547 622 647 572
358 5 2 1 1 547 622 647 572 548 623 648 573
359 5 2 1 1 548 623 648 573 549 624 649 574
360 5 2 1 1 549 624 649 574 550 625 650 575
361 5 2 1 1 551 626 651 576 552 627 652 577
362 5 2 1 1 552 627 652 577 553 628 653 578
363 5 2 1 1 553 628 653 578 554 629 654 579
364 5 2 1 1 554 629 654 579 555 630 655 580
365 5 2 1 1 555 630 655 580 556 631 656 581
366 5 2 1 1 556 631 656 581 557 632 657 582
367 5 2 1 1 557 632 657 582 558 633 658 583
368 5 2 1 1 558 633 658 583 559 634 659 584
369 5 2 1 1 559 634 659 584 560 635 660 585
370 5 2 1 1 560 635 660 585 561 636 661 586
371 5 2 1 1 561 636 661 586 562 637 662 587
372 5 2 1 1 562 637 662 587 563 638 663 588
373 5 2 1 1 563 638 663 588 564 639 664 589
374 5 2 1 1 564 639 664 589 565 640 665 590
375 5 2 1 1 565 640 665 590 566 641 666 591
376 5 2 1 1 566 641 666 591 567 642 667 592
377 5 2 1 1 567 642 667 592 568 643 668 593
378 5 2 1 1 568 643 668 593 569 644 669 594
379 5 2 1 1 569 644 669 594 570 645 670 595
380 5 2 1 1 570 645 670 595 571 646 671 596
381 5 2 1 1 571 646 671 596 572 647 672 597
382 5 2 1 1 572 647 672 597 573 648 673 598
383 5 2 1 1 573 648 673 598 574 649 674 599
384 5 2 1 1 574 649 674 599 575 650 675 600
385 5 2 1 1 601 676 701 626 602 677 702 627
386 5 2 1 1 602 677 702 627 603 678 703 628
387 5 2 1 1 603 678 703 628 604 679 704 629
388 5 2 1 1 604 679 704 629 605 680 705 630
389 5 2 1 1 605 680 705 630 606 681 706 631
390 5 2 1 1 606 681 706 631 607 682 707 632
391 5 2 1 1 607 682 707 632 608 683 708 633
392 5 2 1 1 608 683 708 633 609 684 709 634
393 5 2 1 1 609 684 709 634 610 685 710 635
394 5 2 1 1 610 685 710 635 611 686 711 636
395 5 2 1 1 611 686 711 636 612 687 712 637
396 5 2 1 1 612 687 712 637 613 688 713 638
397 5 2 1 1 613 688 713 638 614 689 714 639
398 5 2 1 1 614 689 714 639 615 690 715 640
399 5 2 1 1 615 690 715 640 616 691 716 641
400 5 2 1 1 616 691 716 641 617 692 717 642
401 5 2 1 1 617 692 717 642 618 693 718 643
402 5 2 1 1 618 693 718 643 619 694 719 644
403 5 2 1 1 619 694 719 644 620 695 720 645
404 5 2 1 1 620 695 720 645 621 696 721 646
405 5 2 1 1 621 696 721 646 622 697 722 647
406 5 2 1 1 622 697 722 647 623 698 723 648
407 5 2 1 1 623 698 723 648 624 699 724 649
408 5 2 1 1 624 699 724 649 625 700 725 650
409 5 2 1 1 626 701 726 651 627 702 727 652
410 5 2 1 1 627 702 727 652 628 703 728 653
411 5 2 1 1 628 703 728 653 629 704 729 654
412 5 2 1 1 629 704 729 654 630 705 730 655
413 5 2 1 1 630 705 730 655 631 706 731 656
414 5 2 1 1 631 706 731 656 632 707 732 657
415 5 2 1 1 632 707 732 657 633 708 733 658
416 5 2 1 1 633 708 733 658 634 709 734 659
417 5 2 1 1 634 709 734 659 635 710 735 660
418 5 2 1 1 635 710 735 660 636 711 736 661
419 5 2 1 1 636 711 736 661 637 712 737 662
420 5 2 1 1 637 712 737 662 638 713 738 663
421 5 2 1 1 638 713 738 663 639 714 739 664
422 5 2 1 1 639 714 739 664 640 715 740 665
423 5 2 1 1 640 715 740 665 641 716 741 666
424 5 2 1 1 641 716 741 666 642 717 742 667
425 5 2 1 1 642 717 742 667 643 718 743 668
426 5 2 1 1 643 718 743 668 644 719 744 669
427 5 2 1 1 644 719 744 669 645 720 745 670
428 5 2 1 1 645 720 745 670 646 721 746 671
429 5 2 1 1 646 721 746 671 647 722 747 672
430 5 2 1 1 647 722 747 672 648 723 748 673
431 5 2 1 1 648 723 748 673 649 724 749 674
432 5 2 1 1 649 724 749 674 650 725 750 675
433 5 2 1 1 676 751 776 701 677 752 777 702
434 5 2 1 1 677 752 777 702 678 753 778 703
435 5 2 1 1 678 753 778 703 679 754 779 704
436 5 2 1 1 679 754 779 704 680 755 780 705
437 5 2 1 1 680 755 780 705 681 756 781 706
438 5 2 1 1 681 756 781 706 682 757 782 707
439 5 2 1 1 682 757 782 707 683 758 783 708
440 5 2 1 1 683 758 783 708 684 759 784 709
441 5 2 1 1 684 759 784 709 685 760 785 710
442 5 2 1 1 685 760 785 710 686 761 786 711
443 5 2 1 1 686 761 786 711 687 762 787 712
444 5 2 1 1 687 762 787 712 688 763 788 713
445 5 2 1 1 688 763 788 713 689 764 789 714
446 5 2 1 1 689 764 789 714 690 765 790 715
447 5 2 1 1 690 765 790 715 691 766 791 716
448 5 2 1 1 691 766 791 716 692 767 792 717
449 5 2 1 1 692 767 792 717 693 768 793 718
450 5 2 1 1 693 768 793 718 694 769 794 719
451 5 2 1 1 694 769 794 719 695 770 795 720
452 5 2 1 1 695 770 795 720 696 771 796 721
453 5 2 1 1 696 771 796 721 697 772 797 722
454 5 2 1 1 697 772 797 722 698 773 798 723
455 5 2 1 1 698 773 798 723 699 774 799 724
456 5 2 1 1 699 774 799 724 700 775 800 725
457 5 2 1 1 701 776 801 726 702 777 802 727
458 5 2 1 1 702 777 802 727 703 778 803 728
459 5 2 1 1 703 778 803 728 704 779 804 729
460 5 2 1 1 704 779 804 729 705 780 805 730
461 5 2 1 1 705 780 805 730 706 781 806 731
462 5 2 1 1 706 781 806 731 707 782 807 732
463 5 2 1 1 707 782 807 732 708 783 808 733
464 5 2 1 1 708 783 808 733 709 784 809 734
465 5 2 1 1 709 784 809 734 710 785 810 735
466 5 2 1 1 710 785 810 735 711 786 811 736
467 5 2 1 1 711 786 811 736 712 787 812 737
468 5 2 1 1 712 787 812 737 713 788 813 738
469 5 2 1 1 713 788 813 738 714 789 814 739
470 5 2 1 1 714 789 814 739 715 790 815 740
471 5 2 1 1 715 790 815 740 716 791 816 741
472 5 2 1 1 716 791 816 741 717 792 817 742
473 5 2 1 1 717 792 817 742 718 793 818 743
474 5 2 1 1 718 793 818 743 719 794 819 744
475 5 2 1 1 719 794 819 744 720 795 820 745
476 5 2 1 1 720 795 820 745 721 796 821 746
477 5 2 1 1 721 796 821 746 722 797 822 747
478 5 2 1 1 722 797 822 747 723 798 823 748
479 5 2 1 1 723 798 823 748 724 799 824 749
480 5 2 1 1 724 799 824 749 725 800 825 750
481 5 2 1 1 751 826 851 776 752 827 852 777
482 5 2 1 1 752 827 852 777 753 828 853 778
483 5 2 1 1 753 828 853 778 754 829 854 779
484 5 2 1 1 754 829 854 779 755 830 855 780
485 5 2 1 1 755 830 855 780 756 831 856 781
486 5 2 1 1 756 831 856 781 757 832 857 782
487 5 2 1 1 757 832 857 782 758 833 858 783
488 5 2 1 1 758 833 858 783 759 834 859 784
489 5 2 1 1 759 834 859 784 760 835 860 785
490 5 2 1 1 760 835 860 785 761 836 861 786
491 5 2 1 1 761 836 861 786 762 837 862 787
492 5 2 1 1 762 837 862 787 763 838 863 788
493 5 2 1 1 763 838 863 788 764 839 864 789
494 5 2 1 1 764 839 864 789 765 840 865 790
495 5 2 1 1 765 840 865 790 766 841 866 791
496 5 2 1 1 766 841 866 791 767 842 867 792
497 5 2 1 1 767 842 867 792 768 843 868 793
498 5 2 1 1 768 843 868 793 769 844 869 794
499 5 2 1 1 769 844 869 794 770 845 870 795
500 5 2 1 1 770 845 870 795 771 846 871 796
501 5 2 1 1 771 846 871 796 772 847 872 797
502 5 2 1 1 772 847 872 797 773 848 873 798
503 5 2 1 1 773 848 873 798 774 849 874 799
504 5 2 1 1 774 849 874 799 775 850 875 800
505 5 2 1 1 776 851 876 801 777 852 877 802
506 5 2 1 1 777 852 877 802 778 853 878 803
507 5 2 1 1 778 853 878 803 779 854 879 804
508 5 2 1 1 779 854 879 804 780 855 880 805
509 5 2 1 1 780 855 880 805 781 856 881 806
510 5 2 1 1 781 856 881 806 782 857 882 807
511 5 2 1 1 782 857 882 807 783 858 883 808
512 5 2 1 1 783 858 883 808 784 859 884 809
513 5 2 1 1 784 859 884 809 785 860 885 810
514 5 2 1 1 785 860 885 810 786 861 886 811
515 5 2 1 1 786 861 886 811 787 862 887 812
516 5 2 1 1 787 862 887 812 788 863 888 813
517 5 2 1 1 788 863 888 813 789 864 889 814
518 5 2 1 1 789 864 889 814 790 865 890 815
519 5 2 1 1 790 865 890 815 791 866 891 816
520 5 2 1 1 791 866 891 816 792 867 892 817
521 5 2 1 1 792 867 892 817 793 868 893 818
522 5 2 1 1 793 868 893 818 794 869 894 819
523 5 2 1 1 794 869 894 819 795 870 895 820
524 5 2 1 1 795 870 895 820 796 871 896 821
525 5 2 1 1 796 871 896 821 797 872 897 822
526 5 2 1 1 797 872 897 822 798 873 898 823
527 5 2 1 1 798 873 898 823 799 874 899 824
528 5 2 1 1 799 874 899 824 800 875 900 825
529 5 2 1 1 826 901 926 851 827 902 927 852
530 5 2 1 1 827 902 927 852 828 903 928 853
531 5 2 1 1 828 903 928 853 829 904 929 854
532 5 2 1 1 829 904 929 854 830 905 930 855
533 5 2 1 1 830 905 930 855 831 906 931 856
534 5 2 1 1 831 906 931 856 832 907 932 857
535 5 2 1 1 832 907 932 857 833 908 933 858
536 5 2 1 1 833 908 933 858 834 909 934 859
537 5 2 1 1 834 909 934 859 835 910 935 860
538 5 2 1 1 835 910 935 860 836 911 936 861
539 5 2 1 1 836 911 936 861 837 912 937 862
540 5 2 1 1 837 912 937 862 838 913 938 863
541 5 2 1 1 838 913 938 863 839 914 939 864
542 5 2 1 1 839 914 939 864 840 915 940 865
543 5 2 1 1 840 915 940 865 841 916 941 866
544 5 2 1 1 841 916 941 866 842 917 942 867
545 5 2 1 1 842 917 942 867 843 918 943 868
546 5 2 1 1 843 918 943 868 844 919 944 869
547 5 2 1 1 844 919 944 869 845 920 945 870
548 5 2 1 1 845 920 945 870 846 921 946 871
549 5 2 1 1 846 921 946 871 847 922 947 872
550 5 2 1 1 847 922 947 872 848 923 948 873
551 5 2 1 1 848 923 948 873 849 924 949 874
552 5 2 1 1 849 924 949 874 850 925 950 875
553 5 2 1 1 851 926 951 876 852 927 952 877
554 5 2 1 1 852 927 952 877 853 928 953 878
555 5 2 1 1 853 928 953 878 854 929 954 879
556 5 2 1 1 854 929 954 879 855 930 955 880
557 5 2 1 1 855 930 955 880 856 931 956 881
558 5 2 1 1 856 931 956 881 857 932 957 882
559 5 2 1 1 857 932 957 882 858 933 958 883
560 5 2 1 1 858 933 958 883 859 934 959 884
561 5 2 1 1 859 934 959 884 860 935 960 885
562 5 2 1 1 860 935 960 885 861 936 961 886
563 5 2 1 1 861 936 961 886 862 937 962 887
564 5 2 1 1 862 937 962 887 863 938 963 888
565 5 2 1 1 863 938 963 888 864 939 964 889
566 5 2 1 1 864 939 964 889 865 940 965 890
567 5 2 1 1 865 940 965 890 866 941 966 891
568 5 2 1 1 866 941 966 891 867 942 967 892
569 5 2 1 1 867 942 967 892 868 943 968 893
570 5 2 1 1 868 943 968 893 869 944 969 894
571 5 2 1 1 869 944 969 894 870 945 970 895
572 5 2 1 1 870 945 970 895 871 946 971 896
573 5 2 1 1 871 946 971 896 872 947 972 897
574 5 2 1 1 872 947 972 897 873 948 973 898
575 5 2 1 1 873 948 973 898 874 949 974 899
576 5 2 1 1 874 949 974 899 875 950 975 900
577 5 2 1 1 901 976 1001 926 902 977 1002 927
578 5 2 1 1 902 977 1002 927 903 978 1003 928
579 5 2 1 1 903 978 1003 928 904 979 1004 929
580 5 2 1 1 904 979 1004 929 905 980 1005 930
581 5 2 1 1 905 980 1005 930 906 981 1006 931
582 5 2 1 1 906 981 1006 931 907 982 1007 932
583 5 2 1 1 907 982 1007 932 908 983 1008 933
584 5 2 1 1 908 983 1008 933 909 984 1009 934
585 5 2 1 1 909 984 1009 934 910 985 1010 935
586 5 2 1 1 910 985 1010 935 911 986 1011 936
587 5 2 1 1 911 986 1011 936 912 987 1012 937
588 5 2 1 1 912 987 1012 937 913 988 1013 938
589 5 2 1 1 913 988 1013 938 914 989 1014 939
590 5 2 1 1 914 989 1014 939 915 990 1015 940
591 5 2 1 1 915 990 1015 940 916 991 1016 941
592 5 2 1 1 916 991 1016 941 917 992 1017 942
593 5 2 1 1 917 992 1017 942 918 993 1018 943
594 5 2 1 1 918 993 1018 943 919 994 1019 944
595 5 2 1 1 919 994 1019 944 920 995 1020 945
596 5 2 1 1 920 995 1020 945 921 996 1021 946
597 5 2 1 1 921 996 1021 946 922 997 1022 947
598 5 2 1 1 922 997 1022 947 923 998 1023 948
599 5 2 1 1 923 998 1023 948 924 999 1024 949
600 5 2 1 1 924 999 1024 949 925 1000 1025 950
601 5 2 1 1 926 1001 1026 951 927 1002 1027 952
602 5 2 1 1 927 1002 1027 952 928 1003 1028 953
603 5 2 1 1 928 1003 1028 953 929 1004 1029 954
604 5 2 1 1 929 1004 1029 954 930 1005 1030 955
605 5 2 1 1 930 1005 1030 955 931 1006 1031 956
606 5 2 1 1 931 1006 1031 956 932 1007 1032 957
607 5 2 1 1 932 1007 1032 957 933 1008 1033 958
608 5 2 1 1 933 1008 1033 958 934 1009 1034 959
609 5 2 1 1 934 1009 1034 959 935 1010 1035 960
610 5 2 1 1 935 1010 1035 960 936 1011 1036 961
611 5 2 1 1 936 1011 1036 961 937 1012 1037 962
612 5 2 1 1 937 1012 1037 962 938 1013 1038 963
613 5 2 1 1 938 1013 1038 963 939 1014 1039 964
614 5 2 1 1 939 1014 1039 964 940 1015 1040 965
615 5 2 1 1 940 1015 1040 965 941 1016 1041 966
616 5 2 1 1 941 1016 1041 966 942 1017 1042 967
617 5 2 1 1 942 1017 1042 967 943 1018 1043 968
618 5 2 1 1 943 1018 1043 968 944 1019 1044 969
619 5 2 1 1 944 1019 1044 969 945 1020 1045 970
620 5 2 1 1 945 1020 1045 970 946 1021 1046 971
621 5 2 1 1 946 1021 1046 971 947 1022 1047 972
622 5 2 1 1 947 1022 1047 972 948 1023 1048 973
623 5 2 1 1 948 1023 1048 973 949 1024 1049 974
624 5 2 1 1 949 1024 1049 974 950 1025 1050 975
625 5 2 1 1 976 1051 1076 1001 977 1052 1077 1002
626 5 2 1 1 977 1052 1077 1002 978 1053 1078 1003
627 5 2 1 1 978 1053 1078 1003 979 1054 1079 1004
628 5 2 1 1 979 1054 1079 1004 980 1055 1080 1005
629 5 2 1 1 980 1055 1080 1005 981 1056 1081 1006
630 5 2 1 1 981 1056 1081 1006 982 1057 1082 1007
631 5 2 1 1 982 1057 1082 1007 983 1058 1083 1008
632 5 2 1 1 983 1058 1083 1008 984 1059 1084 1009
633 5 2 1 1 984 1059 1084 1009 985 1060 1085 1010
634 5 2 1 1 985 1060 1085 1010 986 1061 1086 1011
635 5 2 1 1 986 1061 1086 1011 987 1062 1087 1012
636 5 2 1 1 987 1062 1087 1012 988 1063 1088 1013
637 5 2 1 1 988 1063 1088 1013 989 1064 1089 1014
638 5 2 1 1 989 1064 1089 1014 990 1065 1090 1015
639 5 2 1 1 990 1065 1090 1015 991 1066 1091 1016
640 5 2 1 1 991 1066 1091 1016 992 1067 1092 1017
641 5 2 1 1 992 1067 1092 1017 993 1068 1093 1018
642 5 2 1 1 993 1068 1093 1018 994 1069 1094 1019
643 5 2 1 1 994 1069 1094 1019 995 1070 1095 1020
644 5 2 1 1 995 1070 1095 1020 996 1071 1096 1021
645 5 2 1 1 996 1071 1096 1021 997 1072 1097 1022
646 5 2 1 1 997 1072 1097 1022 998 1073 1098 1023
647 5 2 1 1 998 1073 1098 1023 999 1074 1099 1024
648 5 2 1 1 999 1074 1099 1024 1000 1075 1100 1025
649 5 2 1 1 1001 1076 1101 1026 1002 1077 1102 1027
650 5 2 1 1 1002 1077 1102 1027 1003 1078 1103 1028
651 5 2 1 1 1003 1078 1103 1028 1004 1079 1104 1029
652 5 2 1 1 1004 1079 1104 1029 1005 1080 1105 1030
653 5 2 1 1 1005 1080 1105 1030 1006 1081 1106 1031
654 5 2 1 1 1006 1081 1106 1031 1007 1082 1107 1032
655 5 2 1 1 1007 1082 1107 1032 1008 1083 1108 1033
656 5 2 1 1 1008 1083 1108 1033 1009 1084 1109 1034
657 5 2 1 1 1009 1084 1109 1034 1010 1085 1110 1035
658 5 2 1 1 1010 1085 1110 1035 1011 1086 1111 1036
659 5 2 1 1 1011 1086 1111 1036 1012 1087 1112 1037
660 5 2 1 1 1012 1087 1112 1037 1013 1088 1113 1038
661 5 2 1 1 1013 1088 1113 1038 1014 1089 1114 1039
662 5 2 1 1 1014 1089 1114 1039 1015 1090 1115 1040
663 5 2 1 1 1015 1090 1115 1040 1016 1091 1116 1041
664 5 2 1 1 1016 1091 1116 1041 1017 1092 1117 1042
665 5 2 1 1 1017 1092 1117 1042 1018 1093 1118 1043
666 5 2 1 1 1018 1093 1118 1043 1019 1094 1119 1044
667 5 2 1 1 1019 1094 1119 1044 1020 1095 1120 1045
668 5 2 1 1 1020 1095 1120 1045 1021 1096 1121 1046
669 5 2 1 1 1021 1096 1121 1046 1022 1097 1122 1047
670 5 2 1 1 1022 1097 1122 1047 1023 1098 1123 1048
671 5 2 1 1 1023 1098 1123 1048 1024 1099 1124 1049
672 5 2 1 1 1024 1099 1124 1049 1025 1100 1125 1050
673 5 2 1 1 1051 1126 1151 1076 1052 1127 1152 1077
674 5 2 1 1 1052 1127 1152 1077 1053 1128 1153 1078
675 5 2 1 1 1053 1128 1153 1078 1054 1129 1154 1079
676 5 2 1 1 1054 1129 1154 1079 1055 1130 1155 1080
677 5 2 1 1 1055 1130 1155 1080 1056 1131 1156 1081
678 5 2 1 1 1056 1131 1156 1081 1057 1132 1157 1082
679 5 2 1 1 1057 1132 1157 1082 1058 1133 1158 1083
680 5 2 1 1 1058 1133 1158 1083 1059 1134 1159 1084
681 5 2 1 1 1059 1134 1159 1084 1060 1135 1160 1085
682 5 2 1 1 1060 1135 1160 1085 1061 1136 1161 1086
683 5 2 1 1 1061 1136 1161 1086 1062 1137 1162 1087
684 5 2 1 1 1062 1137 1162 1087 1063 1138 1163 1088
685 5 2 1 1 1063 1138 1163 1088 1064 1139 1164 1089
686 5 2 1 1 1064 1139 1164 1089 1065 1140 1165 1090
687 5 2 1 1 1065 1140 1165 1090 1066 1141 1166 1091
688 5 2 1 1 1066 1141 1166 1091 1067 1142 1167 1092
689 5 2 1 1 1067 1142 1167 1092 1068 1143 1168 1093
690 5 2 1 1 1068 1143 1168 1093 1069 1144 1169 1094
691 5 2 1 1 1069 1144 1169 1094 1070 1145 1170 1095
692 5 2 1 1 1070 1145 1170 1095 1071 1146 1171 1096
693 5 2 1 1 1071 1146 1171 1096 1072 1147 1172 1097
694 5 2 1 1 1072 1147 1172 1097 1073 1148 1173 1098
695 5 2 1 1 1073 1148 1173 1098 1074 1149 1174 1099
696 5 2 1 1 1074 1149 1174 1099 1075 1150 1175 1100
697 5 2 1 1 1076 1151 1176 1101 1077 1152 1177 1102
698 5 2 1 1 1077 1152 1177 1102 1078 1153 1178 1103
699 5 2 1 1 1078 1153 1178 1103 1079 1154 1179 1104
700 5 2 1 1 1079 1154 1179 1104 1080 1155 1180 1105
701 5 2 1 1 1080 1155 1180 1105 1081 1156 1181 1106
702 5 2 1 1 1081 1156 1181 1106 1082 1157 1182 1107
703 5 2 1 1 1082 1157 1182 1107 1083 1158 1183 1108
704 5 2 1 1 1083 1158 1183 1108 1084 1159 1184 1109
705 5 2 1 1 1084 1159 1184 1109 1085 1160 1185 1110
706 5 2 1 1 1085 1160 1185 1110 1086 1161 1186 1111
707 5 2 1 1 1086 1161 1186 1111 1087 1162 1187 1112
708 5 2 1 1 1087 1162 1187 1112 1088 1163 1188 1113
709 5 2 1 1 1088 1163 1188 1113 1089 1164 1189 1114
710 5 2 1 1 1089 1164 1189 1114 1090 1165 1190 1115
711 5 2 1 1 1090 1165 1190 1115 1091 1166 1191 1116
712 5 2 1 1 1091 1166 1191 1116 1092 1167 1192 1117
713 5 2 1 1 1092 1167 1192 1117 1093 1168 1193 1118
714 5 2 1 1 1093 1168 1193 1118 1094 1169 1194 1119
715 5 2 1 1 1094 1169 1194 1119 1095 1170 1195 1120
716 5 2 1 1 1095 1170 1195 1120 1096 1171 1196 1121
717 5 2 1 1 1096 1171 1196 1121 1097 1172 1197 1122
718 5 2 1 1 1097 1172 1197 1122 1098 1173 1198 1123
719 5 2 1 1 1098 1173 1198 1123 1099 1174 1199 1124
720 5 2 1 1 1099 1174 1199 1124 1100 1175 1200 1125
721 5 2 1 1 1126 1201 1226 1151 1127 1202 1227 1152
722 5 2 1 1 1127 1202 1227 1152 1128 1203 1228 1153
723 5 2 1 1 1128 1203 1228 1153 1129 1204 1229 1154
724 5 2 1 1 1129 1204 1229 1154 1130 1205 1230 1155
725 5 2 1 1 1130 1205 1230 1155 1131 1206 1231 1156
726 5 2 1 1 1131 1206 1231 1156 1132 1207 1232 1157
727 5 2 1 1 1132 1207 1232 1157 1133 1208 1233 1158
728 5 2 1 1 1133 1208 1233 1158 1134 1209 1234 1159
729 5 2 1 1 1134 1209 1234 1159 1135 1210 1235 1160
730 5 2 1 1 1135 1210 1235 1160 1136 1211 1236 1161
731 5 2 1 1 1136 1211 1236 1161 1137 1212 1237 1162
732 5 2 1 1 1137 1212 1237 1162 1138 1213 1238 1163
733 5 2 1 1 1138 1213 1238 1163 1139 1214 1239 1164
734 5 2 1 1 1139 1214 1239 1164 1140 1215 1240 1165
735 5 2 1 1 1140 1215 1240 1165 1141 1216 1241 1166
736 5 2 1 1 1141 1216 1241 1166 1142 1217 1242 1167
737 5 2 1 1 1142 1217 1242 1167 1143 1218 1243 1168
738 5 2 1 1 1143 1218 1243 1168 1144 1219 1244 1169
739 5 2 1 1 1144 1219 1244 1169 1145 1220 1245 1170
740 5 2 1 1 1145 1220 1245 1170 1146 1221 1246 1171
741 5 2 1 1 1146 1221 1246 1171 1147 1222 1247 1172
742 5 2 1 1 1147 1222 1247 1172 1148 1223 1248 1173
743 5 2 1 1 1148 1223 1248 1173 1149 1224 1249 1174
744 5 2 1 1 1149 1224 1249 1174 1150 1225 1250 1175
745 5 2 1 1 1151 1226 1251 1176 1152 1227 1252 1177
746 5 2 1 1 1152 1227 1252 1177 1153 1228 1253 1178
747 5 2 1 1 1153 1228 1253 1178 1154 1229 1254 1179
748 5 2 1 1 1154 1229 1254 1179 1155 1230 1255 1180
749 5 2 1 1 1155 1230 1255 1180 1156 1231 1256 1181
750 5 2 1 1 1156 1231 1256 1181 1157 1232 1257 1182
751 5 2 1 1 1157 1232 1257 1182 1158 1233 1258 1183
752 5 2 1 1 1158 1233 1258 1183 1159 1234 1259 1184
753 5 2 1 1 1159 1234 1259 1184 1160 1235 1260 1185
754 5 2 1 1 1160 1235 1260 1185 1161 1236 1261 1186
755 5 2 1 1 1161 1236 1261 1186 1162 1237 1262 1187
756 5 2 1 1 1162 1237 1262 1187 1163 1238 1263 1188
757 5 2 1 1 1163 1238 1263 1188 1164 1239 1264 1189
758 5 2 1 1 1164 1239 1264 1189 1165 1240 1265 1190
759 5 2 1 1 1165 1240 1265 1190 1166 1241 1266 1191
760 5 2 1 1 1166 1241 1266 1191 1167 1242 1267 1192
761 5 2 1 1 1167 1242 1267 1192 1168 1243 1268 1193
762 5 2 1 1 1168 1243 1268 1193 1169 1244 1269 1194
763 5 2 1 1 1169 1244 1269 1194 1170 1245 1270 1195
764 5 2 1 1 1170 1245 1270 1195 1171 1246 1271 1196
765 5 2 1 1 1171 1246 1271 1196 1172 1247 1272 1197
766 5 2 1 1 1172 1247 1272 1197 1173 1248 1273 1198
767 5 2 1 1 1173 1248 1273 1198 1174 1249 1274 1199
768 5 2 1 1 1174 1249 1274 1199 1175 1250 1275 1200
769 5 2 1 1 1201 1276 1301 1226 1202 1277 1302 1227
770 5 2 1 1 1202 1277 1302 1227 1203 1278 1303 1228
771 5 2 1 1 1203 1278 1303 1228 1204 1279 1304 1229
772 5 2 1 1 1204 1279 1304 1229 1205 1280 1305 1230
773 5 2 1 1 1205 1280 1305 1230 1206 1281 1306 1231
774 5 2 1 1 1206 1281 1306 1231 1207 1282 1307 1232
775 5 2 1 1 1207 1282 1307 1232 1208 1283 1308 1233
776 5 2 1 1 1208 1283 1308 1233 1209 1284 1309 1234
777 5 2 1 1 1209 1284 1309 1234 1210 1285 1310 1235
778 5 2 1 1 1210 1285 1310 1235 1211 1286 1311 1236
779 5 2 1 1 1211 1286 1311 1236 1212 1287 1312 1237
780 5 2 1 1 1212 1287 1312 1237 1213 1288 1313 1238
781 5 2 1 1 1213 1288 1313 1238 1214 1289 1314 1239
782 5 2 1 1 1214 1289 1314 1239 1215 1290 1315 1240
783 5 2 1 1 1215 1290 1315 1240 1216 1291 1316 1241
784 5 2 1 1 1216 1291 1316 1241 1217 1292 1317 1242
785 5 2 1 1 1217 1292 1317 1242 1218 1293 1318 1243
786 5 2 1 1 1218 1293 1318 1243 1219 1294 1319 1244
787 5 2 1 1 1219 1294 1319 1244 1220 1295 1320 1245
788 5 2 1 1 1220 1295 1320 1245 1221 1296 1321 1246
789 5 2 1 1 1221 1296 1321 1246 1222 1297 1322 1247
790 5 2 1 1 1222 1297 1322 1247 1223 1298 1323 1248
791 5 2 1 1 1223 1298 1323 1248 1224 1299 1324 1249
792 5 2 1 1 1224 1299 1324 1249 1225 1300 1325 1250
793 5 2 1 1 1226 1301 1326 1251 1227 1302 1327 1252
794 5 2 1 1 1227 1302 1327 1252 1228 1303 1328 1253
795 5 2 1 1 1228 1303 1328 1253 1229 1304 1329 1254
796 5 2 1 1 1229 1304 1329 1254 1230 1305 1330 1255
797 5 2 1 1 1230 1305 1330 1255 1231 1306 1331 1256
798 5 2 1 1 1231 1306 1331 1256 1232 1307 1332 1257
799 5 2 1 1 1232 1307 1332 1257 1233 1308 1333 1258
800 5 2 1 1 1233 1308 1333 1258 1234 1309 1334 1259
801 5 2 1 1 1234 1309 1334 1259 1235 1310 1335 1260
802 5 2 1 1 1235 1310 1335 1260 1236 1311 1336 1261
803 5 2 1 1 1236 1311 1336 1261 1237 1312 1337 1262
804 5 2 1 1 1237 1312 1337 1262 1238 1313 1338 1263
805 5 2 1 1 1238 1313 1338 1263 1239 1314 1339 1264
806 5 2 1 1 1239 1314 1339 1264 1240 1315 1340 1265
807 5 2 1 1 1240 1315 1340 1265 1241 1316 1341 1266
808 5 2 1 1 1241 1316 1341 1266 1242 1317 1342 1267
809 5 2 1 1 1242 1317 1342 1267 1243 1318 1343 1268
810 5 2 1 1 1243 1318 1343 1268 1244 1319 1344 1269
811 5 2 1 1 1244 1319 1344 1269 1245 1320 1345 1270
812 5 2 1 1 1245 1320 1345 1270 1246 1321 1346 1271
813 5 2 1 1 1246 1321 1346 1271 1247 1322 1347 1272
814 5 2 1 1 1247 1322 1347 1272 1248 1323 1348 1273
815 5 2 1 1 1248 1323 1348 1273 1249 1324 1349 1274
816 5 2 1 1 1249 1324 1349 1274 1250 1325 1350 1275
817 5 2 1 1 1276 1351 1376 1301 1277 1352 1377 1302
818 5 2 1 1 1277 1352 1377 1302 1278 1353 1378 1303
819 5 2 1 1 1278 1353 1378 1303 1279 1354 1379 1304
820 5 2 1 1 1279 1354 1379 1304 1280 1355 1380 1305
821 5 2 1 1 1280 1355 1380 1305 1281 1356 1381 1306
822 5 2 1 1 1281 1356 1381 1306 1282 1357 1382 1307
823 5 2 1 1 1282 1357 1382 1307 1283 1358 1383 1308
824 5 2 1 1 1283 1358 1383 1308 1284 1359 1384 1309
825 5 2 1 1 1284 1359 1384 1309 1285 1360 1385 1310
826 5 2 1 1 1285 1360 1385 1310 1286 1361 1386 1311
827 5 2 1 1 1286 1361 1386 1311 1287 1362 1387 1312
828 5 2 1 1 1287 1362 1387 1312 1288 1363 1388 1313
829 5 2 1 1 1288 1363 1388 1313 1289 1364 1389 1314
830 5 2 1 1 1289 1364 1389 1314 1290 1365 1390 1315
831 5 2 1 1 1290 1365 1390 1315 1291 1366 1391 1316
832 5 2 1 1 1291 1366 1391 1316 1292 1367 1392 1317
833 5 2 1 1 1292 1367 1392 1317 1293 1368 1393 1318
834 5 2 1 1 1293 1368 1393 1318 1294 1369 1394 1319
835 5 2 1 1 1294 1369 1394 1319 1295 1370 1395 1320
836 5 2 1 1 1295 1370 1395 1320 1296 1371 1396 1321
837 5 2 1 1 1296 1371 1396 1321 1297 1372 1397 1322
838 5 2 1 1 1297 1372 1397 1322 1298 1373 1398 1323
839 5 2 1 1 1298 1373 1398 1323 1299 1374 1399 1324
840 5 2 1 1 1299 1374 1399 1324 1300 1375 1400 1325
841 5 2 1 1 1301 1376 1401 1326 1302 1377 1402 1327
842 5 2 1 1 1302 1377 1402 1327 1303 1378 1403 1328
843 5 2 1 1 1303 1378 1403 1328 1304 1379 1404 1329
844 5 2 1 1 1304 1379 1404 1329 1305 1380 1405 1330
845 5 2 1 1 1305 1380 1405 1330 1306 1381 1406 1331
846 5 2 1 1 1306 1381 1406 1331 1307 1382 1407 1332
847 5 2 1 1 1307 1382 1407 1332 1308 1383 1408 1333
848 5 2 1 1 1308 1383 1408 1333 1309 1384 1409 1334
849 5 2 1 1 1309 1384 1409 1334 1310 1385 1410 1335
850 5 2 1 1 1310 1385 1410 1335 1311 1386 1411 1336
851 5 2 1 1 1311 1386 1411 1336 1312 1387 1412 1337
852 5 2 1 1 1312 1387 1412 1337 1313 1388 1413 1338
853 5 2 1 1 1313 1388 1413 1338 1314 1389 1414 1339
854 5 2 1 1 1314 1389 1414 1339 1315 1390 1415 1340
855 5 2 1 1 1315 1390 1415 1340 1316 1391 1416 1341
856 5 2 1 1 1316 1391 1416 1341 1317 1392 1417 1342
857 5 2 1 1 1317 1392 1417 1342 1318 1393 1418 1343
858 5 2 1 1 1318 1393 1418 1343 1319 1394 1419 1344
859 5 2 1 1 1319 1394 1419 1344 1320 1395 1420 1345
860 5 2 1 1 1320 1395 1420 1345 1321 1396 1421 1346
861 5 2 1 1 1321 1396 1421 1346 1322 1397 1422 1347
862 5 2 1 1 1322 1397 1422 1347 1323 1398 1423 1348
863 5 2 1 1 1323 1398 1423 1348 1324 1399 1424 1349
864 5 2 1 1 1324 1399 1424 1349 1325 1400 1425 1350
865 5 2 1 1 1351 1426 1451 1376 1352 1427 1452 1377
866 5 2 1 1 1352 1427 1452 1377 1353 1428 1453 1378
867 5 2 1 1 1353 1428 1453 1378 1354 1429 1454 1379
868 5 2 1 1 1354 1429 1454 1379 1355 1430 1455 1380
869 5 2 1 1 1355 1430 1455 1380 1356 1431 1456 1381
870 5 2 1 1 1356 1431 1456 1381 1357 1432 1457 1382
871 5 2 1 1 1357 1432 1457 1382 1358 1433 1458 1383
872 5 2 1 1 1358 1433 1458 1383 1359 1434 1459 1384
873 5 2 1 1 1359 1434 1459 1384 1360 1435 1460 1385
874 5 2 1 1 1360 1435 1460 1385 1361 1436 1461 1386
875 5 2 1 1 1361 1436 1461 1386 1362 1437 1462 1387
876 5 2 1 1 1362 1437 1462 1387 1363 1438 1463 1388
877 5 2 1 1 1363 1438 1463 1388 1364 1439 1464 1389
878 5 2 1 1 1364 1439 1464 1389 1365 1440 1465 1390
879 5 2 1 1 1365 1440 1465 1390 1366 1441 1466 1391
880 5 2 1 1 1366 1441 1466 1391 1367 1442 1467 1392
881 5 2 1 1 1367 1442 1467 1392 1368 1443 1468 1393
882 5 2 1 1 1368 1443 1468 1393 1369 1444 1469 1394
883 5 2 1 1 1369 1444 1469 1394 1370 1445 1470 1395
884 5 2 1 1 1370 1445 1470 1395 1371 1446 1471 1396
885 5 2 1 1 1371 1446 1471 1396 1372 1447 1472 1397
886 5 2 1 1 1372 1447 1472 1397 1373 1448 1473 1398
887 5 2 1 1 1373 1448 1473 1398 1374 1449 1474 1399
888 5 2 1 1 1374 1449 1474 1399 1375 1450 1475 1400
889 5 2 1 1 1376 1451 1476 1401 1377 1452 1477 1402
890 5 2 1 1 1377 1452 1477 1402 1378 1453 1478 1403
891 5 2 1 1 1378 1453 1478 1403 1379 1454 1479 1404
892 5 2 1 1 1379 1454 1479 1404 1380 1455 1480 1405
893 5 2 1 1 1380 1455 1480 1405 1381 1456 1481 1406
894 5 2 1 1 1381 1456 1481 1406 1382 1457 1482 1407
895 5 2 1 1 1382 1457 1482 1407 1383 1458 1483 1408
896 5 2 1 1 1383 1458 1483 1408 1384 1459 1484 1409
897 5 2 1 1 1384 1459 1484 1409 1385 1460 1485 1410
898 5 2 1 1 1385 1460 1485 1410 1386 1461 1486 1411
899 5 2 1 1 1386 1461 1486 1411 1387 1462 1487 1412
900 5 2 1 1 1387 1462 1487 1412 1388 1463 1488 1413
901 5 2 1 1 1388 1463 1488 1413 1389 1464 1489 1414
902 5 2 1 1 1389 1464 1489 1414 1390 1465 1490 1415
903 5 2 1 1 1390 1465 1490 1415 1391 1466 1491 1416
904 5 2 1 1 1391 1466 1491 1416 1392 1467 1492 1417
905 5 2 1 1 1392 1467 1492 1417 1393 1468 1493 1418
906 5 2 1 1 1393 1468 1493 1418 1394 1469 1494 1419
907 5 2 1 1 1394 1469 1494 1419 1395 1470 1495 1420
908 5 2 1 1 1395 1470 1495 1420 1396 1471 1496 1421
909 5 2 1 1 1396 1471 1496 1421 1397 1472 1497 1422
910 5 2 1 1 1397 1472 1497 1422 1398 1473 1498 1423
911 5 2 1 1 1398 1473 1498 1423 1399 1474 1499 1424
912 5 2 1 1 1399 1474 1499 1424 1400 1475 1500 1425
913 5 2 1 1 1426 1501 1526 1451 1427 1502 1527 1452
914 5 2 1 1 1427 1502 1527 1452 1428 1503 1528 1453
915 5 2 1 1 1428 1503 1528 1453 1429 1504 1529 1454
916 5 2 1 1 1429 1504 1529 1454 1430 1505 1530 1455
917 5 2 1 1 1430 1505 1530 1455 1431 1506 1531 1456
918 5 2 1 1 1431 1506 1531 1456 1432 1507 1532 1457
919 5 2 1 1 1432 1507 1532 1457 1433 1508 1533 1458
920 5 2 1 1 1433 1508 1533 1458 1434 1509 1534 1459
921 5 2 1 1 1434 1509 1534 1459 1435 1510 1535 1460
922 5 2 1 1 1435 1510 1535 1460 1436 1511 1536 1461
923 5 2 1 1 1436 1511 1536 1461 1437 1512 1537 1462
924 5 2 1 1 1437 1512 1537 1462 1438 1513 1538 1463
925 5 2 1 1 1438 1513 1538 1463 1439 1514 1539 1464
926 5 2 1 1 1439 1514 1539 1464 1440 1515 1540 1465
927 5 2 1 1 1440 1515 1540 1465 1441 1516 1541 1466
928 5 2 1 1 1441 1516 1541 1466 1442 1517 1542 1467
929 5 2 1 1 1442 1517 1542 1467 1443 1518 1543 1468
930 5 2 1 1 1443 1518 1543 1468 1444 1519 1544 1469
931 5 2 1 1 1444 1519 1544 1469 1445 1520 1545 1470
932 5 2 1 1 1445 1520 1545 1470 1446 1521 1546 1471
933 5 2 1 1 1446 1521 1546 1471 1447 1522 1547 1472
934 5 2 1 1 1447 1522 1547 1472 1448 1523 1548 1473
935 5 2 1 1 1448 1523 1548 1473 1449 1524 1549 1474
936 5 2 1 1 1449 1524 1549 1474 1450 1525 1550 1475
937 5 2 1 1 1451 1526 1551 1476 1452 1527 1552 1477
938 5 2 1 1 1452 1527 1552 1477 1453 1528 1553 1478
939 5 2 1 1 1453 1528 1553 1478 1454 1529 1554 1479
940 5 2 1 1 1454 1529 1554 1479 1455 1530 1555 1480
941 5 2 1 1 1455 1530 1555 1480 1456 1531 1556 1481
942 5 2 1 1 1456 1531 1556 1481 1457 1532 1557 1482
943 5 2 1 1 1457 1532 1557 1482 1458 1533 1558 1483
944 5 2 1 1 1458 1533 1558 1483 1459 1534 1559 1484
945 5 2 1 1 1459 1534 1559 1484 1460 1535 1560 1485
946 5 2 1 1 1460 1535 1560 1485 1461 1536 1561 1486
947 5 2 1 1 1461 1536 1561 1486 1462 1537 1562 1487
948 5 2 1 1 1462 1537 1562 1487 1463 1538 1563 1488
949 5 2 1 1 1463 1538 1563 1488 1464 1539 1564 1489
950 5 2 1 1 1464 1539 1564 1489 1465 1540 1565 1490
951 5 2 1 1 1465 1540 1565 1490 1466 1541 1566 1491
952 5 2 1 1 1466 1541 1566 1491 1467 1542 1567 1492
953 5 2 1 1 1467 1542 1567 1492 1468 1543 1568 1493
954 5 2 1 1 1468 1543 1568 1493 1469 1544 1569 1494
955 5 2 1 1 1469 1544 1569 1494 1470 1545 1570 1495
956 5 2 1 1 1470 1545 1570 1495 1471 1546 1571 1496
957 5 2 1 1 1471 1546 1571 1496 1472 1547 1572 1497
958 5 2 1 1 1472 1547 1572 1497 1473 1548 1573 1498
959 5 2 1 1 1473 1548 1573 1498 1474 1549 1574 1499
960 5 2 1 1 1474 1549 1574 1499 1475 1550 1575 1500
961 5 2 1 1 1501 1576 1601 1526 1502 1577 1602 1527
962 5 2 1 1 1502 1577 1602 1527 1503 1578 1603 1528
963 5 2 1 1 1503 1578 1603 1528 1504 1579 1604 1529
964 5 2 1 1 1504 1579 1604 1529 1505 1580 1605 1530
965 5 2 1 1 1505 1580 1605 1530 1506 1581 1606 1531
966 5 2 1 1 1506 1581 1606 1531 1507 1582 1607 1532
967 5 2 1 1 1507 1582 1607 1532 1508 1583 1608 1533
968 5 2 1 1 1508 1583 1608 1533 1509 1584 1609 1534
969 5 2 1 1 1509 1584 1609 1534 1510 1585 1610 1535
970 5 2 1 1 1510 1585 1610 1535 1511 1586 1611 1536
971 5 2 1 1 1511 1586 1611 1536 1512 1587 1612 1537
972 5 2 1 1 1512 1587 1612 1537 1513 1588 1613 1538
973 5 2 1 1 1513 1588 1613 1538 1514 1589 1614 1539
974 5 2 1 1 1514 1589 1614 1539 1515 1590 1615 1540
975 5 2 1 1 1515 1590 1615 1540 1516 1591 1616 1541
976 5 2 1 1 1516 1591 1616 1541 1517 1592 1617 1542
977 5 2 1 1 1517 1592 1617 1542 1518 1593 1618 1543
978 5 2 1 1 1518 1593 1618 1543 1519 1594 1619 1544
979 5 2 1 1 1519 1594 1619 1544 1520 1595 1620 1545
980 5 2 1 1 1520 1595 1620 1545 1521 1596 1621 1546
981 5 2 1 1 1521 1596 1621 1546 1522 1597 1622 1547
982 5 2 1 1 1522 1597 1622 1547 1523 1598 1623 1548
983 5 2 1 1 1523 1598 1623 1548 1524 1599 1624 1549
984 5 2 1 1 1524 1599 1624 1549 1525 1600 1625 1550
985 5 2 1 1 1526 1601 1626 1551 1527 1602 1627 1552
986 5 2 1 1 1527 1602 1627 1552 1528 1603 1628 1553
987 5 2 1 1 1528 1603 1628 1553 1529 1604 1629 1554
988 5 2 1 1 1529 1604 1629 1554 1530 1605 1630 1555
989 5 2 1 1 1530 1605 1630 1555 1531 1606 1631 1556
990 5 2 1 1 1531 1606 1631 1556 1532 1607 1632 1557
991 5 2 1 1 1532 1607 1632 1557 1533 1608 1633 1558
992 5 2 1 1 1533 1608 1633 1558 1534 1609 1634 1559
993 5 2 1 1 1534 1609 1634 1559 1535 1610 1635 1560
994 5 2 1 1 1535 1610 1635 1560 1536 1611 1636 1561
995 5 2 1 1 1536 1611 1636 1561 1537 1612 1637 1562
996 5 2 1 1 1537 1612 1637 1562 1538 1613 1638 1563
997 5 2 1 1 1538 1613 1638 1563 1539 1614 1639 1564
998 5 2 1 1 1539 1614 1639 1564 1540 1615 1640 1565
999 5 2 1 1 1540 1615 1640 1565 1541 1616 1641 1566
1000 5 2 1 1 1541 1616 1641 1566 1542 1617 1642 1567
1001 5 2 1 1 1542 1617 1642 1567 1543 1618 1643 1568
1002 5 2 1 1 1543 1618 1643 1568 1544 1619 1644 1569
1003 5 2 1 1 1544 1619 1644 1569 1545 1620 1645 1570
1004 5 2 1 1 1545 1620 1645 1570 1546 1621 1646 1571
1005 5 2 1 1 1546 1621 1646 1571 1547 1622 1647 1572
1006 5 2 1 1 1547 1622 1647 1572 1548 1623 1648 1573
1007 5 2 1 1 1548 1623 1648 1573 1549 1624 1649 1574
1008 5 2 1 1 1549 1624 1649 1574 1550 1625 1650 1575
1009 5 2 1 1 1576 1651 1676 1601 1577 1652 1677 1602
1010 5 2 1 1 1577 1652 1677 1602 1578 1653 1678 1603
1011 5 2 1 1 1578 1653 1678 1603 1579 1654 1679 1604
1012 5 2 1 1 1579 1654 1679 1604 1580 1655 1680 1605
1013 5 2 1 1 1580 1655 1680 1605 1581 1656 1681 1606
1014 5 2 1 1 1581 1656 1681 1606 1582 1657 1682 1607
1015 5 2 1 1 1582 1657 1682 1607 1583 1658 1683 1608
1016 5 2 1 1 1583 1658 1683 1608 1584 1659 1684 1609
1017 5 2 1 1 1584 1659 1684 1609 1585 1660 1685 1610
1018 5 2 1 1 1585 1660 1685 1610 1586 1661 1686 1611
1019 5 2 1 1 1586 1661 1686 1611 1587 1662 1687 1612
1020 5 2 1 1 1587 1662 1687 1612 1588 1663 1688 1613
1021 5 2 1 1 1588 1663 1688 1613 1589 1664 1689 1614
1022 5 2 1 1 1589 1664 1689 1614 1590 1665 1690 1615
1023 5 2 1 1 1590 1665 1690 1615 1591 1666 1691 1616
1024 5 2 1 1 1591 1666 1691 1616 1592 1667 1692 1617
1025 5 2 1 1 1592 1667 1692 1617 1593 1668 1693 1618
1026 5 2 1 1 1593 1668 1693 1618 1594 1669 1694 1619
1027 5 2 1 1 1594 1669 1694 1619 1595 1670 1695 1620
1028 5 2 1 1 1595 1670 1695 1620 1596 1671 1696 1621
1029 5 2 1 1 1596 1671 1696 1621 1597 1672 1697 1622
1030 5 2 1 1 1597 1672 1697 1622 1598 1673 1698 1623
1031 5 2 1 1 1598 1673 1698 1623 1599 1674 1699 1624
1032 5 2 1 1 1599 1674 1699 1624 1600 1675 1700 1625
1033 5 2 1 1 1601 1676 1701 1626 1602 1677 1702 1627
1034 5 2 1 1 1602 1677 1702 1627 1603 1678 1703 1628
1035 5 2 1 1 1603 1678 1703 1628 1604 1679 1704 1629
1036 5 2 1 1 1604 1679 1704 1629 1605 1680 1705 1630
1037 5 2 1 1 1605 1680 1705 1630 1606 1681 1706 1631
1038 5 2 1 1 1606 1681 1706 1631 1607 1682 1707 1632
1039 5 2 1 1 1607 1682 1707 1632 1608 1683 1708 1633
1040 5 2 1 1 1608 1683 1708 1633 1609 1684 1709 1634
1041 5 2 1 1 1609 1684 1709 1634 1610 1685 1710 1635
1042 5 2 1 1 1610 1685 1710 1635 1611 1686 1711 1636
1043 5 2 1 1 1611 1686 1711 1636 1612 1687 1712 1637
1044 5 2 1 1 1612 1687 1712 1637 1613 1688 1713 1638
1045 5 2 1 1 1613 1688 1713 1638 1614 1689 1714 1639
1046 5 2 1 1 1614 1689 1714 1639 1615 1690 1715 1640
1047 5 2 1 1 1615 1690 1715 1640 1616 1691 1716 1641
1048 5 2 1 1 1616 1691 1716 1641 1617 1692 1717 1642
1049 5 2 1 1 1617 1692 1717 1642 1618 1693 1718 1643
1050 5 2 1 1 1618 1693 1718 1643 1619 1694 1719 1644
1051 5 2 1 1 1619 1694 1719 1644 1620 1695 1720 1645
1052 5 2 1 1 1620 1695 1720 1645 1621 1696 1721 1646
1053 5 2 1 1 1621 1696 1721 1646 1622 1697 1722 1647
1054 5 2 1 1 1622 1697 1722 1647 1623 1698 1723 1648
1055 5 2 1 1 1623 1698 1723 1648 1624 1699 1724 1649
1056 5 2 1 1 1624 1699 1724 1649 1625 1700 1725 1650
1057 5 2 1 1 1651 1726 1751 1676 1652 1727 1752 1677
1058 5 2 1 1 1652 1727 1752 1677 1653 1728 1753 1678
1059 5 2 1 1 1653 1728 1753 1678 1654 1729 1754 1679
1060 5 2 1 1 1654 1729 1754 1679 1655 1730 1755 1680
1061 5 2 1 1 1655 1730 1755 1680 1656 1731 1756 1681
1062 5 2 1 1 1656 1731 1756 1681 1657 1732 1757 1682
1063 5 2 1 1 1657 1732 1757 1682 1658 1733 1758 1683
1064 5 2 1 1 1658 1733 1758 1683 1659 1734 1759 1684
1065 5 2 1 1 1659 1734 1759 1684 1660 1735 1760 1685
1066 5 2 1 1 1660 1735 1760 1685 1661 1736 1761 1686
1067 5 2 1 1 1661 1736 1761 1686 1662 1737 1762 1687
1068 5 2 1 1 1662 1737 1762 1687 1663 1738 1763 1688
1069 5 2 1 1 1663 1738 1763 1688 1664 1739 1764 1689
1070 5 2 1 1 1664 1739 1764 1689 1665 1740 1765 1690
1071 5 2 1 1 1665 1740 1765 1690 1666 1741 1766 1691
1072 5 2 1 1 1666 1741 1766 1691 1667 1742 1767 1692
1073 5 2 1 1 1667 1742 1767 1692 1668 1743 1768 1693
1074 5 2 1 1 1668 1743 1768 1693 1669 1744 1769 1694
1075 5 2 1 1 1669 1744 1769 1694 1670 1745 1770 1695
1076 5 2 1 1 1670 1745 1770 1695 1671 1746 1771 1696
1077 5 2 1 1 1671 1746 1771 1696 1672 1747 1772 1697
1078 5 2 1 1 1672 1747 1772 1697 1673 1748 1773 1698
1079 5 2 1 1 1673 1748 1773 1698 1674 1749 1774 1699
1080 5 2 1 1 1674 1749 1774 1699 1675 1750 1775 1700
1081 5 2 1 1 1676 1751 1776 1701 1677 1752 1777 1702
1082 5 2 1 1 1677 1752 1777 1702 1678 1753 1778 1703
1083 5 2 1 1 1678 1753 1778 1703 1679 1754 1779 1704
1084 5 2 1 1 1679 1754 1779 1704 1680 1755 1780 1705
1085 5 2 1 1 1680 1755 1780 1705 1681 1756 1781 1706
1086 5 2 1 1 1681 1756 1781 1706 1682 1757 1782 1707
1087 5 2 1 1 1682 1757 1782 1707 1683 1758 1783 1708
1088 5 2 1 1 1683 1758 1783 1708 1684 1759 1784 1709
1089 5 2 1 1 1684 1759 1784 1709 1685 1760 1785 1710
1090 5 2 1 1 1685 1760 1785 1710 1686 1761 1786 1711
1091 5 2 1 1 1686 1761 1786 1711 1687 1762 1787 1712
1092 5 2 1 1 1687 1762 1787 1712 1688 1763 1788 1713
1093 5 2 1 1 1688 1763 1788 1713 1689 1764 1789 1714
1094 5 2 1 1 1689 1764 1789 1714 1690 1765 1790 1715
1095 5 2 1 1 1690 1765 1790 1715 1691 1766 1791 1716
1096 5 2 1 1 1691 1766 1791 1716 1692 1767 1792 1717
1097 5 2 1 1 1692 1767 1792 1717 1693 1768 1793 1718
1098 5 2 1 1 1693 1768 1793 1718 1694 1769 1794 1719
1099 5 2 1 1 1694 1769 1794 1719 1695 1770 1795 1720
1100 5 2 1 1 1695 1770 1795 1720 1696 1771 1796 1721
1101 5 2 1 1 1696 1771 1796 1721 1697 1772 1797 1722
1102 5 2 1 1 1697 1772 1797 1722 1698 1773 1798 1723
1103 5 2 1 1 1698 1773 1798 1723 1699 1774 1799 1724
1104 5 2 1 1 1699 1774 1799 1724 1700 1775 1800 1725
1105 5 2 1 1 1726 1801 1826 1751 1727 1802 1827 1752
1106 5 2 1 1 1727 1802 1827 1752 1728 1803 1828 1753
1107 5 2 1 1 1728 1803 1828 1753 1729 1804 1829 1754
1108 5 2 1 1 1729 1804 1829 1754 1730 1805 1830 1755
1109 5 2 1 1 1730 1805 1830 1755 1731 1806 1831 1756
1110 5 2 1 1 1731 1806 1831 1756 1732 1807 1832 1757
1111 5 2 1 1 1732 1807 1832 1757 1733 1808 1833 1758
1112 5 2 1 1 1733 1808 1833 1758 1734 1809 1834 1759
1113 5 2 1 1 1734 1809 1834 1759 1735 1810 1835 1760
1114 5 2 1 1 1735 1810 1835 1760 1736 1811 1836 1761
1115 5 2 1 1 1736 1811 1836 1761 1737 1812 1837 1762
1116 5 2 1 1 1737 1812 1837 1762 1738 1813 1838 1763
1117 5 2 1 1 1738 1813 1838 1763 1739 1814 1839 1764
1118 5 2 1 1 1739 1814 1839 1764 1740 1815 1840 1765
1119 5 2 1 1 1740 1815 1840 1765 1741 1816 1841 1766
1120 5 2 1 1 1741 1816 1841 1766 1742 1817 1842 1767
1121 5 2 1 1 1742 1817 1842 1767 1743 1818 1843 1768
1122 5 2 1 1 1743 1818 1843 1768 1744 1819 1844 1769
1123 5 2 1 1 1744 1819 1844 1769 1745 1820 1845 1770
1124 5 2 1 1 1745 1820 1845 1770 1746 1821 1846 1771
1125 5 2 1 1 1746 1821 1846 1771 1747 1822 1847 1772
1126 5 2 1 1 1747 1822 1847 1772 1748 1823 1848 1773
1127 5 2 1 1 1748 1823 1848 1773 1749 1824 1849 1774
1128 5 2 1 1 1749 1824 1849 1774 1750 1825 1850 1775
1129 5 2 1 1 1751 1826 1851 1776 1752 1827 1852 1777
1130 5 2 1 1 1752 1827 1852 1777 1753 1828 1853 1778
1131 5 2 1 1 1753 1828 1853 1778 1754 1829 1854 1779
1132 5 2 1 1 1754 1829 1854 1779 1755 1830 1855 1780
1133 5 2 1 1 1755 1830 1855 1780 1756 1831 1856 1781
1134 5 2 1 1 1756 1831 1856 1781 1757 1832 1857 1782
1135 5 2 1 1 1757 1832 1857 1782 1758 1833 1858 1783
1136 5 2 1 1 1758 1833 1858 1783 1759 1834 1859 1784
1137 5 2 1 1 1759 1834 1859 1784 1760 1835 1860 1785
1138 5 2 1 1 1760 1835 1860 1785 1761 1836 1861 1786
1139 5 2 1 1 1761 1836 1861 1786 1762 1837 1862 1787
1140 5 2 1 1 1762 1837 1862 1787 1763 1838 1863 1788
1141 5 2 1 1 1763 1838 1863 1788 1764 1839 1864 1789
1142 5 2 1 1 1764 1839 1864 1789 1765 1840 1865 1790
1143 5 2 1 1 1765 1840 1865 1790 1766 1841 1866 1791
1144 5 2 1 1 1766 1841 1866 1791 1767 1842 1867 1792
1145 5 2 1 1 1767 1842 1867 1792 1768 1843 1868 1793
1146 5 2 1 1 1768 1843 1868 1793 1769 1844 1869 1794
1147 5 2 1 1 1769 1844 1869 1794 1770 1845 1870 1795
1148 5 2 1 1 1770 1845 1870 1795 1771 1846 1871 1796
1149 5 2 1 1 1771 1846 1871 1796 1772 1847 1872 1797
1150 5 2 1 1 1772 1847 1872 1797 1773 1848 1873 1798
1151 5 2 1 1 1773 1848 1873 1798 1774 1849 1874 1799
1152 5 2 1 1 1774 1849 1874 1799 1775 1850 1875 1800
1153 3 2 20 20 1 76 101 26
1154 3 2 20 20 25 100 125 50
1155 3 2 20 20 26 101 126 51
1156 3 2 20 20 50 125 150 75
1157 3 2 20 20 76 151 176 101
1158 3 2 20 20 100 175 200 125
1159 3 2 20 20 101 176 201 126
1160 3 2 20 20 125 200 225 150
1161 3 2 20 20 151 226 251 176
1162 3 2 20 20 175 250 275 200
1163 3 2 20 20 176 251 276 201
1164 3 2 20 20 200 275 300 225
1165 3 2 20 20 226 301 326 251
1166 3 2 20 20 250 325 350 275
1167 3 2 20 20 251 326 351 276
1168 3 2 20 20 275 350 375 300
1169 3 2 20 20 301 376 401 326
1170 3 2 20 20 325 400 425 350
1171 3 2 20 20 326 401 426 351
1172 3 2 20 20 350 425 450 375
1173 3 2 20 20 376 451 476 401
1174 3 2 20 20 400 475 500 425
1175 3 2 20 20 401 476 501 426
1176 3 2 20 20 425 500 525 450
1177 3 2 20 20 451 526 551 476
1178 3 2 20 20 475 550 575 500
1179 3 2 20 20 476 551 576 501
1180 3 2 20 20 500 575 600 525
1181 3 2 20 20 526 601 626 551
1182 3 2 20 20 550 625 650 575
1183 3 2 20 20 551 626 651 576
1184 3 2 20 20 575 650 675 600
1185 3 2 20 20 601 676 701 626
1186 3 2 20 20 625 700 725 650
1187 3 2 20 20 626 701 726 651
1188 3 2 20 20 650 725 750 675
1189 3 2 20 20 676 751 776 701
1190 3 2 20 20 700 775 800 725
1191 3 2 20 20 701 776 801 726
1192 3 2 20 20 725 800 825 750
1193 3 2 20 20 751 826 851 776
1194 3 2 20 20 775 850 875 800
1195 3 2 20 20 776 851 876 801
1196 3 2 20 20 800 875 900 825
1197 3 2 20 20 826 901 926 851
1198 3 2 20 20 850 925 950 875
1199 3 2 20 20 851 926 951 876
1200 3 2 20 20 875 950 975 900
1201 3 2 20 20 901 976 1001 926
1202 3 2 20 20 925 1000 1025 950
1203 3 2 20 20 926 1001 1026 951
1204 3 2 20 20 950 1025 1050 975
1205 3 2 20 20 976 1051 1076 1001
1206 3 2 20 20 1000 1075 1100 1025
1207 3 2 20 20 1001 1076 1101 1026
1208 3 2 20 20 1025 1100 1125 1050
1209 3 2 20 20 1051 1126 1151 1076
1210 3 2 20 20 1075 1150 1175 1100
1211 3 2 20 20 1076 1151 1176 1101
1212 3 2 20 20 1100 1175 1200 1125
1213 3 2 20 20 1126 1201 1226 1151
1214 3 2 20 20 1150 1225 1250 1175
1215 3 2 20 20 1151 1226 1251 1176
1216 3 2 20 20 1175 1250 1275 1200
1217 3 2 20 20 1201 1276 1301 1226
1218 3 2 20 20 1225 1300 1325 1250
1219 3 2 20 20 1226 1301 1326 1251
1220 3 2 20 20 1250 1325 1350 1275
1221 3 2 20 20 1276 1351 1376 1301
1222 3 2 20 20 1300 1375 1400 1325
1223 3 2 20 20 1301 1376 1401 1326
1224 3 2 20 20 1325 1400 1425 1350
1225 3 2 20 20 1351 1426 1451 1376
1226 3 2 20 20 1375 1450 1475 1400
1227 3 2 20 20 1376 1451 1476 1401
1228 3 2 20 20 1400 1475 1500 1425
1229 3 2 20 20 1426 1501 1526 1451
1230 3 2 20 20 1450 1525 1550 1475
1231 3 2 20 20 1451 1526 1551 1476
1232 3 2 20 20 1475 1550 1575 1500
1233 3 2 20 20 1501 1576 1601 1526
1234 3 2 20 20 1525 1600 1625 1550
1235 3 2 20 20 1526 1601 1626 1551
1236 3 2 20 20 1550 1625 1650 1575
1237 3 2 20 20 1576 1651 1676 1601
1238 3 2 20 20 1600 1675 1700 1625
1239 3 2 20 20 1601 1676 1701 1626
1240 3 2 20 20 1625 1700 1725 1650
1241 3 2 20 20 1651 1726 1751 1676
1242 3 2 20 20 1675 1750 1775 1700
1243 3 2 20 20 1676 1751 1776 1701
1244 3 2 20 20 1700 1775 1800 1725
1245 3 2 20 20 1726 1801 1826 1751
1246 3 2 20 20 1750 1825 1850 1775
1247 3 2 20 20 1751 1826 1851 1776
1248 3 2 20 20 1775 1850 1875 1800
1249 3 2 10 10 1 26 27 2
1250 3 2 20 20 1 26 27 2
1251 3 2 11 11 1801 1826 1827 1802
1252 3 2 20 20 1801 1826 1827 1802
1253 3 2 10 10 2 27 28 3
1254 3 2 20 20 2 27 28 3
1255 3 2 11 11 1802 1827 1828 1803
1256 3 2 20 20 1802 1827 1828 1803
1257 3 2 10 10 3 28 29 4
1258 3 2 20 20 3 28 29 4
1259 3 2 11 11 1803 1828 1829 1804
1260 3 2 20 20 1803 1828 1829 1804
1261 3 2 10 10 4 29 30 5
1262 3 2 20 20 4 29 30 5
1263 3 2 11 11 1804 1829 1830 1805
1264 3 2 20 20 1804 1829 1830 1805
1265 3 2 10 10 5 30 31 6
1266 3 2 20 20 5 30 31 6
1267 3 2 11 11 1805 1830 1831 1806
1268 3 2 20 20 1805 1830 1831 1806
1269 3 2 10 10 6 31 32 7
1270 3 2 20 20 6 31 32 7
1271 3 2 11 11 1806 1831 1832 1807
1272 3 2 20 20 1806 1831 1832 1807
1273 3 2 10 10 7 32 33 8
1274 3 2 20 20 7 32 33 8
1275 3 2 11 11 1807 1832 1833 1808
1276 3 2 20 20 1807 1832 1833 1808
1277 3 2 10 10 8 33 34 9
1278 3 2 20 20 8 33 34 9
1279 3 2 11 11 1808 1833 1834 1809
1280 3 2 20 20 1808 1833 1834 1809
1281 3 2 10 10 9 34 35 10
1282 3 2 20 20 9 34 35 10
1283 3 2 11 11 1809 1834 1835 1810
1284 3 2 20 20 1809 1834 1835 1810
1285 3 2 10 10 10 35 36 11
1286 3 2 20 20 10 35 36 11
1287 3 2 11 11 1810 1835 1836 1811
1288 3 2 20 20 1810 1835 1836 1811
1289 3 2 10 10 11 36 37 12
1290 3 2 20 20 11 36 37 12
1291 3 2 11 11 1811 1836 1837 1812
1292 3 2 20 20 1811 1836 1837 1812
1293 3 2 10 10 12 37 38 13
1294 3 2 20 20 12 37 38 13
1295 3 2 11 11 1812 1837 1838 1813
1296 3 2 20 20 1812 1837 1838 1813
1297 3 2 10 10 13 38 39 14
1298 3 2 20 20 13 38 39 14
1299 3 2 11 11 1813 1838 1839 1814
1300 3 2 20 20 1813 1838 1839 1814
1301 3 2 10 10 14 39 40 15
1302 3 2 20 20 14 39 40 15
1303 3 2 11 11 1814 1839 1840 1815
1304 3 2 20 20 1814 1839 1840 1815
1305 3 2 10 10 15 40 41 16
1306 3 2 20 20 15 40 41 16
1307 3 2 11 11 1815 1840 1841 1816
1308 3 2 20 20 1815 1840 1841 1816
1309 3 2 10 10 16 41 42 17
1310 3 2 20 20 16 41 42 17
1311 3 2 11 11 1816 1841 1842 1817
1312 3 2 20 20 1816 1841 1842 1817
1313 3 2 10 10 17 42 43 18
1314 3 2 20 20 17 42 43 18
1315 3 2 11 11 1817 1842 1843 1818
1316 3 2 20 20 1817 1842 1843 1818
1317 3 2 10 10 18 43 44 19
1318 3 2 20 20 18 43 44 19
1319 3 2 11 11 1818 1843 1844 1819
1320 3 2 20 20 1818 1843 1844 1819
1321 3 2 10 10 19 44 45 20
1322 3 2 20 20 19 44 45 20
1323 3 2 11 11 1819 1844 1845 1820
1324 3 2 20 20 1819 1844 1845 1820
1325 3 2 10 10 20 45 46 21
1326 3 2 20 20 20 45 46 21
1327 3 2 11 11 1820 1845 1846 1821
1328 3 2 20 20 1820 1845 1846 1821
1329 3 2 10 10 21 46 47 22
1330 3 2 20 20 21 46 47 22
1331 3 2 11 11 1821 1846 1847 1822
1332 3 2 20 20 1821 1846 1847 1822
1333 3 2 10 10 22 47 48 23
1334 3 2 20 20 22 47 48 23
1335 3 2 11 11 1822 1847 1848 1823
1336 3 2 20 20 1822 1847 1848 1823
1337 3 2 10 10 23 48 49 24
1338 3 2 20 20 23 48 49 24
1339 3 2 11 11 1823 1848 1849 1824
1340 3 2 20 20 1823 1848 1849 1824
1341 3 2 10 10 24 49 50 25
1342 3 2 20 20 24 49 50 25
1343 3 2 11 11 1824 1849 1850 1825
1344 3 2 20 20 1824 1849 1850 1825
1345 3 2 10 10 26 51 52 27
1346 3 2 20 20 26 51 52 27
1347 3 2 11 11 1826 1851 1852 1827
1348 3 2 20 20 1826 1851 1852 1827
1349 3 2 10 10 27 52 53 28
1350 3 2 20 20 27 52 53 28
1351 3 2 11 11 1827 1852 1853 1828
1352 3 2 20 20 1827 1852 1853 1828
1353 3 2 10 10 28 53 54 29
1354 3 2 20 20 28 53 54 29
1355 3 2 11 11 1828 1853 1854 1829
1356 3 2 20 20 1828 1853 1854 1829
1357 3 2 10 10 29 54 55 30
1358 3 2 20 20 29 54 55 30
1359 3 2 11 11 1829 1854 1855 1830
1360 3 2 20 20 1829 1854 1855 1830
1361 3 2 10 10 30 55 56 31
1362 3 2 20 20 30 55 56 31
1363 3 2 11 11 1830 1855 1856 1831
1364 3 2 20 20 1830 1855 1856 1831
1365 3 2 10 10 31 56 57 32
1366 3 2 20 20 31 56 57 32
1367 3 2 11 11 1831 1856 1857 1832
1368 3 2 20 20 1831 1856 1857 1832
1369 3 2 10 10 32 57 58 33
1370 3 2 20 20 32 57 58 33
1371 3 2 11 11 1832 1857 1858 1833
1372 3 2 20 20 1832 1857 1858 1833
1373 3 2 10 10 33 58 59 34
1374 3 2 20 20 33 58 59 34
1375 3 2 11 11 1833 1858 1859 1834
1376 3 2 20 20 1833 1858 1859 1834
1377 3 2 10 10 34 59 60 35
1378 3 2 20 20 34 59 60 35
1379 3 2 11 11 1834 1859 1860 1835
1380 3 2 20 20 1834 1859 1860 1835
1381 3 2 10 10 35 60 61 36
1382 3 2 20 20 35 60 61 36
1383 3 2 11 11 1835 1860 1861 1836
1384 3 2 20 20 1835 1860 1861 1836
1385 3 2 10 10 36 61 62 37
1386 3 2 20 20 36 61 62 37
1387 3 2 11 11 1836 1861 1862 1837
1388 3 2 20 20 1836 1861 1862 1837
1389 3 2 10 10 37 62 63 38
1390 3 2 20 20 37 62 63 38
1391 3 2 11 11 1837 1862 1863 1838
1392 3 2 20 20 1837 1862 1863 1838
1393 3 2 10 10 38 63 64 39
1394 3 2 20 20 38 63 64 39
1395 3 2 11 11 1838 1863 1864 1839
1396 3 2 20 20 1838 1863 1864 1839
1397 3 2 10 10 39 64 65 40
1398 3 2 20 20 39 64 65 40
1399 3 2 11 11 1839 1864 1865 1840
1400 3 2 20 20 1839 1864 1865 1840
1401 3 2 10 10 40 65 66 41
1402 3 2 20 20 40 65 66 41
1403 3 2 11 11 1840 1865 1866 1841
1404 3 2 20 20 1840 1865 1866 1841
1405 3 2 10 10 41 66 67 42
1406 3 2 20 20 41 66 67 42
1407 3 2 11 11 1841 1866 1867 1842
1408 3 2 20 20 1841 1866 1867 1842
1409 3 2 10 10 42 67 68 43
1410 3 2 20 20 42 67 68 43
1411 3 2 11 11 1842 1867 1868 1843
1412 3 2 20 20 1842 1867 1868 1843
1413 3 2 10 10 43 68 69 44
1414 3 2 20 20 43 68 69 44
1415 3 2 11 11 1843 1868 1869 1844
1416 3 2 20 20 1843 1868 1869 1844
1417 3 2 10 10 44 69 70 45
1418 3 2 20 20 44 69 70 45
1419 3 2 11 11 1844 1869 1870 1845
1420 3 2 20 20 1844 1869 1870 1845
1421 3 2 10 10 45 70 71 46
1422 3 2 20 20 45 70 71 46
1423 3 2 11 11 1845 1870 1871 1846
1424 3 2 20 20 1845 1870 1871 1846
1425 3 2 10 10 46 71 72 47
1426 3 2 20 20 46 71 72 47
1427 3 2 11 11 1846 1871 1872 1847
1428 3 2 20 20 1846 1871 1872 1847
1429 3 2 10 10 47 72 73 48
1430 3 2 20 20 47 72 73 48
1431 3 2 11 11 1847 1872 1873 1848
1432 3 2 20 20 1847 1872 1873 1848
1433 3 2 10 10 48 73 74 49
1434 3 2 20 20 48 73 74 49
1435 3 2 11 11 1848 1873 1874 1849
1436 3 2 20 20 1848 1873 1874 1849
1437 3 2 10 10 49 74 75 50
1438 3 2 20 20 49 74 75 50
1439 3 2 11 11 1849 1874 1875 1850
1440 3 2 20 20 1849 1874 1875 1850
$EndElements
