$MeshFormat
2.2 0 8
$EndMeshFormat
$Nodes
1875
1 0 0 0
2 0 0 4.166666666666667e-05
3 0 0 8.333333333333333e-05
4 0 0 0.000125
5 0 0 0.0001666666666666667
6 0 0 0.0002083333333333333
7 0 0 0.00025
8 0 0 0.0002916666666666667
9 0 0 0.0003333333333333333
10 0 0 0.0003750000000000001
11 0 0 0.0004166666666666667
12 0 0 0.0004583333333333333
13 0 0 0.0005
14 0 0 0.0005416666666666668
15 0 0 0.0005833333333333334
16 0 0 0.000625
17 0 0 0.0006666666666666666
18 0 0 0.0007083333333333334
19 0 0 0.0007500000000000001
20 0 0 0.0007916666666666666
21 0 0 0.0008333333333333334
22 0 0 0.000875
23 0 0 0.0009166666666666666
24 0 0 0.0009583333333333333
25 0 0 0.001
26 0 0.000125 0
27 0 0.000125 4.166666666666667e-05
28 0 0.000125 8.333333333333333e-05
29 0 0.000125 0.000125
30 0 0.000125 0.0001666666666666667
31 0 0.000125 0.0002083333333333333
32 0 0.000125 0.00025
33 0 0.000125 0.0002916666666666667
34 0 0.000125 0.0003333333333333333
35 0 0.000125 0.0003750000000000001
36 0 0.000125 0.0004166666666666667
37 0 0.000125 0.0004583333333333333
38 0 0.000125 0.0005
39 0 0.000125 0.0005416666666666668
40 0 0.000125 0.0005833333333333334
41 0 0.000125 0.000625
42 0 0.000125 0.0006666666666666666
43 0 0.000125 0.0007083333333333334
44 0 0.000125 0.0007500000000000001
45 0 0.000125 0.0007916666666666666
46 0 0.000125 0.0008333333333333334
47 0 0.000125 0.000875
48 0 0.000125 0.0009166666666666666
49 0 0.000125 0.0009583333333333333
50 0 0.000125 0.001
51 0 0.00025 0
52 0 0.00025 4.166666666666667e-05
53 0 0.00025 8.333333333333333e-05
54 0 0.00025 0.000125
55 0 0.00025 0.0001666666666666667
56 0 0.00025 0.0002083333333333333
57 0 0.00025 0.00025
58 0 0.00025 0.0002916666666666667
59 0 0.00025 0.0003333333333333333
60 0 0.00025 0.0003750000000000001
61 0 0.00025 0.0004166666666666667
62 0 0.00025 0.0004583333333333333
63 0 0.00025 0.0005
64 0 0.00025 0.0005416666666666668
65 0 0.00025 0.0005833333333333334
66 0 0.00025 0.000625
67 0 0.00025 0.0006666666666666666
68 0 0.00025 0.0007083333333333334
69 0 0.00025 0.0007500000000000001
70 0 0.00025 0.0007916666666666666
71 0 0.00025 0.0008333333333333334
72 0 0.00025 0.000875
73 0 0.00025 0.0009166666666666666
74 0 0.00025 0.0009583333333333333
75 0 0.00025 0.001
76 8.333333333333333e-05 0 0
77 8.333333333333333e-05 0 4.166666666666667e-05
78 8.333333333333333e-05 0 8.333333333333333e-05
79 8.333333333333333e-05 0 0.000125
80 8.333333333333333e-05 0 0.0001666666666666667
81 8.333333333333333e-05 0 0.0002083333333333333
82 8.333333333333333e-05 0 0.00025
83 8.333333333333333e-05 0 0.0002916666666666667
84 8.333333333333333e-05 0 0.0003333333333333333
85 8.333333333333333e-05 0 0.0003750000000000001
86 8.333333333333333e-05 0 0.0004166666666666667
87 8.333333333333333e-05 0 0.0004583333333333333
88 8.333333333333333e-05 0 0.0005
89 8.333333333333333e-05 0 0.0005416666666666668
90 8.333333333333333e-05 0 0.0005833333333333334
91 8.333333333333333e-05 0 0.000625
92 8.333333333333333e-05 0 0.0006666666666666666
93 8.333333333333333e-05 0 0.0007083333333333334
94 8.333333333333333e-05 0 0.0007500000000000001
95 8.333333333333333e-05 0 0.0007916666666666666
96 8.333333333333333e-05 0 0.0008333333333333334
97 8.333333333333333e-05 0 0.000875
98 8.333333333333333e-05 0 0.0009166666666666666
99 8.333333333333333e-05 0 0.0009583333333333333
100 8.333333333333333e-05 0 0.001
101 8.333333333333333e-05 0.000125 0
102 8.333333333333333e-05 0.000125 4.166666666666667e-05
103 8.333333333333333e-05 0.000125 8.333333333333333e-05
104 8.333333333333333e-05 0.000125 0.000125
105 8.333333333333333e-05 0.000125 0.0001666666666666667
106 8.333333333333333e-05 0.000125 0.0002083333333333333
107 8.333333333333333e-05 0.000125 0.00025
108 8.333333333333333e-05 0.000125 0.0002916666666666667
109 8.333333333333333e-05 0.000125 0.0003333333333333333
110 8.333333333333333e-05 0.000125 0.0003750000000000001
111 8.333333333333333e-05 0.000125 0.0004166666666666667
112 8.333333333333333e-05 0.000125 0.0004583333333333333
113 8.333333333333333e-05 0.000125 0.0005
114 8.333333333333333e-05 0.000125 0.0005416666666666668
115 8.333333333333333e-05 0.000125 0.0005833333333333334
116 8.333333333333333e-05 0.000125 0.000625
117 8.333333333333333e-05 0.000125 0.0006666666666666666
118 8.333333333333333e-05 0.000125 0.0007083333333333334
119 8.333333333333333e-05 0.000125 0.0007500000000000001
120 8.333333333333333e-05 0.000125 0.0007916666666666666
121 8.333333333333333e-05 0.000125 0.0008333333333333334
122 8.333333333333333e-05 0.000125 0.000875
123 8.333333333333333e-05 0.000125 0.0009166666666666666
124 8.333333333333333e-05 0.000125 0.0009583333333333333
125 8.333333333333333e-05 0.000125 0.001
126 8.333333333333333e-05 0.00025 0
127 8.333333333333333e-05 0.00025 4.166666666666667e-05
128 8.333333333333333e-05 0.00025 8.333333333333333e-05
129 8.333333333333333e-05 0.00025 0.000125
130 8.333333333333333e-05 0.00025 0.0001666666666666667
131 8.333333333333333e-05 0.00025 0.0002083333333333333
132 8.333333333333333e-05 0.00025 0.00025
133 8.333333333333333e-05 0.00025 0.0002916666666666667
134 8.333333333333333e-05 0.00025 0.0003333333333333333
135 8.333333333333333e-05 0.00025 0.0003750000000000001
136 8.333333333333333e-05 0.00025 0.0004166666666666667
137 8.333333333333333e-05 0.00025 0.0004583333333333333
138 8.333333333333333e-05 0.00025 0.0005
139 8.333333333333333e-05 0.00025 0.0005416666666666668
140 8.333333333333333e-05 0.00025 0.0005833333333333334
141 8.333333333333333e-05 0.00025 0.000625
142 8.333333333333333e-05 0.00025 0.0006666666666666666
143 8.333333333333333e-05 0.00025 0.0007083333333333334
144 8.333333333333333e-05 0.00025 0.0007500000000000001
145 8.333333333333333e-05 0.00025 0.0007916666666666666
146 8.333333333333333e-05 0.00025 0.0008333333333333334
147 8.333333333333333e-05 0.00025 0.000875
148 8.333333333333333e-05 0.00025 0.0009166666666666666
149 8.333333333333333e-05 0.00025 0.0009583333333333333
150 8.333333333333333e-05 0.00025 0.001
151 0.0001666666666666667 0 0
152 0.0001666666666666667 0 4.166666666666667e-05
153 0.0001666666666666667 0 8.333333333333333e-05
154 0.0001666666666666667 0 0.000125
155 0.0001666666666666667 0 0.0001666666666666667
156 0.0001666666666666667 0 0.0002083333333333333
157 0.0001666666666666667 0 0.00025
158 0.0001666666666666667 0 0.0002916666666666667
159 0.0001666666666666667 0 0.0003333333333333333
160 0.0001666666666666667 0 0.0003750000000000001
161 0.0001666666666666667 0 0.0004166666666666667
162 0.0001666666666666667 0 0.0004583333333333333
163 0.0001666666666666667 0 0.0005
164 0.0001666666666666667 0 0.0005416666666666668
165 0.0001666666666666667 0 0.0005833333333333334
166 0.0001666666666666667 0 0.000625
167 0.0001666666666666667 0 0.0006666666666666666
168 0.0001666666666666667 0 0.0007083333333333334
169 0.0001666666666666667 0 0.0007500000000000001
170 0.0001666666666666667 0 0.0007916666666666666
171 0.0001666666666666667 0 0.0008333333333333334
172 0.0001666666666666667 0 0.000875
173 0.0001666666666666667 0 0.0009166666666666666
174 0.0001666666666666667 0 0.0009583333333333333
175 0.0001666666666666667 0 0.001
176 0.0001666666666666667 0.000125 0
177 0.0001666666666666667 0.000125 4.166666666666667e-05
178 0.0001666666666666667 0.000125 8.333333333333333e-05
179 0.0001666666666666667 0.000125 0.000125
180 0.0001666666666666667 0.000125 0.0001666666666666667
181 0.0001666666666666667 0.000125 0.0002083333333333333
182 0.0001666666666666667 0.000125 0.00025
183 0.0001666666666666667 0.000125 0.0002916666666666667
184 0.0001666666666666667 0.000125 0.0003333333333333333
185 0.0001666666666666667 0.000125 0.0003750000000000001
186 0.0001666666666666667 0.000125 0.0004166666666666667
187 0.0001666666666666667 0.000125 0.0004583333333333333
188 0.0001666666666666667 0.000125 0.0005
189 0.0001666666666666667 0.000125 0.0005416666666666668
190 0.0001666666666666667 0.000125 0.0005833333333333334
191 0.0001666666666666667 0.000125 0.000625
192 0.0001666666666666667 0.000125 0.0006666666666666666
193 0.0001666666666666667 0.000125 0.0007083333333333334
194 0.0001666666666666667 0.000125 0.0007500000000000001
195 0.0001666666666666667 0.000125 0.0007916666666666666
196 0.0001666666666666667 0.000125 0.0008333333333333334
197 0.0001666666666666667 0.000125 0.000875
198 0.0001666666666666667 0.000125 0.0009166666666666666
199 0.0001666666666666667 0.000125 0.0009583333333333333
200 0.0001666666666666667 0.000125 0.001
201 0.0001666666666666667 0.00025 0
202 0.0001666666666666667 0.00025 4.166666666666667e-05
203 0.0001666666666666667 0.00025 8.333333333333333e-05
204 0.0001666666666666667 0.00025 0.000125
205 0.0001666666666666667 0.00025 0.0001666666666666667
206 0.0001666666666666667 0.00025 0.0002083333333333333
207 0.0001666666666666667 0.00025 0.00025
208 0.0001666666666666667 0.00025 0.0002916666666666667
209 0.0001666666666666667 0.00025 0.0003333333333333333
210 0.0001666666666666667 0.00025 0.0003750000000000001
211 0.0001666666666666667 0.00025 0.0004166666666666667
212 0.0001666666666666667 0.00025 0.0004583333333333333
213 0.0001666666666666667 0.00025 0.0005
214 0.0001666666666666667 0.00025 0.0005416666666666668
215 0.0001666666666666667 0.00025 0.0005833333333333334
216 0.0001666666666666667 0.00025 0.000625
217 0.0001666666666666667 0.00025 0.0006666666666666666
218 0.0001666666666666667 0.00025 0.0007083333333333334
219 0.0001666666666666667 0.00025 0.0007500000000000001
220 0.0001666666666666667 0.00025 0.0007916666666666666
221 0.0001666666666666667 0.00025 0.0008333333333333334
222 0.0001666666666666667 0.00025 0.000875
223 0.0001666666666666667 0.00025 0.0009166666666666666
224 0.0001666666666666667 0.00025 0.0009583333333333333
225 0.0001666666666666667 0.00025 0.001
226 0.00025 0 0
227 0.00025 0 4.166666666666667e-05
228 0.00025 0 8.333333333333333e-05
229 0.00025 0 0.000125
230 0.00025 0 0.0001666666666666667
231 0.00025 0 0.0002083333333333333
232 0.00025 0 0.00025
233 0.00025 0 0.0002916666666666667
234 0.00025 0 0.0003333333333333333
235 0.00025 0 0.0003750000000000001
236 0.00025 0 0.0004166666666666667
237 0.00025 0 0.0004583333333333333
238 0.00025 0 0.0005
239 0.00025 0 0.0005416666666666668
240 0.00025 0 0.0005833333333333334
241 0.00025 0 0.000625
242 0.00025 0 0.0006666666666666666
243 0.00025 0 0.0007083333333333334
244 0.00025 0 0.0007500000000000001
245 0.00025 0 0.0007916666666666666
246 0.00025 0 0.0008333333333333334
247 0.00025 0 0.000875
248 0.00025 0 0.0009166666666666666
249 0.00025 0 0.0009583333333333333
250 0.00025 0 0.001
251 0.00025 0.000125 0
252 0.00025 0.000125 4.166666666666667e-05
253 0.00025 0.000125 8.333333333333333e-05
254 0.00025 0.000125 0.000125
255 0.00025 0.000125 0.0001666666666666667
256 0.00025 0.000125 0.0002083333333333333
257 0.00025 0.000125 0.00025
258 0.00025 0.000125 0.0002916666666666667
259 0.00025 0.000125 0.0003333333333333333
260 0.00025 0.000125 0.0003750000000000001
261 0.00025 0.000125 0.0004166666666666667
262 0.00025 0.000125 0.0004583333333333333
263 0.00025 0.000125 0.0005
264 0.00025 0.000125 0.0005416666666666668
265 0.00025 0.000125 0.0005833333333333334
266 0.00025 0.000125 0.000625
267 0.00025 0.000125 0.0006666666666666666
268 0.00025 0.000125 0.0007083333333333334
269 0.00025 0.000125 0.0007500000000000001
270 0.00025 0.000125 0.0007916666666666666
271 0.00025 0.000125 0.0008333333333333334
272 0.00025 0.000125 0.000875
273 0.00025 0.000125 0.0009166666666666666
274 0.00025 0.000125 0.0009583333333333333
275 0.00025 0.000125 0.001
276 0.00025 0.00025 0
277 0.00025 0.00025 4.166666666666667e-05
278 0.00025 0.00025 8.333333333333333e-05
279 0.00025 0.00025 0.000125
280 0.00025 0.00025 0.0001666666666666667
281 0.00025 0.00025 0.0002083333333333333
282 0.00025 0.00025 0.00025
283 0.00025 0.00025 0.0002916666666666667
284 0.00025 0.00025 0.0003333333333333333
285 0.00025 0.00025 0.0003750000000000001
286 0.00025 0.00025 0.0004166666666666667
287 0.00025 0.00025 0.0004583333333333333
288 0.00025 0.00025 0.0005
289 0.00025 0.00025 0.0005416666666666668
290 0.00025 0.00025 0.0005833333333333334
291 0.00025 0.00025 0.000625
292 0.00025 0.00025 0.0006666666666666666
293 0.00025 0.00025 0.0007083333333333334
294 0.00025 0.00025 0.0007500000000000001
295 0.00025 0.00025 0.0007916666666666666
296 0.00025 0.00025 0.0008333333333333334
297 0.00025 0.00025 0.000875
298 0.00025 0.00025 0.0009166666666666666
299 0.00025 0.00025 0.0009583333333333333
300 0.00025 0.00025 0.001
301 0.0003333333333333333 0 0
302 0.0003333333333333333 0 4.166666666666667e-05
303 0.0003333333333333333 0 8.333333333333333e-05
304 0.0003333333333333333 0 0.000125
305 0.0003333333333333333 0 0.0001666666666666667
306 0.0003333333333333333 0 0.0002083333333333333
307 0.0003333333333333333 0 0.00025
308 0.0003333333333333333 0 0.0002916666666666667
309 0.0003333333333333333 0 0.0003333333333333333
310 0.0003333333333333333 0 0.0003750000000000001
311 0.0003333333333333333 0 0.0004166666666666667
312 0.0003333333333333333 0 0.0004583333333333333
313 0.0003333333333333333 0 0.0005
314 0.0003333333333333333 0 0.0005416666666666668
315 0.0003333333333333333 0 0.0005833333333333334
316 0.0003333333333333333 0 0.000625
317 0.0003333333333333333 0 0.0006666666666666666
318 0.0003333333333333333 0 0.0007083333333333334
319 0.0003333333333333333 0 0.0007500000000000001
320 0.0003333333333333333 0 0.0007916666666666666
321 0.0003333333333333333 0 0.0008333333333333334
322 0.0003333333333333333 0 0.000875
323 0.0003333333333333333 0 0.0009166666666666666
324 0.0003333333333333333 0 0.0009583333333333333
325 0.0003333333333333333 0 0.001
326 0.0003333333333333333 0.000125 0
327 0.0003333333333333333 0.000125 4.166666666666667e-05
328 0.0003333333333333333 0.000125 8.333333333333333e-05
329 0.0003333333333333333 0.000125 0.000125
330 0.0003333333333333333 0.000125 0.0001666666666666667
331 0.0003333333333333333 0.000125 0.0002083333333333333
332 0.0003333333333333333 0.000125 0.00025
333 0.0003333333333333333 0.000125 0.0002916666666666667
334 0.0003333333333333333 0.000125 0.0003333333333333333
335 0.0003333333333333333 0.000125 0.0003750000000000001
336 0.0003333333333333333 0.000125 0.0004166666666666667
337 0.0003333333333333333 0.000125 0.0004583333333333333
338 0.0003333333333333333 0.000125 0.0005
339 0.0003333333333333333 0.000125 0.0005416666666666668
340 0.0003333333333333333 0.000125 0.0005833333333333334
341 0.0003333333333333333 0.000125 0.000625
342 0.0003333333333333333 0.000125 0.0006666666666666666
343 0.0003333333333333333 0.000125 0.0007083333333333334
344 0.0003333333333333333 0.000125 0.0007500000000000001
345 0.0003333333333333333 0.000125 0.0007916666666666666
346 0.0003333333333333333 0.000125 0.0008333333333333334
347 0.0003333333333333333 0.000125 0.000875
348 0.0003333333333333333 0.000125 0.0009166666666666666
349 0.0003333333333333333 0.000125 0.0009583333333333333
350 0.0003333333333333333 0.000125 0.001
351 0.0003333333333333333 0.00025 0
352 0.0003333333333333333 0.00025 4.166666666666667e-05
353 0.0003333333333333333 0.00025 8.333333333333333e-05
354 0.0003333333333333333 0.00025 0.000125
355 0.0003333333333333333 0.00025 0.0001666666666666667
356 0.0003333333333333333 0.00025 0.0002083333333333333
357 0.0003333333333333333 0.00025 0.00025
358 0.0003333333333333333 0.00025 0.0002916666666666667
359 0.0003333333333333333 0.00025 0.0003333333333333333
360 0.0003333333333333333 0.00025 0.0003750000000000001
361 0.0003333333333333333 0.00025 0.0004166666666666667
362 0.0003333333333333333 0.00025 0.0004583333333333333
363 0.0003333333333333333 0.00025 0.0005
364 0.0003333333333333333 0.00025 0.0005416666666666668
365 0.0003333333333333333 0.00025 0.0005833333333333334
366 0.0003333333333333333 0.00025 0.000625
367 0.0003333333333333333 0.00025 0.0006666666666666666
368 0.0003333333333333333 0.00025 0.0007083333333333334
369 0.0003333333333333333 0.00025 0.0007500000000000001
370 0.0003333333333333333 0.00025 0.0007916666666666666
371 0.0003333333333333333 0.00025 0.0008333333333333334
372 0.0003333333333333333 0.00025 0.000875
373 0.0003333333333333333 0.00025 0.0009166666666666666
374 0.0003333333333333333 0.00025 0.0009583333333333333
375 0.0003333333333333333 0.00025 0.001
376 0.0004166666666666667 0 0
377 0.0004166666666666667 0 4.166666666666667e-05
378 0.0004166666666666667 0 8.333333333333333e-05
379 0.0004166666666666667 0 0.000125
380 0.0004166666666666667 0 0.0001666666666666667
381 0.0004166666666666667 0 0.0002083333333333333
382 0.0004166666666666667 0 0.00025
383 0.0004166666666666667 0 0.0002916666666666667
384 0.0004166666666666667 0 0.0003333333333333333
385 0.0004166666666666667 0 0.0003750000000000001
386 0.0004166666666666667 0 0.0004166666666666667
387 0.0004166666666666667 0 0.0004583333333333333
388 0.0004166666666666667 0 0.0005
389 0.0004166666666666667 0 0.0005416666666666668
390 0.0004166666666666667 0 0.0005833333333333334
391 0.0004166666666666667 0 0.000625
392 0.0004166666666666667 0 0.0006666666666666666
393 0.0004166666666666667 0 0.0007083333333333334
394 0.0004166666666666667 0 0.0007500000000000001
395 0.0004166666666666667 0 0.0007916666666666666
396 0.0004166666666666667 0 0.0008333333333333334
397 0.0004166666666666667 0 0.000875
398 0.0004166666666666667 0 0.0009166666666666666
399 0.0004166666666666667 0 0.0009583333333333333
400 0.0004166666666666667 0 0.001
401 0.0004166666666666667 0.000125 0
402 0.0004166666666666667 0.000125 4.166666666666667e-05
403 0.0004166666666666667 0.000125 8.333333333333333e-05
404 0.0004166666666666667 0.000125 0.000125
405 0.0004166666666666667 0.000125 0.0001666666666666667
406 0.0004166666666666667 0.000125 0.0002083333333333333
407 0.0004166666666666667 0.000125 0.00025
408 0.0004166666666666667 0.000125 0.0002916666666666667
409 0.0004166666666666667 0.000125 0.0003333333333333333
410 0.0004166666666666667 0.000125 0.0003750000000000001
411 0.0004166666666666667 0.000125 0.0004166666666666667
412 0.0004166666666666667 0.000125 0.0004583333333333333
413 0.0004166666666666667 0.000125 0.0005
414 0.0004166666666666667 0.000125 0.0005416666666666668
415 0.0004166666666666667 0.000125 0.0005833333333333334
416 0.0004166666666666667 0.000125 0.000625
417 0.0004166666666666667 0.000125 0.0006666666666666666
418 0.0004166666666666667 0.000125 0.0007083333333333334
419 0.0004166666666666667 0.000125 0.0007500000000000001
420 0.0004166666666666667 0.000125 0.0007916666666666666
421 0.0004166666666666667 0.000125 0.0008333333333333334
422 0.0004166666666666667 0.000125 0.000875
423 0.0004166666666666667 0.000125 0.0009166666666666666
424 0.0004166666666666667 0.000125 0.0009583333333333333
425 0.0004166666666666667 0.000125 0.001
426 0.0004166666666666667 0.00025 0
427 0.0004166666666666667 0.00025 4.166666666666667e-05
428 0.0004166666666666667 0.00025 8.333333333333333e-05
429 0.0004166666666666667 0.00025 0.000125
430 0.0004166666666666667 0.00025 0.0001666666666666667
431 0.0004166666666666667 0.00025 0.0002083333333333333
432 0.0004166666666666667 0.00025 0.00025
433 0.0004166666666666667 0.00025 0.0002916666666666667
434 0.0004166666666666667 0.00025 0.0003333333333333333
435 0.0004166666666666667 0.00025 0.0003750000000000001
436 0.0004166666666666667 0.00025 0.0004166666666666667
437 0.0004166666666666667 0.00025 0.0004583333333333333
438 0.0004166666666666667 0.00025 0.0005
439 0.0004166666666666667 0.00025 0.0005416666666666668
440 0.0004166666666666667 0.00025 0.0005833333333333334
441 0.0004166666666666667 0.00025 0.000625
442 0.0004166666666666667 0.00025 0.0006666666666666666
443 0.0004166666666666667 0.00025 0.0007083333333333334
444 0.0004166666666666667 0.00025 0.0007500000000000001
445 0.0004166666666666667 0.00025 0.0007916666666666666
446 0.0004166666666666667 0.00025 0.0008333333333333334
447 0.0004166666666666667 0.00025 0.000875
448 0.0004166666666666667 0.00025 0.0009166666666666666
449 0.0004166666666666667 0.00025 0.0009583333333333333
450 0.0004166666666666667 0.00025 0.001
451 0.0005 0 0
452 0.0005 0 4.166666666666667e-05
453 0.0005 0 8.333333333333333e-05
454 0.0005 0 0.000125
455 0.0005 0 0.0001666666666666667
456 0.0005 0 0.0002083333333333333
457 0.0005 0 0.00025
458 0.0005 0 0.0002916666666666667
459 0.0005 0 0.0003333333333333333
460 0.0005 0 0.0003750000000000001
461 0.0005 0 0.0004166666666666667
462 0.0005 0 0.0004583333333333333
463 0.0005 0 0.0005
464 0.0005 0 0.0005416666666666668
465 0.0005 0 0.0005833333333333334
466 0.0005 0 0.000625
467 0.0005 0 0.0006666666666666666
468 0.0005 0 0.0007083333333333334
469 0.0005 0 0.0007500000000000001
470 0.0005 0 0.0007916666666666666
471 0.0005 0 0.0008333333333333334
472 0.0005 0 0.000875
473 0.0005 0 0.0009166666666666666
474 0.0005 0 0.0009583333333333333
475 0.0005 0 0.001
476 0.0005 0.000125 0
477 0.0005 0.000125 4.166666666666667e-05
478 0.0005 0.000125 8.333333333333333e-05
479 0.0005 0.000125 0.000125
480 0.0005 0.000125 0.0001666666666666667
481 0.0005 0.000125 0.0002083333333333333
482 0.0005 0.000125 0.00025
483 0.0005 0.000125 0.0002916666666666667
484 0.0005 0.000125 0.0003333333333333333
485 0.0005 0.000125 0.0003750000000000001
486 0.0005 0.000125 0.0004166666666666667
487 0.0005 0.000125 0.0004583333333333333
488 0.0005 0.000125 0.0005
489 0.0005 0.000125 0.0005416666666666668
490 0.0005 0.000125 0.0005833333333333334
491 0.0005 0.000125 0.000625
492 0.0005 0.000125 0.0006666666666666666
493 0.0005 0.000125 0.0007083333333333334
494 0.0005 0.000125 0.0007500000000000001
495 0.0005 0.000125 0.0007916666666666666
496 0.0005 0.000125 0.0008333333333333334
497 0.0005 0.000125 0.000875
498 0.0005 0.000125 0.0009166666666666666
499 0.0005 0.000125 0.0009583333333333333
500 0.0005 0.000125 0.001
501 0.0005 0.00025 0
502 0.0005 0.00025 4.166666666666667e-05
503 0.0005 0.00025 8.333333333333333e-05
504 0.0005 0.00025 0.000125
505 0.0005 0.00025 0.0001666666666666667
506 0.0005 0.00025 0.0002083333333333333
507 0.0005 0.00025 0.00025
508 0.0005 0.00025 0.0002916666666666667
509 0.0005 0.00025 0.0003333333333333333
510 0.0005 0.00025 0.0003750000000000001
511 0.0005 0.00025 0.0004166666666666667
512 0.0005 0.00025 0.0004583333333333333
513 0.0005 0.00025 0.0005
514 0.0005 0.00025 0.0005416666666666668
515 0.0005 0.00025 0.0005833333333333334
516 0.0005 0.00025 0.000625
517 0.0005 0.00025 0.0006666666666666666
518 0.0005 0.00025 0.0007083333333333334
519 0.0005 0.00025 0.0007500000000000001
520 0.0005 0.00025 0.0007916666666666666
521 0.0005 0.00025 0.0008333333333333334
522 0.0005 0.00025 0.000875
523 0.0005 0.00025 0.0009166666666666666
524 0.0005 0.00025 0.0009583333333333333
525 0.0005 0.00025 0.001
526 0.0005833333333333334 0 0
527 0.0005833333333333334 0 4.166666666666667e-05
528 0.0005833333333333334 0 8.333333333333333e-05
529 0.0005833333333333334 0 0.000125
530 0.0005833333333333334 0 0.0001666666666666667
531 0.0005833333333333334 0 0.0002083333333333333
532 0.0005833333333333334 0 0.00025
533 0.0005833333333333334 0 0.0002916666666666667
534 0.0005833333333333334 0 0.0003333333333333333
535 0.0005833333333333334 0 0.0003750000000000001
536 0.0005833333333333334 0 0.0004166666666666667
537 0.0005833333333333334 0 0.0004583333333333333
538 0.0005833333333333334 0 0.0005
539 0.0005833333333333334 0 0.0005416666666666668
540 0.0005833333333333334 0 0.0005833333333333334
541 0.0005833333333333334 0 0.000625
542 0.0005833333333333334 0 0.0006666666666666666
543 0.0005833333333333334 0 0.0007083333333333334
544 0.0005833333333333334 0 0.0007500000000000001
545 0.0005833333333333334 0 0.0007916666666666666
546 0.0005833333333333334 0 0.0008333333333333334
547 0.0005833333333333334 0 0.000875
548 0.0005833333333333334 0 0.0009166666666666666
549 0.0005833333333333334 0 0.0009583333333333333
550 0.0005833333333333334 0 0.001
551 0.0005833333333333334 0.000125 0
552 0.0005833333333333334 0.000125 4.166666666666667e-05
553 0.0005833333333333334 0.000125 8.333333333333333e-05
554 0.0005833333333333334 0.000125 0.000125
555 0.0005833333333333334 0.000125 0.0001666666666666667
556 0.0005833333333333334 0.000125 0.0002083333333333333
557 0.0005833333333333334 0.000125 0.00025
558 0.0005833333333333334 0.000125 0.0002916666666666667
559 0.0005833333333333334 0.000125 0.0003333333333333333
560 0.0005833333333333334 0.000125 0.0003750000000000001
561 0.0005833333333333334 0.000125 0.0004166666666666667
562 0.0005833333333333334 0.000125 0.0004583333333333333
563 0.0005833333333333334 0.000125 0.0005
564 0.0005833333333333334 0.000125 0.0005416666666666668
565 0.0005833333333333334 0.000125 0.0005833333333333334
566 0.0005833333333333334 0.000125 0.000625
567 0.0005833333333333334 0.000125 0.0006666666666666666
568 0.0005833333333333334 0.000125 0.0007083333333333334
569 0.0005833333333333334 0.000125 0.0007500000000000001
570 0.0005833333333333334 0.000125 0.0007916666666666666
571 0.0005833333333333334 0.000125 0.0008333333333333334
572 0.0005833333333333334 0.000125 0.000875
573 0.0005833333333333334 0.000125 0.0009166666666666666
574 0.0005833333333333334 0.000125 0.0009583333333333333
575 0.0005833333333333334 0.000125 0.001
576 0.0005833333333333334 0.00025 0
577 0.0005833333333333334 0.00025 4.166666666666667e-05
578 0.0005833333333333334 0.00025 8.333333333333333e-05
579 0.0005833333333333334 0.00025 0.000125
580 0.0005833333333333334 0.00025 0.0001666666666666667
581 0.0005833333333333334 0.00025 0.0002083333333333333
582 0.0005833333333333334 0.00025 0.00025
583 0.0005833333333333334 0.00025 0.0002916666666666667
584 0.0005833333333333334 0.00025 0.0003333333333333333
585 0.0005833333333333334 0.00025 0.0003750000000000001
586 0.0005833333333333334 0.00025 0.0004166666666666667
587 0.0005833333333333334 0.00025 0.0004583333333333333
588 0.0005833333333333334 0.00025 0.0005
589 0.0005833333333333334 0.00025 0.0005416666666666668
590 0.0005833333333333334 0.00025 0.0005833333333333334
591 0.0005833333333333334 0.00025 0.000625
592 0.0005833333333333334 0.00025 0.0006666666666666666
593 0.0005833333333333334 0.00025 0.0007083333333333334
594 0.0005833333333333334 0.00025 0.0007500000000000001
595 0.0005833333333333334 0.00025 0.0007916666666666666
596 0.0005833333333333334 0.00025 0.0008333333333333334
597 0.0005833333333333334 0.00025 0.000875
598 0.0005833333333333334 0.00025 0.0009166666666666666
599 0.0005833333333333334 0.00025 0.0009583333333333333
600 0.0005833333333333334 0.00025 0.001
601 0.0006666666666666666 0 0
602 0.0006666666666666666 0 4.166666666666667e-05
603 0.0006666666666666666 0 8.333333333333333e-05
604 0.0006666666666666666 0 0.000125
605 0.0006666666666666666 0 0.0001666666666666667
606 0.0006666666666666666 0 0.0002083333333333333
607 0.0006666666666666666 0 0.00025
608 0.0006666666666666666 0 0.0002916666666666667
609 0.0006666666666666666 0 0.0003333333333333333
610 0.0006666666666666666 0 0.0003750000000000001
611 0.0006666666666666666 0 0.0004166666666666667
612 0.0006666666666666666 0 0.0004583333333333333
613 0.0006666666666666666 0 0.0005
614 0.0006666666666666666 0 0.0005416666666666668
615 0.0006666666666666666 0 0.0005833333333333334
616 0.0006666666666666666 0 0.000625
617 0.0006666666666666666 0 0.0006666666666666666
618 0.0006666666666666666 0 0.0007083333333333334
619 0.0006666666666666666 0 0.0007500000000000001
620 0.0006666666666666666 0 0.0007916666666666666
621 0.0006666666666666666 0 0.0008333333333333334
622 0.0006666666666666666 0 0.000875
623 0.0006666666666666666 0 0.0009166666666666666
624 0.0006666666666666666 0 0.0009583333333333333
625 0.0006666666666666666 0 0.001
626 0.0006666666666666666 0.000125 0
627 0.0006666666666666666 0.000125 4.166666666666667e-05
628 0.0006666666666666666 0.000125 8.333333333333333e-05
629 0.0006666666666666666 0.000125 0.000125
630 0.0006666666666666666 0.000125 0.0001666666666666667
631 0.0006666666666666666 0.000125 0.0002083333333333333
632 0.0006666666666666666 0.000125 0.00025
633 0.0006666666666666666 0.000125 0.0002916666666666667
634 0.0006666666666666666 0.000125 0.0003333333333333333
635 0.0006666666666666666 0.000125 0.0003750000000000001
636 0.0006666666666666666 0.000125 0.0004166666666666667
637 0.0006666666666666666 0.000125 0.0004583333333333333
638 0.0006666666666666666 0.000125 0.0005
639 0.0006666666666666666 0.000125 0.0005416666666666668
640 0.0006666666666666666 0.000125 0.0005833333333333334
641 0.0006666666666666666 0.000125 0.000625
642 0.0006666666666666666 0.000125 0.0006666666666666666
643 0.0006666666666666666 0.000125 0.0007083333333333334
644 0.0006666666666666666 0.000125 0.0007500000000000001
645 0.0006666666666666666 0.000125 0.0007916666666666666
646 0.0006666666666666666 0.000125 0.0008333333333333334
647 0.0006666666666666666 0.000125 0.000875
648 0.0006666666666666666 0.000125 0.0009166666666666666
649 0.0006666666666666666 0.000125 0.0009583333333333333
650 0.0006666666666666666 0.000125 0.001
651 0.0006666666666666666 0.00025 0
652 0.0006666666666666666 0.00025 4.166666666666667e-05
653 0.0006666666666666666 0.00025 8.333333333333333e-05
654 0.0006666666666666666 0.00025 0.000125
655 0.0006666666666666666 0.00025 0.0001666666666666667
656 0.0006666666666666666 0.00025 0.0002083333333333333
657 0.0006666666666666666 0.00025 0.00025
658 0.0006666666666666666 0.00025 0.0002916666666666667
659 0.0006666666666666666 0.00025 0.0003333333333333333
660 0.0006666666666666666 0.00025 0.0003750000000000001
661 0.0006666666666666666 0.00025 0.0004166666666666667
662 0.0006666666666666666 0.00025 0.0004583333333333333
663 0.0006666666666666666 0.00025 0.0005
664 0.0006666666666666666 0.00025 0.0005416666666666668
665 0.0006666666666666666 0.00025 0.0005833333333333334
666 0.0006666666666666666 0.00025 0.000625
667 0.0006666666666666666 0.00025 0.0006666666666666666
668 0.0006666666666666666 0.00025 0.0007083333333333334
669 0.0006666666666666666 0.00025 0.0007500000000000001
670 0.0006666666666666666 0.00025 0.0007916666666666666
671 0.0006666666666666666 0.00025 0.0008333333333333334
672 0.0006666666666666666 0.00025 0.000875
673 0.0006666666666666666 0.00025 0.0009166666666666666
674 0.0006666666666666666 0.00025 0.0009583333333333333
675 0.0006666666666666666 0.00025 0.001
676 0.0007500000000000001 0 0
677 0.0007500000000000001 0 4.166666666666667e-05
678 0.0007500000000000001 0 8.333333333333333e-05
679 0.0007500000000000001 0 0.000125
680 0.0007500000000000001 0 0.0001666666666666667
681 0.0007500000000000001 0 0.0002083333333333333
682 0.0007500000000000001 0 0.00025
683 0.0007500000000000001 0 0.0002916666666666667
684 0.0007500000000000001 0 0.0003333333333333333
685 0.0007500000000000001 0 0.0003750000000000001
686 0.0007500000000000001 0 0.0004166666666666667
687 0.0007500000000000001 0 0.0004583333333333333
688 0.0007500000000000001 0 0.0005
689 0.0007500000000000001 0 0.0005416666666666668
690 0.0007500000000000001 0 0.0005833333333333334
691 0.0007500000000000001 0 0.000625
692 0.0007500000000000001 0 0.0006666666666666666
693 0.0007500000000000001 0 0.0007083333333333334
694 0.0007500000000000001 0 0.0007500000000000001
695 0.0007500000000000001 0 0.0007916666666666666
696 0.0007500000000000001 0 0.0008333333333333334
697 0.0007500000000000001 0 0.000875
698 0.0007500000000000001 0 0.0009166666666666666
699 0.0007500000000000001 0 0.0009583333333333333
700 0.0007500000000000001 0 0.001
701 0.0007500000000000001 0.000125 0
702 0.0007500000000000001 0.000125 4.166666666666667e-05
703 0.0007500000000000001 0.000125 8.333333333333333e-05
704 0.0007500000000000001 0.000125 0.000125
705 0.0007500000000000001 0.000125 0.0001666666666666667
706 0.0007500000000000001 0.000125 0.0002083333333333333
707 0.0007500000000000001 0.000125 0.00025
708 0.0007500000000000001 0.000125 0.0002916666666666667
709 0.0007500000000000001 0.000125 0.0003333333333333333
710 0.0007500000000000001 0.000125 0.0003750000000000001
711 0.0007500000000000001 0.000125 0.0004166666666666667
712 0.0007500000000000001 0.000125 0.0004583333333333333
713 0.0007500000000000001 0.000125 0.0005
714 0.0007500000000000001 0.000125 0.0005416666666666668
715 0.0007500000000000001 0.000125 0.0005833333333333334
716 0.0007500000000000001 0.000125 0.000625
717 0.0007500000000000001 0.000125 0.0006666666666666666
718 0.0007500000000000001 0.000125 0.0007083333333333334
719 0.0007500000000000001 0.000125 0.0007500000000000001
720 0.0007500000000000001 0.000125 0.0007916666666666666
721 0.0007500000000000001 0.000125 0.0008333333333333334
722 0.0007500000000000001 0.000125 0.000875
723 0.0007500000000000001 0.000125 0.0009166666666666666
724 0.0007500000000000001 0.000125 0.0009583333333333333
725 0.0007500000000000001 0.000125 0.001
726 0.0007500000000000001 0.00025 0
727 0.0007500000000000001 0.00025 4.166666666666667e-05
728 0.0007500000000000001 0.00025 8.333333333333333e-05
729 0.0007500000000000001 0.00025 0.000125
730 0.0007500000000000001 0.00025 0.0001666666666666667
731 0.0007500000000000001 0.00025 0.0002083333333333333
732 0.0007500000000000001 0.00025 0.00025
733 0.0007500000000000001 0.00025 0.0002916666666666667
734 0.0007500000000000001 0.00025 0.0003333333333333333
735 0.0007500000000000001 0.00025 0.0003750000000000001
736 0.0007500000000000001 0.00025 0.0004166666666666667
737 0.0007500000000000001 0.00025 0.0004583333333333333
738 0.0007500000000000001 0.00025 0.0005
739 0.0007500000000000001 0.00025 0.0005416666666666668
740 0.0007500000000000001 0.00025 0.0005833333333333334
741 0.0007500000000000001 0.00025 0.000625
742 0.0007500000000000001 0.00025 0.0006666666666666666
743 0.0007500000000000001 0.00025 0.0007083333333333334
744 0.0007500000000000001 0.00025 0.0007500000000000001
745 0.0007500000000000001 0.00025 0.0007916666666666666
746 0.0007500000000000001 0.00025 0.0008333333333333334
747 0.0007500000000000001 0.00025 0.000875
748 0.0007500000000000001 0.00025 0.0009166666666666666
749 0.0007500000000000001 0.00025 0.0009583333333333333
750 0.0007500000000000001 0.00025 0.001
751 0.0008333333333333334 0 0
752 0.0008333333333333334 0 4.166666666666667e-05
753 0.0008333333333333334 0 8.333333333333333e-05
754 0.0008333333333333334 0 0.000125
755 0.0008333333333333334 0 0.0001666666666666667
756 0.0008333333333333334 0 0.0002083333333333333
757 0.0008333333333333334 0 0.00025
758 0.0008333333333333334 0 0.0002916666666666667
759 0.0008333333333333334 0 0.0003333333333333333
760 0.0008333333333333334 0 0.0003750000000000001
761 0.0008333333333333334 0 0.0004166666666666667
762 0.0008333333333333334 0 0.0004583333333333333
763 0.0008333333333333334 0 0.0005
764 0.0008333333333333334 0 0.0005416666666666668
765 0.0008333333333333334 0 0.0005833333333333334
766 0.0008333333333333334 0 0.000625
767 0.0008333333333333334 0 0.0006666666666666666
768 0.0008333333333333334 0 0.0007083333333333334
769 0.0008333333333333334 0 0.0007500000000000001
770 0.0008333333333333334 0 0.0007916666666666666
771 0.0008333333333333334 0 0.0008333333333333334
772 0.0008333333333333334 0 0.000875
773 0.0008333333333333334 0 0.0009166666666666666
774 0.0008333333333333334 0 0.0009583333333333333
775 0.0008333333333333334 0 0.001
776 0.0008333333333333334 0.000125 0
777 0.0008333333333333334 0.000125 4.166666666666667e-05
778 0.0008333333333333334 0.000125 8.333333333333333e-05
779 0.0008333333333333334 0.000125 0.000125
780 0.0008333333333333334 0.000125 0.0001666666666666667
781 0.0008333333333333334 0.000125 0.0002083333333333333
782 0.0008333333333333334 0.000125 0.00025
783 0.0008333333333333334 0.000125 0.0002916666666666667
784 0.0008333333333333334 0.000125 0.0003333333333333333
785 0.0008333333333333334 0.000125 0.0003750000000000001
786 0.0008333333333333334 0.000125 0.0004166666666666667
787 0.0008333333333333334 0.000125 0.0004583333333333333
788 0.0008333333333333334 0.000125 0.0005
789 0.0008333333333333334 0.000125 0.0005416666666666668
790 0.0008333333333333334 0.000125 0.0005833333333333334
791 0.0008333333333333334 0.000125 0.000625
792 0.0008333333333333334 0.000125 0.0006666666666666666
793 0.0008333333333333334 0.000125 0.0007083333333333334
794 0.0008333333333333334 0.000125 0.0007500000000000001
795 0.0008333333333333334 0.000125 0.0007916666666666666
796 0.0008333333333333334 0.000125 0.0008333333333333334
797 0.0008333333333333334 0.000125 0.000875
798 0.0008333333333333334 0.000125 0.0009166666666666666
799 0.0008333333333333334 0.000125 0.0009583333333333333
800 0.0008333333333333334 0.000125 0.001
801 0.0008333333333333334 0.00025 0
802 0.0008333333333333334 0.00025 4.166666666666667e-05
803 0.0008333333333333334 0.00025 8.333333333333333e-05
804 0.0008333333333333334 0.00025 0.000125
805 0.0008333333333333334 0.00025 0.0001666666666666667
806 0.0008333333333333334 0.00025 0.0002083333333333333
807 0.0008333333333333334 0.00025 0.00025
808 0.0008333333333333334 0.00025 0.0002916666666666667
809 0.0008333333333333334 0.00025 0.0003333333333333333
810 0.0008333333333333334 0.00025 0.0003750000000000001
811 0.0008333333333333334 0.00025 0.0004166666666666667
812 0.0008333333333333334 0.00025 0.0004583333333333333
813 0.0008333333333333334 0.00025 0.0005
814 0.0008333333333333334 0.00025 0.0005416666666666668
815 0.0008333333333333334 0.00025 0.0005833333333333334
816 0.0008333333333333334 0.00025 0.000625
817 0.0008333333333333334 0.00025 0.0006666666666666666
818 0.0008333333333333334 0.00025 0.0007083333333333334
819 0.0008333333333333334 0.00025 0.0007500000000000001
820 0.0008333333333333334 0.00025 0.0007916666666666666
821 0.0008333333333333334 0.00025 0.0008333333333333334
822 0.0008333333333333334 0.00025 0.000875
823 0.0008333333333333334 0.00025 0.0009166666666666666
824 0.0008333333333333334 0.00025 0.0009583333333333333
825 0.0008333333333333334 0.00025 0.001
826 0.0009166666666666666 0 0
827 0.0009166666666666666 0 4.166666666666667e-05
828 0.0009166666666666666 0 8.333333333333333e-05
829 0.0009166666666666666 0 0.000125
830 0.0009166666666666666 0 0.0001666666666666667
831 0.0009166666666666666 0 0.0002083333333333333
832 0.0009166666666666666 0 0.00025
833 0.0009166666666666666 0 0.0002916666666666667
834 0.0009166666666666666 0 0.0003333333333333333
835 0.0009166666666666666 0 0.0003750000000000001
836 0.0009166666666666666 0 0.0004166666666666667
837 0.0009166666666666666 0 0.0004583333333333333
838 0.0009166666666666666 0 0.0005
839 0.0009166666666666666 0 0.0005416666666666668
840 0.0009166666666666666 0 0.0005833333333333334
841 0.0009166666666666666 0 0.000625
842 0.0009166666666666666 0 0.0006666666666666666
843 0.0009166666666666666 0 0.0007083333333333334
844 0.0009166666666666666 0 0.0007500000000000001
845 0.0009166666666666666 0 0.0007916666666666666
846 0.0009166666666666666 0 0.0008333333333333334
847 0.0009166666666666666 0 0.000875
848 0.0009166666666666666 0 0.0009166666666666666
849 0.0009166666666666666 0 0.0009583333333333333
850 0.0009166666666666666 0 0.001
851 0.0009166666666666666 0.000125 0
852 0.0009166666666666666 0.000125 4.166666666666667e-05
853 0.0009166666666666666 0.000125 8.333333333333333e-05
854 0.0009166666666666666 0.000125 0.000125
855 0.0009166666666666666 0.000125 0.0001666666666666667
856 0.0009166666666666666 0.000125 0.0002083333333333333
857 0.0009166666666666666 0.000125 0.00025
858 0.0009166666666666666 0.000125 0.0002916666666666667
859 0.0009166666666666666 0.000125 0.0003333333333333333
860 0.0009166666666666666 0.000125 0.0003750000000000001
861 0.0009166666666666666 0.000125 0.0004166666666666667
862 0.0009166666666666666 0.000125 0.0004583333333333333
863 0.0009166666666666666 0.000125 0.0005
864 0.0009166666666666666 0.000125 0.0005416666666666668
865 0.0009166666666666666 0.000125 0.0005833333333333334
866 0.0009166666666666666 0.000125 0.000625
867 0.0009166666666666666 0.000125 0.0006666666666666666
868 0.0009166666666666666 0.000125 0.0007083333333333334
869 0.0009166666666666666 0.000125 0.0007500000000000001
870 0.0009166666666666666 0.000125 0.0007916666666666666
871 0.0009166666666666666 0.000125 0.0008333333333333334
872 0.0009166666666666666 0.000125 0.000875
873 0.0009166666666666666 0.000125 0.0009166666666666666
874 0.0009166666666666666 0.000125 0.0009583333333333333
875 0.0009166666666666666 0.000125 0.001
876 0.0009166666666666666 0.00025 0
877 0.0009166666666666666 0.00025 4.166666666666667e-05
878 0.0009166666666666666 0.00025 8.333333333333333e-05
879 0.0009166666666666666 0.00025 0.000125
880 0.0009166666666666666 0.00025 0.0001666666666666667
881 0.0009166666666666666 0.00025 0.0002083333333333333
882 0.0009166666666666666 0.00025 0.00025
883 0.0009166666666666666 0.00025 0.0002916666666666667
884 0.0009166666666666666 0.00025 0.0003333333333333333
885 0.0009166666666666666 0.00025 0.0003750000000000001
886 0.0009166666666666666 0.00025 0.0004166666666666667
887 0.0009166666666666666 0.00025 0.0004583333333333333
888 0.0009166666666666666 0.00025 0.0005
889 0.0009166666666666666 0.00025 0.0005416666666666668
890 0.0009166666666666666 0.00025 0.0005833333333333334
891 0.0009166666666666666 0.00025 0.000625
892 0.0009166666666666666 0.00025 0.0006666666666666666
893 0.0009166666666666666 0.00025 0.0007083333333333334
894 0.0009166666666666666 0.00025 0.0007500000000000001
895 0.0009166666666666666 0.00025 0.0007916666666666666
896 0.0009166666666666666 0.00025 0.0008333333333333334
897 0.0009166666666666666 0.00025 0.000875
898 0.0009166666666666666 0.00025 0.0009166666666666666
899 0.0009166666666666666 0.00025 0.0009583333333333333
900 0.0009166666666666666 0.00025 0.001
901 0.001 0 0
902 0.001 0 4.166666666666667e-05
903 0.001 0 8.333333333333333e-05
904 0.001 0 0.000125
905 0.001 0 0.0001666666666666667
906 0.001 0 0.0002083333333333333
907 0.001 0 0.00025
908 0.001 0 0.0002916666666666667
909 0.001 0 0.0003333333333333333
910 0.001 0 0.0003750000000000001
911 0.001 0 0.0004166666666666667
912 0.001 0 0.0004583333333333333
913 0.001 0 0.0005
914 0.001 0 0.0005416666666666668
915 0.001 0 0.0005833333333333334
916 0.001 0 0.000625
917 0.001 0 0.0006666666666666666
918 0.001 0 0.0007083333333333334
919 0.001 0 0.0007500000000000001
920 0.001 0 0.0007916666666666666
921 0.001 0 0.0008333333333333334
922 0.001 0 0.000875
923 0.001 0 0.0009166666666666666
924 0.001 0 0.0009583333333333333
925 0.001 0 0.001
926 0.001 0.000125 0
927 0.001 0.000125 4.166666666666667e-05
928 0.001 0.000125 8.333333333333333e-05
929 0.001 0.000125 0.000125
930 0.001 0.000125 0.0001666666666666667
931 0.001 0.000125 0.0002083333333333333
932 0.001 0.000125 0.00025
933 0.001 0.000125 0.0002916666666666667
934 0.001 0.000125 0.0003333333333333333
935 0.001 0.000125 0.0003750000000000001
936 0.001 0.000125 0.0004166666666666667
937 0.001 0.000125 0.0004583333333333333
938 0.001 0.000125 0.0005
939 0.001 0.000125 0.0005416666666666668
940 0.001 0.000125 0.0005833333333333334
941 0.001 0.000125 0.000625
942 0.001 0.000125 0.0006666666666666666
943 0.001 0.000125 0.0007083333333333334
944 0.001 0.000125 0.0007500000000000001
945 0.001 0.000125 0.0007916666666666666
946 0.001 0.000125 0.0008333333333333334
947 0.001 0.000125 0.000875
948 0.001 0.000125 0.0009166666666666666
949 0.001 0.000125 0.0009583333333333333
950 0.001 0.000125 0.001
951 0.001 0.00025 0
952 0.001 0.00025 4.166666666666667e-05
953 0.001 0.00025 8.333333333333333e-05
954 0.001 0.00025 0.000125
955 0.001 0.00025 0.0001666666666666667
956 0.001 0.00025 0.0002083333333333333
957 0.001 0.00025 0.00025
958 0.001 0.00025 0.0002916666666666667
959 0.001 0.00025 0.0003333333333333333
960 0.001 0.00025 0.0003750000000000001
961 0.001 0.00025 0.0004166666666666667
962 0.001 0.00025 0.0004583333333333333
963 0.001 0.00025 0.0005
964 0.001 0.00025 0.0005416666666666668
965 0.001 0.00025 0.0005833333333333334
966 0.001 0.00025 0.000625
967 0.001 0.00025 0.0006666666666666666
968 0.001 0.00025 0.0007083333333333334
969 0.001 0.00025 0.0007500000000000001
970 0.001 0.00025 0.0007916666666666666
971 0.001 0.00025 0.0008333333333333334
972 0.001 0.00025 0.000875
973 0.001 0.00025 0.0009166666666666666
974 0.001 0.00025 0.0009583333333333333
975 0.001 0.00025 0.001
976 0.001083333333333334 0 0
977 0.001083333333333334 0 4.166666666666667e-05
978 0.001083333333333334 0 8.333333333333333e-05
979 0.001083333333333334 0 0.000125
980 0.001083333333333334 0 0.0001666666666666667
981 0.001083333333333334 0 0.0002083333333333333
982 0.001083333333333334 0 0.00025
983 0.001083333333333334 0 0.0002916666666666667
984 0.001083333333333334 0 0.0003333333333333333
985 0.001083333333333334 0 0.0003750000000000001
986 0.001083333333333334 0 0.0004166666666666667
987 0.001083333333333334 0 0.0004583333333333333
988 0.001083333333333334 0 0.0005
989 0.001083333333333334 0 0.0005416666666666668
990 0.001083333333333334 0 0.0005833333333333334
991 0.001083333333333334 0 0.000625
992 0.001083333333333334 0 0.0006666666666666666
993 0.001083333333333334 0 0.0007083333333333334
994 0.001083333333333334 0 0.0007500000000000001
995 0.001083333333333334 0 0.0007916666666666666
996 0.001083333333333334 0 0.0008333333333333334
997 0.001083333333333334 0 0.000875
998 0.001083333333333334 0 0.0009166666666666666
999 0.001083333333333334 0 0.0009583333333333333
1000 0.001083333333333334 0 0.001
1001 0.001083333333333334 0.000125 0
1002 0.001083333333333334 0.000125 4.166666666666667e-05
1003 0.001083333333333334 0.000125 8.333333333333333e-05
1004 0.001083333333333334 0.000125 0.000125
1005 0.001083333333333334 0.000125 0.0001666666666666667
1006 0.001083333333333334 0.000125 0.0002083333333333333
1007 0.001083333333333334 0.000125 0.00025
1008 0.001083333333333334 0.000125 0.0002916666666666667
1009 0.001083333333333334 0.000125 0.0003333333333333333
1010 0.001083333333333334 0.000125 0.0003750000000000001
1011 0.001083333333333334 0.000125 0.0004166666666666667
1012 0.001083333333333334 0.000125 0.0004583333333333333
1013 0.001083333333333334 0.000125 0.0005
1014 0.001083333333333334 0.000125 0.0005416666666666668
1015 0.001083333333333334 0.000125 0.0005833333333333334
1016 0.001083333333333334 0.000125 0.000625
1017 0.001083333333333334 0.000125 0.0006666666666666666
1018 0.001083333333333334 0.000125 0.0007083333333333334
1019 0.001083333333333334 0.000125 0.0007500000000000001
1020 0.001083333333333334 0.000125 0.0007916666666666666
1021 0.001083333333333334 0.000125 0.0008333333333333334
1022 0.001083333333333334 0.000125 0.000875
1023 0.001083333333333334 0.000125 0.0009166666666666666
1024 0.001083333333333334 0.000125 0.0009583333333333333
1025 0.001083333333333334 0.000125 0.001
1026 0.001083333333333334 0.00025 0
1027 0.001083333333333334 0.00025 4.166666666666667e-05
1028 0.001083333333333334 0.00025 8.333333333333333e-05
1029 0.001083333333333334 0.00025 0.000125
1030 0.001083333333333334 0.00025 0.0001666666666666667
1031 0.001083333333333334 0.00025 0.0002083333333333333
1032 0.001083333333333334 0.00025 0.00025
1033 0.001083333333333334 0.00025 0.0002916666666666667
1034 0.001083333333333334 0.00025 0.0003333333333333333
1035 0.001083333333333334 0.00025 0.0003750000000000001
1036 0.001083333333333334 0.00025 0.0004166666666666667
1037 0.001083333333333334 0.00025 0.0004583333333333333
1038 0.001083333333333334 0.00025 0.0005
1039 0.001083333333333334 0.00025 0.0005416666666666668
1040 0.001083333333333334 0.00025 0.0005833333333333334
1041 0.001083333333333334 0.00025 0.000625
1042 0.001083333333333334 0.00025 0.0006666666666666666
1043 0.001083333333333334 0.00025 0.0007083333333333334
1044 0.001083333333333334 0.00025 0.0007500000000000001
1045 0.001083333333333334 0.00025 0.0007916666666666666
1046 0.001083333333333334 0.00025 0.0008333333333333334
1047 0.001083333333333334 0.00025 0.000875
1048 0.001083333333333334 0.00025 0.0009166666666666666
1049 0.001083333333333334 0.00025 0.0009583333333333333
1050 0.001083333333333334 0.00025 0.001
1051 0.001166666666666667 0 0
1052 0.001166666666666667 0 4.166666666666667e-05
1053 0.001166666666666667 0 8.333333333333333e-05
1054 0.001166666666666667 0 0.000125
1055 0.001166666666666667 0 0.0001666666666666667
1056 0.001166666666666667 0 0.0002083333333333333
1057 0.001166666666666667 0 0.00025
1058 0.001166666666666667 0 0.0002916666666666667
1059 0.001166666666666667 0 0.0003333333333333333
1060 0.001166666666666667 0 0.0003750000000000001
1061 0.001166666666666667 0 0.0004166666666666667
1062 0.001166666666666667 0 0.0004583333333333333
1063 0.001166666666666667 0 0.0005
1064 0.001166666666666667 0 0.0005416666666666668
1065 0.001166666666666667 0 0.0005833333333333334
1066 0.001166666666666667 0 0.000625
1067 0.001166666666666667 0 0.0006666666666666666
1068 0.001166666666666667 0 0.0007083333333333334
1069 0.001166666666666667 0 0.0007500000000000001
1070 0.001166666666666667 0 0.0007916666666666666
1071 0.001166666666666667 0 0.0008333333333333334
1072 0.001166666666666667 0 0.000875
1073 0.001166666666666667 0 0.0009166666666666666
1074 0.001166666666666667 0 0.0009583333333333333
1075 0.001166666666666667 0 0.001
1076 0.001166666666666667 0.000125 0
1077 0.001166666666666667 0.000125 4.166666666666667e-05
1078 0.001166666666666667 0.000125 8.333333333333333e-05
1079 0.001166666666666667 0.000125 0.000125
1080 0.001166666666666667 0.000125 0.0001666666666666667
1081 0.001166666666666667 0.000125 0.0002083333333333333
1082 0.001166666666666667 0.000125 0.00025
1083 0.001166666666666667 0.000125 0.0002916666666666667
1084 0.001166666666666667 0.000125 0.0003333333333333333
1085 0.001166666666666667 0.000125 0.0003750000000000001
1086 0.001166666666666667 0.000125 0.0004166666666666667
1087 0.001166666666666667 0.000125 0.0004583333333333333
1088 0.001166666666666667 0.000125 0.0005
1089 0.001166666666666667 0.000125 0.0005416666666666668
1090 0.001166666666666667 0.000125 0.0005833333333333334
1091 0.001166666666666667 0.000125 0.000625
1092 0.001166666666666667 0.000125 0.0006666666666666666
1093 0.001166666666666667 0.000125 0.0007083333333333334
1094 0.001166666666666667 0.000125 0.0007500000000000001
1095 0.001166666666666667 0.000125 0.0007916666666666666
1096 0.001166666666666667 0.000125 0.0008333333333333334
1097 0.001166666666666667 0.000125 0.000875
1098 0.001166666666666667 0.000125 0.0009166666666666666
1099 0.001166666666666667 0.000125 0.0009583333333333333
1100 0.001166666666666667 0.000125 0.001
1101 0.001166666666666667 0.00025 0
1102 0.001166666666666667 0.00025 4.166666666666667e-05
1103 0.001166666666666667 0.00025 8.333333333333333e-05
1104 0.001166666666666667 0.00025 0.000125
1105 0.001166666666666667 0.00025 0.0001666666666666667
1106 0.001166666666666667 0.00025 0.0002083333333333333
1107 0.001166666666666667 0.00025 0.00025
1108 0.001166666666666667 0.00025 0.0002916666666666667
1109 0.001166666666666667 0.00025 0.0003333333333333333
1110 0.001166666666666667 0.00025 0.0003750000000000001
1111 0.001166666666666667 0.00025 0.0004166666666666667
1112 0.001166666666666667 0.00025 0.0004583333333333333
1113 0.001166666666666667 0.00025 0.0005
1114 0.001166666666666667 0.00025 0.0005416666666666668
1115 0.001166666666666667 0.00025 0.0005833333333333334
1116 0.001166666666666667 0.00025 0.000625
1117 0.001166666666666667 0.00025 0.0006666666666666666
1118 0.001166666666666667 0.00025 0.0007083333333333334
1119 0.001166666666666667 0.00025 0.0007500000000000001
1120 0.001166666666666667 0.00025 0.0007916666666666666
1121 0.001166666666666667 0.00025 0.0008333333333333334
1122 0.001166666666666667 0.00025 0.000875
1123 0.001166666666666667 0.00025 0.0009166666666666666
1124 0.001166666666666667 0.00025 0.0009583333333333333
1125 0.001166666666666667 0.00025 0.001
1126 0.00125 0 0
1127 0.00125 0 4.166666666666667e-05
1128 0.00125 0 8.333333333333333e-05
1129 0.00125 0 0.000125
1130 0.00125 0 0.0001666666666666667
1131 0.00125 0 0.0002083333333333333
1132 0.00125 0 0.00025
1133 0.00125 0 0.0002916666666666667
1134 0.00125 0 0.0003333333333333333
1135 0.00125 0 0.0003750000000000001
1136 0.00125 0 0.0004166666666666667
1137 0.00125 0 0.0004583333333333333
1138 0.00125 0 0.0005
1139 0.00125 0 0.0005416666666666668
1140 0.00125 0 0.0005833333333333334
1141 0.00125 0 0.000625
1142 0.00125 0 0.0006666666666666666
1143 0.00125 0 0.0007083333333333334
1144 0.00125 0 0.0007500000000000001
1145 0.00125 0 0.0007916666666666666
1146 0.00125 0 0.0008333333333333334
1147 0.00125 0 0.000875
1148 0.00125 0 0.0009166666666666666
1149 0.00125 0 0.0009583333333333333
1150 0.00125 0 0.001
1151 0.00125 0.000125 0
1152 0.00125 0.000125 4.166666666666667e-05
1153 0.00125 0.000125 8.333333333333333e-05
1154 0.00125 0.000125 0.000125
1155 0.00125 0.000125 0.0001666666666666667
1156 0.00125 0.000125 0.0002083333333333333
1157 0.00125 0.000125 0.00025
1158 0.00125 0.000125 0.0002916666666666667
1159 0.00125 0.000125 0.0003333333333333333
1160 0.00125 0.000125 0.0003750000000000001
1161 0.00125 0.000125 0.0004166666666666667
1162 0.00125 0.000125 0.0004583333333333333
1163 0.00125 0.000125 0.0005
1164 0.00125 0.000125 0.0005416666666666668
1165 0.00125 0.000125 0.0005833333333333334
1166 0.00125 0.000125 0.000625
1167 0.00125 0.000125 0.0006666666666666666
1168 0.00125 0.000125 0.0007083333333333334
1169 0.00125 0.000125 0.0007500000000000001
1170 0.00125 0.000125 0.0007916666666666666
1171 0.00125 0.000125 0.0008333333333333334
1172 0.00125 0.000125 0.000875
1173 0.00125 0.000125 0.0009166666666666666
1174 0.00125 0.000125 0.0009583333333333333
1175 0.00125 0.000125 0.001
1176 0.00125 0.00025 0
1177 0.00125 0.00025 4.166666666666667e-05
1178 0.00125 0.00025 8.333333333333333e-05
1179 0.00125 0.00025 0.000125
1180 0.00125 0.00025 0.0001666666666666667
1181 0.00125 0.00025 0.0002083333333333333
1182 0.00125 0.00025 0.00025
1183 0.00125 0.00025 0.0002916666666666667
1184 0.00125 0.00025 0.0003333333333333333
1185 0.00125 0.00025 0.0003750000000000001
1186 0.00125 0.00025 0.0004166666666666667
1187 0.00125 0.00025 0.0004583333333333333
1188 0.00125 0.00025 0.0005
1189 0.00125 0.00025 0.0005416666666666668
1190 0.00125 0.00025 0.0005833333333333334
1191 0.00125 0.00025 0.000625
1192 0.00125 0.00025 0.0006666666666666666
1193 0.00125 0.00025 0.0007083333333333334
1194 0.00125 0.00025 0.0007500000000000001
1195 0.00125 0.00025 0.0007916666666666666
1196 0.00125 0.00025 0.0008333333333333334
1197 0.00125 0.00025 0.000875
1198 0.00125 0.00025 0.0009166666666666666
1199 0.00125 0.00025 0.0009583333333333333
1200 0.00125 0.00025 0.001
1201 0.001333333333333333 0 0
1202 0.001333333333333333 0 4.166666666666667e-05
1203 0.001333333333333333 0 8.333333333333333e-05
1204 0.001333333333333333 0 0.000125
1205 0.001333333333333333 0 0.0001666666666666667
1206 0.001333333333333333 0 0.0002083333333333333
1207 0.001333333333333333 0 0.00025
1208 0.001333333333333333 0 0.0002916666666666667
1209 0.001333333333333333 0 0.0003333333333333333
1210 0.001333333333333333 0 0.0003750000000000001
1211 0.001333333333333333 0 0.0004166666666666667
1212 0.001333333333333333 0 0.0004583333333333333
1213 0.001333333333333333 0 0.0005
1214 0.001333333333333333 0 0.0005416666666666668
1215 0.001333333333333333 0 0.0005833333333333334
1216 0.001333333333333333 0 0.000625
1217 0.001333333333333333 0 0.0006666666666666666
1218 0.001333333333333333 0 0.0007083333333333334
1219 0.001333333333333333 0 0.0007500000000000001
1220 0.001333333333333333 0 0.0007916666666666666
1221 0.001333333333333333 0 0.0008333333333333334
1222 0.001333333333333333 0 0.000875
1223 0.001333333333333333 0 0.0009166666666666666
1224 0.001333333333333333 0 0.0009583333333333333
1225 0.001333333333333333 0 0.001
1226 0.001333333333333333 0.000125 0
1227 0.001333333333333333 0.000125 4.166666666666667e-05
1228 0.001333333333333333 0.000125 8.333333333333333e-05
1229 0.001333333333333333 0.000125 0.000125
1230 0.001333333333333333 0.000125 0.0001666666666666667
1231 0.001333333333333333 0.000125 0.0002083333333333333
1232 0.001333333333333333 0.000125 0.00025
1233 0.001333333333333333 0.000125 0.0002916666666666667
1234 0.001333333333333333 0.000125 0.0003333333333333333
1235 0.001333333333333333 0.000125 0.0003750000000000001
1236 0.001333333333333333 0.000125 0.0004166666666666667
1237 0.001333333333333333 0.000125 0.0004583333333333333
1238 0.001333333333333333 0.000125 0.0005
1239 0.001333333333333333 0.000125 0.0005416666666666668
1240 0.001333333333333333 0.000125 0.0005833333333333334
1241 0.001333333333333333 0.000125 0.000625
1242 0.001333333333333333 0.000125 0.0006666666666666666
1243 0.001333333333333333 0.000125 0.0007083333333333334
1244 0.001333333333333333 0.000125 0.0007500000000000001
1245 0.001333333333333333 0.000125 0.0007916666666666666
1246 0.001333333333333333 0.000125 0.0008333333333333334
1247 0.001333333333333333 0.000125 0.000875
1248 0.001333333333333333 0.000125 0.0009166666666666666
1249 0.001333333333333333 0.000125 0.0009583333333333333
1250 0.001333333333333333 0.000125 0.001
1251 0.001333333333333333 0.00025 0
1252 0.001333333333333333 0.00025 4.166666666666667e-05
1253 0.001333333333333333 0.00025 8.333333333333333e-05
1254 0.001333333333333333 0.00025 0.000125
1255 0.001333333333333333 0.00025 0.0001666666666666667
1256 0.001333333333333333 0.00025 0.0002083333333333333
1257 0.001333333333333333 0.00025 0.00025
1258 0.001333333333333333 0.00025 0.0002916666666666667
1259 0.001333333333333333 0.00025 0.0003333333333333333
1260 0.001333333333333333 0.00025 0.0003750000000000001
1261 0.001333333333333333 0.00025 0.0004166666666666667
1262 0.001333333333333333 0.00025 0.0004583333333333333
1263 0.001333333333333333 0.00025 0.0005
1264 0.001333333333333333 0.00025 0.0005416666666666668
1265 0.001333333333333333 0.00025 0.0005833333333333334
1266 0.001333333333333333 0.00025 0.000625
1267 0.001333333333333333 0.00025 0.0006666666666666666
1268 0.001333333333333333 0.00025 0.0007083333333333334
1269 0.001333333333333333 0.00025 0.0007500000000000001
1270 0.001333333333333333 0.00025 0.0007916666666666666
1271 0.001333333333333333 0.00025 0.0008333333333333334
1272 0.001333333333333333 0.00025 0.000875
1273 0.001333333333333333 0.00025 0.0009166666666666666
1274 0.001333333333333333 0.00025 0.0009583333333333333
1275 0.001333333333333333 0.00025 0.001
1276 0.001416666666666667 0 0
1277 0.001416666666666667 0 4.166666666666667e-05
1278 0.001416666666666667 0 8.333333333333333e-05
1279 0.001416666666666667 0 0.000125
1280 0.001416666666666667 0 0.0001666666666666667
1281 0.001416666666666667 0 0.0002083333333333333
1282 0.001416666666666667 0 0.00025
1283 0.001416666666666667 0 0.0002916666666666667
1284 0.001416666666666667 0 0.0003333333333333333
1285 0.001416666666666667 0 0.0003750000000000001
1286 0.001416666666666667 0 0.0004166666666666667
1287 0.001416666666666667 0 0.0004583333333333333
1288 0.001416666666666667 0 0.0005
1289 0.001416666666666667 0 0.0005416666666666668
1290 0.001416666666666667 0 0.0005833333333333334
1291 0.001416666666666667 0 0.000625
1292 0.001416666666666667 0 0.0006666666666666666
1293 0.001416666666666667 0 0.0007083333333333334
1294 0.001416666666666667 0 0.0007500000000000001
1295 0.001416666666666667 0 0.0007916666666666666
1296 0.001416666666666667 0 0.0008333333333333334
1297 0.001416666666666667 0 0.000875
1298 0.001416666666666667 0 0.0009166666666666666
1299 0.001416666666666667 0 0.0009583333333333333
1300 0.001416666666666667 0 0.001
1301 0.001416666666666667 0.000125 0
1302 0.001416666666666667 0.000125 4.166666666666667e-05
1303 0.001416666666666667 0.000125 8.333333333333333e-05
1304 0.001416666666666667 0.000125 0.000125
1305 0.001416666666666667 0.000125 0.0001666666666666667
1306 0.001416666666666667 0.000125 0.0002083333333333333
1307 0.001416666666666667 0.000125 0.00025
1308 0.001416666666666667 0.000125 0.0002916666666666667
1309 0.001416666666666667 0.000125 0.0003333333333333333
1310 0.001416666666666667 0.000125 0.0003750000000000001
1311 0.001416666666666667 0.000125 0.0004166666666666667
1312 0.001416666666666667 0.000125 0.0004583333333333333
1313 0.001416666666666667 0.000125 0.0005
1314 0.001416666666666667 0.000125 0.0005416666666666668
1315 0.001416666666666667 0.000125 0.0005833333333333334
1316 0.001416666666666667 0.000125 0.000625
1317 0.001416666666666667 0.000125 0.0006666666666666666
1318 0.001416666666666667 0.000125 0.0007083333333333334
1319 0.001416666666666667 0.000125 0.0007500000000000001
1320 0.001416666666666667 0.000125 0.0007916666666666666
1321 0.001416666666666667 0.000125 0.0008333333333333334
1322 0.001416666666666667 0.000125 0.000875
1323 0.001416666666666667 0.000125 0.0009166666666666666
1324 0.001416666666666667 0.000125 0.0009583333333333333
1325 0.001416666666666667 0.000125 0.001
1326 0.001416666666666667 0.00025 0
1327 0.001416666666666667 0.00025 4.166666666666667e-05
1328 0.001416666666666667 0.00025 8.333333333333333e-05
1329 0.001416666666666667 0.00025 0.000125
1330 0.001416666666666667 0.00025 0.0001666666666666667
1331 0.001416666666666667 0.00025 0.0002083333333333333
1332 0.001416666666666667 0.00025 0.00025
1333 0.001416666666666667 0.00025 0.0002916666666666667
1334 0.001416666666666667 0.00025 0.0003333333333333333
1335 0.001416666666666667 0.00025 0.0003750000000000001
1336 0.001416666666666667 0.00025 0.0004166666666666667
1337 0.001416666666666667 0.00025 0.0004583333333333333
1338 0.001416666666666667 0.00025 0.0005
1339 0.001416666666666667 0.00025 0.0005416666666666668
1340 0.001416666666666667 0.00025 0.0005833333333333334
1341 0.001416666666666667 0.00025 0.000625
1342 0.001416666666666667 0.00025 0.0006666666666666666
1343 0.001416666666666667 0.00025 0.0007083333333333334
1344 0.001416666666666667 0.00025 0.0007500000000000001
1345 0.001416666666666667 0.00025 0.0007916666666666666
1346 0.001416666666666667 0.00025 0.0008333333333333334
1347 0.001416666666666667 0.00025 0.000875
1348 0.001416666666666667 0.00025 0.0009166666666666666
1349 0.001416666666666667 0.00025 0.0009583333333333333
1350 0.001416666666666667 0.00025 0.001
1351 0.0015 0 0
1352 0.0015 0 4.166666666666667e-05
1353 0.0015 0 8.333333333333333e-05
1354 0.0015 0 0.000125
1355 0.0015 0 0.0001666666666666667
1356 0.0015 0 0.0002083333333333333
1357 0.0015 0 0.00025
1358 0.0015 0 0.0002916666666666667
1359 0.0015 0 0.0003333333333333333
1360 0.0015 0 0.0003750000000000001
1361 0.0015 0 0.0004166666666666667
1362 0.0015 0 0.0004583333333333333
1363 0.0015 0 0.0005
1364 0.0015 0 0.0005416666666666668
1365 0.0015 0 0.0005833333333333334
1366 0.0015 0 0.000625
1367 0.0015 0 0.0006666666666666666
1368 0.0015 0 0.0007083333333333334
1369 0.0015 0 0.0007500000000000001
1370 0.0015 0 0.0007916666666666666
1371 0.0015 0 0.0008333333333333334
1372 0.0015 0 0.000875
1373 0.0015 0 0.0009166666666666666
1374 0.0015 0 0.0009583333333333333
1375 0.0015 0 0.001
1376 0.0015 0.000125 0
1377 0.0015 0.000125 4.166666666666667e-05
1378 0.0015 0.000125 8.333333333333333e-05
1379 0.0015 0.000125 0.000125
1380 0.0015 0.000125 0.0001666666666666667
1381 0.0015 0.000125 0.0002083333333333333
1382 0.0015 0.000125 0.00025
1383 0.0015 0.000125 0.0002916666666666667
1384 0.0015 0.000125 0.0003333333333333333
1385 0.0015 0.000125 0.0003750000000000001
1386 0.0015 0.000125 0.0004166666666666667
1387 0.0015 0.000125 0.0004583333333333333
1388 0.0015 0.000125 0.0005
1389 0.0015 0.000125 0.0005416666666666668
1390 0.0015 0.000125 0.0005833333333333334
1391 0.0015 0.000125 0.000625
1392 0.0015 0.000125 0.0006666666666666666
1393 0.0015 0.000125 0.0007083333333333334
1394 0.0015 0.000125 0.0007500000000000001
1395 0.0015 0.000125 0.0007916666666666666
1396 0.0015 0.000125 0.0008333333333333334
1397 0.0015 0.000125 0.000875
1398 0.0015 0.000125 0.0009166666666666666
1399 0.0015 0.000125 0.0009583333333333333
1400 0.0015 0.000125 0.001
1401 0.0015 0.00025 0
1402 0.0015 0.00025 4.166666666666667e-05
1403 0.0015 0.00025 8.333333333333333e-05
1404 0.0015 0.00025 0.000125
1405 0.0015 0.00025 0.0001666666666666667
1406 0.0015 0.00025 0.0002083333333333333
1407 0.0015 0.00025 0.00025
1408 0.0015 0.00025 0.0002916666666666667
1409 0.0015 0.00025 0.0003333333333333333
1410 0.0015 0.00025 0.0003750000000000001
1411 0.0015 0.00025 0.0004166666666666667
1412 0.0015 0.00025 0.0004583333333333333
1413 0.0015 0.00025 0.0005
1414 0.0015 0.00025 0.0005416666666666668
1415 0.0015 0.00025 0.0005833333333333334
1416 0.0015 0.00025 0.000625
1417 0.0015 0.00025 0.0006666666666666666
1418 0.0015 0.00025 0.0007083333333333334
1419 0.0015 0.00025 0.0007500000000000001
1420 0.0015 0.00025 0.0007916666666666666
1421 0.0015 0.00025 0.0008333333333333334
1422 0.0015 0.00025 0.000875
1423 0.0015 0.00025 0.0009166666666666666
1424 0.0015 0.00025 0.0009583333333333333
1425 0.0015 0.00025 0.001
1426 0.001583333333333333 0 0
1427 0.001583333333333333 0 4.166666666666667e-05
1428 0.001583333333333333 0 8.333333333333333e-05
1429 0.001583333333333333 0 0.000125
1430 0.001583333333333333 0 0.0001666666666666667
1431 0.001583333333333333 0 0.0002083333333333333
1432 0.001583333333333333 0 0.00025
1433 0.001583333333333333 0 0.0002916666666666667
1434 0.001583333333333333 0 0.0003333333333333333
1435 0.001583333333333333 0 0.0003750000000000001
1436 0.001583333333333333 0 0.0004166666666666667
1437 0.001583333333333333 0 0.0004583333333333333
1438 0.001583333333333333 0 0.0005
1439 0.001583333333333333 0 0.0005416666666666668
1440 0.001583333333333333 0 0.0005833333333333334
1441 0.001583333333333333 0 0.000625
1442 0.001583333333333333 0 0.0006666666666666666
1443 0.001583333333333333 0 0.0007083333333333334
1444 0.001583333333333333 0 0.0007500000000000001
1445 0.001583333333333333 0 0.0007916666666666666
1446 0.001583333333333333 0 0.0008333333333333334
1447 0.001583333333333333 0 0.000875
1448 0.001583333333333333 0 0.0009166666666666666
1449 0.001583333333333333 0 0.0009583333333333333
1450 0.001583333333333333 0 0.001
1451 0.001583333333333333 0.000125 0
1452 0.001583333333333333 0.000125 4.166666666666667e-05
1453 0.001583333333333333 0.000125 8.333333333333333e-05
1454 0.001583333333333333 0.000125 0.000125
1455 0.001583333333333333 0.000125 0.0001666666666666667
1456 0.001583333333333333 0.000125 0.0002083333333333333
1457 0.001583333333333333 0.000125 0.00025
1458 0.001583333333333333 0.000125 0.0002916666666666667
1459 0.001583333333333333 0.000125 0.0003333333333333333
1460 0.001583333333333333 0.000125 0.0003750000000000001
1461 0.001583333333333333 0.000125 0.0004166666666666667
1462 0.001583333333333333 0.000125 0.0004583333333333333
1463 0.001583333333333333 0.000125 0.0005
1464 0.001583333333333333 0.000125 0.0005416666666666668
1465 0.001583333333333333 0.000125 0.0005833333333333334
1466 0.001583333333333333 0.000125 0.000625
1467 0.001583333333333333 0.000125 0.0006666666666666666
1468 0.001583333333333333 0.000125 0.0007083333333333334
1469 0.001583333333333333 0.000125 0.0007500000000000001
1470 0.001583333333333333 0.000125 0.0007916666666666666
1471 0.001583333333333333 0.000125 0.0008333333333333334
1472 0.001583333333333333 0.000125 0.000875
1473 0.001583333333333333 0.000125 0.0009166666666666666
1474 0.001583333333333333 0.000125 0.0009583333333333333
1475 0.001583333333333333 0.000125 0.001
1476 0.001583333333333333 0.00025 0
1477 0.001583333333333333 0.00025 4.166666666666667e-05
1478 0.001583333333333333 0.00025 8.333333333333333e-05
1479 0.001583333333333333 0.00025 0.000125
1480 0.001583333333333333 0.00025 0.0001666666666666667
1481 0.001583333333333333 0.00025 0.0002083333333333333
1482 0.001583333333333333 0.00025 0.00025
1483 0.001583333333333333 0.00025 0.0002916666666666667
1484 0.001583333333333333 0.00025 0.0003333333333333333
1485 0.001583333333333333 0.00025 0.0003750000000000001
1486 0.001583333333333333 0.00025 0.0004166666666666667
1487 0.001583333333333333 0.00025 0.0004583333333333333
1488 0.001583333333333333 0.00025 0.0005
1489 0.001583333333333333 0.00025 0.0005416666666666668
1490 0.001583333333333333 0.00025 0.0005833333333333334
1491 0.001583333333333333 0.00025 0.000625
1492 0.001583333333333333 0.00025 0.0006666666666666666
1493 0.001583333333333333 0.00025 0.0007083333333333334
1494 0.001583333333333333 0.00025 0.0007500000000000001
1495 0.001583333333333333 0.00025 0.0007916666666666666
1496 0.001583333333333333 0.00025 0.0008333333333333334
1497 0.001583333333333333 0.00025 0.000875
1498 0.001583333333333333 0.00025 0.0009166666666666666
1499 0.001583333333333333 0.00025 0.0009583333333333333
1500 0.001583333333333333 0.00025 0.001
1501 0.001666666666666667 0 0
1502 0.001666666666666667 0 4.166666666666667e-05
1503 0.001666666666666667 0 8.333333333333333e-05
1504 0.001666666666666667 0 0.000125
1505 0.001666666666666667 0 0.0001666666666666667
1506 0.001666666666666667 0 0.0002083333333333333
1507 0.001666666666666667 0 0.00025
1508 0.001666666666666667 0 0.0002916666666666667
1509 0.001666666666666667 0 0.0003333333333333333
1510 0.001666666666666667 0 0.0003750000000000001
1511 0.001666666666666667 0 0.0004166666666666667
1512 0.001666666666666667 0 0.0004583333333333333
1513 0.001666666666666667 0 0.0005
1514 0.001666666666666667 0 0.0005416666666666668
1515 0.001666666666666667 0 0.0005833333333333334
1516 0.001666666666666667 0 0.000625
1517 0.001666666666666667 0 0.0006666666666666666
1518 0.001666666666666667 0 0.0007083333333333334
1519 0.001666666666666667 0 0.0007500000000000001
1520 0.001666666666666667 0 0.0007916666666666666
1521 0.001666666666666667 0 0.0008333333333333334
1522 0.001666666666666667 0 0.000875
1523 0.001666666666666667 0 0.0009166666666666666
1524 0.001666666666666667 0 0.0009583333333333333
1525 0.001666666666666667 0 0.001
1526 0.001666666666666667 0.000125 0
1527 0.001666666666666667 0.000125 4.166666666666667e-05
1528 0.001666666666666667 0.000125 8.333333333333333e-05
1529 0.001666666666666667 0.000125 0.000125
1530 0.001666666666666667 0.000125 0.0001666666666666667
1531 0.001666666666666667 0.000125 0.0002083333333333333
1532 0.001666666666666667 0.000125 0.00025
1533 0.001666666666666667 0.000125 0.0002916666666666667
1534 0.001666666666666667 0.000125 0.0003333333333333333
1535 0.001666666666666667 0.000125 0.0003750000000000001
1536 0.001666666666666667 0.000125 0.0004166666666666667
1537 0.001666666666666667 0.000125 0.0004583333333333333
1538 0.001666666666666667 0.000125 0.0005
1539 0.001666666666666667 0.000125 0.0005416666666666668
1540 0.001666666666666667 0.000125 0.0005833333333333334
1541 0.001666666666666667 0.000125 0.000625
1542 0.001666666666666667 0.000125 0.0006666666666666666
1543 0.001666666666666667 0.000125 0.0007083333333333334
1544 0.001666666666666667 0.000125 0.0007500000000000001
1545 0.001666666666666667 0.000125 0.0007916666666666666
1546 0.001666666666666667 0.000125 0.0008333333333333334
1547 0.001666666666666667 0.000125 0.000875
1548 0.001666666666666667 0.000125 0.0009166666666666666
1549 0.001666666666666667 0.000125 0.0009583333333333333
1550 0.001666666666666667 0.000125 0.001
1551 0.001666666666666667 0.00025 0
1552 0.001666666666666667 0.00025 4.166666666666667e-05
1553 0.001666666666666667 0.00025 8.333333333333333e-05
1554 0.001666666666666667 0.00025 0.000125
1555 0.001666666666666667 0.00025 0.0001666666666666667
1556 0.001666666666666667 0.00025 0.0002083333333333333
1557 0.001666666666666667 0.00025 0.00025
1558 0.001666666666666667 0.00025 0.0002916666666666667
1559 0.001666666666666667 0.00025 0.0003333333333333333
1560 0.001666666666666667 0.00025 0.0003750000000000001
1561 0.001666666666666667 0.00025 0.0004166666666666667
1562 0.001666666666666667 0.00025 0.0004583333333333333
1563 0.001666666666666667 0.00025 0.0005
1564 0.001666666666666667 0.00025 0.0005416666666666668
1565 0.001666666666666667 0.00025 0.0005833333333333334
1566 0.001666666666666667 0.00025 0.000625
1567 0.001666666666666667 0.00025 0.0006666666666666666
1568 0.001666666666666667 0.00025 0.0007083333333333334
1569 0.001666666666666667 0.00025 0.0007500000000000001
1570 0.001666666666666667 0.00025 0.0007916666666666666
1571 0.001666666666666667 0.00025 0.0008333333333333334
1572 0.001666666666666667 0.00025 0.000875
1573 0.001666666666666667 0.00025 0.0009166666666666666
1574 0.001666666666666667 0.00025 0.0009583333333333333
1575 0.001666666666666667 0.00025 0.001
1576 0.00175 0 0
1577 0.00175 0 4.166666666666667e-05
1578 0.00175 0 8.333333333333333e-05
1579 0.00175 0 0.000125
1580 0.00175 0 0.0001666666666666667
1581 0.00175 0 0.0002083333333333333
1582 0.00175 0 0.00025
1583 0.00175 0 0.0002916666666666667
1584 0.00175 0 0.0003333333333333333
1585 0.00175 0 0.0003750000000000001
1586 0.00175 0 0.0004166666666666667
1587 0.00175 0 0.0004583333333333333
1588 0.00175 0 0.0005
1589 0.00175 0 0.0005416666666666668
1590 0.00175 0 0.0005833333333333334
1591 0.00175 0 0.000625
1592 0.00175 0 0.0006666666666666666
1593 0.00175 0 0.0007083333333333334
1594 0.00175 0 0.0007500000000000001
1595 0.00175 0 0.0007916666666666666
1596 0.00175 0 0.0008333333333333334
1597 0.00175 0 0.000875
1598 0.00175 0 0.0009166666666666666
1599 0.00175 0 0.0009583333333333333
1600 0.00175 0 0.001
1601 0.00175 0.000125 0
1602 0.00175 0.000125 4.166666666666667e-05
1603 0.00175 0.000125 8.333333333333333e-05
1604 0.00175 0.000125 0.000125
1605 0.00175 0.000125 0.0001666666666666667
1606 0.00175 0.000125 0.0002083333333333333
1607 0.00175 0.000125 0.00025
1608 0.00175 0.000125 0.0002916666666666667
1609 0.00175 0.000125 0.0003333333333333333
1610 0.00175 0.000125 0.0003750000000000001
1611 0.00175 0.000125 0.0004166666666666667
1612 0.00175 0.000125 0.0004583333333333333
1613 0.00175 0.000125 0.0005
1614 0.00175 0.000125 0.0005416666666666668
1615 0.00175 0.000125 0.0005833333333333334
1616 0.00175 0.000125 0.000625
1617 0.00175 0.000125 0.0006666666666666666
1618 0.00175 0.000125 0.0007083333333333334
1619 0.00175 0.000125 0.0007500000000000001
1620 0.00175 0.000125 0.0007916666666666666
1621 0.00175 0.000125 0.0008333333333333334
1622 0.00175 0.000125 0.000875
1623 0.00175 0.000125 0.0009166666666666666
1624 0.00175 0.000125 0.0009583333333333333
1625 0.00175 0.000125 0.001
1626 0.00175 0.00025 0
1627 0.00175 0.00025 4.166666666666667e-05
1628 0.00175 0.00025 8.333333333333333e-05
1629 0.00175 0.00025 0.000125
1630 0.00175 0.00025 0.0001666666666666667
1631 0.00175 0.00025 0.0002083333333333333
1632 0.00175 0.00025 0.00025
1633 0.00175 0.00025 0.0002916666666666667
1634 0.00175 0.00025 0.0003333333333333333
1635 0.00175 0.00025 0.0003750000000000001
1636 0.00175 0.00025 0.0004166666666666667
1637 0.00175 0.00025 0.0004583333333333333
1638 0.00175 0.00025 0.0005
1639 0.00175 0.00025 0.0005416666666666668
1640 0.00175 0.00025 0.0005833333333333334
1641 0.00175 0.00025 0.000625
1642 0.00175 0.00025 0.0006666666666666666
1643 0.00175 0.00025 0.0007083333333333334
1644 0.00175 0.00025 0.0007500000000000001
1645 0.00175 0.00025 0.0007916666666666666
1646 0.00175 0.00025 0.0008333333333333334
1647 0.00175 0.00025 0.000875
1648 0.00175 0.00025 0.0009166666666666666
1649 0.00175 0.00025 0.0009583333333333333
1650 0.00175 0.00025 0.001
1651 0.001833333333333333 0 0
1652 0.001833333333333333 0 4.166666666666667e-05
1653 0.001833333333333333 0 8.333333333333333e-05
1654 0.001833333333333333 0 0.000125
1655 0.001833333333333333 0 0.0001666666666666667
1656 0.001833333333333333 0 0.0002083333333333333
1657 0.001833333333333333 0 0.00025
1658 0.001833333333333333 0 0.0002916666666666667
1659 0.001833333333333333 0 0.0003333333333333333
1660 0.001833333333333333 0 0.0003750000000000001
1661 0.001833333333333333 0 0.0004166666666666667
1662 0.001833333333333333 0 0.0004583333333333333
1663 0.001833333333333333 0 0.0005
1664 0.001833333333333333 0 0.0005416666666666668
1665 0.001833333333333333 0 0.0005833333333333334
1666 0.001833333333333333 0 0.000625
1667 0.001833333333333333 0 0.0006666666666666666
1668 0.001833333333333333 0 0.0007083333333333334
1669 0.001833333333333333 0 0.0007500000000000001
1670 0.001833333333333333 0 0.0007916666666666666
1671 0.001833333333333333 0 0.0008333333333333334
1672 0.001833333333333333 0 0.000875
1673 0.001833333333333333 0 0.0009166666666666666
1674 0.001833333333333333 0 0.0009583333333333333
1675 0.001833333333333333 0 0.001
1676 0.001833333333333333 0.000125 0
1677 0.001833333333333333 0.000125 4.166666666666667e-05
1678 0.001833333333333333 0.000125 8.333333333333333e-05
1679 0.001833333333333333 0.000125 0.000125
1680 0.001833333333333333 0.000125 0.0001666666666666667
1681 0.001833333333333333 0.000125 0.0002083333333333333
1682 0.001833333333333333 0.000125 0.00025
1683 0.001833333333333333 0.000125 0.0002916666666666667
1684 0.001833333333333333 0.000125 0.0003333333333333333
1685 0.001833333333333333 0.000125 0.0003750000000000001
1686 0.001833333333333333 0.000125 0.0004166666666666667
1687 0.001833333333333333 0.000125 0.0004583333333333333
1688 0.001833333333333333 0.000125 0.0005
1689 0.001833333333333333 0.000125 0.0005416666666666668
1690 0.001833333333333333 0.000125 0.0005833333333333334
1691 0.001833333333333333 0.000125 0.000625
1692 0.001833333333333333 0.000125 0.0006666666666666666
1693 0.001833333333333333 0.000125 0.0007083333333333334
1694 0.001833333333333333 0.000125 0.0007500000000000001
1695 0.001833333333333333 0.000125 0.0007916666666666666
1696 0.001833333333333333 0.000125 0.0008333333333333334
1697 0.001833333333333333 0.000125 0.000875
1698 0.001833333333333333 0.000125 0.0009166666666666666
1699 0.001833333333333333 0.000125 0.0009583333333333333
1700 0.001833333333333333 0.000125 0.001
1701 0.001833333333333333 0.00025 0
1702 0.001833333333333333 0.00025 4.166666666666667e-05
1703 0.001833333333333333 0.00025 8.333333333333333e-05
1704 0.001833333333333333 0.00025 0.000125
1705 0.001833333333333333 0.00025 0.0001666666666666667
1706 0.001833333333333333 0.00025 0.0002083333333333333
1707 0.001833333333333333 0.00025 0.00025
1708 0.001833333333333333 0.00025 0.0002916666666666667
1709 0.001833333333333333 0.00025 0.0003333333333333333
1710 0.001833333333333333 0.00025 0.0003750000000000001
1711 0.001833333333333333 0.00025 0.0004166666666666667
1712 0.001833333333333333 0.00025 0.0004583333333333333
1713 0.001833333333333333 0.00025 0.0005
1714 0.001833333333333333 0.00025 0.0005416666666666668
1715 0.001833333333333333 0.00025 0.0005833333333333334
1716 0.001833333333333333 0.00025 0.000625
1717 0.001833333333333333 0.00025 0.0006666666666666666
1718 0.001833333333333333 0.00025 0.0007083333333333334
1719 0.001833333333333333 0.00025 0.0007500000000000001
1720 0.001833333333333333 0.00025 0.0007916666666666666
1721 0.001833333333333333 0.00025 0.0008333333333333334
1722 0.001833333333333333 0.00025 0.000875
1723 0.001833333333333333 0.00025 0.0009166666666666666
1724 0.001833333333333333 0.00025 0.0009583333333333333
1725 0.001833333333333333 0.00025 0.001
1726 0.001916666666666667 0 0
1727 0.001916666666666667 0 4.166666666666667e-05
1728 0.001916666666666667 0 8.333333333333333e-05
1729 0.001916666666666667 0 0.000125
1730 0.001916666666666667 0 0.0001666666666666667
1731 0.001916666666666667 0 0.0002083333333333333
1732 0.001916666666666667 0 0.00025
1733 0.001916666666666667 0 0.0002916666666666667
1734 0.001916666666666667 0 0.0003333333333333333
1735 0.001916666666666667 0 0.0003750000000000001
1736 0.001916666666666667 0 0.0004166666666666667
1737 0.001916666666666667 0 0.0004583333333333333
1738 0.001916666666666667 0 0.0005
1739 0.001916666666666667 0 0.0005416666666666668
1740 0.001916666666666667 0 0.0005833333333333334
1741 0.001916666666666667 0 0.000625
1742 0.001916666666666667 0 0.0006666666666666666
1743 0.001916666666666667 0 0.0007083333333333334
1744 0.001916666666666667 0 0.0007500000000000001
1745 0.001916666666666667 0 0.0007916666666666666
1746 0.001916666666666667 0 0.0008333333333333334
1747 0.001916666666666667 0 0.000875
1748 0.001916666666666667 0 0.0009166666666666666
1749 0.001916666666666667 0 0.0009583333333333333
1750 0.001916666666666667 0 0.001
1751 0.001916666666666667 0.000125 0
1752 0.001916666666666667 0.000125 4.166666666666667e-05
1753 0.001916666666666667 0.000125 8.333333333333333e-05
1754 0.001916666666666667 0.000125 0.000125
1755 0.001916666666666667 0.000125 0.0001666666666666667
1756 0.001916666666666667 0.000125 0.0002083333333333333
1757 0.001916666666666667 0.000125 0.00025
1758 0.001916666666666667 0.000125 0.0002916666666666667
1759 0.001916666666666667 0.000125 0.0003333333333333333
1760 0.001916666666666667 0.000125 0.0003750000000000001
1761 0.001916666666666667 0.000125 0.0004166666666666667
1762 0.001916666666666667 0.000125 0.0004583333333333333
1763 0.001916666666666667 0.000125 0.0005
1764 0.001916666666666667 0.000125 0.0005416666666666668
1765 0.001916666666666667 0.000125 0.0005833333333333334
1766 0.001916666666666667 0.000125 0.000625
1767 0.001916666666666667 0.000125 0.0006666666666666666
1768 0.001916666666666667 0.000125 0.0007083333333333334
1769 0.001916666666666667 0.000125 0.0007500000000000001
1770 0.001916666666666667 0.000125 0.0007916666666666666
1771 0.001916666666666667 0.000125 0.0008333333333333334
1772 0.001916666666666667 0.000125 0.000875
1773 0.001916666666666667 0.000125 0.0009166666666666666
1774 0.001916666666666667 0.000125 0.0009583333333333333
1775 0.001916666666666667 0.000125 0.001
1776 0.001916666666666667 0.00025 0
1777 0.001916666666666667 0.00025 4.166666666666667e-05
1778 0.001916666666666667 0.00025 8.333333333333333e-05
1779 0.001916666666666667 0.00025 0.000125
1780 0.001916666666666667 0.00025 0.0001666666666666667
1781 0.001916666666666667 0.00025 0.0002083333333333333
1782 0.001916666666666667 0.00025 0.00025
1783 0.001916666666666667 0.00025 0.0002916666666666667
1784 0.001916666666666667 0.00025 0.0003333333333333333
1785 0.001916666666666667 0.00025 0.0003750000000000001
1786 0.001916666666666667 0.00025 0.0004166666666666667
1787 0.001916666666666667 0.00025 0.0004583333333333333
1788 0.001916666666666667 0.00025 0.0005
1789 0.001916666666666667 0.00025 0.0005416666666666668
1790 0.001916666666666667 0.00025 0.0005833333333333334
1791 0.001916666666666667 0.00025 0.000625
1792 0.001916666666666667 0.00025 0.0006666666666666666
1793 0.001916666666666667 0.00025 0.0007083333333333334
1794 0.001916666666666667 0.00025 0.0007500000000000001
1795 0.001916666666666667 0.00025 0.0007916666666666666
1796 0.001916666666666667 0.00025 0.0008333333333333334
1797 0.001916666666666667 0.00025 0.000875
1798 0.001916666666666667 0.00025 0.0009166666666666666
1799 0.001916666666666667 0.00025 0.0009583333333333333
1800 0.001916666666666667 0.00025 0.001
1801 0.002 0 0
1802 0.002 0 4.166666666666667e-05
1803 0.002 0 8.333333333333333e-05
1804 0.002 0 0.000125
1805 0.002 0 0.0001666666666666667
1806 0.002 0 0.0002083333333333333
1807 0.002 0 0.00025
1808 0.002 0 0.0002916666666666667
1809 0.002 0 0.0003333333333333333
1810 0.002 0 0.0003750000000000001
1811 0.002 0 0.0004166666666666667
1812 0.002 0 0.0004583333333333333
1813 0.002 0 0.0005
1814 0.002 0 0.0005416666666666668
1815 0.002 0 0.0005833333333333334
1816 0.002 0 0.000625
1817 0.002 0 0.0006666666666666666
1818 0.002 0 0.0007083333333333334
1819 0.002 0 0.0007500000000000001
1820 0.002 0 0.0007916666666666666
1821 0.002 0 0.0008333333333333334
1822 0.002 0 0.000875
1823 0.002 0 0.0009166666666666666
1824 0.002 0 0.0009583333333333333
1825 0.002 0 0.001
1826 0.002 0.000125 0
1827 0.002 0.000125 4.166666666666667e-05
1828 0.002 0.000125 8.333333333333333e-05
1829 0.002 0.000125 0.000125
1830 0.002 0.000125 0.0001666666666666667
1831 0.002 0.000125 0.0002083333333333333
1832 0.002 0.000125 0.00025
1833 0.002 0.000125 0.0002916666666666667
1834 0.002 0.000125 0.0003333333333333333
1835 0.002 0.000125 0.0003750000000000001
1836 0.002 0.000125 0.0004166666666666667
1837 0.002 0.000125 0.0004583333333333333
1838 0.002 0.000125 0.0005
1839 0.002 0.000125 0.0005416666666666668
1840 0.002 0.000125 0.0005833333333333334
1841 0.002 0.000125 0.000625
1842 0.002 0.000125 0.0006666666666666666
1843 0.002 0.000125 0.0007083333333333334
1844 0.002 0.000125 0.0007500000000000001
1845 0.002 0.000125 0.0007916666666666666
1846 0.002 0.000125 0.0008333333333333334
1847 0.002 0.000125 0.000875
1848 0.002 0.000125 0.0009166666666666666
1849 0.002 0.000125 0.0009583333333333333
1850 0.002 0.000125 0.001
1851 0.002 0.00025 0
1852 0.002 0.00025 4.166666666666667e-05
1853 0.002 0.00025 8.333333333333333e-05
1854 0.002 0.00025 0.000125
1855 0.002 0.00025 0.0001666666666666667
1856 0.002 0.00025 0.0002083333333333333
1857 0.002 0.00025 0.00025
1858 0.002 0.00025 0.0002916666666666667
1859 0.002 0.00025 0.0003333333333333333
1860 0.002 0.00025 0.0003750000000000001
1861 0.002 0.00025 0.0004166666666666667
1862 0.002 0.00025 0.0004583333333333333
1863 0.002 0.00025 0.0005
1864 0.002 0.00025 0.0005416666666666668
1865 0.002 0.00025 0.0005833333333333334
1866 0.002 0.00025 0.000625
1867 0.002 0.00025 0.0006666666666666666
1868 0.002 0.00025 0.0007083333333333334
1869 0.002 0.00025 0.0007500000000000001
1870 0.002 0.00025 0.0007916666666666666
1871 0.002 0.00025 0.0008333333333333334
1872 0.002 0.00025 0.000875
1873 0.002 0.00025 0.0009166666666666666
1874 0.002 0.00025 0.0009583333333333333
1875 0.002 0.00025 0.001
$EndNodes
$Elements
5088
1 6 2 1 1 1 76 101 2 77 102
2 6 2 1 1 1 101 26 2 102 27
3 6 2 1 1 2 77 102 3 78 103
4 6 2 1 1 2 102 27 3 103 28
5 6 2 1 1 3 78 103 4 79 104
6 6 2 1 1 3 103 28 4 104 29
7 6 2 1 1 4 79 104 5 80 105
8 6 2 1 1 4 104 29 5 105 30
9 6 2 1 1 5 80 105 6 81 106
10 6 2 1 1 5 105 30 6 106 31
11 6 2 1 1 6 81 106 7 82 107
12 6 2 1 1 6 106 31 7 107 32
13 6 2 1 1 7 82 107 8 83 108
14 6 2 1 1 7 107 32 8 108 33
15 6 2 1 1 8 83 108 9 84 109
16 6 2 1 1 8 108 33 9 109 34
17 6 2 1 1 9 84 109 10 85 110
18 6 2 1 1 9 109 34 10 110 35
19 6 2 1 1 10 85 110 11 86 111
20 6 2 1 1 10 110 35 11 111 36
21 6 2 1 1 11 86 111 12 87 112
22 6 2 1 1 11 111 36 12 112 37
23 6 2 1 1 12 87 112 13 88 113
24 6 2 1 1 12 112 37 13 113 38
25 4 2 2 2 13 88 113 114
26 4 2 2 2 13 88 114 89
27 4 2 2 2 13 89 114 14
28 4 2 2 2 13 113 38 39
29 4 2 2 2 13 113 39 114
30 4 2 2 2 13 114 39 14
31 4 2 2 2 14 89 114 115
32 4 2 2 2 14 89 115 90
33 4 2 2 2 14 90 115 15
34 4 2 2 2 14 114 39 40
35 4 2 2 2 14 114 40 115
36 4 2 2 2 14 115 40 15
37 4 2 2 2 15 90 115 116
38 4 2 2 2 15 90 116 91
39 4 2 2 2 15 91 116 16
40 4 2 2 2 15 115 40 41
41 4 2 2 2 15 115 41 116
42 4 2 2 2 15 116 41 16
43 4 2 2 2 16 91 116 117
44 4 2 2 2 16 91 117 92
45 4 2 2 2 16 92 117 17
46 4 2 2 2 16 116 41 42
47 4 2 2 2 16 116 42 117
48 4 2 2 2 16 117 42 17
49 4 2 2 2 17 92 117 118
50 4 2 2 2 17 92 118 93
51 4 2 2 2 17 93 118 18
52 4 2 2 2 17 117 42 43
53 4 2 2 2 17 117 43 118
54 4 2 2 2 17 118 43 18
55 4 2 2 2 18 93 118 119
56 4 2 2 2 18 93 119 94
57 4 2 2 2 18 94 119 19
58 4 2 2 2 18 118 43 44
59 4 2 2 2 18 118 44 119
60 4 2 2 2 18 119 44 19
61 4 2 2 2 19 94 119 120
62 4 2 2 2 19 94 120 95
63 4 2 2 2 19 95 120 20
64 4 2 2 2 19 119 44 45
65 4 2 2 2 19 119 45 120
66 4 2 2 2 19 120 45 20
67 4 2 2 2 20 95 120 121
68 4 2 2 2 20 95 121 96
69 4 2 2 2 20 96 121 21
70 4 2 2 2 20 120 45 46
71 4 2 2 2 20 120 46 121
72 4 2 2 2 20 121 46 21
73 4 2 2 2 21 96 121 122
74 4 2 2 2 21 96 122 97
75 4 2 2 2 21 97 122 22
76 4 2 2 2 21 121 46 47
77 4 2 2 2 21 121 47 122
78 4 2 2 2 21 122 47 22
79 4 2 2 2 22 97 122 123
80 4 2 2 2 22 97 123 98
81 4 2 2 2 22 98 123 23
82 4 2 2 2 22 122 47 48
83 4 2 2 2 22 122 48 123
84 4 2 2 2 22 123 48 23
85 4 2 2 2 23 98 123 124
86 4 2 2 2 23 98 124 99
87 4 2 2 2 23 99 124 24
88 4 2 2 2 23 123 48 49
89 4 2 2 2 23 123 49 124
90 4 2 2 2 23 124 49 24
91 4 2 2 2 24 99 124 125
92 4 2 2 2 24 99 125 100
93 4 2 2 2 24 100 125 25
94 4 2 2 2 24 124 49 50
95 4 2 2 2 24 124 50 125
96 4 2 2 2 24 125 50 25
97 6 2 1 1 26 101 126 27 102 127
98 6 2 1 1 26 126 51 27 127 52
99 6 2 1 1 27 102 127 28 103 128
100 6 2 1 1 27 127 52 28 128 53
101 6 2 1 1 28 103 128 29 104 129
102 6 2 1 1 28 128 53 29 129 54
103 6 2 1 1 29 104 129 30 105 130
104 6 2 1 1 29 129 54 30 130 55
105 6 2 1 1 30 105 130 31 106 131
106 6 2 1 1 30 130 55 31 131 56
107 6 2 1 1 31 106 131 32 107 132
108 6 2 1 1 31 131 56 32 132 57
109 6 2 1 1 32 107 132 33 108 133
110 6 2 1 1 32 132 57 33 133 58
111 6 2 1 1 33 108 133 34 109 134
112 6 2 1 1 33 133 58 34 134 59
113 6 2 1 1 34 109 134 35 110 135
114 6 2 1 1 34 134 59 35 135 60
115 6 2 1 1 35 110 135 36 111 136
116 6 2 1 1 35 135 60 36 136 61
117 6 2 1 1 36 111 136 37 112 137
118 6 2 1 1 36 136 61 37 137 62
119 6 2 1 1 37 112 137 38 113 138
120 6 2 1 1 37 137 62 38 138 63
121 4 2 2 2 38 113 138 139
122 4 2 2 2 38 113 139 114
123 4 2 2 2 38 114 139 39
124 4 2 2 2 38 138 63 64
125 4 2 2 2 38 138 64 139
126 4 2 2 2 38 139 64 39
127 4 2 2 2 39 114 139 140
128 4 2 2 2 39 114 140 115
129 4 2 2 2 39 115 140 40
130 4 2 2 2 39 139 64 65
131 4 2 2 2 39 139 65 140
132 4 2 2 2 39 140 65 40
133 4 2 2 2 40 115 140 141
134 4 2 2 2 40 115 141 116
135 4 2 2 2 40 116 141 41
136 4 2 2 2 40 140 65 66
137 4 2 2 2 40 140 66 141
138 4 2 2 2 40 141 66 41
139 4 2 2 2 41 116 141 142
140 4 2 2 2 41 116 142 117
141 4 2 2 2 41 117 142 42
142 4 2 2 2 41 141 66 67
143 4 2 2 2 41 141 67 142
144 4 2 2 2 41 142 67 42
145 4 2 2 2 42 117 142 143
146 4 2 2 2 42 117 143 118
147 4 2 2 2 42 118 143 43
148 4 2 2 2 42 142 67 68
149 4 2 2 2 42 142 68 143
150 4 2 2 2 42 143 68 43
151 4 2 2 2 43 118 143 144
152 4 2 2 2 43 118 144 119
153 4 2 2 2 43 119 144 44
154 4 2 2 2 43 143 68 69
155 4 2 2 2 43 143 69 144
156 4 2 2 2 43 144 69 44
157 4 2 2 2 44 119 144 145
158 4 2 2 2 44 119 145 120
159 4 2 2 2 44 120 145 45
160 4 2 2 2 44 144 69 70
161 4 2 2 2 44 144 70 145
162 4 2 2 2 44 145 70 45
163 4 2 2 2 45 120 145 146
164 4 2 2 2 45 120 146 121
165 4 2 2 2 45 121 146 46
166 4 2 2 2 45 145 70 71
167 4 2 2 2 45 145 71 146
168 4 2 2 2 45 146 71 46
169 4 2 2 2 46 121 146 147
170 4 2 2 2 46 121 147 122
171 4 2 2 2 46 122 147 47
172 4 2 2 2 46 146 71 72
173 4 2 2 2 46 146 72 147
174 4 2 2 2 46 147 72 47
175 4 2 2 2 47 122 147 148
176 4 2 2 2 47 122 148 123
177 4 2 2 2 47 123 148 48
178 4 2 2 2 47 147 72 73
179 4 2 2 2 47 147 73 148
180 4 2 2 2 47 148 73 48
181 4 2 2 2 48 123 148 149
182 4 2 2 2 48 123 149 124
183 4 2 2 2 48 124 149 49
184 4 2 2 2 48 148 73 74
185 4 2 2 2 48 148 74 149
186 4 2 2 2 48 149 74 49
187 4 2 2 2 49 124 149 150
188 4 2 2 2 49 124 150 125
189 4 2 2 2 49 125 150 50
190 4 2 2 2 49 149 74 75
191 4 2 2 2 49 149 75 150
192 4 2 2 2 49 150 75 50
193 6 2 1 1 76 151 176 77 152 177
194 6 2 1 1 76 176 101 77 177 102
195 6 2 1 1 77 152 177 78 153 178
196 6 2 1 1 77 177 102 78 178 103
197 6 2 1 1 78 153 178 79 154 179
198 6 2 1 1 78 178 103 79 179 104
199 6 2 1 1 79 154 179 80 155 180
200 6 2 1 1 79 179 104 80 180 105
201 6 2 1 1 80 155 180 81 156 181
202 6 2 1 1 80 180 105 81 181 106
203 6 2 1 1 81 156 181 82 157 182
204 6 2 1 1 81 181 106 82 182 107
205 6 2 1 1 82 157 182 83 158 183
206 6 2 1 1 82 182 107 83 183 108
207 6 2 1 1 83 158 183 84 159 184
208 6 2 1 1 83 183 108 84 184 109
209 6 2 1 1 84 159 184 85 160 185
210 6 2 1 1 84 184 109 85 185 110
211 6 2 1 1 85 160 185 86 161 186
212 6 2 1 1 85 185 110 86 186 111
213 6 2 1 1 86 161 186 87 162 187
214 6 2 1 1 86 186 111 87 187 112
215 6 2 1 1 87 162 187 88 163 188
216 6 2 1 1 87 187 112 88 188 113
217 4 2 2 2 88 163 188 189
218 4 2 2 2 88 163 189 164
219 4 2 2 2 88 164 189 89
220 4 2 2 2 88 188 113 114
221 4 2 2 2 88 188 114 189
222 4 2 2 2 88 189 114 89
223 4 2 2 2 89 164 189 190
224 4 2 2 2 89 164 190 165
225 4 2 2 2 89 165 190 90
226 4 2 2 2 89 189 114 115
227 4 2 2 2 89 189 115 190
228 4 2 2 2 89 190 115 90
229 4 2 2 2 90 165 190 191
230 4 2 2 2 90 165 191 166
231 4 2 2 2 90 166 191 91
232 4 2 2 2 90 190 115 116
233 4 2 2 2 90 190 116 191
234 4 2 2 2 90 191 116 91
235 4 2 2 2 91 166 191 192
236 4 2 2 2 91 166 192 167
237 4 2 2 2 91 167 192 92
238 4 2 2 2 91 191 116 117
239 4 2 2 2 91 191 117 192
240 4 2 2 2 91 192 117 92
241 4 2 2 2 92 167 192 193
242 4 2 2 2 92 167 193 168
243 4 2 2 2 92 168 193 93
244 4 2 2 2 92 192 117 118
245 4 2 2 2 92 192 118 193
246 4 2 2 2 92 193 118 93
247 4 2 2 2 93 168 193 194
248 4 2 2 2 93 168 194 169
249 4 2 2 2 93 169 194 94
250 4 2 2 2 93 193 118 119
251 4 2 2 2 93 193 119 194
252 4 2 2 2 93 194 119 94
253 4 2 2 2 94 169 194 195
254 4 2 2 2 94 169 195 170
255 4 2 2 2 94 170 195 95
256 4 2 2 2 94 194 119 120
257 4 2 2 2 94 194 120 195
258 4 2 2 2 94 195 120 95
259 4 2 2 2 95 170 195 196
260 4 2 2 2 95 170 196 171
261 4 2 2 2 95 171 196 96
262 4 2 2 2 95 195 120 121
263 4 2 2 2 95 195 121 196
264 4 2 2 2 95 196 121 96
265 4 2 2 2 96 171 196 197
266 4 2 2 2 96 171 197 172
267 4 2 2 2 96 172 197 97
268 4 2 2 2 96 196 121 122
269 4 2 2 2 96 196 122 197
270 4 2 2 2 96 197 122 97
271 4 2 2 2 97 172 197 198
272 4 2 2 2 97 172 198 173
273 4 2 2 2 97 173 198 98
274 4 2 2 2 97 197 122 123
275 4 2 2 2 97 197 123 198
276 4 2 2 2 97 198 123 98
277 4 2 2 2 98 173 198 199
278 4 2 2 2 98 173 199 174
279 4 2 2 2 98 174 199 99
280 4 2 2 2 98 198 123 124
281 4 2 2 2 98 198 124 199
282 4 2 2 2 98 199 124 99
283 4 2 2 2 99 174 199 200
284 4 2 2 2 99 174 200 175
285 4 2 2 2 99 175 200 100
286 4 2 2 2 99 199 124 125
287 4 2 2 2 99 199 125 200
288 4 2 2 2 99 200 125 100
289 6 2 1 1 101 176 201 102 177 202
290 6 2 1 1 101 201 126 102 202 127
291 6 2 1 1 102 177 202 103 178 203
292 6 2 1 1 102 202 127 103 203 128
293 6 2 1 1 103 178 203 104 179 204
294 6 2 1 1 103 203 128 104 204 129
295 6 2 1 1 104 179 204 105 180 205
296 6 2 1 1 104 204 129 105 205 130
297 6 2 1 1 105 180 205 106 181 206
298 6 2 1 1 105 205 130 106 206 131
299 6 2 1 1 106 181 206 107 182 207
300 6 2 1 1 106 206 131 107 207 132
301 6 2 1 1 107 182 207 108 183 208
302 6 2 1 1 107 207 132 108 208 133
303 6 2 1 1 108 183 208 109 184 209
304 6 2 1 1 108 208 133 109 209 134
305 6 2 1 1 109 184 209 110 185 210
306 6 2 1 1 109 209 134 110 210 135
307 6 2 1 1 110 185 210 111 186 211
308 6 2 1 1 110 210 135 111 211 136
309 6 2 1 1 111 186 211 112 187 212
310 6 2 1 1 111 211 136 112 212 137
311 6 2 1 1 112 187 212 113 188 213
312 6 2 1 1 112 212 137 113 213 138
313 4 2 2 2 113 188 213 214
314 4 2 2 2 113 188 214 189
315 4 2 2 2 113 189 214 114
316 4 2 2 2 113 213 138 139
317 4 2 2 2 113 213 139 214
318 4 2 2 2 113 214 139 114
319 4 2 2 2 114 189 214 215
320 4 2 2 2 114 189 215 190
321 4 2 2 2 114 190 215 115
322 4 2 2 2 114 214 139 140
323 4 2 2 2 114 214 140 215
324 4 2 2 2 114 215 140 115
325 4 2 2 2 115 190 215 216
326 4 2 2 2 115 190 216 191
327 4 2 2 2 115 191 216 116
328 4 2 2 2 115 215 140 141
329 4 2 2 2 115 215 141 216
330 4 2 2 2 115 216 141 116
331 4 2 2 2 116 191 216 217
332 4 2 2 2 116 191 217 192
333 4 2 2 2 116 192 217 117
334 4 2 2 2 116 216 141 142
335 4 2 2 2 116 216 142 217
336 4 2 2 2 116 217 142 117
337 4 2 2 2 117 192 217 218
338 4 2 2 2 117 192 218 193
339 4 2 2 2 117 193 218 118
340 4 2 2 2 117 217 142 143
341 4 2 2 2 117 217 143 218
342 4 2 2 2 117 218 143 118
343 4 2 2 2 118 193 218 219
344 4 2 2 2 118 193 219 194
345 4 2 2 2 118 194 219 119
346 4 2 2 2 118 218 143 144
347 4 2 2 2 118 218 144 219
348 4 2 2 2 118 219 144 119
349 4 2 2 2 119 194 219 220
350 4 2 2 2 119 194 220 195
351 4 2 2 2 119 195 220 120
352 4 2 2 2 119 219 144 145
353 4 2 2 2 119 219 145 220
354 4 2 2 2 119 220 145 120
355 4 2 2 2 120 195 220 221
356 4 2 2 2 120 195 221 196
357 4 2 2 2 120 196 221 121
358 4 2 2 2 120 220 145 146
359 4 2 2 2 120 220 146 221
360 4 2 2 2 120 221 146 121
361 4 2 2 2 121 196 221 222
362 4 2 2 2 121 196 222 197
363 4 2 2 2 121 197 222 122
364 4 2 2 2 121 221 146 147
365 4 2 2 2 121 221 147 222
366 4 2 2 2 121 222 147 122
367 4 2 2 2 122 197 222 223
368 4 2 2 2 122 197 223 198
369 4 2 2 2 122 198 223 123
370 4 2 2 2 122 222 147 148
371 4 2 2 2 122 222 148 223
372 4 2 2 2 122 223 148 123
373 4 2 2 2 123 198 223 224
374 4 2 2 2 123 198 224 199
375 4 2 2 2 123 199 224 124
376 4 2 2 2 123 223 148 149
377 4 2 2 2 123 223 149 224
378 4 2 2 2 123 224 149 124
379 4 2 2 2 124 199 224 225
380 4 2 2 2 124 199 225 200
381 4 2 2 2 124 200 225 125
382 4 2 2 2 124 224 149 150
383 4 2 2 2 124 224 150 225
384 4 2 2 2 124 225 150 125
385 6 2 1 1 151 226 251 152 227 252
386 6 2 1 1 151 251 176 152 252 177
387 6 2 1 1 152 227 252 153 228 253
388 6 2 1 1 152 252 177 153 253 178
389 6 2 1 1 153 228 253 154 229 254
390 6 2 1 1 153 253 178 154 254 179
391 6 2 1 1 154 229 254 155 230 255
392 6 2 1 1 154 254 179 155 255 180
393 6 2 1 1 155 230 255 156 231 256
394 6 2 1 1 155 255 180 156 256 181
395 6 2 1 1 156 231 256 157 232 257
396 6 2 1 1 156 256 181 157 257 182
397 6 2 1 1 157 232 257 158 233 258
398 6 2 1 1 157 257 182 158 258 183
399 6 2 1 1 158 233 258 159 234 259
400 6 2 1 1 158 258 183 159 259 184
401 6 2 1 1 159 234 259 160 235 260
402 6 2 1 1 159 259 184 160 260 185
403 6 2 1 1 160 235 260 161 236 261
404 6 2 1 1 160 260 185 161 261 186
405 6 2 1 1 161 236 261 162 237 262
406 6 2 1 1 161 261 186 162 262 187
407 6 2 1 1 162 237 262 163 238 263
408 6 2 1 1 162 262 187 163 263 188
409 4 2 2 2 163 238 263 264
410 4 2 2 2 163 238 264 239
411 4 2 2 2 163 239 264 164
412 4 2 2 2 163 263 188 189
413 4 2 2 2 163 263 189 264
414 4 2 2 2 163 264 189 164
415 4 2 2 2 164 239 264 265
416 4 2 2 2 164 239 265 240
417 4 2 2 2 164 240 265 165
418 4 2 2 2 164 264 189 190
419 4 2 2 2 164 264 190 265
420 4 2 2 2 164 265 190 165
421 4 2 2 2 165 240 265 266
422 4 2 2 2 165 240 266 241
423 4 2 2 2 165 241 266 166
424 4 2 2 2 165 265 190 191
425 4 2 2 2 165 265 191 266
426 4 2 2 2 165 266 191 166
427 4 2 2 2 166 241 266 267
428 4 2 2 2 166 241 267 242
429 4 2 2 2 166 242 267 167
430 4 2 2 2 166 266 191 192
431 4 2 2 2 166 266 192 267
432 4 2 2 2 166 267 192 167
433 4 2 2 2 167 242 267 268
434 4 2 2 2 167 242 268 243
435 4 2 2 2 167 243 268 168
436 4 2 2 2 167 267 192 193
437 4 2 2 2 167 267 193 268
438 4 2 2 2 167 268 193 168
439 4 2 2 2 168 243 268 269
440 4 2 2 2 168 243 269 244
441 4 2 2 2 168 244 269 169
442 4 2 2 2 168 268 193 194
443 4 2 2 2 168 268 194 269
444 4 2 2 2 168 269 194 169
445 4 2 2 2 169 244 269 270
446 4 2 2 2 169 244 270 245
447 4 2 2 2 169 245 270 170
448 4 2 2 2 169 269 194 195
449 4 2 2 2 169 269 195 270
450 4 2 2 2 169 270 195 170
451 4 2 2 2 170 245 270 271
452 4 2 2 2 170 245 271 246
453 4 2 2 2 170 246 271 171
454 4 2 2 2 170 270 195 196
455 4 2 2 2 170 270 196 271
456 4 2 2 2 170 271 196 171
457 4 2 2 2 171 246 271 272
458 4 2 2 2 171 246 272 247
459 4 2 2 2 171 247 272 172
460 4 2 2 2 171 271 196 197
461 4 2 2 2 171 271 197 272
462 4 2 2 2 171 272 197 172
463 4 2 2 2 172 247 272 273
464 4 2 2 2 172 247 273 248
465 4 2 2 2 172 248 273 173
466 4 2 2 2 172 272 197 198
467 4 2 2 2 172 272 198 273
468 4 2 2 2 172 273 198 173
469 4 2 2 2 173 248 273 274
470 4 2 2 2 173 248 274 249
471 4 2 2 2 173 249 274 174
472 4 2 2 2 173 273 198 199
473 4 2 2 2 173 273 199 274
474 4 2 2 2 173 274 199 174
475 4 2 2 2 174 249 274 275
476 4 2 2 2 174 249 275 250
477 4 2 2 2 174 250 275 175
478 4 2 2 2 174 274 199 200
479 4 2 2 2 174 274 200 275
480 4 2 2 2 174 275 200 175
481 6 2 1 1 176 251 276 177 252 277
482 6 2 1 1 176 276 201 177 277 202
483 6 2 1 1 177 252 277 178 253 278
484 6 2 1 1 177 277 202 178 278 203
485 6 2 1 1 178 253 278 179 254 279
486 6 2 1 1 178 278 203 179 279 204
487 6 2 1 1 179 254 279 180 255 280
488 6 2 1 1 179 279 204 180 280 205
489 6 2 1 1 180 255 280 181 256 281
490 6 2 1 1 180 280 205 181 281 206
491 6 2 1 1 181 256 281 182 257 282
492 6 2 1 1 181 281 206 182 282 207
493 6 2 1 1 182 257 282 183 258 283
494 6 2 1 1 182 282 207 183 283 208
495 6 2 1 1 183 258 283 184 259 284
496 6 2 1 1 183 283 208 184 284 209
497 6 2 1 1 184 259 284 185 260 285
498 6 2 1 1 184 284 209 185 285 210
499 6 2 1 1 185 260 285 186 261 286
500 6 2 1 1 185 285 210 186 286 211
501 6 2 1 1 186 261 286 187 262 287
502 6 2 1 1 186 286 211 187 287 212
503 6 2 1 1 187 262 287 188 263 288
504 6 2 1 1 187 287 212 188 288 213
505 4 2 2 2 188 263 288 289
506 4 2 2 2 188 263 289 264
507 4 2 2 2 188 264 289 189
508 4 2 2 2 188 288 213 214
509 4 2 2 2 188 288 214 289
510 4 2 2 2 188 289 214 189
511 4 2 2 2 189 264 289 290
512 4 2 2 2 189 264 290 265
513 4 2 2 2 189 265 290 190
514 4 2 2 2 189 289 214 215
515 4 2 2 2 189 289 215 290
516 4 2 2 2 189 290 215 190
517 4 2 2 2 190 265 290 291
518 4 2 2 2 190 265 291 266
519 4 2 2 2 190 266 291 191
520 4 2 2 2 190 290 215 216
521 4 2 2 2 190 290 216 291
522 4 2 2 2 190 291 216 191
523 4 2 2 2 191 266 291 292
524 4 2 2 2 191 266 292 267
525 4 2 2 2 191 267 292 192
526 4 2 2 2 191 291 216 217
527 4 2 2 2 191 291 217 292
528 4 2 2 2 191 292 217 192
529 4 2 2 2 192 267 292 293
530 4 2 2 2 192 267 293 268
531 4 2 2 2 192 268 293 193
532 4 2 2 2 192 292 217 218
533 4 2 2 2 192 292 218 293
534 4 2 2 2 192 293 218 193
535 4 2 2 2 193 268 293 294
536 4 2 2 2 193 268 294 269
537 4 2 2 2 193 269 294 194
538 4 2 2 2 193 293 218 219
539 4 2 2 2 193 293 219 294
540 4 2 2 2 193 294 219 194
541 4 2 2 2 194 269 294 295
542 4 2 2 2 194 269 295 270
543 4 2 2 2 194 270 295 195
544 4 2 2 2 194 294 219 220
545 4 2 2 2 194 294 220 295
546 4 2 2 2 194 295 220 195
547 4 2 2 2 195 270 295 296
548 4 2 2 2 195 270 296 271
549 4 2 2 2 195 271 296 196
550 4 2 2 2 195 295 220 221
551 4 2 2 2 195 295 221 296
552 4 2 2 2 195 296 221 196
553 4 2 2 2 196 271 296 297
554 4 2 2 2 196 271 297 272
555 4 2 2 2 196 272 297 197
556 4 2 2 2 196 296 221 222
557 4 2 2 2 196 296 222 297
558 4 2 2 2 196 297 222 197
559 4 2 2 2 197 272 297 298
560 4 2 2 2 197 272 298 273
561 4 2 2 2 197 273 298 198
562 4 2 2 2 197 297 222 223
563 4 2 2 2 197 297 223 298
564 4 2 2 2 197 298 223 198
565 4 2 2 2 198 273 298 299
566 4 2 2 2 198 273 299 274
567 4 2 2 2 198 274 299 199
568 4 2 2 2 198 298 223 224
569 4 2 2 2 198 298 224 299
570 4 2 2 2 198 299 224 199
571 4 2 2 2 199 274 299 300
572 4 2 2 2 199 274 300 275
573 4 2 2 2 199 275 300 200
574 4 2 2 2 199 299 224 225
575 4 2 2 2 199 299 225 300
576 4 2 2 2 199 300 225 200
577 6 2 1 1 226 301 326 227 302 327
578 6 2 1 1 226 326 251 227 327 252
579 6 2 1 1 227 302 327 228 303 328
580 6 2 1 1 227 327 252 228 328 253
581 6 2 1 1 228 303 328 229 304 329
582 6 2 1 1 228 328 253 229 329 254
583 6 2 1 1 229 304 329 230 305 330
584 6 2 1 1 229 329 254 230 330 255
585 6 2 1 1 230 305 330 231 306 331
586 6 2 1 1 230 330 255 231 331 256
587 6 2 1 1 231 306 331 232 307 332
588 6 2 1 1 231 331 256 232 332 257
589 6 2 1 1 232 307 332 233 308 333
590 6 2 1 1 232 332 257 233 333 258
591 6 2 1 1 233 308 333 234 309 334
592 6 2 1 1 233 333 258 234 334 259
593 6 2 1 1 234 309 334 235 310 335
594 6 2 1 1 234 334 259 235 335 260
595 6 2 1 1 235 310 335 236 311 336
596 6 2 1 1 235 335 260 236 336 261
597 6 2 1 1 236 311 336 237 312 337
598 6 2 1 1 236 336 261 237 337 262
599 6 2 1 1 237 312 337 238 313 338
600 6 2 1 1 237 337 262 238 338 263
601 4 2 2 2 238 313 338 339
602 4 2 2 2 238 313 339 314
603 4 2 2 2 238 314 339 239
604 4 2 2 2 238 338 263 264
605 4 2 2 2 238 338 264 339
606 4 2 2 2 238 339 264 239
607 4 2 2 2 239 314 339 340
608 4 2 2 2 239 314 340 315
609 4 2 2 2 239 315 340 240
610 4 2 2 2 239 339 264 265
611 4 2 2 2 239 339 265 340
612 4 2 2 2 239 340 265 240
613 4 2 2 2 240 315 340 341
614 4 2 2 2 240 315 341 316
615 4 2 2 2 240 316 341 241
616 4 2 2 2 240 340 265 266
617 4 2 2 2 240 340 266 341
618 4 2 2 2 240 341 266 241
619 4 2 2 2 241 316 341 342
620 4 2 2 2 241 316 342 317
621 4 2 2 2 241 317 342 242
622 4 2 2 2 241 341 266 267
623 4 2 2 2 241 341 267 342
624 4 2 2 2 241 342 267 242
625 4 2 2 2 242 317 342 343
626 4 2 2 2 242 317 343 318
627 4 2 2 2 242 318 343 243
628 4 2 2 2 242 342 267 268
629 4 2 2 2 242 342 268 343
630 4 2 2 2 242 343 268 243
631 4 2 2 2 243 318 343 344
632 4 2 2 2 243 318 344 319
633 4 2 2 2 243 319 344 244
634 4 2 2 2 243 343 268 269
635 4 2 2 2 243 343 269 344
636 4 2 2 2 243 344 269 244
637 4 2 2 2 244 319 344 345
638 4 2 2 2 244 319 345 320
639 4 2 2 2 244 320 345 245
640 4 2 2 2 244 344 269 270
641 4 2 2 2 244 344 270 345
642 4 2 2 2 244 345 270 245
643 4 2 2 2 245 320 345 346
644 4 2 2 2 245 320 346 321
645 4 2 2 2 245 321 346 246
646 4 2 2 2 245 345 270 271
647 4 2 2 2 245 345 271 346
648 4 2 2 2 245 346 271 246
649 4 2 2 2 246 321 346 347
650 4 2 2 2 246 321 347 322
651 4 2 2 2 246 322 347 247
652 4 2 2 2 246 346 271 272
653 4 2 2 2 246 346 272 347
654 4 2 2 2 246 347 272 247
655 4 2 2 2 247 322 347 348
656 4 2 2 2 247 322 348 323
657 4 2 2 2 247 323 348 248
658 4 2 2 2 247 347 272 273
659 4 2 2 2 247 347 273 348
660 4 2 2 2 247 348 273 248
661 4 2 2 2 248 323 348 349
662 4 2 2 2 248 323 349 324
663 4 2 2 2 248 324 349 249
664 4 2 2 2 248 348 273 274
665 4 2 2 2 248 348 274 349
666 4 2 2 2 248 349 274 249
667 4 2 2 2 249 324 349 350
668 4 2 2 2 249 324 350 325
669 4 2 2 2 249 325 350 250
670 4 2 2 2 249 349 274 275
671 4 2 2 2 249 349 275 350
672 4 2 2 2 249 350 275 250
673 6 2 1 1 251 326 351 252 327 352
674 6 2 1 1 251 351 276 252 352 277
675 6 2 1 1 252 327 352 253 328 353
676 6 2 1 1 252 352 277 253 353 278
677 6 2 1 1 253 328 353 254 329 354
678 6 2 1 1 253 353 278 254 354 279
679 6 2 1 1 254 329 354 255 330 355
680 6 2 1 1 254 354 279 255 355 280
681 6 2 1 1 255 330 355 256 331 356
682 6 2 1 1 255 355 280 256 356 281
683 6 2 1 1 256 331 356 257 332 357
684 6 2 1 1 256 356 281 257 357 282
685 6 2 1 1 257 332 357 258 333 358
686 6 2 1 1 257 357 282 258 358 283
687 6 2 1 1 258 333 358 259 334 359
688 6 2 1 1 258 358 283 259 359 284
689 6 2 1 1 259 334 359 260 335 360
690 6 2 1 1 259 359 284 260 360 285
691 6 2 1 1 260 335 360 261 336 361
692 6 2 1 1 260 360 285 261 361 286
693 6 2 1 1 261 336 361 262 337 362
694 6 2 1 1 261 361 286 262 362 287
695 6 2 1 1 262 337 362 263 338 363
696 6 2 1 1 262 362 287 263 363 288
697 4 2 2 2 263 338 363 364
698 4 2 2 2 263 338 364 339
699 4 2 2 2 263 339 364 264
700 4 2 2 2 263 363 288 289
701 4 2 2 2 263 363 289 364
702 4 2 2 2 263 364 289 264
703 4 2 2 2 264 339 364 365
704 4 2 2 2 264 339 365 340
705 4 2 2 2 264 340 365 265
706 4 2 2 2 264 364 289 290
707 4 2 2 2 264 364 290 365
708 4 2 2 2 264 365 290 265
709 4 2 2 2 265 340 365 366
710 4 2 2 2 265 340 366 341
711 4 2 2 2 265 341 366 266
712 4 2 2 2 265 365 290 291
713 4 2 2 2 265 365 291 366
714 4 2 2 2 265 366 291 266
715 4 2 2 2 266 341 366 367
716 4 2 2 2 266 341 367 342
717 4 2 2 2 266 342 367 267
718 4 2 2 2 266 366 291 292
719 4 2 2 2 266 366 292 367
720 4 2 2 2 266 367 292 267
721 4 2 2 2 267 342 367 368
722 4 2 2 2 267 342 368 343
723 4 2 2 2 267 343 368 268
724 4 2 2 2 267 367 292 293
725 4 2 2 2 267 367 293 368
726 4 2 2 2 267 368 293 268
727 4 2 2 2 268 343 368 369
728 4 2 2 2 268 343 369 344
729 4 2 2 2 268 344 369 269
730 4 2 2 2 268 368 293 294
731 4 2 2 2 268 368 294 369
732 4 2 2 2 268 369 294 269
733 4 2 2 2 269 344 369 370
734 4 2 2 2 269 344 370 345
735 4 2 2 2 269 345 370 270
736 4 2 2 2 269 369 294 295
737 4 2 2 2 269 369 295 370
738 4 2 2 2 269 370 295 270
739 4 2 2 2 270 345 370 371
740 4 2 2 2 270 345 371 346
741 4 2 2 2 270 346 371 271
742 4 2 2 2 270 370 295 296
743 4 2 2 2 270 370 296 371
744 4 2 2 2 270 371 296 271
745 4 2 2 2 271 346 371 372
746 4 2 2 2 271 346 372 347
747 4 2 2 2 271 347 372 272
748 4 2 2 2 271 371 296 297
749 4 2 2 2 271 371 297 372
750 4 2 2 2 271 372 297 272
751 4 2 2 2 272 347 372 373
752 4 2 2 2 272 347 373 348
753 4 2 2 2 272 348 373 273
754 4 2 2 2 272 372 297 298
755 4 2 2 2 272 372 298 373
756 4 2 2 2 272 373 298 273
757 4 2 2 2 273 348 373 374
758 4 2 2 2 273 348 374 349
759 4 2 2 2 273 349 374 274
760 4 2 2 2 273 373 298 299
761 4 2 2 2 273 373 299 374
762 4 2 2 2 273 374 299 274
763 4 2 2 2 274 349 374 375
764 4 2 2 2 274 349 375 350
765 4 2 2 2 274 350 375 275
766 4 2 2 2 274 374 299 300
767 4 2 2 2 274 374 300 375
768 4 2 2 2 274 375 300 275
769 6 2 1 1 301 376 401 302 377 402
770 6 2 1 1 301 401 326 302 402 327
771 6 2 1 1 302 377 402 303 378 403
772 6 2 1 1 302 402 327 303 403 328
773 6 2 1 1 303 378 403 304 379 404
774 6 2 1 1 303 403 328 304 404 329
775 6 2 1 1 304 379 404 305 380 405
776 6 2 1 1 304 404 329 305 405 330
777 6 2 1 1 305 380 405 306 381 406
778 6 2 1 1 305 405 330 306 406 331
779 6 2 1 1 306 381 406 307 382 407
780 6 2 1 1 306 406 331 307 407 332
781 6 2 1 1 307 382 407 308 383 408
782 6 2 1 1 307 407 332 308 408 333
783 6 2 1 1 308 383 408 309 384 409
784 6 2 1 1 308 408 333 309 409 334
785 6 2 1 1 309 384 409 310 385 410
786 6 2 1 1 309 409 334 310 410 335
787 6 2 1 1 310 385 410 311 386 411
788 6 2 1 1 310 410 335 311 411 336
789 6 2 1 1 311 386 411 312 387 412
790 6 2 1 1 311 411 336 312 412 337
791 6 2 1 1 312 387 412 313 388 413
792 6 2 1 1 312 412 337 313 413 338
793 4 2 2 2 313 388 413 414
794 4 2 2 2 313 388 414 389
795 4 2 2 2 313 389 414 314
796 4 2 2 2 313 413 338 339
797 4 2 2 2 313 413 339 414
798 4 2 2 2 313 414 339 314
799 4 2 2 2 314 389 414 415
800 4 2 2 2 314 389 415 390
801 4 2 2 2 314 390 415 315
802 4 2 2 2 314 414 339 340
803 4 2 2 2 314 414 340 415
804 4 2 2 2 314 415 340 315
805 4 2 2 2 315 390 415 416
806 4 2 2 2 315 390 416 391
807 4 2 2 2 315 391 416 316
808 4 2 2 2 315 415 340 341
809 4 2 2 2 315 415 341 416
810 4 2 2 2 315 416 341 316
811 4 2 2 2 316 391 416 417
812 4 2 2 2 316 391 417 392
813 4 2 2 2 316 392 417 317
814 4 2 2 2 316 416 341 342
815 4 2 2 2 316 416 342 417
816 4 2 2 2 316 417 342 317
817 4 2 2 2 317 392 417 418
818 4 2 2 2 317 392 418 393
819 4 2 2 2 317 393 418 318
820 4 2 2 2 317 417 342 343
821 4 2 2 2 317 417 343 418
822 4 2 2 2 317 418 343 318
823 4 2 2 2 318 393 418 419
824 4 2 2 2 318 393 419 394
825 4 2 2 2 318 394 419 319
826 4 2 2 2 318 418 343 344
827 4 2 2 2 318 418 344 419
828 4 2 2 2 318 419 344 319
829 4 2 2 2 319 394 419 420
830 4 2 2 2 319 394 420 395
831 4 2 2 2 319 395 420 320
832 4 2 2 2 319 419 344 345
833 4 2 2 2 319 419 345 420
834 4 2 2 2 319 420 345 320
835 4 2 2 2 320 395 420 421
836 4 2 2 2 320 395 421 396
837 4 2 2 2 320 396 421 321
838 4 2 2 2 320 420 345 346
839 4 2 2 2 320 420 346 421
840 4 2 2 2 320 421 346 321
841 4 2 2 2 321 396 421 422
842 4 2 2 2 321 396 422 397
843 4 2 2 2 321 397 422 322
844 4 2 2 2 321 421 346 347
845 4 2 2 2 321 421 347 422
846 4 2 2 2 321 422 347 322
847 4 2 2 2 322 397 422 423
848 4 2 2 2 322 397 423 398
849 4 2 2 2 322 398 423 323
850 4 2 2 2 322 422 347 348
851 4 2 2 2 322 422 348 423
852 4 2 2 2 322 423 348 323
853 4 2 2 2 323 398 423 424
854 4 2 2 2 323 398 424 399
855 4 2 2 2 323 399 424 324
856 4 2 2 2 323 423 348 349
857 4 2 2 2 323 423 349 424
858 4 2 2 2 323 424 349 324
859 4 2 2 2 324 399 424 425
860 4 2 2 2 324 399 425 400
861 4 2 2 2 324 400 425 325
862 4 2 2 2 324 424 349 350
863 4 2 2 2 324 424 350 425
864 4 2 2 2 324 425 350 325
865 6 2 1 1 326 401 426 327 402 427
866 6 2 1 1 326 426 351 327 427 352
867 6 2 1 1 327 402 427 328 403 428
868 6 2 1 1 327 427 352 328 428 353
869 6 2 1 1 328 403 428 329 404 429
870 6 2 1 1 328 428 353 329 429 354
871 6 2 1 1 329 404 429 330 405 430
872 6 2 1 1 329 429 354 330 430 355
873 6 2 1 1 330 405 430 331 406 431
874 6 2 1 1 330 430 355 331 431 356
875 6 2 1 1 331 406 431 332 407 432
876 6 2 1 1 331 431 356 332 432 357
877 6 2 1 1 332 407 432 333 408 433
878 6 2 1 1 332 432 357 333 433 358
879 6 2 1 1 333 408 433 334 409 434
880 6 2 1 1 333 433 358 334 434 359
881 6 2 1 1 334 409 434 335 410 435
882 6 2 1 1 334 434 359 335 435 360
883 6 2 1 1 335 410 435 336 411 436
884 6 2 1 1 335 435 360 336 436 361
885 6 2 1 1 336 411 436 337 412 437
886 6 2 1 1 336 436 361 337 437 362
887 6 2 1 1 337 412 437 338 413 438
888 6 2 1 1 337 437 362 338 438 363
889 4 2 2 2 338 413 438 439
890 4 2 2 2 338 413 439 414
891 4 2 2 2 338 414 439 339
892 4 2 2 2 338 438 363 364
893 4 2 2 2 338 438 364 439
894 4 2 2 2 338 439 364 339
895 4 2 2 2 339 414 439 440
896 4 2 2 2 339 414 440 415
897 4 2 2 2 339 415 440 340
898 4 2 2 2 339 439 364 365
899 4 2 2 2 339 439 365 440
900 4 2 2 2 339 440 365 340
901 4 2 2 2 340 415 440 441
902 4 2 2 2 340 415 441 416
903 4 2 2 2 340 416 441 341
904 4 2 2 2 340 440 365 366
905 4 2 2 2 340 440 366 441
906 4 2 2 2 340 441 366 341
907 4 2 2 2 341 416 441 442
908 4 2 2 2 341 416 442 417
909 4 2 2 2 341 417 442 342
910 4 2 2 2 341 441 366 367
911 4 2 2 2 341 441 367 442
912 4 2 2 2 341 442 367 342
913 4 2 2 2 342 417 442 443
914 4 2 2 2 342 417 443 418
915 4 2 2 2 342 418 443 343
916 4 2 2 2 342 442 367 368
917 4 2 2 2 342 442 368 443
918 4 2 2 2 342 443 368 343
919 4 2 2 2 343 418 443 444
920 4 2 2 2 343 418 444 419
921 4 2 2 2 343 419 444 344
922 4 2 2 2 343 443 368 369
923 4 2 2 2 343 443 369 444
924 4 2 2 2 343 444 369 344
925 4 2 2 2 344 419 444 445
926 4 2 2 2 344 419 445 420
927 4 2 2 2 344 420 445 345
928 4 2 2 2 344 444 369 370
929 4 2 2 2 344 444 370 445
930 4 2 2 2 344 445 370 345
931 4 2 2 2 345 420 445 446
932 4 2 2 2 345 420 446 421
933 4 2 2 2 345 421 446 346
934 4 2 2 2 345 445 370 371
935 4 2 2 2 345 445 371 446
936 4 2 2 2 345 446 371 346
937 4 2 2 2 346 421 446 447
938 4 2 2 2 346 421 447 422
939 4 2 2 2 346 422 447 347
940 4 2 2 2 346 446 371 372
941 4 2 2 2 346 446 372 447
942 4 2 2 2 346 447 372 347
943 4 2 2 2 347 422 447 448
944 4 2 2 2 347 422 448 423
945 4 2 2 2 347 423 448 348
946 4 2 2 2 347 447 372 373
947 4 2 2 2 347 447 373 448
948 4 2 2 2 347 448 373 348
949 4 2 2 2 348 423 448 449
950 4 2 2 2 348 423 449 424
951 4 2 2 2 348 424 449 349
952 4 2 2 2 348 448 373 374
953 4 2 2 2 348 448 374 449
954 4 2 2 2 348 449 374 349
955 4 2 2 2 349 424 449 450
956 4 2 2 2 349 424 450 425
957 4 2 2 2 349 425 450 350
958 4 2 2 2 349 449 374 375
959 4 2 2 2 349 449 375 450
960 4 2 2 2 349 450 375 350
961 6 2 1 1 376 451 476 377 452 477
962 6 2 1 1 376 476 401 377 477 402
963 6 2 1 1 377 452 477 378 453 478
964 6 2 1 1 377 477 402 378 478 403
965 6 2 1 1 378 453 478 379 454 479
966 6 2 1 1 378 478 403 379 479 404
967 6 2 1 1 379 454 479 380 455 480
968 6 2 1 1 379 479 404 380 480 405
969 6 2 1 1 380 455 480 381 456 481
970 6 2 1 1 380 480 405 381 481 406
971 6 2 1 1 381 456 481 382 457 482
972 6 2 1 1 381 481 406 382 482 407
973 6 2 1 1 382 457 482 383 458 483
974 6 2 1 1 382 482 407 383 483 408
975 6 2 1 1 383 458 483 384 459 484
976 6 2 1 1 383 483 408 384 484 409
977 6 2 1 1 384 459 484 385 460 485
978 6 2 1 1 384 484 409 385 485 410
979 6 2 1 1 385 460 485 386 461 486
980 6 2 1 1 385 485 410 386 486 411
981 6 2 1 1 386 461 486 387 462 487
982 6 2 1 1 386 486 411 387 487 412
983 6 2 1 1 387 462 487 388 463 488
984 6 2 1 1 387 487 412 388 488 413
985 4 2 2 2 388 463 488 489
986 4 2 2 2 388 463 489 464
987 4 2 2 2 388 464 489 389
988 4 2 2 2 388 488 413 414
989 4 2 2 2 388 488 414 489
990 4 2 2 2 388 489 414 389
991 4 2 2 2 389 464 489 490
992 4 2 2 2 389 464 490 465
993 4 2 2 2 389 465 490 390
994 4 2 2 2 389 489 414 415
995 4 2 2 2 389 489 415 490
996 4 2 2 2 389 490 415 390
997 4 2 2 2 390 465 490 491
998 4 2 2 2 390 465 491 466
999 4 2 2 2 390 466 491 391
1000 4 2 2 2 390 490 415 416
1001 4 2 2 2 390 490 416 491
1002 4 2 2 2 390 491 416 391
1003 4 2 2 2 391 466 491 492
1004 4 2 2 2 391 466 492 467
1005 4 2 2 2 391 467 492 392
1006 4 2 2 2 391 491 416 417
1007 4 2 2 2 391 491 417 492
1008 4 2 2 2 391 492 417 392
1009 4 2 2 2 392 467 492 493
1010 4 2 2 2 392 467 493 468
1011 4 2 2 2 392 468 493 393
1012 4 2 2 2 392 492 417 418
1013 4 2 2 2 392 492 418 493
1014 4 2 2 2 392 493 418 393
1015 4 2 2 2 393 468 493 494
1016 4 2 2 2 393 468 494 469
1017 4 2 2 2 393 469 494 394
1018 4 2 2 2 393 493 418 419
1019 4 2 2 2 393 493 419 494
1020 4 2 2 2 393 494 419 394
1021 4 2 2 2 394 469 494 495
1022 4 2 2 2 394 469 495 470
1023 4 2 2 2 394 470 495 395
1024 4 2 2 2 394 494 419 420
1025 4 2 2 2 394 494 420 495
1026 4 2 2 2 394 495 420 395
1027 4 2 2 2 395 470 495 496
1028 4 2 2 2 395 470 496 471
1029 4 2 2 2 395 471 496 396
1030 4 2 2 2 395 495 420 421
1031 4 2 2 2 395 495 421 496
1032 4 2 2 2 395 496 421 396
1033 4 2 2 2 396 471 496 497
1034 4 2 2 2 396 471 497 472
1035 4 2 2 2 396 472 497 397
1036 4 2 2 2 396 496 421 422
1037 4 2 2 2 396 496 422 497
1038 4 2 2 2 396 497 422 397
1039 4 2 2 2 397 472 497 498
1040 4 2 2 2 397 472 498 473
1041 4 2 2 2 397 473 498 398
1042 4 2 2 2 397 497 422 423
1043 4 2 2 2 397 497 423 498
1044 4 2 2 2 397 498 423 398
1045 4 2 2 2 398 473 498 499
1046 4 2 2 2 398 473 499 474
1047 4 2 2 2 398 474 499 399
1048 4 2 2 2 398 498 423 424
1049 4 2 2 2 398 498 424 499
1050 4 2 2 2 398 499 424 399
1051 4 2 2 2 399 474 499 500
1052 4 2 2 2 399 474 500 475
1053 4 2 2 2 399 475 500 400
1054 4 2 2 2 399 499 424 425
1055 4 2 2 2 399 499 425 500
1056 4 2 2 2 399 500 425 400
1057 6 2 1 1 401 476 501 402 477 502
1058 6 2 1 1 401 501 426 402 502 427
1059 6 2 1 1 402 477 502 403 478 503
1060 6 2 1 1 402 502 427 403 503 428
1061 6 2 1 1 403 478 503 404 479 504
1062 6 2 1 1 403 503 428 404 504 429
1063 6 2 1 1 404 479 504 405 480 505
1064 6 2 1 1 404 504 429 405 505 430
1065 6 2 1 1 405 480 505 406 481 506
1066 6 2 1 1 405 505 430 406 506 431
1067 6 2 1 1 406 481 506 407 482 507
1068 6 2 1 1 406 506 431 407 507 432
1069 6 2 1 1 407 482 507 408 483 508
1070 6 2 1 1 407 507 432 408 508 433
1071 6 2 1 1 408 483 508 409 484 509
1072 6 2 1 1 408 508 433 409 509 434
1073 6 2 1 1 409 484 509 410 485 510
1074 6 2 1 1 409 509 434 410 510 435
1075 6 2 1 1 410 485 510 411 486 511
1076 6 2 1 1 410 510 435 411 511 436
1077 6 2 1 1 411 486 511 412 487 512
1078 6 2 1 1 411 511 436 412 512 437
1079 6 2 1 1 412 487 512 413 488 513
1080 6 2 1 1 412 512 437 413 513 438
1081 4 2 2 2 413 488 513 514
1082 4 2 2 2 413 488 514 489
1083 4 2 2 2 413 489 514 414
1084 4 2 2 2 413 513 438 439
1085 4 2 2 2 413 513 439 514
1086 4 2 2 2 413 514 439 414
1087 4 2 2 2 414 489 514 515
1088 4 2 2 2 414 489 515 490
1089 4 2 2 2 414 490 515 415
1090 4 2 2 2 414 514 439 440
1091 4 2 2 2 414 514 440 515
1092 4 2 2 2 414 515 440 415
1093 4 2 2 2 415 490 515 516
1094 4 2 2 2 415 490 516 491
1095 4 2 2 2 415 491 516 416
1096 4 2 2 2 415 515 440 441
1097 4 2 2 2 415 515 441 516
1098 4 2 2 2 415 516 441 416
1099 4 2 2 2 416 491 516 517
1100 4 2 2 2 416 491 517 492
1101 4 2 2 2 416 492 517 417
1102 4 2 2 2 416 516 441 442
1103 4 2 2 2 416 516 442 517
1104 4 2 2 2 416 517 442 417
1105 4 2 2 2 417 492 517 518
1106 4 2 2 2 417 492 518 493
1107 4 2 2 2 417 493 518 418
1108 4 2 2 2 417 517 442 443
1109 4 2 2 2 417 517 443 518
1110 4 2 2 2 417 518 443 418
1111 4 2 2 2 418 493 518 519
1112 4 2 2 2 418 493 519 494
1113 4 2 2 2 418 494 519 419
1114 4 2 2 2 418 518 443 444
1115 4 2 2 2 418 518 444 519
1116 4 2 2 2 418 519 444 419
1117 4 2 2 2 419 494 519 520
1118 4 2 2 2 419 494 520 495
1119 4 2 2 2 419 495 520 420
1120 4 2 2 2 419 519 444 445
1121 4 2 2 2 419 519 445 520
1122 4 2 2 2 419 520 445 420
1123 4 2 2 2 420 495 520 521
1124 4 2 2 2 420 495 521 496
1125 4 2 2 2 420 496 521 421
1126 4 2 2 2 420 520 445 446
1127 4 2 2 2 420 520 446 521
1128 4 2 2 2 420 521 446 421
1129 4 2 2 2 421 496 521 522
1130 4 2 2 2 421 496 522 497
1131 4 2 2 2 421 497 522 422
1132 4 2 2 2 421 521 446 447
1133 4 2 2 2 421 521 447 522
1134 4 2 2 2 421 522 447 422
1135 4 2 2 2 422 497 522 523
1136 4 2 2 2 422 497 523 498
1137 4 2 2 2 422 498 523 423
1138 4 2 2 2 422 522 447 448
1139 4 2 2 2 422 522 448 523
1140 4 2 2 2 422 523 448 423
1141 4 2 2 2 423 498 523 524
1142 4 2 2 2 423 498 524 499
1143 4 2 2 2 423 499 524 424
1144 4 2 2 2 423 523 448 449
1145 4 2 2 2 423 523 449 524
1146 4 2 2 2 423 524 449 424
1147 4 2 2 2 424 499 524 525
1148 4 2 2 2 424 499 525 500
1149 4 2 2 2 424 500 525 425
1150 4 2 2 2 424 524 449 450
1151 4 2 2 2 424 524 450 525
1152 4 2 2 2 424 525 450 425
1153 6 2 1 1 451 526 551 452 527 552
1154 6 2 1 1 451 551 476 452 552 477
1155 6 2 1 1 452 527 552 453 528 553
1156 6 2 1 1 452 552 477 453 553 478
1157 6 2 1 1 453 528 553 454 529 554
1158 6 2 1 1 453 553 478 454 554 479
1159 6 2 1 1 454 529 554 455 530 555
1160 6 2 1 1 454 554 479 455 555 480
1161 6 2 1 1 455 530 555 456 531 556
1162 6 2 1 1 455 555 480 456 556 481
1163 6 2 1 1 456 531 556 457 532 557
1164 6 2 1 1 456 556 481 457 557 482
1165 6 2 1 1 457 532 557 458 533 558
1166 6 2 1 1 457 557 482 458 558 483
1167 6 2 1 1 458 533 558 459 534 559
1168 6 2 1 1 458 558 483 459 559 484
1169 6 2 1 1 459 534 559 460 535 560
1170 6 2 1 1 459 559 484 460 560 485
1171 6 2 1 1 460 535 560 461 536 561
1172 6 2 1 1 460 560 485 461 561 486
1173 6 2 1 1 461 536 561 462 537 562
1174 6 2 1 1 461 561 486 462 562 487
1175 6 2 1 1 462 537 562 463 538 563
1176 6 2 1 1 462 562 487 463 563 488
1177 4 2 2 2 463 538 563 564
1178 4 2 2 2 463 538 564 539
1179 4 2 2 2 463 539 564 464
1180 4 2 2 2 463 563 488 489
1181 4 2 2 2 463 563 489 564
1182 4 2 2 2 463 564 489 464
1183 4 2 2 2 464 539 564 565
1184 4 2 2 2 464 539 565 540
1185 4 2 2 2 464 540 565 465
1186 4 2 2 2 464 564 489 490
1187 4 2 2 2 464 564 490 565
1188 4 2 2 2 464 565 490 465
1189 4 2 2 2 465 540 565 566
1190 4 2 2 2 465 540 566 541
1191 4 2 2 2 465 541 566 466
1192 4 2 2 2 465 565 490 491
1193 4 2 2 2 465 565 491 566
1194 4 2 2 2 465 566 491 466
1195 4 2 2 2 466 541 566 567
1196 4 2 2 2 466 541 567 542
1197 4 2 2 2 466 542 567 467
1198 4 2 2 2 466 566 491 492
1199 4 2 2 2 466 566 492 567
1200 4 2 2 2 466 567 492 467
1201 4 2 2 2 467 542 567 568
1202 4 2 2 2 467 542 568 543
1203 4 2 2 2 467 543 568 468
1204 4 2 2 2 467 567 492 493
1205 4 2 2 2 467 567 493 568
1206 4 2 2 2 467 568 493 468
1207 4 2 2 2 468 543 568 569
1208 4 2 2 2 468 543 569 544
1209 4 2 2 2 468 544 569 469
1210 4 2 2 2 468 568 493 494
1211 4 2 2 2 468 568 494 569
1212 4 2 2 2 468 569 494 469
1213 4 2 2 2 469 544 569 570
1214 4 2 2 2 469 544 570 545
1215 4 2 2 2 469 545 570 470
1216 4 2 2 2 469 569 494 495
1217 4 2 2 2 469 569 495 570
1218 4 2 2 2 469 570 495 470
1219 4 2 2 2 470 545 570 571
1220 4 2 2 2 470 545 571 546
1221 4 2 2 2 470 546 571 471
1222 4 2 2 2 470 570 495 496
1223 4 2 2 2 470 570 496 571
1224 4 2 2 2 470 571 496 471
1225 4 2 2 2 471 546 571 572
1226 4 2 2 2 471 546 572 547
1227 4 2 2 2 471 547 572 472
1228 4 2 2 2 471 571 496 497
1229 4 2 2 2 471 571 497 572
1230 4 2 2 2 471 572 497 472
1231 4 2 2 2 472 547 572 573
1232 4 2 2 2 472 547 573 548
1233 4 2 2 2 472 548 573 473
1234 4 2 2 2 472 572 497 498
1235 4 2 2 2 472 572 498 573
1236 4 2 2 2 472 573 498 473
1237 4 2 2 2 473 548 573 574
1238 4 2 2 2 473 548 574 549
1239 4 2 2 2 473 549 574 474
1240 4 2 2 2 473 573 498 499
1241 4 2 2 2 473 573 499 574
1242 4 2 2 2 473 574 499 474
1243 4 2 2 2 474 549 574 575
1244 4 2 2 2 474 549 575 550
1245 4 2 2 2 474 550 575 475
1246 4 2 2 2 474 574 499 500
1247 4 2 2 2 474 574 500 575
1248 4 2 2 2 474 575 500 475
1249 6 2 1 1 476 551 576 477 552 577
1250 6 2 1 1 476 576 501 477 577 502
1251 6 2 1 1 477 552 577 478 553 578
1252 6 2 1 1 477 577 502 478 578 503
1253 6 2 1 1 478 553 578 479 554 579
1254 6 2 1 1 478 578 503 479 579 504
1255 6 2 1 1 479 554 579 480 555 580
1256 6 2 1 1 479 579 504 480 580 505
1257 6 2 1 1 480 555 580 481 556 581
1258 6 2 1 1 480 580 505 481 581 506
1259 6 2 1 1 481 556 581 482 557 582
1260 6 2 1 1 481 581 506 482 582 507
1261 6 2 1 1 482 557 582 483 558 583
1262 6 2 1 1 482 582 507 483 583 508
1263 6 2 1 1 483 558 583 484 559 584
1264 6 2 1 1 483 583 508 484 584 509
1265 6 2 1 1 484 559 584 485 560 585
1266 6 2 1 1 484 584 509 485 585 510
1267 6 2 1 1 485 560 585 486 561 586
1268 6 2 1 1 485 585 510 486 586 511
1269 6 2 1 1 486 561 586 487 562 587
1270 6 2 1 1 486 586 511 487 587 512
1271 6 2 1 1 487 562 587 488 563 588
1272 6 2 1 1 487 587 512 488 588 513
1273 4 2 2 2 488 563 588 589
1274 4 2 2 2 488 563 589 564
1275 4 2 2 2 488 564 589 489
1276 4 2 2 2 488 588 513 514
1277 4 2 2 2 488 588 514 589
1278 4 2 2 2 488 589 514 489
1279 4 2 2 2 489 564 589 590
1280 4 2 2 2 489 564 590 565
1281 4 2 2 2 489 565 590 490
1282 4 2 2 2 489 589 514 515
1283 4 2 2 2 489 589 515 590
1284 4 2 2 2 489 590 515 490
1285 4 2 2 2 490 565 590 591
1286 4 2 2 2 490 565 591 566
1287 4 2 2 2 490 566 591 491
1288 4 2 2 2 490 590 515 516
1289 4 2 2 2 490 590 516 591
1290 4 2 2 2 490 591 516 491
1291 4 2 2 2 491 566 591 592
1292 4 2 2 2 491 566 592 567
1293 4 2 2 2 491 567 592 492
1294 4 2 2 2 491 591 516 517
1295 4 2 2 2 491 591 517 592
1296 4 2 2 2 491 592 517 492
1297 4 2 2 2 492 567 592 593
1298 4 2 2 2 492 567 593 568
1299 4 2 2 2 492 568 593 493
1300 4 2 2 2 492 592 517 518
1301 4 2 2 2 492 592 518 593
1302 4 2 2 2 492 593 518 493
1303 4 2 2 2 493 568 593 594
1304 4 2 2 2 493 568 594 569
1305 4 2 2 2 493 569 594 494
1306 4 2 2 2 493 593 518 519
1307 4 2 2 2 493 593 519 594
1308 4 2 2 2 493 594 519 494
1309 4 2 2 2 494 569 594 595
1310 4 2 2 2 494 569 595 570
1311 4 2 2 2 494 570 595 495
1312 4 2 2 2 494 594 519 520
1313 4 2 2 2 494 594 520 595
1314 4 2 2 2 494 595 520 495
1315 4 2 2 2 495 570 595 596
1316 4 2 2 2 495 570 596 571
1317 4 2 2 2 495 571 596 496
1318 4 2 2 2 495 595 520 521
1319 4 2 2 2 495 595 521 596
1320 4 2 2 2 495 596 521 496
1321 4 2 2 2 496 571 596 597
1322 4 2 2 2 496 571 597 572
1323 4 2 2 2 496 572 597 497
1324 4 2 2 2 496 596 521 522
1325 4 2 2 2 496 596 522 597
1326 4 2 2 2 496 597 522 497
1327 4 2 2 2 497 572 597 598
1328 4 2 2 2 497 572 598 573
1329 4 2 2 2 497 573 598 498
1330 4 2 2 2 497 597 522 523
1331 4 2 2 2 497 597 523 598
1332 4 2 2 2 497 598 523 498
1333 4 2 2 2 498 573 598 599
1334 4 2 2 2 498 573 599 574
1335 4 2 2 2 498 574 599 499
1336 4 2 2 2 498 598 523 524
1337 4 2 2 2 498 598 524 599
1338 4 2 2 2 498 599 524 499
1339 4 2 2 2 499 574 599 600
1340 4 2 2 2 499 574 600 575
1341 4 2 2 2 499 575 600 500
1342 4 2 2 2 499 599 524 525
1343 4 2 2 2 499 599 525 600
1344 4 2 2 2 499 600 525 500
1345 6 2 1 1 526 601 626 527 602 627
1346 6 2 1 1 526 626 551 527 627 552
1347 6 2 1 1 527 602 627 528 603 628
1348 6 2 1 1 527 627 552 528 628 553
1349 6 2 1 1 528 603 628 529 604 629
1350 6 2 1 1 528 628 553 529 629 554
1351 6 2 1 1 529 604 629 530 605 630
1352 6 2 1 1 529 629 554 530 630 555
1353 6 2 1 1 530 605 630 531 606 631
1354 6 2 1 1 530 630 555 531 631 556
1355 6 2 1 1 531 606 631 532 607 632
1356 6 2 1 1 531 631 556 532 632 557
1357 6 2 1 1 532 607 632 533 608 633
1358 6 2 1 1 532 632 557 533 633 558
1359 6 2 1 1 533 608 633 534 609 634
1360 6 2 1 1 533 633 558 534 634 559
1361 6 2 1 1 534 609 634 535 610 635
1362 6 2 1 1 534 634 559 535 635 560
1363 6 2 1 1 535 610 635 536 611 636
1364 6 2 1 1 535 635 560 536 636 561
1365 6 2 1 1 536 611 636 537 612 637
1366 6 2 1 1 536 636 561 537 637 562
1367 6 2 1 1 537 612 637 538 613 638
1368 6 2 1 1 537 637 562 538 638 563
1369 4 2 2 2 538 613 638 639
1370 4 2 2 2 538 613 639 614
1371 4 2 2 2 538 614 639 539
1372 4 2 2 2 538 638 563 564
1373 4 2 2 2 538 638 564 639
1374 4 2 2 2 538 639 564 539
1375 4 2 2 2 539 614 639 640
1376 4 2 2 2 539 614 640 615
1377 4 2 2 2 539 615 640 540
1378 4 2 2 2 539 639 564 565
1379 4 2 2 2 539 639 565 640
1380 4 2 2 2 539 640 565 540
1381 4 2 2 2 540 615 640 641
1382 4 2 2 2 540 615 641 616
1383 4 2 2 2 540 616 641 541
1384 4 2 2 2 540 640 565 566
1385 4 2 2 2 540 640 566 641
1386 4 2 2 2 540 641 566 541
1387 4 2 2 2 541 616 641 642
1388 4 2 2 2 541 616 642 617
1389 4 2 2 2 541 617 642 542
1390 4 2 2 2 541 641 566 567
1391 4 2 2 2 541 641 567 642
1392 4 2 2 2 541 642 567 542
1393 4 2 2 2 542 617 642 643
1394 4 2 2 2 542 617 643 618
1395 4 2 2 2 542 618 643 543
1396 4 2 2 2 542 642 567 568
1397 4 2 2 2 542 642 568 643
1398 4 2 2 2 542 643 568 543
1399 4 2 2 2 543 618 643 644
1400 4 2 2 2 543 618 644 619
1401 4 2 2 2 543 619 644 544
1402 4 2 2 2 543 643 568 569
1403 4 2 2 2 543 643 569 644
1404 4 2 2 2 543 644 569 544
1405 4 2 2 2 544 619 644 645
1406 4 2 2 2 544 619 645 620
1407 4 2 2 2 544 620 645 545
1408 4 2 2 2 544 644 569 570
1409 4 2 2 2 544 644 570 645
1410 4 2 2 2 544 645 570 545
1411 4 2 2 2 545 620 645 646
1412 4 2 2 2 545 620 646 621
1413 4 2 2 2 545 621 646 546
1414 4 2 2 2 545 645 570 571
1415 4 2 2 2 545 645 571 646
1416 4 2 2 2 545 646 571 546
1417 4 2 2 2 546 621 646 647
1418 4 2 2 2 546 621 647 622
1419 4 2 2 2 546 622 647 547
1420 4 2 2 2 546 646 571 572
1421 4 2 2 2 546 646 572 647
1422 4 2 2 2 546 647 572 547
1423 4 2 2 2 547 622 647 648
1424 4 2 2 2 547 622 648 623
1425 4 2 2 2 547 623 648 548
1426 4 2 2 2 547 647 572 573
1427 4 2 2 2 547 647 573 648
1428 4 2 2 2 547 648 573 548
1429 4 2 2 2 548 623 648 649
1430 4 2 2 2 548 623 649 624
1431 4 2 2 2 548 624 649 549
1432 4 2 2 2 548 648 573 574
1433 4 2 2 2 548 648 574 649
1434 4 2 2 2 548 649 574 549
1435 4 2 2 2 549 624 649 650
1436 4 2 2 2 549 624 650 625
1437 4 2 2 2 549 625 650 550
1438 4 2 2 2 549 649 574 575
1439 4 2 2 2 549 649 575 650
1440 4 2 2 2 549 650 575 550
1441 6 2 1 1 551 626 651 552 627 652
1442 6 2 1 1 551 651 576 552 652 577
1443 6 2 1 1 552 627 652 553 628 653
1444 6 2 1 1 552 652 577 553 653 578
1445 6 2 1 1 553 628 653 554 629 654
1446 6 2 1 1 553 653 578 554 654 579
1447 6 2 1 1 554 629 654 555 630 655
1448 6 2 1 1 554 654 579 555 655 580
1449 6 2 1 1 555 630 655 556 631 656
1450 6 2 1 1 555 655 580 556 656 581
1451 6 2 1 1 556 631 656 557 632 657
1452 6 2 1 1 556 656 581 557 657 582
1453 6 2 1 1 557 632 657 558 633 658
1454 6 2 1 1 557 657 582 558 658 583
1455 6 2 1 1 558 633 658 559 634 659
1456 6 2 1 1 558 658 583 559 659 584
1457 6 2 1 1 559 634 659 560 635 660
1458 6 2 1 1 559 659 584 560 660 585
1459 6 2 1 1 560 635 660 561 636 661
1460 6 2 1 1 560 660 585 561 661 586
1461 6 2 1 1 561 636 661 562 637 662
1462 6 2 1 1 561 661 586 562 662 587
1463 6 2 1 1 562 637 662 563 638 663
1464 6 2 1 1 562 662 587 563 663 588
1465 4 2 2 2 563 638 663 664
1466 4 2 2 2 563 638 664 639
1467 4 2 2 2 563 639 664 564
1468 4 2 2 2 563 663 588 589
1469 4 2 2 2 563 663 589 664
1470 4 2 2 2 563 664 589 564
1471 4 2 2 2 564 639 664 665
1472 4 2 2 2 564 639 665 640
1473 4 2 2 2 564 640 665 565
1474 4 2 2 2 564 664 589 590
1475 4 2 2 2 564 664 590 665
1476 4 2 2 2 564 665 590 565
1477 4 2 2 2 565 640 665 666
1478 4 2 2 2 565 640 666 641
1479 4 2 2 2 565 641 666 566
1480 4 2 2 2 565 665 590 591
1481 4 2 2 2 565 665 591 666
1482 4 2 2 2 565 666 591 566
1483 4 2 2 2 566 641 666 667
1484 4 2 2 2 566 641 667 642
1485 4 2 2 2 566 642 667 567
1486 4 2 2 2 566 666 591 592
1487 4 2 2 2 566 666 592 667
1488 4 2 2 2 566 667 592 567
1489 4 2 2 2 567 642 667 668
1490 4 2 2 2 567 642 668 643
1491 4 2 2 2 567 643 668 568
1492 4 2 2 2 567 667 592 593
1493 4 2 2 2 567 667 593 668
1494 4 2 2 2 567 668 593 568
1495 4 2 2 2 568 643 668 669
1496 4 2 2 2 568 643 669 644
1497 4 2 2 2 568 644 669 569
1498 4 2 2 2 568 668 593 594
1499 4 2 2 2 568 668 594 669
1500 4 2 2 2 568 669 594 569
1501 4 2 2 2 569 644 669 670
1502 4 2 2 2 569 644 670 645
1503 4 2 2 2 569 645 670 570
1504 4 2 2 2 569 669 594 595
1505 4 2 2 2 569 669 595 670
1506 4 2 2 2 569 670 595 570
1507 4 2 2 2 570 645 670 671
1508 4 2 2 2 570 645 671 646
1509 4 2 2 2 570 646 671 571
1510 4 2 2 2 570 670 595 596
1511 4 2 2 2 570 670 596 671
1512 4 2 2 2 570 671 596 571
1513 4 2 2 2 571 646 671 672
1514 4 2 2 2 571 646 672 647
1515 4 2 2 2 571 647 672 572
1516 4 2 2 2 571 671 596 597
1517 4 2 2 2 571 671 597 672
1518 4 2 2 2 571 672 597 572
1519 4 2 2 2 572 647 672 673
1520 4 2 2 2 572 647 673 648
1521 4 2 2 2 572 648 673 573
1522 4 2 2 2 572 672 597 598
1523 4 2 2 2 572 672 598 673
1524 4 2 2 2 572 673 598 573
1525 4 2 2 2 573 648 673 674
1526 4 2 2 2 573 648 674 649
1527 4 2 2 2 573 649 674 574
1528 4 2 2 2 573 673 598 599
1529 4 2 2 2 573 673 599 674
1530 4 2 2 2 573 674 599 574
1531 4 2 2 2 574 649 674 675
1532 4 2 2 2 574 649 675 650
1533 4 2 2 2 574 650 675 575
1534 4 2 2 2 574 674 599 600
1535 4 2 2 2 574 674 600 675
1536 4 2 2 2 574 675 600 575
1537 6 2 1 1 601 676 701 602 677 702
1538 6 2 1 1 601 701 626 602 702 627
1539 6 2 1 1 602 677 702 603 678 703
1540 6 2 1 1 602 702 627 603 703 628
1541 6 2 1 1 603 678 703 604 679 704
1542 6 2 1 1 603 703 628 604 704 629
1543 6 2 1 1 604 679 704 605 680 705
1544 6 2 1 1 604 704 629 605 705 630
1545 6 2 1 1 605 680 705 606 681 706
1546 6 2 1 1 605 705 630 606 706 631
1547 6 2 1 1 606 681 706 607 682 707
1548 6 2 1 1 606 706 631 607 707 632
1549 6 2 1 1 607 682 707 608 683 708
1550 6 2 1 1 607 707 632 608 708 633
1551 6 2 1 1 608 683 708 609 684 709
1552 6 2 1 1 608 708 633 609 709 634
1553 6 2 1 1 609 684 709 610 685 710
1554 6 2 1 1 609 709 634 610 710 635
1555 6 2 1 1 610 685 710 611 686 711
1556 6 2 1 1 610 710 635 611 711 636
1557 6 2 1 1 611 686 711 612 687 712
1558 6 2 1 1 611 711 636 612 712 637
1559 6 2 1 1 612 687 712 613 688 713
1560 6 2 1 1 612 712 637 613 713 638
1561 4 2 2 2 613 688 713 714
1562 4 2 2 2 613 688 714 689
1563 4 2 2 2 613 689 714 614
1564 4 2 2 2 613 713 638 639
1565 4 2 2 2 613 713 639 714
1566 4 2 2 2 613 714 639 614
1567 4 2 2 2 614 689 714 715
1568 4 2 2 2 614 689 715 690
1569 4 2 2 2 614 690 715 615
1570 4 2 2 2 614 714 639 640
1571 4 2 2 2 614 714 640 715
1572 4 2 2 2 614 715 640 615
1573 4 2 2 2 615 690 715 716
1574 4 2 2 2 615 690 716 691
1575 4 2 2 2 615 691 716 616
1576 4 2 2 2 615 715 640 641
1577 4 2 2 2 615 715 641 716
1578 4 2 2 2 615 716 641 616
1579 4 2 2 2 616 691 716 717
1580 4 2 2 2 616 691 717 692
1581 4 2 2 2 616 692 717 617
1582 4 2 2 2 616 716 641 642
1583 4 2 2 2 616 716 642 717
1584 4 2 2 2 616 717 642 617
1585 4 2 2 2 617 692 717 718
1586 4 2 2 2 617 692 718 693
1587 4 2 2 2 617 693 718 618
1588 4 2 2 2 617 717 642 643
1589 4 2 2 2 617 717 643 718
1590 4 2 2 2 617 718 643 618
1591 4 2 2 2 618 693 718 719
1592 4 2 2 2 618 693 719 694
1593 4 2 2 2 618 694 719 619
1594 4 2 2 2 618 718 643 644
1595 4 2 2 2 618 718 644 719
1596 4 2 2 2 618 719 644 619
1597 4 2 2 2 619 694 719 720
1598 4 2 2 2 619 694 720 695
1599 4 2 2 2 619 695 720 620
1600 4 2 2 2 619 719 644 645
1601 4 2 2 2 619 719 645 720
1602 4 2 2 2 619 720 645 620
1603 4 2 2 2 620 695 720 721
1604 4 2 2 2 620 695 721 696
1605 4 2 2 2 620 696 721 621
1606 4 2 2 2 620 720 645 646
1607 4 2 2 2 620 720 646 721
1608 4 2 2 2 620 721 646 621
1609 4 2 2 2 621 696 721 722
1610 4 2 2 2 621 696 722 697
1611 4 2 2 2 621 697 722 622
1612 4 2 2 2 621 721 646 647
1613 4 2 2 2 621 721 647 722
1614 4 2 2 2 621 722 647 622
1615 4 2 2 2 622 697 722 723
1616 4 2 2 2 622 697 723 698
1617 4 2 2 2 622 698 723 623
1618 4 2 2 2 622 722 647 648
1619 4 2 2 2 622 722 648 723
1620 4 2 2 2 622 723 648 623
1621 4 2 2 2 623 698 723 724
1622 4 2 2 2 623 698 724 699
1623 4 2 2 2 623 699 724 624
1624 4 2 2 2 623 723 648 649
1625 4 2 2 2 623 723 649 724
1626 4 2 2 2 623 724 649 624
1627 4 2 2 2 624 699 724 725
1628 4 2 2 2 624 699 725 700
1629 4 2 2 2 624 700 725 625
1630 4 2 2 2 624 724 649 650
1631 4 2 2 2 624 724 650 725
1632 4 2 2 2 624 725 650 625
1633 6 2 1 1 626 701 726 627 702 727
1634 6 2 1 1 626 726 651 627 727 652
1635 6 2 1 1 627 702 727 628 703 728
1636 6 2 1 1 627 727 652 628 728 653
1637 6 2 1 1 628 703 728 629 704 729
1638 6 2 1 1 628 728 653 629 729 654
1639 6 2 1 1 629 704 729 630 705 730
1640 6 2 1 1 629 729 654 630 730 655
1641 6 2 1 1 630 705 730 631 706 731
1642 6 2 1 1 630 730 655 631 731 656
1643 6 2 1 1 631 706 731 632 707 732
1644 6 2 1 1 631 731 656 632 732 657
1645 6 2 1 1 632 707 732 633 708 733
1646 6 2 1 1 632 732 657 633 733 658
1647 6 2 1 1 633 708 733 634 709 734
1648 6 2 1 1 633 733 658 634 734 659
1649 6 2 1 1 634 709 734 635 710 735
1650 6 2 1 1 634 734 659 635 735 660
1651 6 2 1 1 635 710 735 636 711 736
1652 6 2 1 1 635 735 660 636 736 661
1653 6 2 1 1 636 711 736 637 712 737
1654 6 2 1 1 636 736 661 637 737 662
1655 6 2 1 1 637 712 737 638 713 738
1656 6 2 1 1 637 737 662 638 738 663
1657 4 2 2 2 638 713 738 739
1658 4 2 2 2 638 713 739 714
1659 4 2 2 2 638 714 739 639
1660 4 2 2 2 638 738 663 664
1661 4 2 2 2 638 738 664 739
1662 4 2 2 2 638 739 664 639
1663 4 2 2 2 639 714 739 740
1664 4 2 2 2 639 714 740 715
1665 4 2 2 2 639 715 740 640
1666 4 2 2 2 639 739 664 665
1667 4 2 2 2 639 739 665 740
1668 4 2 2 2 639 740 665 640
1669 4 2 2 2 640 715 740 741
1670 4 2 2 2 640 715 741 716
1671 4 2 2 2 640 716 741 641
1672 4 2 2 2 640 740 665 666
1673 4 2 2 2 640 740 666 741
1674 4 2 2 2 640 741 666 641
1675 4 2 2 2 641 716 741 742
1676 4 2 2 2 641 716 742 717
1677 4 2 2 2 641 717 742 642
1678 4 2 2 2 641 741 666 667
1679 4 2 2 2 641 741 667 742
1680 4 2 2 2 641 742 667 642
1681 4 2 2 2 642 717 742 743
1682 4 2 2 2 642 717 743 718
1683 4 2 2 2 642 718 743 643
1684 4 2 2 2 642 742 667 668
1685 4 2 2 2 642 742 668 743
1686 4 2 2 2 642 743 668 643
1687 4 2 2 2 643 718 743 744
1688 4 2 2 2 643 718 744 719
1689 4 2 2 2 643 719 744 644
1690 4 2 2 2 643 743 668 669
1691 4 2 2 2 643 743 669 744
1692 4 2 2 2 643 744 669 644
1693 4 2 2 2 644 719 744 745
1694 4 2 2 2 644 719 745 720
1695 4 2 2 2 644 720 745 645
1696 4 2 2 2 644 744 669 670
1697 4 2 2 2 644 744 670 745
1698 4 2 2 2 644 745 670 645
1699 4 2 2 2 645 720 745 746
1700 4 2 2 2 645 720 746 721
1701 4 2 2 2 645 721 746 646
1702 4 2 2 2 645 745 670 671
1703 4 2 2 2 645 745 671 746
1704 4 2 2 2 645 746 671 646
1705 4 2 2 2 646 721 746 747
1706 4 2 2 2 646 721 747 722
1707 4 2 2 2 646 722 747 647
1708 4 2 2 2 646 746 671 672
1709 4 2 2 2 646 746 672 747
1710 4 2 2 2 646 747 672 647
1711 4 2 2 2 647 722 747 748
1712 4 2 2 2 647 722 748 723
1713 4 2 2 2 647 723 748 648
1714 4 2 2 2 647 747 672 673
1715 4 2 2 2 647 747 673 748
1716 4 2 2 2 647 748 673 648
1717 4 2 2 2 648 723 748 749
1718 4 2 2 2 648 723 749 724
1719 4 2 2 2 648 724 749 649
1720 4 2 2 2 648 748 673 674
1721 4 2 2 2 648 748 674 749
1722 4 2 2 2 648 749 674 649
1723 4 2 2 2 649 724 749 750
1724 4 2 2 2 649 724 750 725
1725 4 2 2 2 649 725 750 650
1726 4 2 2 2 649 749 674 675
1727 4 2 2 2 649 749 675 750
1728 4 2 2 2 649 750 675 650
1729 6 2 1 1 676 751 776 677 752 777
1730 6 2 1 1 676 776 701 677 777 702
1731 6 2 1 1 677 752 777 678 753 778
1732 6 2 1 1 677 777 702 678 778 703
1733 6 2 1 1 678 753 778 679 754 779
1734 6 2 1 1 678 778 703 679 779 704
1735 6 2 1 1 679 754 779 680 755 780
1736 6 2 1 1 679 779 704 680 780 705
1737 6 2 1 1 680 755 780 681 756 781
1738 6 2 1 1 680 780 705 681 781 706
1739 6 2 1 1 681 756 781 682 757 782
1740 6 2 1 1 681 781 706 682 782 707
1741 6 2 1 1 682 757 782 683 758 783
1742 6 2 1 1 682 782 707 683 783 708
1743 6 2 1 1 683 758 783 684 759 784
1744 6 2 1 1 683 783 708 684 784 709
1745 6 2 1 1 684 759 784 685 760 785
1746 6 2 1 1 684 784 709 685 785 710
1747 6 2 1 1 685 760 785 686 761 786
1748 6 2 1 1 685 785 710 686 786 711
1749 6 2 1 1 686 761 786 687 762 787
1750 6 2 1 1 686 786 711 687 787 712
1751 6 2 1 1 687 762 787 688 763 788
1752 6 2 1 1 687 787 712 688 788 713
1753 4 2 2 2 688 763 788 789
1754 4 2 2 2 688 763 789 764
1755 4 2 2 2 688 764 789 689
1756 4 2 2 2 688 788 713 714
1757 4 2 2 2 688 788 714 789
1758 4 2 2 2 688 789 714 689
1759 4 2 2 2 689 764 789 790
1760 4 2 2 2 689 764 790 765
1761 4 2 2 2 689 765 790 690
1762 4 2 2 2 689 789 714 715
1763 4 2 2 2 689 789 715 790
1764 4 2 2 2 689 790 715 690
1765 4 2 2 2 690 765 790 791
1766 4 2 2 2 690 765 791 766
1767 4 2 2 2 690 766 791 691
1768 4 2 2 2 690 790 715 716
1769 4 2 2 2 690 790 716 791
1770 4 2 2 2 690 791 716 691
1771 4 2 2 2 691 766 791 792
1772 4 2 2 2 691 766 792 767
1773 4 2 2 2 691 767 792 692
1774 4 2 2 2 691 791 716 717
1775 4 2 2 2 691 791 717 792
1776 4 2 2 2 691 792 717 692
1777 4 2 2 2 692 767 792 793
1778 4 2 2 2 692 767 793 768
1779 4 2 2 2 692 768 793 693
1780 4 2 2 2 692 792 717 718
1781 4 2 2 2 692 792 718 793
1782 4 2 2 2 692 793 718 693
1783 4 2 2 2 693 768 793 794
1784 4 2 2 2 693 768 794 769
1785 4 2 2 2 693 769 794 694
1786 4 2 2 2 693 793 718 719
1787 4 2 2 2 693 793 719 794
1788 4 2 2 2 693 794 719 694
1789 4 2 2 2 694 769 794 795
1790 4 2 2 2 694 769 795 770
1791 4 2 2 2 694 770 795 695
1792 4 2 2 2 694 794 719 720
1793 4 2 2 2 694 794 720 795
1794 4 2 2 2 694 795 720 695
1795 4 2 2 2 695 770 795 796
1796 4 2 2 2 695 770 796 771
1797 4 2 2 2 695 771 796 696
1798 4 2 2 2 695 795 720 721
1799 4 2 2 2 695 795 721 796
1800 4 2 2 2 695 796 721 696
1801 4 2 2 2 696 771 796 797
1802 4 2 2 2 696 771 797 772
1803 4 2 2 2 696 772 797 697
1804 4 2 2 2 696 796 721 722
1805 4 2 2 2 696 796 722 797
1806 4 2 2 2 696 797 722 697
1807 4 2 2 2 697 772 797 798
1808 4 2 2 2 697 772 798 773
1809 4 2 2 2 697 773 798 698
1810 4 2 2 2 697 797 722 723
1811 4 2 2 2 697 797 723 798
1812 4 2 2 2 697 798 723 698
1813 4 2 2 2 698 773 798 799
1814 4 2 2 2 698 773 799 774
1815 4 2 2 2 698 774 799 699
1816 4 2 2 2 698 798 723 724
1817 4 2 2 2 698 798 724 799
1818 4 2 2 2 698 799 724 699
1819 4 2 2 2 699 774 799 800
1820 4 2 2 2 699 774 800 775
1821 4 2 2 2 699 775 800 700
1822 4 2 2 2 699 799 724 725
1823 4 2 2 2 699 799 725 800
1824 4 2 2 2 699 800 725 700
1825 6 2 1 1 701 776 801 702 777 802
1826 6 2 1 1 701 801 726 702 802 727
1827 6 2 1 1 702 777 802 703 778 803
1828 6 2 1 1 702 802 727 703 803 728
1829 6 2 1 1 703 778 803 704 779 804
1830 6 2 1 1 703 803 728 704 804 729
1831 6 2 1 1 704 779 804 705 780 805
1832 6 2 1 1 704 804 729 705 805 730
1833 6 2 1 1 705 780 805 706 781 806
1834 6 2 1 1 705 805 730 706 806 731
1835 6 2 1 1 706 781 806 707 782 807
1836 6 2 1 1 706 806 731 707 807 732
1837 6 2 1 1 707 782 807 708 783 808
1838 6 2 1 1 707 807 732 708 808 733
1839 6 2 1 1 708 783 808 709 784 809
1840 6 2 1 1 708 808 733 709 809 734
1841 6 2 1 1 709 784 809 710 785 810
1842 6 2 1 1 709 809 734 710 810 735
1843 6 2 1 1 710 785 810 711 786 811
1844 6 2 1 1 710 810 735 711 811 736
1845 6 2 1 1 711 786 811 712 787 812
1846 6 2 1 1 711 811 736 712 812 737
1847 6 2 1 1 712 787 812 713 788 813
1848 6 2 1 1 712 812 737 713 813 738
1849 4 2 2 2 713 788 813 814
1850 4 2 2 2 713 788 814 789
1851 4 2 2 2 713 789 814 714
1852 4 2 2 2 713 813 738 739
1853 4 2 2 2 713 813 739 814
1854 4 2 2 2 713 814 739 714
1855 4 2 2 2 714 789 814 815
1856 4 2 2 2 714 789 815 790
1857 4 2 2 2 714 790 815 715
1858 4 2 2 2 714 814 739 740
1859 4 2 2 2 714 814 740 815
1860 4 2 2 2 714 815 740 715
1861 4 2 2 2 715 790 815 816
1862 4 2 2 2 715 790 816 791
1863 4 2 2 2 715 791 816 716
1864 4 2 2 2 715 815 740 741
1865 4 2 2 2 715 815 741 816
1866 4 2 2 2 715 816 741 716
1867 4 2 2 2 716 791 816 817
1868 4 2 2 2 716 791 817 792
1869 4 2 2 2 716 792 817 717
1870 4 2 2 2 716 816 741 742
1871 4 2 2 2 716 816 742 817
1872 4 2 2 2 716 817 742 717
1873 4 2 2 2 717 792 817 818
1874 4 2 2 2 717 792 818 793
1875 4 2 2 2 717 793 818 718
1876 4 2 2 2 717 817 742 743
1877 4 2 2 2 717 817 743 818
1878 4 2 2 2 717 818 743 718
1879 4 2 2 2 718 793 818 819
1880 4 2 2 2 718 793 819 794
1881 4 2 2 2 718 794 819 719
1882 4 2 2 2 718 818 743 744
1883 4 2 2 2 718 818 744 819
1884 4 2 2 2 718 819 744 719
1885 4 2 2 2 719 794 819 820
1886 4 2 2 2 719 794 820 795
1887 4 2 2 2 719 795 820 720
1888 4 2 2 2 719 819 744 745
1889 4 2 2 2 719 819 745 820
1890 4 2 2 2 719 820 745 720
1891 4 2 2 2 720 795 820 821
1892 4 2 2 2 720 795 821 796
1893 4 2 2 2 720 796 821 721
1894 4 2 2 2 720 820 745 746
1895 4 2 2 2 720 820 746 821
1896 4 2 2 2 720 821 746 721
1897 4 2 2 2 721 796 821 822
1898 4 2 2 2 721 796 822 797
1899 4 2 2 2 721 797 822 722
1900 4 2 2 2 721 821 746 747
1901 4 2 2 2 721 821 747 822
1902 4 2 2 2 721 822 747 722
1903 4 2 2 2 722 797 822 823
1904 4 2 2 2 722 797 823 798
1905 4 2 2 2 722 798 823 723
1906 4 2 2 2 722 822 747 748
1907 4 2 2 2 722 822 748 823
1908 4 2 2 2 722 823 748 723
1909 4 2 2 2 723 798 823 824
1910 4 2 2 2 723 798 824 799
1911 4 2 2 2 723 799 824 724
1912 4 2 2 2 723 823 748 749
1913 4 2 2 2 723 823 749 824
1914 4 2 2 2 723 824 749 724
1915 4 2 2 2 724 799 824 825
1916 4 2 2 2 724 799 825 800
1917 4 2 2 2 724 800 825 725
1918 4 2 2 2 724 824 749 750
1919 4 2 2 2 724 824 750 825
1920 4 2 2 2 724 825 750 725
1921 6 2 1 1 751 826 851 752 827 852
1922 6 2 1 1 751 851 776 752 852 777
1923 6 2 1 1 752 827 852 753 828 853
1924 6 2 1 1 752 852 777 753 853 778
1925 6 2 1 1 753 828 853 754 829 854
1926 6 2 1 1 753 853 778 754 854 779
1927 6 2 1 1 754 829 854 755 830 855
1928 6 2 1 1 754 854 779 755 855 780
1929 6 2 1 1 755 830 855 756 831 856
1930 6 2 1 1 755 855 780 756 856 781
1931 6 2 1 1 756 831 856 757 832 857
1932 6 2 1 1 756 856 781 757 857 782
1933 6 2 1 1 757 832 857 758 833 858
1934 6 2 1 1 757 857 782 758 858 783
1935 6 2 1 1 758 833 858 759 834 859
1936 6 2 1 1 758 858 783 759 859 784
1937 6 2 1 1 759 834 859 760 835 860
1938 6 2 1 1 759 859 784 760 860 785
1939 6 2 1 1 760 835 860 761 836 861
1940 6 2 1 1 760 860 785 761 861 786
1941 6 2 1 1 761 836 861 762 837 862
1942 6 2 1 1 761 861 786 762 862 787
1943 6 2 1 1 762 837 862 763 838 863
1944 6 2 1 1 762 862 787 763 863 788
1945 4 2 2 2 763 838 863 864
1946 4 2 2 2 763 838 864 839
1947 4 2 2 2 763 839 864 764
1948 4 2 2 2 763 863 788 789
1949 4 2 2 2 763 863 789 864
1950 4 2 2 2 763 864 789 764
1951 4 2 2 2 764 839 864 865
1952 4 2 2 2 764 839 865 840
1953 4 2 2 2 764 840 865 765
1954 4 2 2 2 764 864 789 790
1955 4 2 2 2 764 864 790 865
1956 4 2 2 2 764 865 790 765
1957 4 2 2 2 765 840 865 866
1958 4 2 2 2 765 840 866 841
1959 4 2 2 2 765 841 866 766
1960 4 2 2 2 765 865 790 791
1961 4 2 2 2 765 865 791 866
1962 4 2 2 2 765 866 791 766
1963 4 2 2 2 766 841 866 867
1964 4 2 2 2 766 841 867 842
1965 4 2 2 2 766 842 867 767
1966 4 2 2 2 766 866 791 792
1967 4 2 2 2 766 866 792 867
1968 4 2 2 2 766 867 792 767
1969 4 2 2 2 767 842 867 868
1970 4 2 2 2 767 842 868 843
1971 4 2 2 2 767 843 868 768
1972 4 2 2 2 767 867 792 793
1973 4 2 2 2 767 867 793 868
1974 4 2 2 2 767 868 793 768
1975 4 2 2 2 768 843 868 869
1976 4 2 2 2 768 843 869 844
1977 4 2 2 2 768 844 869 769
1978 4 2 2 2 768 868 793 794
1979 4 2 2 2 768 868 794 869
1980 4 2 2 2 768 869 794 769
1981 4 2 2 2 769 844 869 870
1982 4 2 2 2 769 844 870 845
1983 4 2 2 2 769 845 870 770
1984 4 2 2 2 769 869 794 795
1985 4 2 2 2 769 869 795 870
1986 4 2 2 2 769 870 795 770
1987 4 2 2 2 770 845 870 871
1988 4 2 2 2 770 845 871 846
1989 4 2 2 2 770 846 871 771
1990 4 2 2 2 770 870 795 796
1991 4 2 2 2 770 870 796 871
1992 4 2 2 2 770 871 796 771
1993 4 2 2 2 771 846 871 872
1994 4 2 2 2 771 846 872 847
1995 4 2 2 2 771 847 872 772
1996 4 2 2 2 771 871 796 797
1997 4 2 2 2 771 871 797 872
1998 4 2 2 2 771 872 797 772
1999 4 2 2 2 772 847 872 873
2000 4 2 2 2 772 847 873 848
2001 4 2 2 2 772 848 873 773
2002 4 2 2 2 772 872 797 798
2003 4 2 2 2 772 872 798 873
2004 4 2 2 2 772 873 798 773
2005 4 2 2 2 773 848 873 874
2006 4 2 2 2 773 848 874 849
2007 4 2 2 2 773 849 874 774
2008 4 2 2 2 773 873 798 799
2009 4 2 2 2 773 873 799 874
2010 4 2 2 2 773 874 799 774
2011 4 2 2 2 774 849 874 875
2012 4 2 2 2 774 849 875 850
2013 4 2 2 2 774 850 875 775
2014 4 2 2 2 774 874 799 800
2015 4 2 2 2 774 874 800 875
2016 4 2 2 2 774 875 800 775
2017 6 2 1 1 776 851 876 777 852 877
2018 6 2 1 1 776 876 801 777 877 802
2019 6 2 1 1 777 852 877 778 853 878
2020 6 2 1 1 777 877 802 778 878 803
2021 6 2 1 1 778 853 878 779 854 879
2022 6 2 1 1 778 878 803 779 879 804
2023 6 2 1 1 779 854 879 780 855 880
2024 6 2 1 1 779 879 804 780 880 805
2025 6 2 1 1 780 855 880 781 856 881
2026 6 2 1 1 780 880 805 781 881 806
2027 6 2 1 1 781 856 881 782 857 882
2028 6 2 1 1 781 881 806 782 882 807
2029 6 2 1 1 782 857 882 783 858 883
2030 6 2 1 1 782 882 807 783 883 808
2031 6 2 1 1 783 858 883 784 859 884
2032 6 2 1 1 783 883 808 784 884 809
2033 6 2 1 1 784 859 884 785 860 885
2034 6 2 1 1 784 884 809 785 885 810
2035 6 2 1 1 785 860 885 786 861 886
2036 6 2 1 1 785 885 810 786 886 811
2037 6 2 1 1 786 861 886 787 862 887
2038 6 2 1 1 786 886 811 787 887 812
2039 6 2 1 1 787 862 887 788 863 888
2040 6 2 1 1 787 887 812 788 888 813
2041 4 2 2 2 788 863 888 889
2042 4 2 2 2 788 863 889 864
2043 4 2 2 2 788 864 889 789
2044 4 2 2 2 788 888 813 814
2045 4 2 2 2 788 888 814 889
2046 4 2 2 2 788 889 814 789
2047 4 2 2 2 789 864 889 890
2048 4 2 2 2 789 864 890 865
2049 4 2 2 2 789 865 890 790
2050 4 2 2 2 789 889 814 815
2051 4 2 2 2 789 889 815 890
2052 4 2 2 2 789 890 815 790
2053 4 2 2 2 790 865 890 891
2054 4 2 2 2 790 865 891 866
2055 4 2 2 2 790 866 891 791
2056 4 2 2 2 790 890 815 816
2057 4 2 2 2 790 890 816 891
2058 4 2 2 2 790 891 816 791
2059 4 2 2 2 791 866 891 892
2060 4 2 2 2 791 866 892 867
2061 4 2 2 2 791 867 892 792
2062 4 2 2 2 791 891 816 817
2063 4 2 2 2 791 891 817 892
2064 4 2 2 2 791 892 817 792
2065 4 2 2 2 792 867 892 893
2066 4 2 2 2 792 867 893 868
2067 4 2 2 2 792 868 893 793
2068 4 2 2 2 792 892 817 818
2069 4 2 2 2 792 892 818 893
2070 4 2 2 2 792 893 818 793
2071 4 2 2 2 793 868 893 894
2072 4 2 2 2 793 868 894 869
2073 4 2 2 2 793 869 894 794
2074 4 2 2 2 793 893 818 819
2075 4 2 2 2 793 893 819 894
2076 4 2 2 2 793 894 819 794
2077 4 2 2 2 794 869 894 895
2078 4 2 2 2 794 869 895 870
2079 4 2 2 2 794 870 895 795
2080 4 2 2 2 794 894 819 820
2081 4 2 2 2 794 894 820 895
2082 4 2 2 2 794 895 820 795
2083 4 2 2 2 795 870 895 896
2084 4 2 2 2 795 870 896 871
2085 4 2 2 2 795 871 896 796
2086 4 2 2 2 795 895 820 821
2087 4 2 2 2 795 895 821 896
2088 4 2 2 2 795 896 821 796
2089 4 2 2 2 796 871 896 897
2090 4 2 2 2 796 871 897 872
2091 4 2 2 2 796 872 897 797
2092 4 2 2 2 796 896 821 822
2093 4 2 2 2 796 896 822 897
2094 4 2 2 2 796 897 822 797
2095 4 2 2 2 797 872 897 898
2096 4 2 2 2 797 872 898 873
2097 4 2 2 2 797 873 898 798
2098 4 2 2 2 797 897 822 823
2099 4 2 2 2 797 897 823 898
2100 4 2 2 2 797 898 823 798
2101 4 2 2 2 798 873 898 899
2102 4 2 2 2 798 873 899 874
2103 4 2 2 2 798 874 899 799
2104 4 2 2 2 798 898 823 824
2105 4 2 2 2 798 898 824 899
2106 4 2 2 2 798 899 824 799
2107 4 2 2 2 799 874 899 900
2108 4 2 2 2 799 874 900 875
2109 4 2 2 2 799 875 900 800
2110 4 2 2 2 799 899 824 825
2111 4 2 2 2 799 899 825 900
2112 4 2 2 2 799 900 825 800
2113 6 2 1 1 826 901 926 827 902 927
2114 6 2 1 1 826 926 851 827 927 852
2115 6 2 1 1 827 902 927 828 903 928
2116 6 2 1 1 827 927 852 828 928 853
2117 6 2 1 1 828 903 928 829 904 929
2118 6 2 1 1 828 928 853 829 929 854
2119 6 2 1 1 829 904 929 830 905 930
2120 6 2 1 1 829 929 854 830 930 855
2121 6 2 1 1 830 905 930 831 906 931
2122 6 2 1 1 830 930 855 831 931 856
2123 6 2 1 1 831 906 931 832 907 932
2124 6 2 1 1 831 931 856 832 932 857
2125 6 2 1 1 832 907 932 833 908 933
2126 6 2 1 1 832 932 857 833 933 858
2127 6 2 1 1 833 908 933 834 909 934
2128 6 2 1 1 833 933 858 834 934 859
2129 6 2 1 1 834 909 934 835 910 935
2130 6 2 1 1 834 934 859 835 935 860
2131 6 2 1 1 835 910 935 836 911 936
2132 6 2 1 1 835 935 860 836 936 861
2133 6 2 1 1 836 911 936 837 912 937
2134 6 2 1 1 836 936 861 837 937 862
2135 6 2 1 1 837 912 937 838 913 938
2136 6 2 1 1 837 937 862 838 938 863
2137 4 2 2 2 838 913 938 939
2138 4 2 2 2 838 913 939 914
2139 4 2 2 2 838 914 939 839
2140 4 2 2 2 838 938 863 864
2141 4 2 2 2 838 938 864 939
2142 4 2 2 2 838 939 864 839
2143 4 2 2 2 839 914 939 940
2144 4 2 2 2 839 914 940 915
2145 4 2 2 2 839 915 940 840
2146 4 2 2 2 839 939 864 865
2147 4 2 2 2 839 939 865 940
2148 4 2 2 2 839 940 865 840
2149 4 2 2 2 840 915 940 941
2150 4 2 2 2 840 915 941 916
2151 4 2 2 2 840 916 941 841
2152 4 2 2 2 840 940 865 866
2153 4 2 2 2 840 940 866 941
2154 4 2 2 2 840 941 866 841
2155 4 2 2 2 841 916 941 942
2156 4 2 2 2 841 916 942 917
2157 4 2 2 2 841 917 942 842
2158 4 2 2 2 841 941 866 867
2159 4 2 2 2 841 941 867 942
2160 4 2 2 2 841 942 867 842
2161 4 2 2 2 842 917 942 943
2162 4 2 2 2 842 917 943 918
2163 4 2 2 2 842 918 943 843
2164 4 2 2 2 842 942 867 868
2165 4 2 2 2 842 942 868 943
2166 4 2 2 2 842 943 868 843
2167 4 2 2 2 843 918 943 944
2168 4 2 2 2 843 918 944 919
2169 4 2 2 2 843 919 944 844
2170 4 2 2 2 843 943 868 869
2171 4 2 2 2 843 943 869 944
2172 4 2 2 2 843 944 869 844
2173 4 2 2 2 844 919 944 945
2174 4 2 2 2 844 919 945 920
2175 4 2 2 2 844 920 945 845
2176 4 2 2 2 844 944 869 870
2177 4 2 2 2 844 944 870 945
2178 4 2 2 2 844 945 870 845
2179 4 2 2 2 845 920 945 946
2180 4 2 2 2 845 920 946 921
2181 4 2 2 2 845 921 946 846
2182 4 2 2 2 845 945 870 871
2183 4 2 2 2 845 945 871 946
2184 4 2 2 2 845 946 871 846
2185 4 2 2 2 846 921 946 947
2186 4 2 2 2 846 921 947 922
2187 4 2 2 2 846 922 947 847
2188 4 2 2 2 846 946 871 872
2189 4 2 2 2 846 946 872 947
2190 4 2 2 2 846 947 872 847
2191 4 2 2 2 847 922 947 948
2192 4 2 2 2 847 922 948 923
2193 4 2 2 2 847 923 948 848
2194 4 2 2 2 847 947 872 873
2195 4 2 2 2 847 947 873 948
2196 4 2 2 2 847 948 873 848
2197 4 2 2 2 848 923 948 949
2198 4 2 2 2 848 923 949 924
2199 4 2 2 2 848 924 949 849
2200 4 2 2 2 848 948 873 874
2201 4 2 2 2 848 948 874 949
2202 4 2 2 2 848 949 874 849
2203 4 2 2 2 849 924 949 950
2204 4 2 2 2 849 924 950 925
2205 4 2 2 2 849 925 950 850
2206 4 2 2 2 849 949 874 875
2207 4 2 2 2 849 949 875 950
2208 4 2 2 2 849 950 875 850
2209 6 2 1 1 851 926 951 852 927 952
2210 6 2 1 1 851 951 876 852 952 877
2211 6 2 1 1 852 927 952 853 928 953
2212 6 2 1 1 852 952 877 853 953 878
2213 6 2 1 1 853 928 953 854 929 954
2214 6 2 1 1 853 953 878 854 954 879
2215 6 2 1 1 854 929 954 855 930 955
2216 6 2 1 1 854 954 879 855 955 880
2217 6 2 1 1 855 930 955 856 931 956
2218 6 2 1 1 855 955 880 856 956 881
2219 6 2 1 1 856 931 956 857 932 957
2220 6 2 1 1 856 956 881 857 957 882
2221 6 2 1 1 857 932 957 858 933 958
2222 6 2 1 1 857 957 882 858 958 883
2223 6 2 1 1 858 933 958 859 934 959
2224 6 2 1 1 858 958 883 859 959 884
2225 6 2 1 1 859 934 959 860 935 960
2226 6 2 1 1 859 959 884 860 960 885
2227 6 2 1 1 860 935 960 861 936 961
2228 6 2 1 1 860 960 885 861 961 886
2229 6 2 1 1 861 936 961 862 937 962
2230 6 2 1 1 861 961 886 862 962 887
2231 6 2 1 1 862 937 962 863 938 963
2232 6 2 1 1 862 962 887 863 963 888
2233 4 2 2 2 863 938 963 964
2234 4 2 2 2 863 938 964 939
2235 4 2 2 2 863 939 964 864
2236 4 2 2 2 863 963 888 889
2237 4 2 2 2 863 963 889 964
2238 4 2 2 2 863 964 889 864
2239 4 2 2 2 864 939 964 965
2240 4 2 2 2 864 939 965 940
2241 4 2 2 2 864 940 965 865
2242 4 2 2 2 864 964 889 890
2243 4 2 2 2 864 964 890 965
2244 4 2 2 2 864 965 890 865
2245 4 2 2 2 865 940 965 966
2246 4 2 2 2 865 940 966 941
2247 4 2 2 2 865 941 966 866
2248 4 2 2 2 865 965 890 891
2249 4 2 2 2 865 965 891 966
2250 4 2 2 2 865 966 891 866
2251 4 2 2 2 866 941 966 967
2252 4 2 2 2 866 941 967 942
2253 4 2 2 2 866 942 967 867
2254 4 2 2 2 866 966 891 892
2255 4 2 2 2 866 966 892 967
2256 4 2 2 2 866 967 892 867
2257 4 2 2 2 867 942 967 968
2258 4 2 2 2 867 942 968 943
2259 4 2 2 2 867 943 968 868
2260 4 2 2 2 867 967 892 893
2261 4 2 2 2 867 967 893 968
2262 4 2 2 2 867 968 893 868
2263 4 2 2 2 868 943 968 969
2264 4 2 2 2 868 943 969 944
2265 4 2 2 2 868 944 969 869
2266 4 2 2 2 868 968 893 894
2267 4 2 2 2 868 968 894 969
2268 4 2 2 2 868 969 894 869
2269 4 2 2 2 869 944 969 970
2270 4 2 2 2 869 944 970 945
2271 4 2 2 2 869 945 970 870
2272 4 2 2 2 869 969 894 895
2273 4 2 2 2 869 969 895 970
2274 4 2 2 2 869 970 895 870
2275 4 2 2 2 870 945 970 971
2276 4 2 2 2 870 945 971 946
2277 4 2 2 2 870 946 971 871
2278 4 2 2 2 870 970 895 896
2279 4 2 2 2 870 970 896 971
2280 4 2 2 2 870 971 896 871
2281 4 2 2 2 871 946 971 972
2282 4 2 2 2 871 946 972 947
2283 4 2 2 2 871 947 972 872
2284 4 2 2 2 871 971 896 897
2285 4 2 2 2 871 971 897 972
2286 4 2 2 2 871 972 897 872
2287 4 2 2 2 872 947 972 973
2288 4 2 2 2 872 947 973 948
2289 4 2 2 2 872 948 973 873
2290 4 2 2 2 872 972 897 898
2291 4 2 2 2 872 972 898 973
2292 4 2 2 2 872 973 898 873
2293 4 2 2 2 873 948 973 974
2294 4 2 2 2 873 948 974 949
2295 4 2 2 2 873 949 974 874
2296 4 2 2 2 873 973 898 899
2297 4 2 2 2 873 973 899 974
2298 4 2 2 2 873 974 899 874
2299 4 2 2 2 874 949 974 975
2300 4 2 2 2 874 949 975 950
2301 4 2 2 2 874 950 975 875
2302 4 2 2 2 874 974 899 900
2303 4 2 2 2 874 974 900 975
2304 4 2 2 2 874 975 900 875
2305 6 2 1 1 901 976 1001 902 977 1002
2306 6 2 1 1 901 1001 926 902 1002 927
2307 6 2 1 1 902 977 1002 903 978 1003
2308 6 2 1 1 902 1002 927 903 1003 928
2309 6 2 1 1 903 978 1003 904 979 1004
2310 6 2 1 1 903 1003 928 904 1004 929
2311 6 2 1 1 904 979 1004 905 980 1005
2312 6 2 1 1 904 1004 929 905 1005 930
2313 6 2 1 1 905 980 1005 906 981 1006
2314 6 2 1 1 905 1005 930 906 1006 931
2315 6 2 1 1 906 981 1006 907 982 1007
2316 6 2 1 1 906 1006 931 907 1007 932
2317 6 2 1 1 907 982 1007 908 983 1008
2318 6 2 1 1 907 1007 932 908 1008 933
2319 6 2 1 1 908 983 1008 909 984 1009
2320 6 2 1 1 908 1008 933 909 1009 934
2321 6 2 1 1 909 984 1009 910 985 1010
2322 6 2 1 1 909 1009 934 910 1010 935
2323 6 2 1 1 910 985 1010 911 986 1011
2324 6 2 1 1 910 1010 935 911 1011 936
2325 6 2 1 1 911 986 1011 912 987 1012
2326 6 2 1 1 911 1011 936 912 1012 937
2327 6 2 1 1 912 987 1012 913 988 1013
2328 6 2 1 1 912 1012 937 913 1013 938
2329 4 2 2 2 913 988 1013 1014
2330 4 2 2 2 913 988 1014 989
2331 4 2 2 2 913 989 1014 914
2332 4 2 2 2 913 1013 938 939
2333 4 2 2 2 913 1013 939 1014
2334 4 2 2 2 913 1014 939 914
2335 4 2 2 2 914 989 1014 1015
2336 4 2 2 2 914 989 1015 990
2337 4 2 2 2 914 990 1015 915
2338 4 2 2 2 914 1014 939 940
2339 4 2 2 2 914 1014 940 1015
2340 4 2 2 2 914 1015 940 915
2341 4 2 2 2 915 990 1015 1016
2342 4 2 2 2 915 990 1016 991
2343 4 2 2 2 915 991 1016 916
2344 4 2 2 2 915 1015 940 941
2345 4 2 2 2 915 1015 941 1016
2346 4 2 2 2 915 1016 941 916
2347 4 2 2 2 916 991 1016 1017
2348 4 2 2 2 916 991 1017 992
2349 4 2 2 2 916 992 1017 917
2350 4 2 2 2 916 1016 941 942
2351 4 2 2 2 916 1016 942 1017
2352 4 2 2 2 916 1017 942 917
2353 4 2 2 2 917 992 1017 1018
2354 4 2 2 2 917 992 1018 993
2355 4 2 2 2 917 993 1018 918
2356 4 2 2 2 917 1017 942 943
2357 4 2 2 2 917 1017 943 1018
2358 4 2 2 2 917 1018 943 918
2359 4 2 2 2 918 993 1018 1019
2360 4 2 2 2 918 993 1019 994
2361 4 2 2 2 918 994 1019 919
2362 4 2 2 2 918 1018 943 944
2363 4 2 2 2 918 1018 944 1019
2364 4 2 2 2 918 1019 944 919
2365 4 2 2 2 919 994 1019 1020
2366 4 2 2 2 919 994 1020 995
2367 4 2 2 2 919 995 1020 920
2368 4 2 2 2 919 1019 944 945
2369 4 2 2 2 919 1019 945 1020
2370 4 2 2 2 919 1020 945 920
2371 4 2 2 2 920 995 1020 1021
2372 4 2 2 2 920 995 1021 996
2373 4 2 2 2 920 996 1021 921
2374 4 2 2 2 920 1020 945 946
2375 4 2 2 2 920 1020 946 1021
2376 4 2 2 2 920 1021 946 921
2377 4 2 2 2 921 996 1021 1022
2378 4 2 2 2 921 996 1022 997
2379 4 2 2 2 921 997 1022 922
2380 4 2 2 2 921 1021 946 947
2381 4 2 2 2 921 1021 947 1022
2382 4 2 2 2 921 1022 947 922
2383 4 2 2 2 922 997 1022 1023
2384 4 2 2 2 922 997 1023 998
2385 4 2 2 2 922 998 1023 923
2386 4 2 2 2 922 1022 947 948
2387 4 2 2 2 922 1022 948 1023
2388 4 2 2 2 922 1023 948 923
2389 4 2 2 2 923 998 1023 1024
2390 4 2 2 2 923 998 1024 999
2391 4 2 2 2 923 999 1024 924
2392 4 2 2 2 923 1023 948 949
2393 4 2 2 2 923 1023 949 1024
2394 4 2 2 2 923 1024 949 924
2395 4 2 2 2 924 999 1024 1025
2396 4 2 2 2 924 999 1025 1000
2397 4 2 2 2 924 1000 1025 925
2398 4 2 2 2 924 1024 949 950
2399 4 2 2 2 924 1024 950 1025
2400 4 2 2 2 924 1025 950 925
2401 6 2 1 1 926 1001 1026 927 1002 1027
2402 6 2 1 1 926 1026 951 927 1027 952
2403 6 2 1 1 927 1002 1027 928 1003 1028
2404 6 2 1 1 927 1027 952 928 1028 953
2405 6 2 1 1 928 1003 1028 929 1004 1029
2406 6 2 1 1 928 1028 953 929 1029 954
2407 6 2 1 1 929 1004 1029 930 1005 1030
2408 6 2 1 1 929 1029 954 930 1030 955
2409 6 2 1 1 930 1005 1030 931 1006 1031
2410 6 2 1 1 930 1030 955 931 1031 956
2411 6 2 1 1 931 1006 1031 932 1007 1032
2412 6 2 1 1 931 1031 956 932 1032 957
2413 6 2 1 1 932 1007 1032 933 1008 1033
2414 6 2 1 1 932 1032 957 933 1033 958
2415 6 2 1 1 933 1008 1033 934 1009 1034
2416 6 2 1 1 933 1033 958 934 1034 959
2417 6 2 1 1 934 1009 1034 935 1010 1035
2418 6 2 1 1 934 1034 959 935 1035 960
2419 6 2 1 1 935 1010 1035 936 1011 1036
2420 6 2 1 1 935 1035 960 936 1036 961
2421 6 2 1 1 936 1011 1036 937 1012 1037
2422 6 2 1 1 936 1036 961 937 1037 962
2423 6 2 1 1 937 1012 1037 938 1013 1038
2424 6 2 1 1 937 1037 962 938 1038 963
2425 4 2 2 2 938 1013 1038 1039
2426 4 2 2 2 938 1013 1039 1014
2427 4 2 2 2 938 1014 1039 939
2428 4 2 2 2 938 1038 963 964
2429 4 2 2 2 938 1038 964 1039
2430 4 2 2 2 938 1039 964 939
2431 4 2 2 2 939 1014 1039 1040
2432 4 2 2 2 939 1014 1040 1015
2433 4 2 2 2 939 1015 1040 940
2434 4 2 2 2 939 1039 964 965
2435 4 2 2 2 939 1039 965 1040
2436 4 2 2 2 939 1040 965 940
2437 4 2 2 2 940 1015 1040 1041
2438 4 2 2 2 940 1015 1041 1016
2439 4 2 2 2 940 1016 1041 941
2440 4 2 2 2 940 1040 965 966
2441 4 2 2 2 940 1040 966 1041
2442 4 2 2 2 940 1041 966 941
2443 4 2 2 2 941 1016 1041 1042
2444 4 2 2 2 941 1016 1042 1017
2445 4 2 2 2 941 1017 1042 942
2446 4 2 2 2 941 1041 966 967
2447 4 2 2 2 941 1041 967 1042
2448 4 2 2 2 941 1042 967 942
2449 4 2 2 2 942 1017 1042 1043
2450 4 2 2 2 942 1017 1043 1018
2451 4 2 2 2 942 1018 1043 943
2452 4 2 2 2 942 1042 967 968
2453 4 2 2 2 942 1042 968 1043
2454 4 2 2 2 942 1043 968 943
2455 4 2 2 2 943 1018 1043 1044
2456 4 2 2 2 943 1018 1044 1019
2457 4 2 2 2 943 1019 1044 944
2458 4 2 2 2 943 1043 968 969
2459 4 2 2 2 943 1043 969 1044
2460 4 2 2 2 943 1044 969 944
2461 4 2 2 2 944 1019 1044 1045
2462 4 2 2 2 944 1019 1045 1020
2463 4 2 2 2 944 1020 1045 945
2464 4 2 2 2 944 1044 969 970
2465 4 2 2 2 944 1044 970 1045
2466 4 2 2 2 944 1045 970 945
2467 4 2 2 2 945 1020 1045 1046
2468 4 2 2 2 945 1020 1046 1021
2469 4 2 2 2 945 1021 1046 946
2470 4 2 2 2 945 1045 970 971
2471 4 2 2 2 945 1045 971 1046
2472 4 2 2 2 945 1046 971 946
2473 4 2 2 2 946 1021 1046 1047
2474 4 2 2 2 946 1021 1047 1022
2475 4 2 2 2 946 1022 1047 947
2476 4 2 2 2 946 1046 971 972
2477 4 2 2 2 946 1046 972 1047
2478 4 2 2 2 946 1047 972 947
2479 4 2 2 2 947 1022 1047 1048
2480 4 2 2 2 947 1022 1048 1023
2481 4 2 2 2 947 1023 1048 948
2482 4 2 2 2 947 1047 972 973
2483 4 2 2 2 947 1047 973 1048
2484 4 2 2 2 947 1048 973 948
2485 4 2 2 2 948 1023 1048 1049
2486 4 2 2 2 948 1023 1049 1024
2487 4 2 2 2 948 1024 1049 949
2488 4 2 2 2 948 1048 973 974
2489 4 2 2 2 948 1048 974 1049
2490 4 2 2 2 948 1049 974 949
2491 4 2 2 2 949 1024 1049 1050
2492 4 2 2 2 949 1024 1050 1025
2493 4 2 2 2 949 1025 1050 950
2494 4 2 2 2 949 1049 974 975
2495 4 2 2 2 949 1049 975 1050
2496 4 2 2 2 949 1050 975 950
2497 6 2 1 1 976 1051 1076 977 1052 1077
2498 6 2 1 1 976 1076 1001 977 1077 1002
2499 6 2 1 1 977 1052 1077 978 1053 1078
2500 6 2 1 1 977 1077 1002 978 1078 1003
2501 6 2 1 1 978 1053 1078 979 1054 1079
2502 6 2 1 1 978 1078 1003 979 1079 1004
2503 6 2 1 1 979 1054 1079 980 1055 1080
2504 6 2 1 1 979 1079 1004 980 1080 1005
2505 6 2 1 1 980 1055 1080 981 1056 1081
2506 6 2 1 1 980 1080 1005 981 1081 1006
2507 6 2 1 1 981 1056 1081 982 1057 1082
2508 6 2 1 1 981 1081 1006 982 1082 1007
2509 6 2 1 1 982 1057 1082 983 1058 1083
2510 6 2 1 1 982 1082 1007 983 1083 1008
2511 6 2 1 1 983 1058 1083 984 1059 1084
2512 6 2 1 1 983 1083 1008 984 1084 1009
2513 6 2 1 1 984 1059 1084 985 1060 1085
2514 6 2 1 1 984 1084 1009 985 1085 1010
2515 6 2 1 1 985 1060 1085 986 1061 1086
2516 6 2 1 1 985 1085 1010 986 1086 1011
2517 6 2 1 1 986 1061 1086 987 1062 1087
2518 6 2 1 1 986 1086 1011 987 1087 1012
2519 6 2 1 1 987 1062 1087 988 1063 1088
2520 6 2 1 1 987 1087 1012 988 1088 1013
2521 4 2 2 2 988 1063 1088 1089
2522 4 2 2 2 988 1063 1089 1064
2523 4 2 2 2 988 1064 1089 989
2524 4 2 2 2 988 1088 1013 1014
2525 4 2 2 2 988 1088 1014 1089
2526 4 2 2 2 988 1089 1014 989
2527 4 2 2 2 989 1064 1089 1090
2528 4 2 2 2 989 1064 1090 1065
2529 4 2 2 2 989 1065 1090 990
2530 4 2 2 2 989 1089 1014 1015
2531 4 2 2 2 989 1089 1015 1090
2532 4 2 2 2 989 1090 1015 990
2533 4 2 2 2 990 1065 1090 1091
2534 4 2 2 2 990 1065 1091 1066
2535 4 2 2 2 990 1066 1091 991
2536 4 2 2 2 990 1090 1015 1016
2537 4 2 2 2 990 1090 1016 1091
2538 4 2 2 2 990 1091 1016 991
2539 4 2 2 2 991 1066 1091 1092
2540 4 2 2 2 991 1066 1092 1067
2541 4 2 2 2 991 1067 1092 992
2542 4 2 2 2 991 1091 1016 1017
2543 4 2 2 2 991 1091 1017 1092
2544 4 2 2 2 991 1092 1017 992
2545 4 2 2 2 992 1067 1092 1093
2546 4 2 2 2 992 1067 1093 1068
2547 4 2 2 2 992 1068 1093 993
2548 4 2 2 2 992 1092 1017 1018
2549 4 2 2 2 992 1092 1018 1093
2550 4 2 2 2 992 1093 1018 993
2551 4 2 2 2 993 1068 1093 1094
2552 4 2 2 2 993 1068 1094 1069
2553 4 2 2 2 993 1069 1094 994
2554 4 2 2 2 993 1093 1018 1019
2555 4 2 2 2 993 1093 1019 1094
2556 4 2 2 2 993 1094 1019 994
2557 4 2 2 2 994 1069 1094 1095
2558 4 2 2 2 994 1069 1095 1070
2559 4 2 2 2 994 1070 1095 995
2560 4 2 2 2 994 1094 1019 1020
2561 4 2 2 2 994 1094 1020 1095
2562 4 2 2 2 994 1095 1020 995
2563 4 2 2 2 995 1070 1095 1096
2564 4 2 2 2 995 1070 1096 1071
2565 4 2 2 2 995 1071 1096 996
2566 4 2 2 2 995 1095 1020 1021
2567 4 2 2 2 995 1095 1021 1096
2568 4 2 2 2 995 1096 1021 996
2569 4 2 2 2 996 1071 1096 1097
2570 4 2 2 2 996 1071 1097 1072
2571 4 2 2 2 996 1072 1097 997
2572 4 2 2 2 996 1096 1021 1022
2573 4 2 2 2 996 1096 1022 1097
2574 4 2 2 2 996 1097 1022 997
2575 4 2 2 2 997 1072 1097 1098
2576 4 2 2 2 997 1072 1098 1073
2577 4 2 2 2 997 1073 1098 998
2578 4 2 2 2 997 1097 1022 1023
2579 4 2 2 2 997 1097 1023 1098
2580 4 2 2 2 997 1098 1023 998
2581 4 2 2 2 998 1073 1098 1099
2582 4 2 2 2 998 1073 1099 1074
2583 4 2 2 2 998 1074 1099 999
2584 4 2 2 2 998 1098 1023 1024
2585 4 2 2 2 998 1098 1024 1099
2586 4 2 2 2 998 1099 1024 999
2587 4 2 2 2 999 1074 1099 1100
2588 4 2 2 2 999 1074 1100 1075
2589 4 2 2 2 999 1075 1100 1000
2590 4 2 2 2 999 1099 1024 1025
2591 4 2 2 2 999 1099 1025 1100
2592 4 2 2 2 999 1100 1025 1000
2593 6 2 1 1 1001 1076 1101 1002 1077 1102
2594 6 2 1 1 1001 1101 1026 1002 1102 1027
2595 6 2 1 1 1002 1077 1102 1003 1078 1103
2596 6 2 1 1 1002 1102 1027 1003 1103 1028
2597 6 2 1 1 1003 1078 1103 1004 1079 1104
2598 6 2 1 1 1003 1103 1028 1004 1104 1029
2599 6 2 1 1 1004 1079 1104 1005 1080 1105
2600 6 2 1 1 1004 1104 1029 1005 1105 1030
2601 6 2 1 1 1005 1080 1105 1006 1081 1106
2602 6 2 1 1 1005 1105 1030 1006 1106 1031
2603 6 2 1 1 1006 1081 1106 1007 1082 1107
2604 6 2 1 1 1006 1106 1031 1007 1107 1032
2605 6 2 1 1 1007 1082 1107 1008 1083 1108
2606 6 2 1 1 1007 1107 1032 1008 1108 1033
2607 6 2 1 1 1008 1083 1108 1009 1084 1109
2608 6 2 1 1 1008 1108 1033 1009 1109 1034
2609 6 2 1 1 1009 1084 1109 1010 1085 1110
2610 6 2 1 1 1009 1109 1034 1010 1110 1035
2611 6 2 1 1 1010 1085 1110 1011 1086 1111
2612 6 2 1 1 1010 1110 1035 1011 1111 1036
2613 6 2 1 1 1011 1086 1111 1012 1087 1112
2614 6 2 1 1 1011 1111 1036 1012 1112 1037
2615 6 2 1 1 1012 1087 1112 1013 1088 1113
2616 6 2 1 1 1012 1112 1037 1013 1113 1038
2617 4 2 2 2 1013 1088 1113 1114
2618 4 2 2 2 1013 1088 1114 1089
2619 4 2 2 2 1013 1089 1114 1014
2620 4 2 2 2 1013 1113 1038 1039
2621 4 2 2 2 1013 1113 1039 1114
2622 4 2 2 2 1013 1114 1039 1014
2623 4 2 2 2 1014 1089 1114 1115
2624 4 2 2 2 1014 1089 1115 1090
2625 4 2 2 2 1014 1090 1115 1015
2626 4 2 2 2 1014 1114 1039 1040
2627 4 2 2 2 1014 1114 1040 1115
2628 4 2 2 2 1014 1115 1040 1015
2629 4 2 2 2 1015 1090 1115 1116
2630 4 2 2 2 1015 1090 1116 1091
2631 4 2 2 2 1015 1091 1116 1016
2632 4 2 2 2 1015 1115 1040 1041
2633 4 2 2 2 1015 1115 1041 1116
2634 4 2 2 2 1015 1116 1041 1016
2635 4 2 2 2 1016 1091 1116 1117
2636 4 2 2 2 1016 1091 1117 1092
2637 4 2 2 2 1016 1092 1117 1017
2638 4 2 2 2 1016 1116 1041 1042
2639 4 2 2 2 1016 1116 1042 1117
2640 4 2 2 2 1016 1117 1042 1017
2641 4 2 2 2 1017 1092 1117 1118
2642 4 2 2 2 1017 1092 1118 1093
2643 4 2 2 2 1017 1093 1118 1018
2644 4 2 2 2 1017 1117 1042 1043
2645 4 2 2 2 1017 1117 1043 1118
2646 4 2 2 2 1017 1118 1043 1018
2647 4 2 2 2 1018 1093 1118 1119
2648 4 2 2 2 1018 1093 1119 1094
2649 4 2 2 2 1018 1094 1119 1019
2650 4 2 2 2 1018 1118 1043 1044
2651 4 2 2 2 1018 1118 1044 1119
2652 4 2 2 2 1018 1119 1044 1019
2653 4 2 2 2 1019 1094 1119 1120
2654 4 2 2 2 1019 1094 1120 1095
2655 4 2 2 2 1019 1095 1120 1020
2656 4 2 2 2 1019 1119 1044 1045
2657 4 2 2 2 1019 1119 1045 1120
2658 4 2 2 2 1019 1120 1045 1020
2659 4 2 2 2 1020 1095 1120 1121
2660 4 2 2 2 1020 1095 1121 1096
2661 4 2 2 2 1020 1096 1121 1021
2662 4 2 2 2 1020 1120 1045 1046
2663 4 2 2 2 1020 1120 1046 1121
2664 4 2 2 2 1020 1121 1046 1021
2665 4 2 2 2 1021 1096 1121 1122
2666 4 2 2 2 1021 1096 1122 1097
2667 4 2 2 2 1021 1097 1122 1022
2668 4 2 2 2 1021 1121 1046 1047
2669 4 2 2 2 1021 1121 1047 1122
2670 4 2 2 2 1021 1122 1047 1022
2671 4 2 2 2 1022 1097 1122 1123
2672 4 2 2 2 1022 1097 1123 1098
2673 4 2 2 2 1022 1098 1123 1023
2674 4 2 2 2 1022 1122 1047 1048
2675 4 2 2 2 1022 1122 1048 1123
2676 4 2 2 2 1022 1123 1048 1023
2677 4 2 2 2 1023 1098 1123 1124
2678 4 2 2 2 1023 1098 1124 1099
2679 4 2 2 2 1023 1099 1124 1024
2680 4 2 2 2 1023 1123 1048 1049
2681 4 2 2 2 1023 1123 1049 1124
2682 4 2 2 2 1023 1124 1049 1024
2683 4 2 2 2 1024 1099 1124 1125
2684 4 2 2 2 1024 1099 1125 1100
2685 4 2 2 2 1024 1100 1125 1025
2686 4 2 2 2 1024 1124 1049 1050
2687 4 2 2 2 1024 1124 1050 1125
2688 4 2 2 2 1024 1125 1050 1025
2689 6 2 1 1 1051 1126 1151 1052 1127 1152
2690 6 2 1 1 1051 1151 1076 1052 1152 1077
2691 6 2 1 1 1052 1127 1152 1053 1128 1153
2692 6 2 1 1 1052 1152 1077 1053 1153 1078
2693 6 2 1 1 1053 1128 1153 1054 1129 1154
2694 6 2 1 1 1053 1153 1078 1054 1154 1079
2695 6 2 1 1 1054 1129 1154 1055 1130 1155
2696 6 2 1 1 1054 1154 1079 1055 1155 1080
2697 6 2 1 1 1055 1130 1155 1056 1131 1156
2698 6 2 1 1 1055 1155 1080 1056 1156 1081
2699 6 2 1 1 1056 1131 1156 1057 1132 1157
2700 6 2 1 1 1056 1156 1081 1057 1157 1082
2701 6 2 1 1 1057 1132 1157 1058 1133 1158
2702 6 2 1 1 1057 1157 1082 1058 1158 1083
2703 6 2 1 1 1058 1133 1158 1059 1134 1159
2704 6 2 1 1 1058 1158 1083 1059 1159 1084
2705 6 2 1 1 1059 1134 1159 1060 1135 1160
2706 6 2 1 1 1059 1159 1084 1060 1160 1085
2707 6 2 1 1 1060 1135 1160 1061 1136 1161
2708 6 2 1 1 1060 1160 1085 1061 1161 1086
2709 6 2 1 1 1061 1136 1161 1062 1137 1162
2710 6 2 1 1 1061 1161 1086 1062 1162 1087
2711 6 2 1 1 1062 1137 1162 1063 1138 1163
2712 6 2 1 1 1062 1162 1087 1063 1163 1088
2713 4 2 2 2 1063 1138 1163 1164
2714 4 2 2 2 1063 1138 1164 1139
2715 4 2 2 2 1063 1139 1164 1064
2716 4 2 2 2 1063 1163 1088 1089
2717 4 2 2 2 1063 1163 1089 1164
2718 4 2 2 2 1063 1164 1089 1064
2719 4 2 2 2 1064 1139 1164 1165
2720 4 2 2 2 1064 1139 1165 1140
2721 4 2 2 2 1064 1140 1165 1065
2722 4 2 2 2 1064 1164 1089 1090
2723 4 2 2 2 1064 1164 1090 1165
2724 4 2 2 2 1064 1165 1090 1065
2725 4 2 2 2 1065 1140 1165 1166
2726 4 2 2 2 1065 1140 1166 1141
2727 4 2 2 2 1065 1141 1166 1066
2728 4 2 2 2 1065 1165 1090 1091
2729 4 2 2 2 1065 1165 1091 1166
2730 4 2 2 2 1065 1166 1091 1066
2731 4 2 2 2 1066 1141 1166 1167
2732 4 2 2 2 1066 1141 1167 1142
2733 4 2 2 2 1066 1142 1167 1067
2734 4 2 2 2 1066 1166 1091 1092
2735 4 2 2 2 1066 1166 1092 1167
2736 4 2 2 2 1066 1167 1092 1067
2737 4 2 2 2 1067 1142 1167 1168
2738 4 2 2 2 1067 1142 1168 1143
2739 4 2 2 2 1067 1143 1168 1068
2740 4 2 2 2 1067 1167 1092 1093
2741 4 2 2 2 1067 1167 1093 1168
2742 4 2 2 2 1067 1168 1093 1068
2743 4 2 2 2 1068 1143 1168 1169
2744 4 2 2 2 1068 1143 1169 1144
2745 4 2 2 2 1068 1144 1169 1069
2746 4 2 2 2 1068 1168 1093 1094
2747 4 2 2 2 1068 1168 1094 1169
2748 4 2 2 2 1068 1169 1094 1069
2749 4 2 2 2 1069 1144 1169 1170
2750 4 2 2 2 1069 1144 1170 1145
2751 4 2 2 2 1069 1145 1170 1070
2752 4 2 2 2 1069 1169 1094 1095
2753 4 2 2 2 1069 1169 1095 1170
2754 4 2 2 2 1069 1170 1095 1070
2755 4 2 2 2 1070 1145 1170 1171
2756 4 2 2 2 1070 1145 1171 1146
2757 4 2 2 2 1070 1146 1171 1071
2758 4 2 2 2 1070 1170 1095 1096
2759 4 2 2 2 1070 1170 1096 1171
2760 4 2 2 2 1070 1171 1096 1071
2761 4 2 2 2 1071 1146 1171 1172
2762 4 2 2 2 1071 1146 1172 1147
2763 4 2 2 2 1071 1147 1172 1072
2764 4 2 2 2 1071 1171 1096 1097
2765 4 2 2 2 1071 1171 1097 1172
2766 4 2 2 2 1071 1172 1097 1072
2767 4 2 2 2 1072 1147 1172 1173
2768 4 2 2 2 1072 1147 1173 1148
2769 4 2 2 2 1072 1148 1173 1073
2770 4 2 2 2 1072 1172 1097 1098
2771 4 2 2 2 1072 1172 1098 1173
2772 4 2 2 2 1072 1173 1098 1073
2773 4 2 2 2 1073 1148 1173 1174
2774 4 2 2 2 1073 1148 1174 1149
2775 4 2 2 2 1073 1149 1174 1074
2776 4 2 2 2 1073 1173 1098 1099
2777 4 2 2 2 1073 1173 1099 1174
2778 4 2 2 2 1073 1174 1099 1074
2779 4 2 2 2 1074 1149 1174 1175
2780 4 2 2 2 1074 1149 1175 1150
2781 4 2 2 2 1074 1150 1175 1075
2782 4 2 2 2 1074 1174 1099 1100
2783 4 2 2 2 1074 1174 1100 1175
2784 4 2 2 2 1074 1175 1100 1075
2785 6 2 1 1 1076 1151 1176 1077 1152 1177
2786 6 2 1 1 1076 1176 1101 1077 1177 1102
2787 6 2 1 1 1077 1152 1177 1078 1153 1178
2788 6 2 1 1 1077 1177 1102 1078 1178 1103
2789 6 2 1 1 1078 1153 1178 1079 1154 1179
2790 6 2 1 1 1078 1178 1103 1079 1179 1104
2791 6 2 1 1 1079 1154 1179 1080 1155 1180
2792 6 2 1 1 1079 1179 1104 1080 1180 1105
2793 6 2 1 1 1080 1155 1180 1081 1156 1181
2794 6 2 1 1 1080 1180 1105 1081 1181 1106
2795 6 2 1 1 1081 1156 1181 1082 1157 1182
2796 6 2 1 1 1081 1181 1106 1082 1182 1107
2797 6 2 1 1 1082 1157 1182 1083 1158 1183
2798 6 2 1 1 1082 1182 1107 1083 1183 1108
2799 6 2 1 1 1083 1158 1183 1084 1159 1184
2800 6 2 1 1 1083 1183 1108 1084 1184 1109
2801 6 2 1 1 1084 1159 1184 1085 1160 1185
2802 6 2 1 1 1084 1184 1109 1085 1185 1110
2803 6 2 1 1 1085 1160 1185 1086 1161 1186
2804 6 2 1 1 1085 1185 1110 1086 1186 1111
2805 6 2 1 1 1086 1161 1186 1087 1162 1187
2806 6 2 1 1 1086 1186 1111 1087 1187 1112
2807 6 2 1 1 1087 1162 1187 1088 1163 1188
2808 6 2 1 1 1087 1187 1112 1088 1188 1113
2809 4 2 2 2 1088 1163 1188 1189
2810 4 2 2 2 1088 1163 1189 1164
2811 4 2 2 2 1088 1164 1189 1089
2812 4 2 2 2 1088 1188 1113 1114
2813 4 2 2 2 1088 1188 1114 1189
2814 4 2 2 2 1088 1189 1114 1089
2815 4 2 2 2 1089 1164 1189 1190
2816 4 2 2 2 1089 1164 1190 1165
2817 4 2 2 2 1089 1165 1190 1090
2818 4 2 2 2 1089 1189 1114 1115
2819 4 2 2 2 1089 1189 1115 1190
2820 4 2 2 2 1089 1190 1115 1090
2821 4 2 2 2 1090 1165 1190 1191
2822 4 2 2 2 1090 1165 1191 1166
2823 4 2 2 2 1090 1166 1191 1091
2824 4 2 2 2 1090 1190 1115 1116
2825 4 2 2 2 1090 1190 1116 1191
2826 4 2 2 2 1090 1191 1116 1091
2827 4 2 2 2 1091 1166 1191 1192
2828 4 2 2 2 1091 1166 1192 1167
2829 4 2 2 2 1091 1167 1192 1092
2830 4 2 2 2 1091 1191 1116 1117
2831 4 2 2 2 1091 1191 1117 1192
2832 4 2 2 2 1091 1192 1117 1092
2833 4 2 2 2 1092 1167 1192 1193
2834 4 2 2 2 1092 1167 1193 1168
2835 4 2 2 2 1092 1168 1193 1093
2836 4 2 2 2 1092 1192 1117 1118
2837 4 2 2 2 1092 1192 1118 1193
2838 4 2 2 2 1092 1193 1118 1093
2839 4 2 2 2 1093 1168 1193 1194
2840 4 2 2 2 1093 1168 1194 1169
2841 4 2 2 2 1093 1169 1194 1094
2842 4 2 2 2 1093 1193 1118 1119
2843 4 2 2 2 1093 1193 1119 1194
2844 4 2 2 2 1093 1194 1119 1094
2845 4 2 2 2 1094 1169 1194 1195
2846 4 2 2 2 1094 1169 1195 1170
2847 4 2 2 2 1094 1170 1195 1095
2848 4 2 2 2 1094 1194 1119 1120
2849 4 2 2 2 1094 1194 1120 1195
2850 4 2 2 2 1094 1195 1120 1095
2851 4 2 2 2 1095 1170 1195 1196
2852 4 2 2 2 1095 1170 1196 1171
2853 4 2 2 2 1095 1171 1196 1096
2854 4 2 2 2 1095 1195 1120 1121
2855 4 2 2 2 1095 1195 1121 1196
2856 4 2 2 2 1095 1196 1121 1096
2857 4 2 2 2 1096 1171 1196 1197
2858 4 2 2 2 1096 1171 1197 1172
2859 4 2 2 2 1096 1172 1197 1097
2860 4 2 2 2 1096 1196 1121 1122
2861 4 2 2 2 1096 1196 1122 1197
2862 4 2 2 2 1096 1197 1122 1097
2863 4 2 2 2 1097 1172 1197 1198
2864 4 2 2 2 1097 1172 1198 1173
2865 4 2 2 2 1097 1173 1198 1098
2866 4 2 2 2 1097 1197 1122 1123
2867 4 2 2 2 1097 1197 1123 1198
2868 4 2 2 2 1097 1198 1123 1098
2869 4 2 2 2 1098 1173 1198 1199
2870 4 2 2 2 1098 1173 1199 1174
2871 4 2 2 2 1098 1174 1199 1099
2872 4 2 2 2 1098 1198 1123 1124
2873 4 2 2 2 1098 1198 1124 1199
2874 4 2 2 2 1098 1199 1124 1099
2875 4 2 2 2 1099 1174 1199 1200
2876 4 2 2 2 1099 1174 1200 1175
2877 4 2 2 2 1099 1175 1200 1100
2878 4 2 2 2 1099 1199 1124 1125
2879 4 2 2 2 1099 1199 1125 1200
2880 4 2 2 2 1099 1200 1125 1100
2881 6 2 1 1 1126 1201 1226 1127 1202 1227
2882 6 2 1 1 1126 1226 1151 1127 1227 1152
2883 6 2 1 1 1127 1202 1227 1128 1203 1228
2884 6 2 1 1 1127 1227 1152 1128 1228 1153
2885 6 2 1 1 1128 1203 1228 1129 1204 1229
2886 6 2 1 1 1128 1228 1153 1129 1229 1154
2887 6 2 1 1 1129 1204 1229 1130 1205 1230
2888 6 2 1 1 1129 1229 1154 1130 1230 1155
2889 6 2 1 1 1130 1205 1230 1131 1206 1231
2890 6 2 1 1 1130 1230 1155 1131 1231 1156
2891 6 2 1 1 1131 1206 1231 1132 1207 1232
2892 6 2 1 1 1131 1231 1156 1132 1232 1157
2893 6 2 1 1 1132 1207 1232 1133 1208 1233
2894 6 2 1 1 1132 1232 1157 1133 1233 1158
2895 6 2 1 1 1133 1208 1233 1134 1209 1234
2896 6 2 1 1 1133 1233 1158 1134 1234 1159
2897 6 2 1 1 1134 1209 1234 1135 1210 1235
2898 6 2 1 1 1134 1234 1159 1135 1235 1160
2899 6 2 1 1 1135 1210 1235 1136 1211 1236
2900 6 2 1 1 1135 1235 1160 1136 1236 1161
2901 6 2 1 1 1136 1211 1236 1137 1212 1237
2902 6 2 1 1 1136 1236 1161 1137 1237 1162
2903 6 2 1 1 1137 1212 1237 1138 1213 1238
2904 6 2 1 1 1137 1237 1162 1138 1238 1163
2905 4 2 2 2 1138 1213 1238 1239
2906 4 2 2 2 1138 1213 1239 1214
2907 4 2 2 2 1138 1214 1239 1139
2908 4 2 2 2 1138 1238 1163 1164
2909 4 2 2 2 1138 1238 1164 1239
2910 4 2 2 2 1138 1239 1164 1139
2911 4 2 2 2 1139 1214 1239 1240
2912 4 2 2 2 1139 1214 1240 1215
2913 4 2 2 2 1139 1215 1240 1140
2914 4 2 2 2 1139 1239 1164 1165
2915 4 2 2 2 1139 1239 1165 1240
2916 4 2 2 2 1139 1240 1165 1140
2917 4 2 2 2 1140 1215 1240 1241
2918 4 2 2 2 1140 1215 1241 1216
2919 4 2 2 2 1140 1216 1241 1141
2920 4 2 2 2 1140 1240 1165 1166
2921 4 2 2 2 1140 1240 1166 1241
2922 4 2 2 2 1140 1241 1166 1141
2923 4 2 2 2 1141 1216 1241 1242
2924 4 2 2 2 1141 1216 1242 1217
2925 4 2 2 2 1141 1217 1242 1142
2926 4 2 2 2 1141 1241 1166 1167
2927 4 2 2 2 1141 1241 1167 1242
2928 4 2 2 2 1141 1242 1167 1142
2929 4 2 2 2 1142 1217 1242 1243
2930 4 2 2 2 1142 1217 1243 1218
2931 4 2 2 2 1142 1218 1243 1143
2932 4 2 2 2 1142 1242 1167 1168
2933 4 2 2 2 1142 1242 1168 1243
2934 4 2 2 2 1142 1243 1168 1143
2935 4 2 2 2 1143 1218 1243 1244
2936 4 2 2 2 1143 1218 1244 1219
2937 4 2 2 2 1143 1219 1244 1144
2938 4 2 2 2 1143 1243 1168 1169
2939 4 2 2 2 1143 1243 1169 1244
2940 4 2 2 2 1143 1244 1169 1144
2941 4 2 2 2 1144 1219 1244 1245
2942 4 2 2 2 1144 1219 1245 1220
2943 4 2 2 2 1144 1220 1245 1145
2944 4 2 2 2 1144 1244 1169 1170
2945 4 2 2 2 1144 1244 1170 1245
2946 4 2 2 2 1144 1245 1170 1145
2947 4 2 2 2 1145 1220 1245 1246
2948 4 2 2 2 1145 1220 1246 1221
2949 4 2 2 2 1145 1221 1246 1146
2950 4 2 2 2 1145 1245 1170 1171
2951 4 2 2 2 1145 1245 1171 1246
2952 4 2 2 2 1145 1246 1171 1146
2953 4 2 2 2 1146 1221 1246 1247
2954 4 2 2 2 1146 1221 1247 1222
2955 4 2 2 2 1146 1222 1247 1147
2956 4 2 2 2 1146 1246 1171 1172
2957 4 2 2 2 1146 1246 1172 1247
2958 4 2 2 2 1146 1247 1172 1147
2959 4 2 2 2 1147 1222 1247 1248
2960 4 2 2 2 1147 1222 1248 1223
2961 4 2 2 2 1147 1223 1248 1148
2962 4 2 2 2 1147 1247 1172 1173
2963 4 2 2 2 1147 1247 1173 1248
2964 4 2 2 2 1147 1248 1173 1148
2965 4 2 2 2 1148 1223 1248 1249
2966 4 2 2 2 1148 1223 1249 1224
2967 4 2 2 2 1148 1224 1249 1149
2968 4 2 2 2 1148 1248 1173 1174
2969 4 2 2 2 1148 1248 1174 1249
2970 4 2 2 2 1148 1249 1174 1149
2971 4 2 2 2 1149 1224 1249 1250
2972 4 2 2 2 1149 1224 1250 1225
2973 4 2 2 2 1149 1225 1250 1150
2974 4 2 2 2 1149 1249 1174 1175
2975 4 2 2 2 1149 1249 1175 1250
2976 4 2 2 2 1149 1250 1175 1150
2977 6 2 1 1 1151 1226 1251 1152 1227 1252
2978 6 2 1 1 1151 1251 1176 1152 1252 1177
2979 6 2 1 1 1152 1227 1252 1153 1228 1253
2980 6 2 1 1 1152 1252 1177 1153 1253 1178
2981 6 2 1 1 1153 1228 1253 1154 1229 1254
2982 6 2 1 1 1153 1253 1178 1154 1254 1179
2983 6 2 1 1 1154 1229 1254 1155 1230 1255
2984 6 2 1 1 1154 1254 1179 1155 1255 1180
2985 6 2 1 1 1155 1230 1255 1156 1231 1256
2986 6 2 1 1 1155 1255 1180 1156 1256 1181
2987 6 2 1 1 1156 1231 1256 1157 1232 1257
2988 6 2 1 1 1156 1256 1181 1157 1257 1182
2989 6 2 1 1 1157 1232 1257 1158 1233 1258
2990 6 2 1 1 1157 1257 1182 1158 1258 1183
2991 6 2 1 1 1158 1233 1258 1159 1234 1259
2992 6 2 1 1 1158 1258 1183 1159 1259 1184
2993 6 2 1 1 1159 1234 1259 1160 1235 1260
2994 6 2 1 1 1159 1259 1184 1160 1260 1185
2995 6 2 1 1 1160 1235 1260 1161 1236 1261
2996 6 2 1 1 1160 1260 1185 1161 1261 1186
2997 6 2 1 1 1161 1236 1261 1162 1237 1262
2998 6 2 1 1 1161 1261 1186 1162 1262 1187
2999 6 2 1 1 1162 1237 1262 1163 1238 1263
3000 6 2 1 1 1162 1262 1187 1163 1263 1188
3001 4 2 2 2 1163 1238 1263 1264
3002 4 2 2 2 1163 1238 1264 1239
3003 4 2 2 2 1163 1239 1264 1164
3004 4 2 2 2 1163 1263 1188 1189
3005 4 2 2 2 1163 1263 1189 1264
3006 4 2 2 2 1163 1264 1189 1164
3007 4 2 2 2 1164 1239 1264 1265
3008 4 2 2 2 1164 1239 1265 1240
3009 4 2 2 2 1164 1240 1265 1165
3010 4 2 2 2 1164 1264 1189 1190
3011 4 2 2 2 1164 1264 1190 1265
3012 4 2 2 2 1164 1265 1190 1165
3013 4 2 2 2 1165 1240 1265 1266
3014 4 2 2 2 1165 1240 1266 1241
3015 4 2 2 2 1165 1241 1266 1166
3016 4 2 2 2 1165 1265 1190 1191
3017 4 2 2 2 1165 1265 1191 1266
3018 4 2 2 2 1165 1266 1191 1166
3019 4 2 2 2 1166 1241 1266 1267
3020 4 2 2 2 1166 1241 1267 1242
3021 4 2 2 2 1166 1242 1267 1167
3022 4 2 2 2 1166 1266 1191 1192
3023 4 2 2 2 1166 1266 1192 1267
3024 4 2 2 2 1166 1267 1192 1167
3025 4 2 2 2 1167 1242 1267 1268
3026 4 2 2 2 1167 1242 1268 1243
3027 4 2 2 2 1167 1243 1268 1168
3028 4 2 2 2 1167 1267 1192 1193
3029 4 2 2 2 1167 1267 1193 1268
3030 4 2 2 2 1167 1268 1193 1168
3031 4 2 2 2 1168 1243 1268 1269
3032 4 2 2 2 1168 1243 1269 1244
3033 4 2 2 2 1168 1244 1269 1169
3034 4 2 2 2 1168 1268 1193 1194
3035 4 2 2 2 1168 1268 1194 1269
3036 4 2 2 2 1168 1269 1194 1169
3037 4 2 2 2 1169 1244 1269 1270
3038 4 2 2 2 1169 1244 1270 1245
3039 4 2 2 2 1169 1245 1270 1170
3040 4 2 2 2 1169 1269 1194 1195
3041 4 2 2 2 1169 1269 1195 1270
3042 4 2 2 2 1169 1270 1195 1170
3043 4 2 2 2 1170 1245 1270 1271
3044 4 2 2 2 1170 1245 1271 1246
3045 4 2 2 2 1170 1246 1271 1171
3046 4 2 2 2 1170 1270 1195 1196
3047 4 2 2 2 1170 1270 1196 1271
3048 4 2 2 2 1170 1271 1196 1171
3049 4 2 2 2 1171 1246 1271 1272
3050 4 2 2 2 1171 1246 1272 1247
3051 4 2 2 2 1171 1247 1272 1172
3052 4 2 2 2 1171 1271 1196 1197
3053 4 2 2 2 1171 1271 1197 1272
3054 4 2 2 2 1171 1272 1197 1172
3055 4 2 2 2 1172 1247 1272 1273
3056 4 2 2 2 1172 1247 1273 1248
3057 4 2 2 2 1172 1248 1273 1173
3058 4 2 2 2 1172 1272 1197 1198
3059 4 2 2 2 1172 1272 1198 1273
3060 4 2 2 2 1172 1273 1198 1173
3061 4 2 2 2 1173 1248 1273 1274
3062 4 2 2 2 1173 1248 1274 1249
3063 4 2 2 2 1173 1249 1274 1174
3064 4 2 2 2 1173 1273 1198 1199
3065 4 2 2 2 1173 1273 1199 1274
3066 4 2 2 2 1173 1274 1199 1174
3067 4 2 2 2 1174 1249 1274 1275
3068 4 2 2 2 1174 1249 1275 1250
3069 4 2 2 2 1174 1250 1275 1175
3070 4 2 2 2 1174 1274 1199 1200
3071 4 2 2 2 1174 1274 1200 1275
3072 4 2 2 2 1174 1275 1200 1175
3073 6 2 1 1 1201 1276 1301 1202 1277 1302
3074 6 2 1 1 1201 1301 1226 1202 1302 1227
3075 6 2 1 1 1202 1277 1302 1203 1278 1303
3076 6 2 1 1 1202 1302 1227 1203 1303 1228
3077 6 2 1 1 1203 1278 1303 1204 1279 1304
3078 6 2 1 1 1203 1303 1228 1204 1304 1229
3079 6 2 1 1 1204 1279 1304 1205 1280 1305
3080 6 2 1 1 1204 1304 1229 1205 1305 1230
3081 6 2 1 1 1205 1280 1305 1206 1281 1306
3082 6 2 1 1 1205 1305 1230 1206 1306 1231
3083 6 2 1 1 1206 1281 1306 1207 1282 1307
3084 6 2 1 1 1206 1306 1231 1207 1307 1232
3085 6 2 1 1 1207 1282 1307 1208 1283 1308
3086 6 2 1 1 1207 1307 1232 1208 1308 1233
3087 6 2 1 1 1208 1283 1308 1209 1284 1309
3088 6 2 1 1 1208 1308 1233 1209 1309 1234
3089 6 2 1 1 1209 1284 1309 1210 1285 1310
3090 6 2 1 1 1209 1309 1234 1210 1310 1235
3091 6 2 1 1 1210 1285 1310 1211 1286 1311
3092 6 2 1 1 1210 1310 1235 1211 1311 1236
3093 6 2 1 1 1211 1286 1311 1212 1287 1312
3094 6 2 1 1 1211 1311 1236 1212 1312 1237
3095 6 2 1 1 1212 1287 1312 1213 1288 1313
3096 6 2 1 1 1212 1312 1237 1213 1313 1238
3097 4 2 2 2 1213 1288 1313 1314
3098 4 2 2 2 1213 1288 1314 1289
3099 4 2 2 2 1213 1289 1314 1214
3100 4 2 2 2 1213 1313 1238 1239
3101 4 2 2 2 1213 1313 1239 1314
3102 4 2 2 2 1213 1314 1239 1214
3103 4 2 2 2 1214 1289 1314 1315
3104 4 2 2 2 1214 1289 1315 1290
3105 4 2 2 2 1214 1290 1315 1215
3106 4 2 2 2 1214 1314 1239 1240
3107 4 2 2 2 1214 1314 1240 1315
3108 4 2 2 2 1214 1315 1240 1215
3109 4 2 2 2 1215 1290 1315 1316
3110 4 2 2 2 1215 1290 1316 1291
3111 4 2 2 2 1215 1291 1316 1216
3112 4 2 2 2 1215 1315 1240 1241
3113 4 2 2 2 1215 1315 1241 1316
3114 4 2 2 2 1215 1316 1241 1216
3115 4 2 2 2 1216 1291 1316 1317
3116 4 2 2 2 1216 1291 1317 1292
3117 4 2 2 2 1216 1292 1317 1217
3118 4 2 2 2 1216 1316 1241 1242
3119 4 2 2 2 1216 1316 1242 1317
3120 4 2 2 2 1216 1317 1242 1217
3121 4 2 2 2 1217 1292 1317 1318
3122 4 2 2 2 1217 1292 1318 1293
3123 4 2 2 2 1217 1293 1318 1218
3124 4 2 2 2 1217 1317 1242 1243
3125 4 2 2 2 1217 1317 1243 1318
3126 4 2 2 2 1217 1318 1243 1218
3127 4 2 2 2 1218 1293 1318 1319
3128 4 2 2 2 1218 1293 1319 1294
3129 4 2 2 2 1218 1294 1319 1219
3130 4 2 2 2 1218 1318 1243 1244
3131 4 2 2 2 1218 1318 1244 1319
3132 4 2 2 2 1218 1319 1244 1219
3133 4 2 2 2 1219 1294 1319 1320
3134 4 2 2 2 1219 1294 1320 1295
3135 4 2 2 2 1219 1295 1320 1220
3136 4 2 2 2 1219 1319 1244 1245
3137 4 2 2 2 1219 1319 1245 1320
3138 4 2 2 2 1219 1320 1245 1220
3139 4 2 2 2 1220 1295 1320 1321
3140 4 2 2 2 1220 1295 1321 1296
3141 4 2 2 2 1220 1296 1321 1221
3142 4 2 2 2 1220 1320 1245 1246
3143 4 2 2 2 1220 1320 1246 1321
3144 4 2 2 2 1220 1321 1246 1221
3145 4 2 2 2 1221 1296 1321 1322
3146 4 2 2 2 1221 1296 1322 1297
3147 4 2 2 2 1221 1297 1322 1222
3148 4 2 2 2 1221 1321 1246 1247
3149 4 2 2 2 1221 1321 1247 1322
3150 4 2 2 2 1221 1322 1247 1222
3151 4 2 2 2 1222 1297 1322 1323
3152 4 2 2 2 1222 1297 1323 1298
3153 4 2 2 2 1222 1298 1323 1223
3154 4 2 2 2 1222 1322 1247 1248
3155 4 2 2 2 1222 1322 1248 1323
3156 4 2 2 2 1222 1323 1248 1223
3157 4 2 2 2 1223 1298 1323 1324
3158 4 2 2 2 1223 1298 1324 1299
3159 4 2 2 2 1223 1299 1324 1224
3160 4 2 2 2 1223 1323 1248 1249
3161 4 2 2 2 1223 1323 1249 1324
3162 4 2 2 2 1223 1324 1249 1224
3163 4 2 2 2 1224 1299 1324 1325
3164 4 2 2 2 1224 1299 1325 1300
3165 4 2 2 2 1224 1300 1325 1225
3166 4 2 2 2 1224 1324 1249 1250
3167 4 2 2 2 1224 1324 1250 1325
3168 4 2 2 2 1224 1325 1250 1225
3169 6 2 1 1 1226 1301 1326 1227 1302 1327
3170 6 2 1 1 1226 1326 1251 1227 1327 1252
3171 6 2 1 1 1227 1302 1327 1228 1303 1328
3172 6 2 1 1 1227 1327 1252 1228 1328 1253
3173 6 2 1 1 1228 1303 1328 1229 1304 1329
3174 6 2 1 1 1228 1328 1253 1229 1329 1254
3175 6 2 1 1 1229 1304 1329 1230 1305 1330
3176 6 2 1 1 1229 1329 1254 1230 1330 1255
3177 6 2 1 1 1230 1305 1330 1231 1306 1331
3178 6 2 1 1 1230 1330 1255 1231 1331 1256
3179 6 2 1 1 1231 1306 1331 1232 1307 1332
3180 6 2 1 1 1231 1331 1256 1232 1332 1257
3181 6 2 1 1 1232 1307 1332 1233 1308 1333
3182 6 2 1 1 1232 1332 1257 1233 1333 1258
3183 6 2 1 1 1233 1308 1333 1234 1309 1334
3184 6 2 1 1 1233 1333 1258 1234 1334 1259
3185 6 2 1 1 1234 1309 1334 1235 1310 1335
3186 6 2 1 1 1234 1334 1259 1235 1335 1260
3187 6 2 1 1 1235 1310 1335 1236 1311 1336
3188 6 2 1 1 1235 1335 1260 1236 1336 1261
3189 6 2 1 1 1236 1311 1336 1237 1312 1337
3190 6 2 1 1 1236 1336 1261 1237 1337 1262
3191 6 2 1 1 1237 1312 1337 1238 1313 1338
3192 6 2 1 1 1237 1337 1262 1238 1338 1263
3193 4 2 2 2 1238 1313 1338 1339
3194 4 2 2 2 1238 1313 1339 1314
3195 4 2 2 2 1238 1314 1339 1239
3196 4 2 2 2 1238 1338 1263 1264
3197 4 2 2 2 1238 1338 1264 1339
3198 4 2 2 2 1238 1339 1264 1239
3199 4 2 2 2 1239 1314 1339 1340
3200 4 2 2 2 1239 1314 1340 1315
3201 4 2 2 2 1239 1315 1340 1240
3202 4 2 2 2 1239 1339 1264 1265
3203 4 2 2 2 1239 1339 1265 1340
3204 4 2 2 2 1239 1340 1265 1240
3205 4 2 2 2 1240 1315 1340 1341
3206 4 2 2 2 1240 1315 1341 1316
3207 4 2 2 2 1240 1316 1341 1241
3208 4 2 2 2 1240 1340 1265 1266
3209 4 2 2 2 1240 1340 1266 1341
3210 4 2 2 2 1240 1341 1266 1241
3211 4 2 2 2 1241 1316 1341 1342
3212 4 2 2 2 1241 1316 1342 1317
3213 4 2 2 2 1241 1317 1342 1242
3214 4 2 2 2 1241 1341 1266 1267
3215 4 2 2 2 1241 1341 1267 1342
3216 4 2 2 2 1241 1342 1267 1242
3217 4 2 2 2 1242 1317 1342 1343
3218 4 2 2 2 1242 1317 1343 1318
3219 4 2 2 2 1242 1318 1343 1243
3220 4 2 2 2 1242 1342 1267 1268
3221 4 2 2 2 1242 1342 1268 1343
3222 4 2 2 2 1242 1343 1268 1243
3223 4 2 2 2 1243 1318 1343 1344
3224 4 2 2 2 1243 1318 1344 1319
3225 4 2 2 2 1243 1319 1344 1244
3226 4 2 2 2 1243 1343 1268 1269
3227 4 2 2 2 1243 1343 1269 1344
3228 4 2 2 2 1243 1344 1269 1244
3229 4 2 2 2 1244 1319 1344 1345
3230 4 2 2 2 1244 1319 1345 1320
3231 4 2 2 2 1244 1320 1345 1245
3232 4 2 2 2 1244 1344 1269 1270
3233 4 2 2 2 1244 1344 1270 1345
3234 4 2 2 2 1244 1345 1270 1245
3235 4 2 2 2 1245 1320 1345 1346
3236 4 2 2 2 1245 1320 1346 1321
3237 4 2 2 2 1245 1321 1346 1246
3238 4 2 2 2 1245 1345 1270 1271
3239 4 2 2 2 1245 1345 1271 1346
3240 4 2 2 2 1245 1346 1271 1246
3241 4 2 2 2 1246 1321 1346 1347
3242 4 2 2 2 1246 1321 1347 1322
3243 4 2 2 2 1246 1322 1347 1247
3244 4 2 2 2 1246 1346 1271 1272
3245 4 2 2 2 1246 1346 1272 1347
3246 4 2 2 2 1246 1347 1272 1247
3247 4 2 2 2 1247 1322 1347 1348
3248 4 2 2 2 1247 1322 1348 1323
3249 4 2 2 2 1247 1323 1348 1248
3250 4 2 2 2 1247 1347 1272 1273
3251 4 2 2 2 1247 1347 1273 1348
3252 4 2 2 2 1247 1348 1273 1248
3253 4 2 2 2 1248 1323 1348 1349
3254 4 2 2 2 1248 1323 1349 1324
3255 4 2 2 2 1248 1324 1349 1249
3256 4 2 2 2 1248 1348 1273 1274
3257 4 2 2 2 1248 1348 1274 1349
3258 4 2 2 2 1248 1349 1274 1249
3259 4 2 2 2 1249 1324 1349 1350
3260 4 2 2 2 1249 1324 1350 1325
3261 4 2 2 2 1249 1325 1350 1250
3262 4 2 2 2 1249 1349 1274 1275
3263 4 2 2 2 1249 1349 1275 1350
3264 4 2 2 2 1249 1350 1275 1250
3265 6 2 1 1 1276 1351 1376 1277 1352 1377
3266 6 2 1 1 1276 1376 1301 1277 1377 1302
3267 6 2 1 1 1277 1352 1377 1278 1353 1378
3268 6 2 1 1 1277 1377 1302 1278 1378 1303
3269 6 2 1 1 1278 1353 1378 1279 1354 1379
3270 6 2 1 1 1278 1378 1303 1279 1379 1304
3271 6 2 1 1 1279 1354 1379 1280 1355 1380
3272 6 2 1 1 1279 1379 1304 1280 1380 1305
3273 6 2 1 1 1280 1355 1380 1281 1356 1381
3274 6 2 1 1 1280 1380 1305 1281 1381 1306
3275 6 2 1 1 1281 1356 1381 1282 1357 1382
3276 6 2 1 1 1281 1381 1306 1282 1382 1307
3277 6 2 1 1 1282 1357 1382 1283 1358 1383
3278 6 2 1 1 1282 1382 1307 1283 1383 1308
3279 6 2 1 1 1283 1358 1383 1284 1359 1384
3280 6 2 1 1 1283 1383 1308 1284 1384 1309
3281 6 2 1 1 1284 1359 1384 1285 1360 1385
3282 6 2 1 1 1284 1384 1309 1285 1385 1310
3283 6 2 1 1 1285 1360 1385 1286 1361 1386
3284 6 2 1 1 1285 1385 1310 1286 1386 1311
3285 6 2 1 1 1286 1361 1386 1287 1362 1387
3286 6 2 1 1 1286 1386 1311 1287 1387 1312
3287 6 2 1 1 1287 1362 1387 1288 1363 1388
3288 6 2 1 1 1287 1387 1312 1288 1388 1313
3289 4 2 2 2 1288 1363 1388 1389
3290 4 2 2 2 1288 1363 1389 1364
3291 4 2 2 2 1288 1364 1389 1289
3292 4 2 2 2 1288 1388 1313 1314
3293 4 2 2 2 1288 1388 1314 1389
3294 4 2 2 2 1288 1389 1314 1289
3295 4 2 2 2 1289 1364 1389 1390
3296 4 2 2 2 1289 1364 1390 1365
3297 4 2 2 2 1289 1365 1390 1290
3298 4 2 2 2 1289 1389 1314 1315
3299 4 2 2 2 1289 1389 1315 1390
3300 4 2 2 2 1289 1390 1315 1290
3301 4 2 2 2 1290 1365 1390 1391
3302 4 2 2 2 1290 1365 1391 1366
3303 4 2 2 2 1290 1366 1391 1291
3304 4 2 2 2 1290 1390 1315 1316
3305 4 2 2 2 1290 1390 1316 1391
3306 4 2 2 2 1290 1391 1316 1291
3307 4 2 2 2 1291 1366 1391 1392
3308 4 2 2 2 1291 1366 1392 1367
3309 4 2 2 2 1291 1367 1392 1292
3310 4 2 2 2 1291 1391 1316 1317
3311 4 2 2 2 1291 1391 1317 1392
3312 4 2 2 2 1291 1392 1317 1292
3313 4 2 2 2 1292 1367 1392 1393
3314 4 2 2 2 1292 1367 1393 1368
3315 4 2 2 2 1292 1368 1393 1293
3316 4 2 2 2 1292 1392 1317 1318
3317 4 2 2 2 1292 1392 1318 1393
3318 4 2 2 2 1292 1393 1318 1293
3319 4 2 2 2 1293 1368 1393 1394
3320 4 2 2 2 1293 1368 1394 1369
3321 4 2 2 2 1293 1369 1394 1294
3322 4 2 2 2 1293 1393 1318 1319
3323 4 2 2 2 1293 1393 1319 1394
3324 4 2 2 2 1293 1394 1319 1294
3325 4 2 2 2 1294 1369 1394 1395
3326 4 2 2 2 1294 1369 1395 1370
3327 4 2 2 2 1294 1370 1395 1295
3328 4 2 2 2 1294 1394 1319 1320
3329 4 2 2 2 1294 1394 1320 1395
3330 4 2 2 2 1294 1395 1320 1295
3331 4 2 2 2 1295 1370 1395 1396
3332 4 2 2 2 1295 1370 1396 1371
3333 4 2 2 2 1295 1371 1396 1296
3334 4 2 2 2 1295 1395 1320 1321
3335 4 2 2 2 1295 1395 1321 1396
3336 4 2 2 2 1295 1396 1321 1296
3337 4 2 2 2 1296 1371 1396 1397
3338 4 2 2 2 1296 1371 1397 1372
3339 4 2 2 2 1296 1372 1397 1297
3340 4 2 2 2 1296 1396 1321 1322
3341 4 2 2 2 1296 1396 1322 1397
3342 4 2 2 2 1296 1397 1322 1297
3343 4 2 2 2 1297 1372 1397 1398
3344 4 2 2 2 1297 1372 1398 1373
3345 4 2 2 2 1297 1373 1398 1298
3346 4 2 2 2 1297 1397 1322 1323
3347 4 2 2 2 1297 1397 1323 1398
3348 4 2 2 2 1297 1398 1323 1298
3349 4 2 2 2 1298 1373 1398 1399
3350 4 2 2 2 1298 1373 1399 1374
3351 4 2 2 2 1298 1374 1399 1299
3352 4 2 2 2 1298 1398 1323 1324
3353 4 2 2 2 1298 1398 1324 1399
3354 4 2 2 2 1298 1399 1324 1299
3355 4 2 2 2 1299 1374 1399 1400
3356 4 2 2 2 1299 1374 1400 1375
3357 4 2 2 2 1299 1375 1400 1300
3358 4 2 2 2 1299 1399 1324 1325
3359 4 2 2 2 1299 1399 1325 1400
3360 4 2 2 2 1299 1400 1325 1300
3361 6 2 1 1 1301 1376 1401 1302 1377 1402
3362 6 2 1 1 1301 1401 1326 1302 1402 1327
3363 6 2 1 1 1302 1377 1402 1303 1378 1403
3364 6 2 1 1 1302 1402 1327 1303 1403 1328
3365 6 2 1 1 1303 1378 1403 1304 1379 1404
3366 6 2 1 1 1303 1403 1328 1304 1404 1329
3367 6 2 1 1 1304 1379 1404 1305 1380 1405
3368 6 2 1 1 1304 1404 1329 1305 1405 1330
3369 6 2 1 1 1305 1380 1405 1306 1381 1406
3370 6 2 1 1 1305 1405 1330 1306 1406 1331
3371 6 2 1 1 1306 1381 1406 1307 1382 1407
3372 6 2 1 1 1306 1406 1331 1307 1407 1332
3373 6 2 1 1 1307 1382 1407 1308 1383 1408
3374 6 2 1 1 1307 1407 1332 1308 1408 1333
3375 6 2 1 1 1308 1383 1408 1309 1384 1409
3376 6 2 1 1 1308 1408 1333 1309 1409 1334
3377 6 2 1 1 1309 1384 1409 1310 1385 1410
3378 6 2 1 1 1309 1409 1334 1310 1410 1335
3379 6 2 1 1 1310 1385 1410 1311 1386 1411
3380 6 2 1 1 1310 1410 1335 1311 1411 1336
3381 6 2 1 1 1311 1386 1411 1312 1387 1412
3382 6 2 1 1 1311 1411 1336 1312 1412 1337
3383 6 2 1 1 1312 1387 1412 1313 1388 1413
3384 6 2 1 1 1312 1412 1337 1313 1413 1338
3385 4 2 2 2 1313 1388 1413 1414
3386 4 2 2 2 1313 1388 1414 1389
3387 4 2 2 2 1313 1389 1414 1314
3388 4 2 2 2 1313 1413 1338 1339
3389 4 2 2 2 1313 1413 1339 1414
3390 4 2 2 2 1313 1414 1339 1314
3391 4 2 2 2 1314 1389 1414 1415
3392 4 2 2 2 1314 1389 1415 1390
3393 4 2 2 2 1314 1390 1415 1315
3394 4 2 2 2 1314 1414 1339 1340
3395 4 2 2 2 1314 1414 1340 1415
3396 4 2 2 2 1314 1415 1340 1315
3397 4 2 2 2 1315 1390 1415 1416
3398 4 2 2 2 1315 1390 1416 1391
3399 4 2 2 2 1315 1391 1416 1316
3400 4 2 2 2 1315 1415 1340 1341
3401 4 2 2 2 1315 1415 1341 1416
3402 4 2 2 2 1315 1416 1341 1316
3403 4 2 2 2 1316 1391 1416 1417
3404 4 2 2 2 1316 1391 1417 1392
3405 4 2 2 2 1316 1392 1417 1317
3406 4 2 2 2 1316 1416 1341 1342
3407 4 2 2 2 1316 1416 1342 1417
3408 4 2 2 2 1316 1417 1342 1317
3409 4 2 2 2 1317 1392 1417 1418
3410 4 2 2 2 1317 1392 1418 1393
3411 4 2 2 2 1317 1393 1418 1318
3412 4 2 2 2 1317 1417 1342 1343
3413 4 2 2 2 1317 1417 1343 1418
3414 4 2 2 2 1317 1418 1343 1318
3415 4 2 2 2 1318 1393 1418 1419
3416 4 2 2 2 1318 1393 1419 1394
3417 4 2 2 2 1318 1394 1419 1319
3418 4 2 2 2 1318 1418 1343 1344
3419 4 2 2 2 1318 1418 1344 1419
3420 4 2 2 2 1318 1419 1344 1319
3421 4 2 2 2 1319 1394 1419 1420
3422 4 2 2 2 1319 1394 1420 1395
3423 4 2 2 2 1319 1395 1420 1320
3424 4 2 2 2 1319 1419 1344 1345
3425 4 2 2 2 1319 1419 1345 1420
3426 4 2 2 2 1319 1420 1345 1320
3427 4 2 2 2 1320 1395 1420 1421
3428 4 2 2 2 1320 1395 1421 1396
3429 4 2 2 2 1320 1396 1421 1321
3430 4 2 2 2 1320 1420 1345 1346
3431 4 2 2 2 1320 1420 1346 1421
3432 4 2 2 2 1320 1421 1346 1321
3433 4 2 2 2 1321 1396 1421 1422
3434 4 2 2 2 1321 1396 1422 1397
3435 4 2 2 2 1321 1397 1422 1322
3436 4 2 2 2 1321 1421 1346 1347
3437 4 2 2 2 1321 1421 1347 1422
3438 4 2 2 2 1321 1422 1347 1322
3439 4 2 2 2 1322 1397 1422 1423
3440 4 2 2 2 1322 1397 1423 1398
3441 4 2 2 2 1322 1398 1423 1323
3442 4 2 2 2 1322 1422 1347 1348
3443 4 2 2 2 1322 1422 1348 1423
3444 4 2 2 2 1322 1423 1348 1323
3445 4 2 2 2 1323 1398 1423 1424
3446 4 2 2 2 1323 1398 1424 1399
3447 4 2 2 2 1323 1399 1424 1324
3448 4 2 2 2 1323 1423 1348 1349
3449 4 2 2 2 1323 1423 1349 1424
3450 4 2 2 2 1323 1424 1349 1324
3451 4 2 2 2 1324 1399 1424 1425
3452 4 2 2 2 1324 1399 1425 1400
3453 4 2 2 2 1324 1400 1425 1325
3454 4 2 2 2 1324 1424 1349 1350
3455 4 2 2 2 1324 1424 1350 1425
3456 4 2 2 2 1324 1425 1350 1325
3457 6 2 1 1 1351 1426 1451 1352 1427 1452
3458 6 2 1 1 1351 1451 1376 1352 1452 1377
3459 6 2 1 1 1352 1427 1452 1353 1428 1453
3460 6 2 1 1 1352 1452 1377 1353 1453 1378
3461 6 2 1 1 1353 1428 1453 1354 1429 1454
3462 6 2 1 1 1353 1453 1378 1354 1454 1379
3463 6 2 1 1 1354 1429 1454 1355 1430 1455
3464 6 2 1 1 1354 1454 1379 1355 1455 1380
3465 6 2 1 1 1355 1430 1455 1356 1431 1456
3466 6 2 1 1 1355 1455 1380 1356 1456 1381
3467 6 2 1 1 1356 1431 1456 1357 1432 1457
3468 6 2 1 1 1356 1456 1381 1357 1457 1382
3469 6 2 1 1 1357 1432 1457 1358 1433 1458
3470 6 2 1 1 1357 1457 1382 1358 1458 1383
3471 6 2 1 1 1358 1433 1458 1359 1434 1459
3472 6 2 1 1 1358 1458 1383 1359 1459 1384
3473 6 2 1 1 1359 1434 1459 1360 1435 1460
3474 6 2 1 1 1359 1459 1384 1360 1460 1385
3475 6 2 1 1 1360 1435 1460 1361 1436 1461
3476 6 2 1 1 1360 1460 1385 1361 1461 1386
3477 6 2 1 1 1361 1436 1461 1362 1437 1462
3478 6 2 1 1 1361 1461 1386 1362 1462 1387
3479 6 2 1 1 1362 1437 1462 1363 1438 1463
3480 6 2 1 1 1362 1462 1387 1363 1463 1388
3481 4 2 2 2 1363 1438 1463 1464
3482 4 2 2 2 1363 1438 1464 1439
3483 4 2 2 2 1363 1439 1464 1364
3484 4 2 2 2 1363 1463 1388 1389
3485 4 2 2 2 1363 1463 1389 1464
3486 4 2 2 2 1363 1464 1389 1364
3487 4 2 2 2 1364 1439 1464 1465
3488 4 2 2 2 1364 1439 1465 1440
3489 4 2 2 2 1364 1440 1465 1365
3490 4 2 2 2 1364 1464 1389 1390
3491 4 2 2 2 1364 1464 1390 1465
3492 4 2 2 2 1364 1465 1390 1365
3493 4 2 2 2 1365 1440 1465 1466
3494 4 2 2 2 1365 1440 1466 1441
3495 4 2 2 2 1365 1441 1466 1366
3496 4 2 2 2 1365 1465 1390 1391
3497 4 2 2 2 1365 1465 1391 1466
3498 4 2 2 2 1365 1466 1391 1366
3499 4 2 2 2 1366 1441 1466 1467
3500 4 2 2 2 1366 1441 1467 1442
3501 4 2 2 2 1366 1442 1467 1367
3502 4 2 2 2 1366 1466 1391 1392
3503 4 2 2 2 1366 1466 1392 1467
3504 4 2 2 2 1366 1467 1392 1367
3505 4 2 2 2 1367 1442 1467 1468
3506 4 2 2 2 1367 1442 1468 1443
3507 4 2 2 2 1367 1443 1468 1368
3508 4 2 2 2 1367 1467 1392 1393
3509 4 2 2 2 1367 1467 1393 1468
3510 4 2 2 2 1367 1468 1393 1368
3511 4 2 2 2 1368 1443 1468 1469
3512 4 2 2 2 1368 1443 1469 1444
3513 4 2 2 2 1368 1444 1469 1369
3514 4 2 2 2 1368 1468 1393 1394
3515 4 2 2 2 1368 1468 1394 1469
3516 4 2 2 2 1368 1469 1394 1369
3517 4 2 2 2 1369 1444 1469 1470
3518 4 2 2 2 1369 1444 1470 1445
3519 4 2 2 2 1369 1445 1470 1370
3520 4 2 2 2 1369 1469 1394 1395
3521 4 2 2 2 1369 1469 1395 1470
3522 4 2 2 2 1369 1470 1395 1370
3523 4 2 2 2 1370 1445 1470 1471
3524 4 2 2 2 1370 1445 1471 1446
3525 4 2 2 2 1370 1446 1471 1371
3526 4 2 2 2 1370 1470 1395 1396
3527 4 2 2 2 1370 1470 1396 1471
3528 4 2 2 2 1370 1471 1396 1371
3529 4 2 2 2 1371 1446 1471 1472
3530 4 2 2 2 1371 1446 1472 1447
3531 4 2 2 2 1371 1447 1472 1372
3532 4 2 2 2 1371 1471 1396 1397
3533 4 2 2 2 1371 1471 1397 1472
3534 4 2 2 2 1371 1472 1397 1372
3535 4 2 2 2 1372 1447 1472 1473
3536 4 2 2 2 1372 1447 1473 1448
3537 4 2 2 2 1372 1448 1473 1373
3538 4 2 2 2 1372 1472 1397 1398
3539 4 2 2 2 1372 1472 1398 1473
3540 4 2 2 2 1372 1473 1398 1373
3541 4 2 2 2 1373 1448 1473 1474
3542 4 2 2 2 1373 1448 1474 1449
3543 4 2 2 2 1373 1449 1474 1374
3544 4 2 2 2 1373 1473 1398 1399
3545 4 2 2 2 1373 1473 1399 1474
3546 4 2 2 2 1373 1474 1399 1374
3547 4 2 2 2 1374 1449 1474 1475
3548 4 2 2 2 1374 1449 1475 1450
3549 4 2 2 2 1374 1450 1475 1375
3550 4 2 2 2 1374 1474 1399 1400
3551 4 2 2 2 1374 1474 1400 1475
3552 4 2 2 2 1374 1475 1400 1375
3553 6 2 1 1 1376 1451 1476 1377 1452 1477
3554 6 2 1 1 1376 1476 1401 1377 1477 1402
3555 6 2 1 1 1377 1452 1477 1378 1453 1478
3556 6 2 1 1 1377 1477 1402 1378 1478 1403
3557 6 2 1 1 1378 1453 1478 1379 1454 1479
3558 6 2 1 1 1378 1478 1403 1379 1479 1404
3559 6 2 1 1 1379 1454 1479 1380 1455 1480
3560 6 2 1 1 1379 1479 1404 1380 1480 1405
3561 6 2 1 1 1380 1455 1480 1381 1456 1481
3562 6 2 1 1 1380 1480 1405 1381 1481 1406
3563 6 2 1 1 1381 1456 1481 1382 1457 1482
3564 6 2 1 1 1381 1481 1406 1382 1482 1407
3565 6 2 1 1 1382 1457 1482 1383 1458 1483
3566 6 2 1 1 1382 1482 1407 1383 1483 1408
3567 6 2 1 1 1383 1458 1483 1384 1459 1484
3568 6 2 1 1 1383 1483 1408 1384 1484 1409
3569 6 2 1 1 1384 1459 1484 1385 1460 1485
3570 6 2 1 1 1384 1484 1409 1385 1485 1410
3571 6 2 1 1 1385 1460 1485 1386 1461 1486
3572 6 2 1 1 1385 1485 1410 1386 1486 1411
3573 6 2 1 1 1386 1461 1486 1387 1462 1487
3574 6 2 1 1 1386 1486 1411 1387 1487 1412
3575 6 2 1 1 1387 1462 1487 1388 1463 1488
3576 6 2 1 1 1387 1487 1412 1388 1488 1413
3577 4 2 2 2 1388 1463 1488 1489
3578 4 2 2 2 1388 1463 1489 1464
3579 4 2 2 2 1388 1464 1489 1389
3580 4 2 2 2 1388 1488 1413 1414
3581 4 2 2 2 1388 1488 1414 1489
3582 4 2 2 2 1388 1489 1414 1389
3583 4 2 2 2 1389 1464 1489 1490
3584 4 2 2 2 1389 1464 1490 1465
3585 4 2 2 2 1389 1465 1490 1390
3586 4 2 2 2 1389 1489 1414 1415
3587 4 2 2 2 1389 1489 1415 1490
3588 4 2 2 2 1389 1490 1415 1390
3589 4 2 2 2 1390 1465 1490 1491
3590 4 2 2 2 1390 1465 1491 1466
3591 4 2 2 2 1390 1466 1491 1391
3592 4 2 2 2 1390 1490 1415 1416
3593 4 2 2 2 1390 1490 1416 1491
3594 4 2 2 2 1390 1491 1416 1391
3595 4 2 2 2 1391 1466 1491 1492
3596 4 2 2 2 1391 1466 1492 1467
3597 4 2 2 2 1391 1467 1492 1392
3598 4 2 2 2 1391 1491 1416 1417
3599 4 2 2 2 1391 1491 1417 1492
3600 4 2 2 2 1391 1492 1417 1392
3601 4 2 2 2 1392 1467 1492 1493
3602 4 2 2 2 1392 1467 1493 1468
3603 4 2 2 2 1392 1468 1493 1393
3604 4 2 2 2 1392 1492 1417 1418
3605 4 2 2 2 1392 1492 1418 1493
3606 4 2 2 2 1392 1493 1418 1393
3607 4 2 2 2 1393 1468 1493 1494
3608 4 2 2 2 1393 1468 1494 1469
3609 4 2 2 2 1393 1469 1494 1394
3610 4 2 2 2 1393 1493 1418 1419
3611 4 2 2 2 1393 1493 1419 1494
3612 4 2 2 2 1393 1494 1419 1394
3613 4 2 2 2 1394 1469 1494 1495
3614 4 2 2 2 1394 1469 1495 1470
3615 4 2 2 2 1394 1470 1495 1395
3616 4 2 2 2 1394 1494 1419 1420
3617 4 2 2 2 1394 1494 1420 1495
3618 4 2 2 2 1394 1495 1420 1395
3619 4 2 2 2 1395 1470 1495 1496
3620 4 2 2 2 1395 1470 1496 1471
3621 4 2 2 2 1395 1471 1496 1396
3622 4 2 2 2 1395 1495 1420 1421
3623 4 2 2 2 1395 1495 1421 1496
3624 4 2 2 2 1395 1496 1421 1396
3625 4 2 2 2 1396 1471 1496 1497
3626 4 2 2 2 1396 1471 1497 1472
3627 4 2 2 2 1396 1472 1497 1397
3628 4 2 2 2 1396 1496 1421 1422
3629 4 2 2 2 1396 1496 1422 1497
3630 4 2 2 2 1396 1497 1422 1397
3631 4 2 2 2 1397 1472 1497 1498
3632 4 2 2 2 1397 1472 1498 1473
3633 4 2 2 2 1397 1473 1498 1398
3634 4 2 2 2 1397 1497 1422 1423
3635 4 2 2 2 1397 1497 1423 1498
3636 4 2 2 2 1397 1498 1423 1398
3637 4 2 2 2 1398 1473 1498 1499
3638 4 2 2 2 1398 1473 1499 1474
3639 4 2 2 2 1398 1474 1499 1399
3640 4 2 2 2 1398 1498 1423 1424
3641 4 2 2 2 1398 1498 1424 1499
3642 4 2 2 2 1398 1499 1424 1399
3643 4 2 2 2 1399 1474 1499 1500
3644 4 2 2 2 1399 1474 1500 1475
3645 4 2 2 2 1399 1475 1500 1400
3646 4 2 2 2 1399 1499 1424 1425
3647 4 2 2 2 1399 1499 1425 1500
3648 4 2 2 2 1399 1500 1425 1400
3649 6 2 1 1 1426 1501 1526 1427 1502 1527
3650 6 2 1 1 1426 1526 1451 1427 1527 1452
3651 6 2 1 1 1427 1502 1527 1428 1503 1528
3652 6 2 1 1 1427 1527 1452 1428 1528 1453
3653 6 2 1 1 1428 1503 1528 1429 1504 1529
3654 6 2 1 1 1428 1528 1453 1429 1529 1454
3655 6 2 1 1 1429 1504 1529 1430 1505 1530
3656 6 2 1 1 1429 1529 1454 1430 1530 1455
3657 6 2 1 1 1430 1505 1530 1431 1506 1531
3658 6 2 1 1 1430 1530 1455 1431 1531 1456
3659 6 2 1 1 1431 1506 1531 1432 1507 1532
3660 6 2 1 1 1431 1531 1456 1432 1532 1457
3661 6 2 1 1 1432 1507 1532 1433 1508 1533
3662 6 2 1 1 1432 1532 1457 1433 1533 1458
3663 6 2 1 1 1433 1508 1533 1434 1509 1534
3664 6 2 1 1 1433 1533 1458 1434 1534 1459
3665 6 2 1 1 1434 1509 1534 1435 1510 1535
3666 6 2 1 1 1434 1534 1459 1435 1535 1460
3667 6 2 1 1 1435 1510 1535 1436 1511 1536
3668 6 2 1 1 1435 1535 1460 1436 1536 1461
3669 6 2 1 1 1436 1511 1536 1437 1512 1537
3670 6 2 1 1 1436 1536 1461 1437 1537 1462
3671 6 2 1 1 1437 1512 1537 1438 1513 1538
3672 6 2 1 1 1437 1537 1462 1438 1538 1463
3673 4 2 2 2 1438 1513 1538 1539
3674 4 2 2 2 1438 1513 1539 1514
3675 4 2 2 2 1438 1514 1539 1439
3676 4 2 2 2 1438 1538 1463 1464
3677 4 2 2 2 1438 1538 1464 1539
3678 4 2 2 2 1438 1539 1464 1439
3679 4 2 2 2 1439 1514 1539 1540
3680 4 2 2 2 1439 1514 1540 1515
3681 4 2 2 2 1439 1515 1540 1440
3682 4 2 2 2 1439 1539 1464 1465
3683 4 2 2 2 1439 1539 1465 1540
3684 4 2 2 2 1439 1540 1465 1440
3685 4 2 2 2 1440 1515 1540 1541
3686 4 2 2 2 1440 1515 1541 1516
3687 4 2 2 2 1440 1516 1541 1441
3688 4 2 2 2 1440 1540 1465 1466
3689 4 2 2 2 1440 1540 1466 1541
3690 4 2 2 2 1440 1541 1466 1441
3691 4 2 2 2 1441 1516 1541 1542
3692 4 2 2 2 1441 1516 1542 1517
3693 4 2 2 2 1441 1517 1542 1442
3694 4 2 2 2 1441 1541 1466 1467
3695 4 2 2 2 1441 1541 1467 1542
3696 4 2 2 2 1441 1542 1467 1442
3697 4 2 2 2 1442 1517 1542 1543
3698 4 2 2 2 1442 1517 1543 1518
3699 4 2 2 2 1442 1518 1543 1443
3700 4 2 2 2 1442 1542 1467 1468
3701 4 2 2 2 1442 1542 1468 1543
3702 4 2 2 2 1442 1543 1468 1443
3703 4 2 2 2 1443 1518 1543 1544
3704 4 2 2 2 1443 1518 1544 1519
3705 4 2 2 2 1443 1519 1544 1444
3706 4 2 2 2 1443 1543 1468 1469
3707 4 2 2 2 1443 1543 1469 1544
3708 4 2 2 2 1443 1544 1469 1444
3709 4 2 2 2 1444 1519 1544 1545
3710 4 2 2 2 1444 1519 1545 1520
3711 4 2 2 2 1444 1520 1545 1445
3712 4 2 2 2 1444 1544 1469 1470
3713 4 2 2 2 1444 1544 1470 1545
3714 4 2 2 2 1444 1545 1470 1445
3715 4 2 2 2 1445 1520 1545 1546
3716 4 2 2 2 1445 1520 1546 1521
3717 4 2 2 2 1445 1521 1546 1446
3718 4 2 2 2 1445 1545 1470 1471
3719 4 2 2 2 1445 1545 1471 1546
3720 4 2 2 2 1445 1546 1471 1446
3721 4 2 2 2 1446 1521 1546 1547
3722 4 2 2 2 1446 1521 1547 1522
3723 4 2 2 2 1446 1522 1547 1447
3724 4 2 2 2 1446 1546 1471 1472
3725 4 2 2 2 1446 1546 1472 1547
3726 4 2 2 2 1446 1547 1472 1447
3727 4 2 2 2 1447 1522 1547 1548
3728 4 2 2 2 1447 1522 1548 1523
3729 4 2 2 2 1447 1523 1548 1448
3730 4 2 2 2 1447 1547 1472 1473
3731 4 2 2 2 1447 1547 1473 1548
3732 4 2 2 2 1447 1548 1473 1448
3733 4 2 2 2 1448 1523 1548 1549
3734 4 2 2 2 1448 1523 1549 1524
3735 4 2 2 2 1448 1524 1549 1449
3736 4 2 2 2 1448 1548 1473 1474
3737 4 2 2 2 1448 1548 1474 1549
3738 4 2 2 2 1448 1549 1474 1449
3739 4 2 2 2 1449 1524 1549 1550
3740 4 2 2 2 1449 1524 1550 1525
3741 4 2 2 2 1449 1525 1550 1450
3742 4 2 2 2 1449 1549 1474 1475
3743 4 2 2 2 1449 1549 1475 1550
3744 4 2 2 2 1449 1550 1475 1450
3745 6 2 1 1 1451 1526 1551 1452 1527 1552
3746 6 2 1 1 1451 1551 1476 1452 1552 1477
3747 6 2 1 1 1452 1527 1552 1453 1528 1553
3748 6 2 1 1 1452 1552 1477 1453 1553 1478
3749 6 2 1 1 1453 1528 1553 1454 1529 1554
3750 6 2 1 1 1453 1553 1478 1454 1554 1479
3751 6 2 1 1 1454 1529 1554 1455 1530 1555
3752 6 2 1 1 1454 1554 1479 1455 1555 1480
3753 6 2 1 1 1455 1530 1555 1456 1531 1556
3754 6 2 1 1 1455 1555 1480 1456 1556 1481
3755 6 2 1 1 1456 1531 1556 1457 1532 1557
3756 6 2 1 1 1456 1556 1481 1457 1557 1482
3757 6 2 1 1 1457 1532 1557 1458 1533 1558
3758 6 2 1 1 1457 1557 1482 1458 1558 1483
3759 6 2 1 1 1458 1533 1558 1459 1534 1559
3760 6 2 1 1 1458 1558 1483 1459 1559 1484
3761 6 2 1 1 1459 1534 1559 1460 1535 1560
3762 6 2 1 1 1459 1559 1484 1460 1560 1485
3763 6 2 1 1 1460 1535 1560 1461 1536 1561
3764 6 2 1 1 1460 1560 1485 1461 1561 1486
3765 6 2 1 1 1461 1536 1561 1462 1537 1562
3766 6 2 1 1 1461 1561 1486 1462 1562 1487
3767 6 2 1 1 1462 1537 1562 1463 1538 1563
3768 6 2 1 1 1462 1562 1487 1463 1563 1488
3769 4 2 2 2 1463 1538 1563 1564
3770 4 2 2 2 1463 1538 1564 1539
3771 4 2 2 2 1463 1539 1564 1464
3772 4 2 2 2 1463 1563 1488 1489
3773 4 2 2 2 1463 1563 1489 1564
3774 4 2 2 2 1463 1564 1489 1464
3775 4 2 2 2 1464 1539 1564 1565
3776 4 2 2 2 1464 1539 1565 1540
3777 4 2 2 2 1464 1540 1565 1465
3778 4 2 2 2 1464 1564 1489 1490
3779 4 2 2 2 1464 1564 1490 1565
3780 4 2 2 2 1464 1565 1490 1465
3781 4 2 2 2 1465 1540 1565 1566
3782 4 2 2 2 1465 1540 1566 1541
3783 4 2 2 2 1465 1541 1566 1466
3784 4 2 2 2 1465 1565 1490 1491
3785 4 2 2 2 1465 1565 1491 1566
3786 4 2 2 2 1465 1566 1491 1466
3787 4 2 2 2 1466 1541 1566 1567
3788 4 2 2 2 1466 1541 1567 1542
3789 4 2 2 2 1466 1542 1567 1467
3790 4 2 2 2 1466 1566 1491 1492
3791 4 2 2 2 1466 1566 1492 1567
3792 4 2 2 2 1466 1567 1492 1467
3793 4 2 2 2 1467 1542 1567 1568
3794 4 2 2 2 1467 1542 1568 1543
3795 4 2 2 2 1467 1543 1568 1468
3796 4 2 2 2 1467 1567 1492 1493
3797 4 2 2 2 1467 1567 1493 1568
3798 4 2 2 2 1467 1568 1493 1468
3799 4 2 2 2 1468 1543 1568 1569
3800 4 2 2 2 1468 1543 1569 1544
3801 4 2 2 2 1468 1544 1569 1469
3802 4 2 2 2 1468 1568 1493 1494
3803 4 2 2 2 1468 1568 1494 1569
3804 4 2 2 2 1468 1569 1494 1469
3805 4 2 2 2 1469 1544 1569 1570
3806 4 2 2 2 1469 1544 1570 1545
3807 4 2 2 2 1469 1545 1570 1470
3808 4 2 2 2 1469 1569 1494 1495
3809 4 2 2 2 1469 1569 1495 1570
3810 4 2 2 2 1469 1570 1495 1470
3811 4 2 2 2 1470 1545 1570 1571
3812 4 2 2 2 1470 1545 1571 1546
3813 4 2 2 2 1470 1546 1571 1471
3814 4 2 2 2 1470 1570 1495 1496
3815 4 2 2 2 1470 1570 1496 1571
3816 4 2 2 2 1470 1571 1496 1471
3817 4 2 2 2 1471 1546 1571 1572
3818 4 2 2 2 1471 1546 1572 1547
3819 4 2 2 2 1471 1547 1572 1472
3820 4 2 2 2 1471 1571 1496 1497
3821 4 2 2 2 1471 1571 1497 1572
3822 4 2 2 2 1471 1572 1497 1472
3823 4 2 2 2 1472 1547 1572 1573
3824 4 2 2 2 1472 1547 1573 1548
3825 4 2 2 2 1472 1548 1573 1473
3826 4 2 2 2 1472 1572 1497 1498
3827 4 2 2 2 1472 1572 1498 1573
3828 4 2 2 2 1472 1573 1498 1473
3829 4 2 2 2 1473 1548 1573 1574
3830 4 2 2 2 1473 1548 1574 1549
3831 4 2 2 2 1473 1549 1574 1474
3832 4 2 2 2 1473 1573 1498 1499
3833 4 2 2 2 1473 1573 1499 1574
3834 4 2 2 2 1473 1574 1499 1474
3835 4 2 2 2 1474 1549 1574 1575
3836 4 2 2 2 1474 1549 1575 1550
3837 4 2 2 2 1474 1550 1575 1475
3838 4 2 2 2 1474 1574 1499 1500
3839 4 2 2 2 1474 1574 1500 1575
3840 4 2 2 2 1474 1575 1500 1475
3841 6 2 1 1 1501 1576 1601 1502 1577 1602
3842 6 2 1 1 1501 1601 1526 1502 1602 1527
3843 6 2 1 1 1502 1577 1602 1503 1578 1603
3844 6 2 1 1 1502 1602 1527 1503 1603 1528
3845 6 2 1 1 1503 1578 1603 1504 1579 1604
3846 6 2 1 1 1503 1603 1528 1504 1604 1529
3847 6 2 1 1 1504 1579 1604 1505 1580 1605
3848 6 2 1 1 1504 1604 1529 1505 1605 1530
3849 6 2 1 1 1505 1580 1605 1506 1581 1606
3850 6 2 1 1 1505 1605 1530 1506 1606 1531
3851 6 2 1 1 1506 1581 1606 1507 1582 1607
3852 6 2 1 1 1506 1606 1531 1507 1607 1532
3853 6 2 1 1 1507 1582 1607 1508 1583 1608
3854 6 2 1 1 1507 1607 1532 1508 1608 1533
3855 6 2 1 1 1508 1583 1608 1509 1584 1609
3856 6 2 1 1 1508 1608 1533 1509 1609 1534
3857 6 2 1 1 1509 1584 1609 1510 1585 1610
3858 6 2 1 1 1509 1609 1534 1510 1610 1535
3859 6 2 1 1 1510 1585 1610 1511 1586 1611
3860 6 2 1 1 1510 1610 1535 1511 1611 1536
3861 6 2 1 1 1511 1586 1611 1512 1587 1612
3862 6 2 1 1 1511 1611 1536 1512 1612 1537
3863 6 2 1 1 1512 1587 1612 1513 1588 1613
3864 6 2 1 1 1512 1612 1537 1513 1613 1538
3865 4 2 2 2 1513 1588 1613 1614
3866 4 2 2 2 1513 1588 1614 1589
3867 4 2 2 2 1513 1589 1614 1514
3868 4 2 2 2 1513 1613 1538 1539
3869 4 2 2 2 1513 1613 1539 1614
3870 4 2 2 2 1513 1614 1539 1514
3871 4 2 2 2 1514 1589 1614 1615
3872 4 2 2 2 1514 1589 1615 1590
3873 4 2 2 2 1514 1590 1615 1515
3874 4 2 2 2 1514 1614 1539 1540
3875 4 2 2 2 1514 1614 1540 1615
3876 4 2 2 2 1514 1615 1540 1515
3877 4 2 2 2 1515 1590 1615 1616
3878 4 2 2 2 1515 1590 1616 1591
3879 4 2 2 2 1515 1591 1616 1516
3880 4 2 2 2 1515 1615 1540 1541
3881 4 2 2 2 1515 1615 1541 1616
3882 4 2 2 2 1515 1616 1541 1516
3883 4 2 2 2 1516 1591 1616 1617
3884 4 2 2 2 1516 1591 1617 1592
3885 4 2 2 2 1516 1592 1617 1517
3886 4 2 2 2 1516 1616 1541 1542
3887 4 2 2 2 1516 1616 1542 1617
3888 4 2 2 2 1516 1617 1542 1517
3889 4 2 2 2 1517 1592 1617 1618
3890 4 2 2 2 1517 1592 1618 1593
3891 4 2 2 2 1517 1593 1618 1518
3892 4 2 2 2 1517 1617 1542 1543
3893 4 2 2 2 1517 1617 1543 1618
3894 4 2 2 2 1517 1618 1543 1518
3895 4 2 2 2 1518 1593 1618 1619
3896 4 2 2 2 1518 1593 1619 1594
3897 4 2 2 2 1518 1594 1619 1519
3898 4 2 2 2 1518 1618 1543 1544
3899 4 2 2 2 1518 1618 1544 1619
3900 4 2 2 2 1518 1619 1544 1519
3901 4 2 2 2 1519 1594 1619 1620
3902 4 2 2 2 1519 1594 1620 1595
3903 4 2 2 2 1519 1595 1620 1520
3904 4 2 2 2 1519 1619 1544 1545
3905 4 2 2 2 1519 1619 1545 1620
3906 4 2 2 2 1519 1620 1545 1520
3907 4 2 2 2 1520 1595 1620 1621
3908 4 2 2 2 1520 1595 1621 1596
3909 4 2 2 2 1520 1596 1621 1521
3910 4 2 2 2 1520 1620 1545 1546
3911 4 2 2 2 1520 1620 1546 1621
3912 4 2 2 2 1520 1621 1546 1521
3913 4 2 2 2 1521 1596 1621 1622
3914 4 2 2 2 1521 1596 1622 1597
3915 4 2 2 2 1521 1597 1622 1522
3916 4 2 2 2 1521 1621 1546 1547
3917 4 2 2 2 1521 1621 1547 1622
3918 4 2 2 2 1521 1622 1547 1522
3919 4 2 2 2 1522 1597 1622 1623
3920 4 2 2 2 1522 1597 1623 1598
3921 4 2 2 2 1522 1598 1623 1523
3922 4 2 2 2 1522 1622 1547 1548
3923 4 2 2 2 1522 1622 1548 1623
3924 4 2 2 2 1522 1623 1548 1523
3925 4 2 2 2 1523 1598 1623 1624
3926 4 2 2 2 1523 1598 1624 1599
3927 4 2 2 2 1523 1599 1624 1524
3928 4 2 2 2 1523 1623 1548 1549
3929 4 2 2 2 1523 1623 1549 1624
3930 4 2 2 2 1523 1624 1549 1524
3931 4 2 2 2 1524 1599 1624 1625
3932 4 2 2 2 1524 1599 1625 1600
3933 4 2 2 2 1524 1600 1625 1525
3934 4 2 2 2 1524 1624 1549 1550
3935 4 2 2 2 1524 1624 1550 1625
3936 4 2 2 2 1524 1625 1550 1525
3937 6 2 1 1 1526 1601 1626 1527 1602 1627
3938 6 2 1 1 1526 1626 1551 1527 1627 1552
3939 6 2 1 1 1527 1602 1627 1528 1603 1628
3940 6 2 1 1 1527 1627 1552 1528 1628 1553
3941 6 2 1 1 1528 1603 1628 1529 1604 1629
3942 6 2 1 1 1528 1628 1553 1529 1629 1554
3943 6 2 1 1 1529 1604 1629 1530 1605 1630
3944 6 2 1 1 1529 1629 1554 1530 1630 1555
3945 6 2 1 1 1530 1605 1630 1531 1606 1631
3946 6 2 1 1 1530 1630 1555 1531 1631 1556
3947 6 2 1 1 1531 1606 1631 1532 1607 1632
3948 6 2 1 1 1531 1631 1556 1532 1632 1557
3949 6 2 1 1 1532 1607 1632 1533 1608 1633
3950 6 2 1 1 1532 1632 1557 1533 1633 1558
3951 6 2 1 1 1533 1608 1633 1534 1609 1634
3952 6 2 1 1 1533 1633 1558 1534 1634 1559
3953 6 2 1 1 1534 1609 1634 1535 1610 1635
3954 6 2 1 1 1534 1634 1559 1535 1635 1560
3955 6 2 1 1 1535 1610 1635 1536 1611 1636
3956 6 2 1 1 1535 1635 1560 1536 1636 1561
3957 6 2 1 1 1536 1611 1636 1537 1612 1637
3958 6 2 1 1 1536 1636 1561 1537 1637 1562
3959 6 2 1 1 1537 1612 1637 1538 1613 1638
3960 6 2 1 1 1537 1637 1562 1538 1638 1563
3961 4 2 2 2 1538 1613 1638 1639
3962 4 2 2 2 1538 1613 1639 1614
3963 4 2 2 2 1538 1614 1639 1539
3964 4 2 2 2 1538 1638 1563 1564
3965 4 2 2 2 1538 1638 1564 1639
3966 4 2 2 2 1538 1639 1564 1539
3967 4 2 2 2 1539 1614 1639 1640
3968 4 2 2 2 1539 1614 1640 1615
3969 4 2 2 2 1539 1615 1640 1540
3970 4 2 2 2 1539 1639 1564 1565
3971 4 2 2 2 1539 1639 1565 1640
3972 4 2 2 2 1539 1640 1565 1540
3973 4 2 2 2 1540 1615 1640 1641
3974 4 2 2 2 1540 1615 1641 1616
3975 4 2 2 2 1540 1616 1641 1541
3976 4 2 2 2 1540 1640 1565 1566
3977 4 2 2 2 1540 1640 1566 1641
3978 4 2 2 2 1540 1641 1566 1541
3979 4 2 2 2 1541 1616 1641 1642
3980 4 2 2 2 1541 1616 1642 1617
3981 4 2 2 2 1541 1617 1642 1542
3982 4 2 2 2 1541 1641 1566 1567
3983 4 2 2 2 1541 1641 1567 1642
3984 4 2 2 2 1541 1642 1567 1542
3985 4 2 2 2 1542 1617 1642 1643
3986 4 2 2 2 1542 1617 1643 1618
3987 4 2 2 2 1542 1618 1643 1543
3988 4 2 2 2 1542 1642 1567 1568
3989 4 2 2 2 1542 1642 1568 1643
3990 4 2 2 2 1542 1643 1568 1543
3991 4 2 2 2 1543 1618 1643 1644
3992 4 2 2 2 1543 1618 1644 1619
3993 4 2 2 2 1543 1619 1644 1544
3994 4 2 2 2 1543 1643 1568 1569
3995 4 2 2 2 1543 1643 1569 1644
3996 4 2 2 2 1543 1644 1569 1544
3997 4 2 2 2 1544 1619 1644 1645
3998 4 2 2 2 1544 1619 1645 1620
3999 4 2 2 2 1544 1620 1645 1545
4000 4 2 2 2 1544 1644 1569 1570
4001 4 2 2 2 1544 1644 1570 1645
4002 4 2 2 2 1544 1645 1570 1545
4003 4 2 2 2 1545 1620 1645 1646
4004 4 2 2 2 1545 1620 1646 1621
4005 4 2 2 2 1545 1621 1646 1546
4006 4 2 2 2 1545 1645 1570 1571
4007 4 2 2 2 1545 1645 1571 1646
4008 4 2 2 2 1545 1646 1571 1546
4009 4 2 2 2 1546 1621 1646 1647
4010 4 2 2 2 1546 1621 1647 1622
4011 4 2 2 2 1546 1622 1647 1547
4012 4 2 2 2 1546 1646 1571 1572
4013 4 2 2 2 1546 1646 1572 1647
4014 4 2 2 2 1546 1647 1572 1547
4015 4 2 2 2 1547 1622 1647 1648
4016 4 2 2 2 1547 1622 1648 1623
4017 4 2 2 2 1547 1623 1648 1548
4018 4 2 2 2 1547 1647 1572 1573
4019 4 2 2 2 1547 1647 1573 1648
4020 4 2 2 2 1547 1648 1573 1548
4021 4 2 2 2 1548 1623 1648 1649
4022 4 2 2 2 1548 1623 1649 1624
4023 4 2 2 2 1548 1624 1649 1549
4024 4 2 2 2 1548 1648 1573 1574
4025 4 2 2 2 1548 1648 1574 1649
4026 4 2 2 2 1548 1649 1574 1549
4027 4 2 2 2 1549 1624 1649 1650
4028 4 2 2 2 1549 1624 1650 1625
4029 4 2 2 2 1549 1625 1650 1550
4030 4 2 2 2 1549 1649 1574 1575
4031 4 2 2 2 1549 1649 1575 1650
4032 4 2 2 2 1549 1650 1575 1550
4033 6 2 1 1 1576 1651 1676 1577 1652 1677
4034 6 2 1 1 1576 1676 1601 1577 1677 1602
4035 6 2 1 1 1577 1652 1677 1578 1653 1678
4036 6 2 1 1 1577 1677 1602 1578 1678 1603
4037 6 2 1 1 1578 1653 1678 1579 1654 1679
4038 6 2 1 1 1578 1678 1603 1579 1679 1604
4039 6 2 1 1 1579 1654 1679 1580 1655 1680
4040 6 2 1 1 1579 1679 1604 1580 1680 1605
4041 6 2 1 1 1580 1655 1680 1581 1656 1681
4042 6 2 1 1 1580 1680 1605 1581 1681 1606
4043 6 2 1 1 1581 1656 1681 1582 1657 1682
4044 6 2 1 1 1581 1681 1606 1582 1682 1607
4045 6 2 1 1 1582 1657 1682 1583 1658 1683
4046 6 2 1 1 1582 1682 1607 1583 1683 1608
4047 6 2 1 1 1583 1658 1683 1584 1659 1684
4048 6 2 1 1 1583 1683 1608 1584 1684 1609
4049 6 2 1 1 1584 1659 1684 1585 1660 1685
4050 6 2 1 1 1584 1684 1609 1585 1685 1610
4051 6 2 1 1 1585 1660 1685 1586 1661 1686
4052 6 2 1 1 1585 1685 1610 1586 1686 1611
4053 6 2 1 1 1586 1661 1686 1587 1662 1687
4054 6 2 1 1 1586 1686 1611 1587 1687 1612
4055 6 2 1 1 1587 1662 1687 1588 1663 1688
4056 6 2 1 1 1587 1687 1612 1588 1688 1613
4057 4 2 2 2 1588 1663 1688 1689
4058 4 2 2 2 1588 1663 1689 1664
4059 4 2 2 2 1588 1664 1689 1589
4060 4 2 2 2 1588 1688 1613 1614
4061 4 2 2 2 1588 1688 1614 1689
4062 4 2 2 2 1588 1689 1614 1589
4063 4 2 2 2 1589 1664 1689 1690
4064 4 2 2 2 1589 1664 1690 1665
4065 4 2 2 2 1589 1665 1690 1590
4066 4 2 2 2 1589 1689 1614 1615
4067 4 2 2 2 1589 1689 1615 1690
4068 4 2 2 2 1589 1690 1615 1590
4069 4 2 2 2 1590 1665 1690 1691
4070 4 2 2 2 1590 1665 1691 1666
4071 4 2 2 2 1590 1666 1691 1591
4072 4 2 2 2 1590 1690 1615 1616
4073 4 2 2 2 1590 1690 1616 1691
4074 4 2 2 2 1590 1691 1616 1591
4075 4 2 2 2 1591 1666 1691 1692
4076 4 2 2 2 1591 1666 1692 1667
4077 4 2 2 2 1591 1667 1692 1592
4078 4 2 2 2 1591 1691 1616 1617
4079 4 2 2 2 1591 1691 1617 1692
4080 4 2 2 2 1591 1692 1617 1592
4081 4 2 2 2 1592 1667 1692 1693
4082 4 2 2 2 1592 1667 1693 1668
4083 4 2 2 2 1592 1668 1693 1593
4084 4 2 2 2 1592 1692 1617 1618
4085 4 2 2 2 1592 1692 1618 1693
4086 4 2 2 2 1592 1693 1618 1593
4087 4 2 2 2 1593 1668 1693 1694
4088 4 2 2 2 1593 1668 1694 1669
4089 4 2 2 2 1593 1669 1694 1594
4090 4 2 2 2 1593 1693 1618 1619
4091 4 2 2 2 1593 1693 1619 1694
4092 4 2 2 2 1593 1694 1619 1594
4093 4 2 2 2 1594 1669 1694 1695
4094 4 2 2 2 1594 1669 1695 1670
4095 4 2 2 2 1594 1670 1695 1595
4096 4 2 2 2 1594 1694 1619 1620
4097 4 2 2 2 1594 1694 1620 1695
4098 4 2 2 2 1594 1695 1620 1595
4099 4 2 2 2 1595 1670 1695 1696
4100 4 2 2 2 1595 1670 1696 1671
4101 4 2 2 2 1595 1671 1696 1596
4102 4 2 2 2 1595 1695 1620 1621
4103 4 2 2 2 1595 1695 1621 1696
4104 4 2 2 2 1595 1696 1621 1596
4105 4 2 2 2 1596 1671 1696 1697
4106 4 2 2 2 1596 1671 1697 1672
4107 4 2 2 2 1596 1672 1697 1597
4108 4 2 2 2 1596 1696 1621 1622
4109 4 2 2 2 1596 1696 1622 1697
4110 4 2 2 2 1596 1697 1622 1597
4111 4 2 2 2 1597 1672 1697 1698
4112 4 2 2 2 1597 1672 1698 1673
4113 4 2 2 2 1597 1673 1698 1598
4114 4 2 2 2 1597 1697 1622 1623
4115 4 2 2 2 1597 1697 1623 1698
4116 4 2 2 2 1597 1698 1623 1598
4117 4 2 2 2 1598 1673 1698 1699
4118 4 2 2 2 1598 1673 1699 1674
4119 4 2 2 2 1598 1674 1699 1599
4120 4 2 2 2 1598 1698 1623 1624
4121 4 2 2 2 1598 1698 1624 1699
4122 4 2 2 2 1598 1699 1624 1599
4123 4 2 2 2 1599 1674 1699 1700
4124 4 2 2 2 1599 1674 1700 1675
4125 4 2 2 2 1599 1675 1700 1600
4126 4 2 2 2 1599 1699 1624 1625
4127 4 2 2 2 1599 1699 1625 1700
4128 4 2 2 2 1599 1700 1625 1600
4129 6 2 1 1 1601 1676 1701 1602 1677 1702
4130 6 2 1 1 1601 1701 1626 1602 1702 1627
4131 6 2 1 1 1602 1677 1702 1603 1678 1703
4132 6 2 1 1 1602 1702 1627 1603 1703 1628
4133 6 2 1 1 1603 1678 1703 1604 1679 1704
4134 6 2 1 1 1603 1703 1628 1604 1704 1629
4135 6 2 1 1 1604 1679 1704 1605 1680 1705
4136 6 2 1 1 1604 1704 1629 1605 1705 1630
4137 6 2 1 1 1605 1680 1705 1606 1681 1706
4138 6 2 1 1 1605 1705 1630 1606 1706 1631
4139 6 2 1 1 1606 1681 1706 1607 1682 1707
4140 6 2 1 1 1606 1706 1631 1607 1707 1632
4141 6 2 1 1 1607 1682 1707 1608 1683 1708
4142 6 2 1 1 1607 1707 1632 1608 1708 1633
4143 6 2 1 1 1608 1683 1708 1609 1684 1709
4144 6 2 1 1 1608 1708 1633 1609 1709 1634
4145 6 2 1 1 1609 1684 1709 1610 1685 1710
4146 6 2 1 1 1609 1709 1634 1610 1710 1635
4147 6 2 1 1 1610 1685 1710 1611 1686 1711
4148 6 2 1 1 1610 1710 1635 1611 1711 1636
4149 6 2 1 1 1611 1686 1711 1612 1687 1712
4150 6 2 1 1 1611 1711 1636 1612 1712 1637
4151 6 2 1 1 1612 1687 1712 1613 1688 1713
4152 6 2 1 1 1612 1712 1637 1613 1713 1638
4153 4 2 2 2 1613 1688 1713 1714
4154 4 2 2 2 1613 1688 1714 1689
4155 4 2 2 2 1613 1689 1714 1614
4156 4 2 2 2 1613 1713 1638 1639
4157 4 2 2 2 1613 1713 1639 1714
4158 4 2 2 2 1613 1714 1639 1614
4159 4 2 2 2 1614 1689 1714 1715
4160 4 2 2 2 1614 1689 1715 1690
4161 4 2 2 2 1614 1690 1715 1615
4162 4 2 2 2 1614 1714 1639 1640
4163 4 2 2 2 1614 1714 1640 1715
4164 4 2 2 2 1614 1715 1640 1615
4165 4 2 2 2 1615 1690 1715 1716
4166 4 2 2 2 1615 1690 1716 1691
4167 4 2 2 2 1615 1691 1716 1616
4168 4 2 2 2 1615 1715 1640 1641
4169 4 2 2 2 1615 1715 1641 1716
4170 4 2 2 2 1615 1716 1641 1616
4171 4 2 2 2 1616 1691 1716 1717
4172 4 2 2 2 1616 1691 1717 1692
4173 4 2 2 2 1616 1692 1717 1617
4174 4 2 2 2 1616 1716 1641 1642
4175 4 2 2 2 1616 1716 1642 1717
4176 4 2 2 2 1616 1717 1642 1617
4177 4 2 2 2 1617 1692 1717 1718
4178 4 2 2 2 1617 1692 1718 1693
4179 4 2 2 2 1617 1693 1718 1618
4180 4 2 2 2 1617 1717 1642 1643
4181 4 2 2 2 1617 1717 1643 1718
4182 4 2 2 2 1617 1718 1643 1618
4183 4 2 2 2 1618 1693 1718 1719
4184 4 2 2 2 1618 1693 1719 1694
4185 4 2 2 2 1618 1694 1719 1619
4186 4 2 2 2 1618 1718 1643 1644
4187 4 2 2 2 1618 1718 1644 1719
4188 4 2 2 2 1618 1719 1644 1619
4189 4 2 2 2 1619 1694 1719 1720
4190 4 2 2 2 1619 1694 1720 1695
4191 4 2 2 2 1619 1695 1720 1620
4192 4 2 2 2 1619 1719 1644 1645
4193 4 2 2 2 1619 1719 1645 1720
4194 4 2 2 2 1619 1720 1645 1620
4195 4 2 2 2 1620 1695 1720 1721
4196 4 2 2 2 1620 1695 1721 1696
4197 4 2 2 2 1620 1696 1721 1621
4198 4 2 2 2 1620 1720 1645 1646
4199 4 2 2 2 1620 1720 1646 1721
4200 4 2 2 2 1620 1721 1646 1621
4201 4 2 2 2 1621 1696 1721 1722
4202 4 2 2 2 1621 1696 1722 1697
4203 4 2 2 2 1621 1697 1722 1622
4204 4 2 2 2 1621 1721 1646 1647
4205 4 2 2 2 1621 1721 1647 1722
4206 4 2 2 2 1621 1722 1647 1622
4207 4 2 2 2 1622 1697 1722 1723
4208 4 2 2 2 1622 1697 1723 1698
4209 4 2 2 2 1622 1698 1723 1623
4210 4 2 2 2 1622 1722 1647 1648
4211 4 2 2 2 1622 1722 1648 1723
4212 4 2 2 2 1622 1723 1648 1623
4213 4 2 2 2 1623 1698 1723 1724
4214 4 2 2 2 1623 1698 1724 1699
4215 4 2 2 2 1623 1699 1724 1624
4216 4 2 2 2 1623 1723 1648 1649
4217 4 2 2 2 1623 1723 1649 1724
4218 4 2 2 2 1623 1724 1649 1624
4219 4 2 2 2 1624 1699 1724 1725
4220 4 2 2 2 1624 1699 1725 1700
4221 4 2 2 2 1624 1700 1725 1625
4222 4 2 2 2 1624 1724 1649 1650
4223 4 2 2 2 1624 1724 1650 1725
4224 4 2 2 2 1624 1725 1650 1625
4225 6 2 1 1 1651 1726 1751 1652 1727 1752
4226 6 2 1 1 1651 1751 1676 1652 1752 1677
4227 6 2 1 1 1652 1727 1752 1653 1728 1753
4228 6 2 1 1 1652 1752 1677 1653 1753 1678
4229 6 2 1 1 1653 1728 1753 1654 1729 1754
4230 6 2 1 1 1653 1753 1678 1654 1754 1679
4231 6 2 1 1 1654 1729 1754 1655 1730 1755
4232 6 2 1 1 1654 1754 1679 1655 1755 1680
4233 6 2 1 1 1655 1730 1755 1656 1731 1756
4234 6 2 1 1 1655 1755 1680 1656 1756 1681
4235 6 2 1 1 1656 1731 1756 1657 1732 1757
4236 6 2 1 1 1656 1756 1681 1657 1757 1682
4237 6 2 1 1 1657 1732 1757 1658 1733 1758
4238 6 2 1 1 1657 1757 1682 1658 1758 1683
4239 6 2 1 1 1658 1733 1758 1659 1734 1759
4240 6 2 1 1 1658 1758 1683 1659 1759 1684
4241 6 2 1 1 1659 1734 1759 1660 1735 1760
4242 6 2 1 1 1659 1759 1684 1660 1760 1685
4243 6 2 1 1 1660 1735 1760 1661 1736 1761
4244 6 2 1 1 1660 1760 1685 1661 1761 1686
4245 6 2 1 1 1661 1736 1761 1662 1737 1762
4246 6 2 1 1 1661 1761 1686 1662 1762 1687
4247 6 2 1 1 1662 1737 1762 1663 1738 1763
4248 6 2 1 1 1662 1762 1687 1663 1763 1688
4249 4 2 2 2 1663 1738 1763 1764
4250 4 2 2 2 1663 1738 1764 1739
4251 4 2 2 2 1663 1739 1764 1664
4252 4 2 2 2 1663 1763 1688 1689
4253 4 2 2 2 1663 1763 1689 1764
4254 4 2 2 2 1663 1764 1689 1664
4255 4 2 2 2 1664 1739 1764 1765
4256 4 2 2 2 1664 1739 1765 1740
4257 4 2 2 2 1664 1740 1765 1665
4258 4 2 2 2 1664 1764 1689 1690
4259 4 2 2 2 1664 1764 1690 1765
4260 4 2 2 2 1664 1765 1690 1665
4261 4 2 2 2 1665 1740 1765 1766
4262 4 2 2 2 1665 1740 1766 1741
4263 4 2 2 2 1665 1741 1766 1666
4264 4 2 2 2 1665 1765 1690 1691
4265 4 2 2 2 1665 1765 1691 1766
4266 4 2 2 2 1665 1766 1691 1666
4267 4 2 2 2 1666 1741 1766 1767
4268 4 2 2 2 1666 1741 1767 1742
4269 4 2 2 2 1666 1742 1767 1667
4270 4 2 2 2 1666 1766 1691 1692
4271 4 2 2 2 1666 1766 1692 1767
4272 4 2 2 2 1666 1767 1692 1667
4273 4 2 2 2 1667 1742 1767 1768
4274 4 2 2 2 1667 1742 1768 1743
4275 4 2 2 2 1667 1743 1768 1668
4276 4 2 2 2 1667 1767 1692 1693
4277 4 2 2 2 1667 1767 1693 1768
4278 4 2 2 2 1667 1768 1693 1668
4279 4 2 2 2 1668 1743 1768 1769
4280 4 2 2 2 1668 1743 1769 1744
4281 4 2 2 2 1668 1744 1769 1669
4282 4 2 2 2 1668 1768 1693 1694
4283 4 2 2 2 1668 1768 1694 1769
4284 4 2 2 2 1668 1769 1694 1669
4285 4 2 2 2 1669 1744 1769 1770
4286 4 2 2 2 1669 1744 1770 1745
4287 4 2 2 2 1669 1745 1770 1670
4288 4 2 2 2 1669 1769 1694 1695
4289 4 2 2 2 1669 1769 1695 1770
4290 4 2 2 2 1669 1770 1695 1670
4291 4 2 2 2 1670 1745 1770 1771
4292 4 2 2 2 1670 1745 1771 1746
4293 4 2 2 2 1670 1746 1771 1671
4294 4 2 2 2 1670 1770 1695 1696
4295 4 2 2 2 1670 1770 1696 1771
4296 4 2 2 2 1670 1771 1696 1671
4297 4 2 2 2 1671 1746 1771 1772
4298 4 2 2 2 1671 1746 1772 1747
4299 4 2 2 2 1671 1747 1772 1672
4300 4 2 2 2 1671 1771 1696 1697
4301 4 2 2 2 1671 1771 1697 1772
4302 4 2 2 2 1671 1772 1697 1672
4303 4 2 2 2 1672 1747 1772 1773
4304 4 2 2 2 1672 1747 1773 1748
4305 4 2 2 2 1672 1748 1773 1673
4306 4 2 2 2 1672 1772 1697 1698
4307 4 2 2 2 1672 1772 1698 1773
4308 4 2 2 2 1672 1773 1698 1673
4309 4 2 2 2 1673 1748 1773 1774
4310 4 2 2 2 1673 1748 1774 1749
4311 4 2 2 2 1673 1749 1774 1674
4312 4 2 2 2 1673 1773 1698 1699
4313 4 2 2 2 1673 1773 1699 1774
4314 4 2 2 2 1673 1774 1699 1674
4315 4 2 2 2 1674 1749 1774 1775
4316 4 2 2 2 1674 1749 1775 1750
4317 4 2 2 2 1674 1750 1775 1675
4318 4 2 2 2 1674 1774 1699 1700
4319 4 2 2 2 1674 1774 1700 1775
4320 4 2 2 2 1674 1775 1700 1675
4321 6 2 1 1 1676 1751 1776 1677 1752 1777
4322 6 2 1 1 1676 1776 1701 1677 1777 1702
4323 6 2 1 1 1677 1752 1777 1678 1753 1778
4324 6 2 1 1 1677 1777 1702 1678 1778 1703
4325 6 2 1 1 1678 1753 1778 1679 1754 1779
4326 6 2 1 1 1678 1778 1703 1679 1779 1704
4327 6 2 1 1 1679 1754 1779 1680 1755 1780
4328 6 2 1 1 1679 1779 1704 1680 1780 1705
4329 6 2 1 1 1680 1755 1780 1681 1756 1781
4330 6 2 1 1 1680 1780 1705 1681 1781 1706
4331 6 2 1 1 1681 1756 1781 1682 1757 1782
4332 6 2 1 1 1681 1781 1706 1682 1782 1707
4333 6 2 1 1 1682 1757 1782 1683 1758 1783
4334 6 2 1 1 1682 1782 1707 1683 1783 1708
4335 6 2 1 1 1683 1758 1783 1684 1759 1784
4336 6 2 1 1 1683 1783 1708 1684 1784 1709
4337 6 2 1 1 1684 1759 1784 1685 1760 1785
4338 6 2 1 1 1684 1784 1709 1685 1785 1710
4339 6 2 1 1 1685 1760 1785 1686 1761 1786
4340 6 2 1 1 1685 1785 1710 1686 1786 1711
4341 6 2 1 1 1686 1761 1786 1687 1762 1787
4342 6 2 1 1 1686 1786 1711 1687 1787 1712
4343 6 2 1 1 1687 1762 1787 1688 1763 1788
4344 6 2 1 1 1687 1787 1712 1688 1788 1713
4345 4 2 2 2 1688 1763 1788 1789
4346 4 2 2 2 1688 1763 1789 1764
4347 4 2 2 2 1688 1764 1789 1689
4348 4 2 2 2 1688 1788 1713 1714
4349 4 2 2 2 1688 1788 1714 1789
4350 4 2 2 2 1688 1789 1714 1689
4351 4 2 2 2 1689 1764 1789 1790
4352 4 2 2 2 1689 1764 1790 1765
4353 4 2 2 2 1689 1765 1790 1690
4354 4 2 2 2 1689 1789 1714 1715
4355 4 2 2 2 1689 1789 1715 1790
4356 4 2 2 2 1689 1790 1715 1690
4357 4 2 2 2 1690 1765 1790 1791
4358 4 2 2 2 1690 1765 1791 1766
4359 4 2 2 2 1690 1766 1791 1691
4360 4 2 2 2 1690 1790 1715 1716
4361 4 2 2 2 1690 1790 1716 1791
4362 4 2 2 2 1690 1791 1716 1691
4363 4 2 2 2 1691 1766 1791 1792
4364 4 2 2 2 1691 1766 1792 1767
4365 4 2 2 2 1691 1767 1792 1692
4366 4 2 2 2 1691 1791 1716 1717
4367 4 2 2 2 1691 1791 1717 1792
4368 4 2 2 2 1691 1792 1717 1692
4369 4 2 2 2 1692 1767 1792 1793
4370 4 2 2 2 1692 1767 1793 1768
4371 4 2 2 2 1692 1768 1793 1693
4372 4 2 2 2 1692 1792 1717 1718
4373 4 2 2 2 1692 1792 1718 1793
4374 4 2 2 2 1692 1793 1718 1693
4375 4 2 2 2 1693 1768 1793 1794
4376 4 2 2 2 1693 1768 1794 1769
4377 4 2 2 2 1693 1769 1794 1694
4378 4 2 2 2 1693 1793 1718 1719
4379 4 2 2 2 1693 1793 1719 1794
4380 4 2 2 2 1693 1794 1719 1694
4381 4 2 2 2 1694 1769 1794 1795
4382 4 2 2 2 1694 1769 1795 1770
4383 4 2 2 2 1694 1770 1795 1695
4384 4 2 2 2 1694 1794 1719 1720
4385 4 2 2 2 1694 1794 1720 1795
4386 4 2 2 2 1694 1795 1720 1695
4387 4 2 2 2 1695 1770 1795 1796
4388 4 2 2 2 1695 1770 1796 1771
4389 4 2 2 2 1695 1771 1796 1696
4390 4 2 2 2 1695 1795 1720 1721
4391 4 2 2 2 1695 1795 1721 1796
4392 4 2 2 2 1695 1796 1721 1696
4393 4 2 2 2 1696 1771 1796 1797
4394 4 2 2 2 1696 1771 1797 1772
4395 4 2 2 2 1696 1772 1797 1697
4396 4 2 2 2 1696 1796 1721 1722
4397 4 2 2 2 1696 1796 1722 1797
4398 4 2 2 2 1696 1797 1722 1697
4399 4 2 2 2 1697 1772 1797 1798
4400 4 2 2 2 1697 1772 1798 1773
4401 4 2 2 2 1697 1773 1798 1698
4402 4 2 2 2 1697 1797 1722 1723
4403 4 2 2 2 1697 1797 1723 1798
4404 4 2 2 2 1697 1798 1723 1698
4405 4 2 2 2 1698 1773 1798 1799
4406 4 2 2 2 1698 1773 1799 1774
4407 4 2 2 2 1698 1774 1799 1699
4408 4 2 2 2 1698 1798 1723 1724
4409 4 2 2 2 1698 1798 1724 1799
4410 4 2 2 2 1698 1799 1724 1699
4411 4 2 2 2 1699 1774 1799 1800
4412 4 2 2 2 1699 1774 1800 1775
4413 4 2 2 2 1699 1775 1800 1700
4414 4 2 2 2 1699 1799 1724 1725
4415 4 2 2 2 1699 1799 1725 1800
4416 4 2 2 2 1699 1800 1725 1700
4417 6 2 1 1 1726 1801 1826 1727 1802 1827
4418 6 2 1 1 1726 1826 1751 1727 1827 1752
4419 6 2 1 1 1727 1802 1827 1728 1803 1828
4420 6 2 1 1 1727 1827 1752 1728 1828 1753
4421 6 2 1 1 1728 1803 1828 1729 1804 1829
4422 6 2 1 1 1728 1828 1753 1729 1829 1754
4423 6 2 1 1 1729 1804 1829 1730 1805 1830
4424 6 2 1 1 1729 1829 1754 1730 1830 1755
4425 6 2 1 1 1730 1805 1830 1731 1806 1831
4426 6 2 1 1 1730 1830 1755 1731 1831 1756
4427 6 2 1 1 1731 1806 1831 1732 1807 1832
4428 6 2 1 1 1731 1831 1756 1732 1832 1757
4429 6 2 1 1 1732 1807 1832 1733 1808 1833
4430 6 2 1 1 1732 1832 1757 1733 1833 1758
4431 6 2 1 1 1733 1808 1833 1734 1809 1834
4432 6 2 1 1 1733 1833 1758 1734 1834 1759
4433 6 2 1 1 1734 1809 1834 1735 1810 1835
4434 6 2 1 1 1734 1834 1759 1735 1835 1760
4435 6 2 1 1 1735 1810 1835 1736 1811 1836
4436 6 2 1 1 1735 1835 1760 1736 1836 1761
4437 6 2 1 1 1736 1811 1836 1737 1812 1837
4438 6 2 1 1 1736 1836 1761 1737 1837 1762
4439 6 2 1 1 1737 1812 1837 1738 1813 1838
4440 6 2 1 1 1737 1837 1762 1738 1838 1763
4441 4 2 2 2 1738 1813 1838 1839
4442 4 2 2 2 1738 1813 1839 1814
4443 4 2 2 2 1738 1814 1839 1739
4444 4 2 2 2 1738 1838 1763 1764
4445 4 2 2 2 1738 1838 1764 1839
4446 4 2 2 2 1738 1839 1764 1739
4447 4 2 2 2 1739 1814 1839 1840
4448 4 2 2 2 1739 1814 1840 1815
4449 4 2 2 2 1739 1815 1840 1740
4450 4 2 2 2 1739 1839 1764 1765
4451 4 2 2 2 1739 1839 1765 1840
4452 4 2 2 2 1739 1840 1765 1740
4453 4 2 2 2 1740 1815 1840 1841
4454 4 2 2 2 1740 1815 1841 1816
4455 4 2 2 2 1740 1816 1841 1741
4456 4 2 2 2 1740 1840 1765 1766
4457 4 2 2 2 1740 1840 1766 1841
4458 4 2 2 2 1740 1841 1766 1741
4459 4 2 2 2 1741 1816 1841 1842
4460 4 2 2 2 1741 1816 1842 1817
4461 4 2 2 2 1741 1817 1842 1742
4462 4 2 2 2 1741 1841 1766 1767
4463 4 2 2 2 1741 1841 1767 1842
4464 4 2 2 2 1741 1842 1767 1742
4465 4 2 2 2 1742 1817 1842 1843
4466 4 2 2 2 1742 1817 1843 1818
4467 4 2 2 2 1742 1818 1843 1743
4468 4 2 2 2 1742 1842 1767 1768
4469 4 2 2 2 1742 1842 1768 1843
4470 4 2 2 2 1742 1843 1768 1743
4471 4 2 2 2 1743 1818 1843 1844
4472 4 2 2 2 1743 1818 1844 1819
4473 4 2 2 2 1743 1819 1844 1744
4474 4 2 2 2 1743 1843 1768 1769
4475 4 2 2 2 1743 1843 1769 1844
4476 4 2 2 2 1743 1844 1769 1744
4477 4 2 2 2 1744 1819 1844 1845
4478 4 2 2 2 1744 1819 1845 1820
4479 4 2 2 2 1744 1820 1845 1745
4480 4 2 2 2 1744 1844 1769 1770
4481 4 2 2 2 1744 1844 1770 1845
4482 4 2 2 2 1744 1845 1770 1745
4483 4 2 2 2 1745 1820 1845 1846
4484 4 2 2 2 1745 1820 1846 1821
4485 4 2 2 2 1745 1821 1846 1746
4486 4 2 2 2 1745 1845 1770 1771
4487 4 2 2 2 1745 1845 1771 1846
4488 4 2 2 2 1745 1846 1771 1746
4489 4 2 2 2 1746 1821 1846 1847
4490 4 2 2 2 1746 1821 1847 1822
4491 4 2 2 2 1746 1822 1847 1747
4492 4 2 2 2 1746 1846 1771 1772
4493 4 2 2 2 1746 1846 1772 1847
4494 4 2 2 2 1746 1847 1772 1747
4495 4 2 2 2 1747 1822 1847 1848
4496 4 2 2 2 1747 1822 1848 1823
4497 4 2 2 2 1747 1823 1848 1748
4498 4 2 2 2 1747 1847 1772 1773
4499 4 2 2 2 1747 1847 1773 1848
4500 4 2 2 2 1747 1848 1773 1748
4501 4 2 2 2 1748 1823 1848 1849
4502 4 2 2 2 1748 1823 1849 1824
4503 4 2 2 2 1748 1824 1849 1749
4504 4 2 2 2 1748 1848 1773 1774
4505 4 2 2 2 1748 1848 1774 1849
4506 4 2 2 2 1748 1849 1774 1749
4507 4 2 2 2 1749 1824 1849 1850
4508 4 2 2 2 1749 1824 1850 1825
4509 4 2 2 2 1749 1825 1850 1750
4510 4 2 2 2 1749 1849 1774 1775
4511 4 2 2 2 1749 1849 1775 1850
4512 4 2 2 2 1749 1850 1775 1750
4513 6 2 1 1 1751 1826 1851 1752 1827 1852
4514 6 2 1 1 1751 1851 1776 1752 1852 1777
4515 6 2 1 1 1752 1827 1852 1753 1828 1853
4516 6 2 1 1 1752 1852 1777 1753 1853 1778
4517 6 2 1 1 1753 1828 1853 1754 1829 1854
4518 6 2 1 1 1753 1853 1778 1754 1854 1779
4519 6 2 1 1 1754 1829 1854 1755 1830 1855
4520 6 2 1 1 1754 1854 1779 1755 1855 1780
4521 6 2 1 1 1755 1830 1855 1756 1831 1856
4522 6 2 1 1 1755 1855 1780 1756 1856 1781
4523 6 2 1 1 1756 1831 1856 1757 1832 1857
4524 6 2 1 1 1756 1856 1781 1757 1857 1782
4525 6 2 1 1 1757 1832 1857 1758 1833 1858
4526 6 2 1 1 1757 1857 1782 1758 1858 1783
4527 6 2 1 1 1758 1833 1858 1759 1834 1859
4528 6 2 1 1 1758 1858 1783 1759 1859 1784
4529 6 2 1 1 1759 1834 1859 1760 1835 1860
4530 6 2 1 1 1759 1859 1784 1760 1860 1785
4531 6 2 1 1 1760 1835 1860 1761 1836 1861
4532 6 2 1 1 1760 1860 1785 1761 1861 1786
4533 6 2 1 1 1761 1836 1861 1762 1837 1862
4534 6 2 1 1 1761 1861 1786 1762 1862 1787
4535 6 2 1 1 1762 1837 1862 1763 1838 1863
4536 6 2 1 1 1762 1862 1787 1763 1863 1788
4537 4 2 2 2 1763 1838 1863 1864
4538 4 2 2 2 1763 1838 1864 1839
4539 4 2 2 2 1763 1839 1864 1764
4540 4 2 2 2 1763 1863 1788 1789
4541 4 2 2 2 1763 1863 1789 1864
4542 4 2 2 2 1763 1864 1789 1764
4543 4 2 2 2 1764 1839 1864 1865
4544 4 2 2 2 1764 1839 1865 1840
4545 4 2 2 2 1764 1840 1865 1765
4546 4 2 2 2 1764 1864 1789 1790
4547 4 2 2 2 1764 1864 1790 1865
4548 4 2 2 2 1764 1865 1790 1765
4549 4 2 2 2 1765 1840 1865 1866
4550 4 2 2 2 1765 1840 1866 1841
4551 4 2 2 2 1765 1841 1866 1766
4552 4 2 2 2 1765 1865 1790 1791
4553 4 2 2 2 1765 1865 1791 1866
4554 4 2 2 2 1765 1866 1791 1766
4555 4 2 2 2 1766 1841 1866 1867
4556 4 2 2 2 1766 1841 1867 1842
4557 4 2 2 2 1766 1842 1867 1767
4558 4 2 2 2 1766 1866 1791 1792
4559 4 2 2 2 1766 1866 1792 1867
4560 4 2 2 2 1766 1867 1792 1767
4561 4 2 2 2 1767 1842 1867 1868
4562 4 2 2 2 1767 1842 1868 1843
4563 4 2 2 2 1767 1843 1868 1768
4564 4 2 2 2 1767 1867 1792 1793
4565 4 2 2 2 1767 1867 1793 1868
4566 4 2 2 2 1767 1868 1793 1768
4567 4 2 2 2 1768 1843 1868 1869
4568 4 2 2 2 1768 1843 1869 1844
4569 4 2 2 2 1768 1844 1869 1769
4570 4 2 2 2 1768 1868 1793 1794
4571 4 2 2 2 1768 1868 1794 1869
4572 4 2 2 2 1768 1869 1794 1769
4573 4 2 2 2 1769 1844 1869 1870
4574 4 2 2 2 1769 1844 1870 1845
4575 4 2 2 2 1769 1845 1870 1770
4576 4 2 2 2 1769 1869 1794 1795
4577 4 2 2 2 1769 1869 1795 1870
4578 4 2 2 2 1769 1870 1795 1770
4579 4 2 2 2 1770 1845 1870 1871
4580 4 2 2 2 1770 1845 1871 1846
4581 4 2 2 2 1770 1846 1871 1771
4582 4 2 2 2 1770 1870 1795 1796
4583 4 2 2 2 1770 1870 1796 1871
4584 4 2 2 2 1770 1871 1796 1771
4585 4 2 2 2 1771 1846 1871 1872
4586 4 2 2 2 1771 1846 1872 1847
4587 4 2 2 2 1771 1847 1872 1772
4588 4 2 2 2 1771 1871 1796 1797
4589 4 2 2 2 1771 1871 1797 1872
4590 4 2 2 2 1771 1872 1797 1772
4591 4 2 2 2 1772 1847 1872 1873
4592 4 2 2 2 1772 1847 1873 1848
4593 4 2 2 2 1772 1848 1873 1773
4594 4 2 2 2 1772 1872 1797 1798
4595 4 2 2 2 1772 1872 1798 1873
4596 4 2 2 2 1772 1873 1798 1773
4597 4 2 2 2 1773 1848 1873 1874
4598 4 2 2 2 1773 1848 1874 1849
4599 4 2 2 2 1773 1849 1874 1774
4600 4 2 2 2 1773 1873 1798 1799
4601 4 2 2 2 1773 1873 1799 1874
4602 4 2 2 2 1773 1874 1799 1774
4603 4 2 2 2 1774 1849 1874 1875
4604 4 2 2 2 1774 1849 1875 1850
4605 4 2 2 2 1774 1850 1875 1775
4606 4 2 2 2 1774 1874 1799 1800
4607 4 2 2 2 1774 1874 1800 1875
4608 4 2 2 2 1774 1875 1800 1775
4609 2 2 20 20 1 76 101
4610 2 2 20 20 1 101 26
4611 2 2 20 20 25 100 125
4612 2 2 20 20 25 125 50
4613 2 2 20 20 26 101 126
4614 2 2 20 20 26 126 51
4615 2 2 20 20 50 125 150
4616 2 2 20 20 50 150 75
4617 2 2 20 20 76 151 176
4618 2 2 20 20 76 176 101
4619 2 2 20 20 100 175 200
4620 2 2 20 20 100 200 125
4621 2 2 20 20 101 176 201
4622 2 2 20 20 101 201 126
4623 2 2 20 20 125 200 225
4624 2 2 20 20 125 225 150
4625 2 2 20 20 151 226 251
4626 2 2 20 20 151 251 176
4627 2 2 20 20 175 250 275
4628 2 2 20 20 175 275 200
4629 2 2 20 20 176 251 276
4630 2 2 20 20 176 276 201
4631 2 2 20 20 200 275 300
4632 2 2 20 20 200 300 225
4633 2 2 20 20 226 301 326
4634 2 2 20 20 226 326 251
4635 2 2 20 20 250 325 350
4636 2 2 20 20 250 350 275
4637 2 2 20 20 251 326 351
4638 2 2 20 20 251 351 276
4639 2 2 20 20 275 350 375
4640 2 2 20 20 275 375 300
4641 2 2 20 20 301 376 401
4642 2 2 20 20 301 401 326
4643 2 2 20 20 325 400 425
4644 2 2 20 20 325 425 350
4645 2 2 20 20 326 401 426
4646 2 2 20 20 326 426 351
4647 2 2 20 20 350 425 450
4648 2 2 20 20 350 450 375
4649 2 2 20 20 376 451 476
4650 2 2 20 20 376 476 401
4651 2 2 20 20 400 475 500
4652 2 2 20 20 400 500 425
4653 2 2 20 20 401 476 501
4654 2 2 20 20 401 501 426
4655 2 2 20 20 425 500 525
4656 2 2 20 20 425 525 450
4657 2 2 20 20 451 526 551
4658 2 2 20 20 451 551 476
4659 2 2 20 20 475 550 575
4660 2 2 20 20 475 575 500
4661 2 2 20 20 476 551 576
4662 2 2 20 20 476 576 501
4663 2 2 20 20 500 575 600
4664 2 2 20 20 500 600 525
4665 2 2 20 20 526 601 626
4666 2 2 20 20 526 626 551
4667 2 2 20 20 550 625 650
4668 2 2 20 20 550 650 575
4669 2 2 20 20 551 626 651
4670 2 2 20 20 551 651 576
4671 2 2 20 20 575 650 675
4672 2 2 20 20 575 675 600
4673 2 2 20 20 601 676 701
4674 2 2 20 20 601 701 626
4675 2 2 20 20 625 700 725
4676 2 2 20 20 625 725 650
4677 2 2 20 20 626 701 726
4678 2 2 20 20 626 726 651
4679 2 2 20 20 650 725 750
4680 2 2 20 20 650 750 675
4681 2 2 20 20 676 751 776
4682 2 2 20 20 676 776 701
4683 2 2 20 20 700 775 800
4684 2 2 20 20 700 800 725
4685 2 2 20 20 701 776 801
4686 2 2 20 20 701 801 726
4687 2 2 20 20 725 800 825
4688 2 2 20 20 725 825 750
4689 2 2 20 20 751 826 851
4690 2 2 20 20 751 851 776
4691 2 2 20 20 775 850 875
4692 2 2 20 20 775 875 800
4693 2 2 20 20 776 851 876
4694 2 2 20 20 776 876 801
4695 2 2 20 20 800 875 900
4696 2 2 20 20 800 900 825
4697 2 2 20 20 826 901 926
4698 2 2 20 20 826 926 851
4699 2 2 20 20 850 925 950
4700 2 2 20 20 850 950 875
4701 2 2 20 20 851 926 951
4702 2 2 20 20 851 951 876
4703 2 2 20 20 875 950 975
4704 2 2 20 20 875 975 900
4705 2 2 20 20 901 976 1001
4706 2 2 20 20 901 1001 926
4707 2 2 20 20 925 1000 1025
4708 2 2 20 20 925 1025 950
4709 2 2 20 20 926 1001 1026
4710 2 2 20 20 926 1026 951
4711 2 2 20 20 950 1025 1050
4712 2 2 20 20 950 1050 975
4713 2 2 20 20 976 1051 1076
4714 2 2 20 20 976 1076 1001
4715 2 2 20 20 1000 1075 1100
4716 2 2 20 20 1000 1100 1025
4717 2 2 20 20 1001 1076 1101
4718 2 2 20 20 1001 1101 1026
4719 2 2 20 20 1025 1100 1125
4720 2 2 20 20 1025 1125 1050
4721 2 2 20 20 1051 1126 1151
4722 2 2 20 20 1051 1151 1076
4723 2 2 20 20 1075 1150 1175
4724 2 2 20 20 1075 1175 1100
4725 2 2 20 20 1076 1151 1176
4726 2 2 20 20 1076 1176 1101
4727 2 2 20 20 1100 1175 1200
4728 2 2 20 20 1100 1200 1125
4729 2 2 20 20 1126 1201 1226
4730 2 2 20 20 1126 1226 1151
4731 2 2 20 20 1150 1225 1250
4732 2 2 20 20 1150 1250 1175
4733 2 2 20 20 1151 1226 1251
4734 2 2 20 20 1151 1251 1176
4735 2 2 20 20 1175 1250 1275
4736 2 2 20 20 1175 1275 1200
4737 2 2 20 20 1201 1276 1301
4738 2 2 20 20 1201 1301 1226
4739 2 2 20 20 1225 1300 1325
4740 2 2 20 20 1225 1325 1250
4741 2 2 20 20 1226 1301 1326
4742 2 2 20 20 1226 1326 1251
4743 2 2 20 20 1250 1325 1350
4744 2 2 20 20 1250 1350 1275
4745 2 2 20 20 1276 1351 1376
4746 2 2 20 20 1276 1376 1301
4747 2 2 20 20 1300 1375 1400
4748 2 2 20 20 1300 1400 1325
4749 2 2 20 20 1301 1376 1401
4750 2 2 20 20 1301 1401 1326
4751 2 2 20 20 1325 1400 1425
4752 2 2 20 20 1325 1425 1350
4753 2 2 20 20 1351 1426 1451
4754 2 2 20 20 1351 1451 1376
4755 2 2 20 20 1375 1450 1475
4756 2 2 20 20 1375 1475 1400
4757 2 2 20 20 1376 1451 1476
4758 2 2 20 20 1376 1476 1401
4759 2 2 20 20 1400 1475 1500
4760 2 2 20 20 1400 1500 1425
4761 2 2 20 20 1426 1501 1526
4762 2 2 20 20 1426 1526 1451
4763 2 2 20 20 1450 1525 1550
4764 2 2 20 20 1450 1550 1475
4765 2 2 20 20 1451 1526 1551
4766 2 2 20 20 1451 1551 1476
4767 2 2 20 20 1475 1550 1575
4768 2 2 20 20 1475 1575 1500
4769 2 2 20 20 1501 1576 1601
4770 2 2 20 20 1501 1601 1526
4771 2 2 20 20 1525 1600 1625
4772 2 2 20 20 1525 1625 1550
4773 2 2 20 20 1526 1601 1626
4774 2 2 20 20 1526 1626 1551
4775 2 2 20 20 1550 1625 1650
4776 2 2 20 20 1550 1650 1575
4777 2 2 20 20 1576 1651 1676
4778 2 2 20 20 1576 1676 1601
4779 2 2 20 20 1600 1675 1700
4780 2 2 20 20 1600 1700 1625
4781 2 2 20 20 1601 1676 1701
4782 2 2 20 20 1601 1701 1626
4783 2 2 20 20 1625 1700 1725
4784 2 2 20 20 1625 1725 1650
4785 2 2 20 20 1651 1726 1751
4786 2 2 20 20 1651 1751 1676
4787 2 2 20 20 1675 1750 1775
4788 2 2 20 20 1675 1775 1700
4789 2 2 20 20 1676 1751 1776
4790 2 2 20 20 1676 1776 1701
4791 2 2 20 20 1700 1775 1800
4792 2 2 20 20 1700 1800 1725
4793 2 2 20 20 1726 1801 1826
4794 2 2 20 20 1726 1826 1751
4795 2 2 20 20 1750 1825 1850
4796 2 2 20 20 1750 1850 1775
4797 2 2 20 20 1751 1826 1851
4798 2 2 20 20 1751 1851 1776
4799 2 2 20 20 1775 1850 1875
4800 2 2 20 20 1775 1875 1800
4801 3 2 10 10 1 26 27 2
4802 3 2 20 20 1 26 27 2
4803 3 2 11 11 1801 1826 1827 1802
4804 3 2 20 20 1801 1826 1827 1802
4805 3 2 10 10 2 27 28 3
4806 3 2 20 20 2 27 28 3
4807 3 2 11 11 1802 1827 1828 1803
4808 3 2 20 20 1802 1827 1828 1803
4809 3 2 10 10 3 28 29 4
4810 3 2 20 20 3 28 29 4
4811 3 2 11 11 1803 1828 1829 1804
4812 3 2 20 20 1803 1828 1829 1804
4813 3 2 10 10 4 29 30 5
4814 3 2 20 20 4 29 30 5
4815 3 2 11 11 1804 1829 1830 1805
4816 3 2 20 20 1804 1829 1830 1805
4817 3 2 10 10 5 30 31 6
4818 3 2 20 20 5 30 31 6
4819 3 2 11 11 1805 1830 1831 1806
4820 3 2 20 20 1805 1830 1831 1806
4821 3 2 10 10 6 31 32 7
4822 3 2 20 20 6 31 32 7
4823 3 2 11 11 1806 1831 1832 1807
4824 3 2 20 20 1806 1831 1832 1807
4825 3 2 10 10 7 32 33 8
4826 3 2 20 20 7 32 33 8
4827 3 2 11 11 1807 1832 1833 1808
4828 3 2 20 20 1807 1832 1833 1808
4829 3 2 10 10 8 33 34 9
4830 3 2 20 20 8 33 34 9
4831 3 2 11 11 1808 1833 1834 1809
4832 3 2 20 20 1808 1833 1834 1809
4833 3 2 10 10 9 34 35 10
4834 3 2 20 20 9 34 35 10
4835 3 2 11 11 1809 1834 1835 1810
4836 3 2 20 20 1809 1834 1835 1810
4837 3 2 10 10 10 35 36 11
4838 3 2 20 20 10 35 36 11
4839 3 2 11 11 1810 1835 1836 1811
4840 3 2 20 20 1810 1835 1836 1811
4841 3 2 10 10 11 36 37 12
4842 3 2 20 20 11 36 37 12
4843 3 2 11 11 1811 1836 1837 1812
4844 3 2 20 20 1811 1836 1837 1812
4845 3 2 10 10 12 37 38 13
4846 3 2 20 20 12 37 38 13
4847 3 2 11 11 1812 1837 1838 1813
4848 3 2 20 20 1812 1837 1838 1813
4849 2 2 10 10 13 38 39
4850 2 2 10 10 13 39 14
4851 2 2 20 20 13 38 39
4852 2 2 20 20 13 39 14
4853 2 2 11 11 1813 1838 1839
4854 2 2 11 11 1813 1839 1814
4855 2 2 20 20 1813 1838 1839
4856 2 2 20 20 1813 1839 1814
4857 2 2 10 10 14 39 40
4858 2 2 10 10 14 40 15
4859 2 2 20 20 14 39 40
4860 2 2 20 20 14 40 15
4861 2 2 11 11 1814 1839 1840
4862 2 2 11 11 1814 1840 1815
4863 2 2 20 20 1814 1839 1840
4864 2 2 20 20 1814 1840 1815
4865 2 2 10 10 15 40 41
4866 2 2 10 10 15 41 16
4867 2 2 20 20 15 40 41
4868 2 2 20 20 15 41 16
4869 2 2 11 11 1815 1840 1841
4870 2 2 11 11 1815 1841 1816
4871 2 2 20 20 1815 1840 1841
4872 2 2 20 20 1815 1841 1816
4873 2 2 10 10 16 41 42
4874 2 2 10 10 16 42 17
4875 2 2 20 20 16 41 42
4876 2 2 20 20 16 42 17
4877 2 2 11 11 1816 1841 1842
4878 2 2 11 11 1816 1842 1817
4879 2 2 20 20 1816 1841 1842
4880 2 2 20 20 1816 1842 1817
4881 2 2 10 10 17 42 43
4882 2 2 10 10 17 43 18
4883 2 2 20 20 17 42 43
4884 2 2 20 20 17 43 18
4885 2 2 11 11 1817 1842 1843
4886 2 2 11 11 1817 1843 1818
4887 2 2 20 20 1817 1842 1843
4888 2 2 20 20 1817 1843 1818
4889 2 2 10 10 18 43 44
4890 2 2 10 10 18 44 19
4891 2 2 20 20 18 43 44
4892 2 2 20 20 18 44 19
4893 2 2 11 11 1818 1843 1844
4894 2 2 11 11 1818 1844 1819
4895 2 2 20 20 1818 1843 1844
4896 2 2 20 20 1818 1844 1819
4897 2 2 10 10 19 44 45
4898 2 2 10 10 19 45 20
4899 2 2 20 20 19 44 45
4900 2 2 20 20 19 45 20
4901 2 2 11 11 1819 1844 1845
4902 2 2 11 11 1819 1845 1820
4903 2 2 20 20 1819 1844 1845
4904 2 2 20 20 1819 1845 1820
4905 2 2 10 10 20 45 46
4906 2 2 10 10 20 46 21
4907 2 2 20 20 20 45 46
4908 2 2 20 20 20 46 21
4909 2 2 11 11 1820 1845 1846
4910 2 2 11 11 1820 1846 1821
4911 2 2 20 20 1820 1845 1846
4912 2 2 20 20 1820 1846 1821
4913 2 2 10 10 21 46 47
4914 2 2 10 10 21 47 22
4915 2 2 20 20 21 46 47
4916 2 2 20 20 21 47 22
4917 2 2 11 11 1821 1846 1847
4918 2 2 11 11 1821 1847 1822
4919 2 2 20 20 1821 1846 1847
4920 2 2 20 20 1821 1847 1822
4921 2 2 10 10 22 47 48
4922 2 2 10 10 22 48 23
4923 2 2 20 20 22 47 48
4924 2 2 20 20 22 48 23
4925 2 2 11 11 1822 1847 1848
4926 2 2 11 11 1822 1848 1823
4927 2 2 20 20 1822 1847 1848
4928 2 2 20 20 1822 1848 1823
4929 2 2 10 10 23 48 49
4930 2 2 10 10 23 49 24
4931 2 2 20 20 23 48 49
4932 2 2 20 20 23 49 24
4933 2 2 11 11 1823 1848 1849
4934 2 2 11 11 1823 1849 1824
4935 2 2 20 20 1823 1848 1849
4936 2 2 20 20 1823 1849 1824
4937 2 2 10 10 24 49 50
4938 2 2 10 10 24 50 25
4939 2 2 20 20 24 49 50
4940 2 2 20 20 24 50 25
4941 2 2 11 11 1824 1849 1850
4942 2 2 11 11 1824 1850 1825
4943 2 2 20 20 1824 1849 1850
4944 2 2 20 20 1824 1850 1825
4945 3 2 10 10 26 51 52 27
4946 3 2 20 20 26 51 52 27
4947 3 2 11 11 1826 1851 1852 1827
4948 3 2 20 20 1826 1851 1852 1827
4949 3 2 10 10 27 52 53 28
4950 3 2 20 20 27 52 53 28
4951 3 2 11 11 1827 1852 1853 1828
4952 3 2 20 20 1827 1852 1853 1828
4953 3 2 10 10 28 53 54 29
4954 3 2 20 20 28 53 54 29
4955 3 2 11 11 1828 1853 1854 1829
4956 3 2 20 20 1828 1853 1854 1829
4957 3 2 10 10 29 54 55 30
4958 3 2 20 20 29 54 55 30
4959 3 2 11 11 1829 1854 1855 1830
4960 3 2 20 20 1829 1854 1855 1830
4961 3 2 10 10 30 55 56 31
4962 3 2 20 20 30 55 56 31
4963 3 2 11 11 1830 1855 1856 1831
4964 3 2 20 20 1830 1855 1856 1831
4965 3 2 10 10 31 56 57 32
4966 3 2 20 20 31 56 57 32
4967 3 2 11 11 1831 1856 1857 1832
4968 3 2 20 20 1831 1856 1857 1832
4969 3 2 10 10 32 57 58 33
4970 3 2 20 20 32 57 58 33
4971 3 2 11 11 1832 1857 1858 1833
4972 3 2 20 20 1832 1857 1858 1833
4973 3 2 10 10 33 58 59 34
4974 3 2 20 20 33 58 59 34
4975 3 2 11 11 1833 1858 1859 1834
4976 3 2 20 20 1833 1858 1859 1834
4977 3 2 10 10 34 59 60 35
4978 3 2 20 20 34 59 60 35
4979 3 2 11 11 1834 1859 1860 1835
4980 3 2 20 20 1834 1859 1860 1835
4981 3 2 10 10 35 60 61 36
4982 3 2 20 20 35 60 61 36
4983 3 2 11 11 1835 1860 1861 1836
4984 3 2 20 20 1835 1860 1861 1836
4985 3 2 10 10 36 61 62 37
4986 3 2 20 20 36 61 62 37
4987 3 2 11 11 1836 1861 1862 1837
4988 3 2 20 20 1836 1861 1862 1837
4989 3 2 10 10 37 62 63 38
4990 3 2 20 20 37 62 63 38
4991 3 2 11 11 1837 1862 1863 1838
4992 3 2 20 20 1837 1862 1863 1838
4993 2 2 10 10 38 63 64
4994 2 2 10 10 38 64 39
4995 2 2 20 20 38 63 64
4996 2 2 20 20 38 64 39
4997 2 2 11 11 1838 1863 1864
4998 2 2 11 11 1838 1864 1839
4999 2 2 20 20 1838 1863 1864
5000 2 2 20 20 1838 1864 1839
5001 2 2 10 10 39 64 65
5002 2 2 10 10 39 65 40
5003 2 2 20 20 39 64 65
5004 2 2 20 20 39 65 40
5005 2 2 11 11 1839 1864 1865
5006 2 2 11 11 1839 1865 1840
5007 2 2 20 20 1839 1864 1865
5008 2 2 20 20 1839 1865 1840
5009 2 2 10 10 40 65 66
5010 2 2 10 10 40 66 41
5011 2 2 20 20 40 65 66
5012 2 2 20 20 40 66 41
5013 2 2 11 11 1840 1865 1866
5014 2 2 11 11 1840 1866 1841
5015 2 2 20 20 1840 1865 1866
5016 2 2 20 20 1840 1866 1841
5017 2 2 10 10 41 66 67
5018 2 2 10 10 41 67 42
5019 2 2 20 20 41 66 67
5020 2 2 20 20 41 67 42
5021 2 2 11 11 1841 1866 1867
5022 2 2 11 11 1841 1867 1842
5023 2 2 20 20 1841 1866 1867
5024 2 2 20 20 1841 1867 1842
5025 2 2 10 10 42 67 68
5026 2 2 10 10 42 68 43
5027 2 2 20 20 42 67 68
5028 2 2 20 20 42 68 43
5029 2 2 11 11 1842 1867 1868
5030 2 2 11 11 1842 1868 1843
5031 2 2 20 20 1842 1867 1868
5032 2 2 20 20 1842 1868 1843
5033 2 2 10 10 43 68 69
5034 2 2 10 10 43 69 44
5035 2 2 20 20 43 68 69
5036 2 2 20 20 43 69 44
5037 2 2 11 11 1843 1868 1869
5038 2 2 11 11 1843 1869 1844
5039 2 2 20 20 1843 1868 1869
5040 2 2 20 20 1843 1869 1844
5041 2 2 10 10 44 69 70
5042 2 2 10 10 44 70 45
5043 2 2 20 20 44 69 70
5044 2 2 20 20 44 70 45
5045 2 2 11 11 1844 1869 1870
5046 2 2 11 11 1844 1870 1845
5047 2 2 20 20 1844 1869 1870
5048 2 2 20 20 1844 1870 1845
5049 2 2 10 10 45 70 71
5050 2 2 10 10 45 71 46
5051 2 2 20 20 45 70 71
5052 2 2 20 20 45 71 46
5053 2 2 11 11 1845 1870 1871
5054 2 2 11 11 1845 1871 1846
5055 2 2 20 20 1845 1870 1871
5056 2 2 20 20 1845 1871 1846
5057 2 2 10 10 46 71 72
5058 2 2 10 10 46 72 47
5059 2 2 20 20 46 71 72
5060 2 2 20 20 46 72 47
5061 2 2 11 11 1846 1871 1872
5062 2 2 11 11 1846 1872 1847
5063 2 2 20 20 1846 1871 1872
5064 2 2 20 20 1846 1872 1847
5065 2 2 10 10 47 72 73
5066 2 2 10 10 47 73 48
5067 2 2 20 20 47 72 73
5068 2 2 20 20 47 73 48
5069 2 2 11 11 1847 1872 1873
5070 2 2 11 11 1847 1873 1848
5071 2 2 20 20 1847 1872 1873
5072 2 2 20 20 1847 1873 1848
5073 2 2 10 10 48 73 74
5074 2 2 10 10 48 74 49
5075 2 2 20 20 48 73 74
5076 2 2 20 20 48 74 49
5077 2 2 11 11 1848 1873 1874
5078 2 2 11 11 1848 1874 1849
5079 2 2 20 20 1848 1873 1874
5080 2 2 20 20 1848 1874 1849
5081 2 2 10 10 49 74 75
5082 2 2 10 10 49 75 50
5083 2 2 20 20 49 74 75
5084 2 2 20 20 49 75 50
5085 2 2 11 11 1849 1874 1875
5086 2 2 11 11 1849 1875 1850
5087 2 2 20 20 1849 1874 1875
5088 2 2 20 20 1849 1875 1850
$EndElements
