$MeshFormat
2.2 0 8
$EndMeshFormat
$Nodes
1875
1 0 0 0
2 0 0 4.166666667e-05
3 0 0 8.333333333e-05
4 0 0 0.000125
5 0 0 0.0001666666667
6 0 0 0.0002083333333
7 0 0 0.00025
8 0 0 0.0002916666667
9 0 0 0.0003333333333
10 0 0 0.000375
11 0 0 0.0004166666667
12 0 0 0.0004583333333
13 0 0 0.0005
14 0 0 0.0005416666667
15 0 0 0.0005833333333
16 0 0 0.000625
17 0 0 0.0006666666667
18 0 0 0.0007083333333
19 0 0 0.00075
20 0 0 0.0007916666667
21 0 0 0.0008333333333
22 0 0 0.000875
23 0 0 0.0009166666667
24 0 0 0.0009583333333
25 0 0 0.001
26 0 0.000125 0
27 0 0.000125 4.166666667e-05
28 0 0.000125 8.333333333e-05
29 0 0.000125 0.000125
30 0 0.000125 0.0001666666667
31 0 0.000125 0.0002083333333
32 0 0.000125 0.00025
33 0 0.000125 0.0002916666667
34 0 0.000125 0.0003333333333
35 0 0.000125 0.000375
36 0 0.000125 0.0004166666667
37 0 0.000125 0.0004583333333
38 0 0.000125 0.0005
39 0 0.000125 0.0005416666667
40 0 0.000125 0.0005833333333
41 0 0.000125 0.000625
42 0 0.000125 0.0006666666667
43 0 0.000125 0.0007083333333
44 0 0.000125 0.00075
45 0 0.000125 0.0007916666667
46 0 0.000125 0.0008333333333
47 0 0.000125 0.000875
48 0 0.000125 0.0009166666667
49 0 0.000125 0.0009583333333
50 0 0.000125 0.001
51 0 0.00025 0
52 0 0.00025 4.166666667e-05
53 0 0.00025 8.333333333e-05
54 0 0.00025 0.000125
55 0 0.00025 0.0001666666667
56 0 0.00025 0.0002083333333
57 0 0.00025 0.00025
58 0 0.00025 0.0002916666667
59 0 0.00025 0.0003333333333
60 0 0.00025 0.000375
61 0 0.00025 0.0004166666667
62 0 0.00025 0.0004583333333
63 0 0.00025 0.0005
64 0 0.00025 0.0005416666667
65 0 0.00025 0.0005833333333
66 0 0.00025 0.000625
67 0 0.00025 0.0006666666667
68 0 0.00025 0.0007083333333
69 0 0.00025 0.00075
70 0 0.00025 0.0007916666667
71 0 0.00025 0.0008333333333
72 0 0.00025 0.000875
73 0 0.00025 0.0009166666667
74 0 0.00025 0.0009583333333
75 0 0.00025 0.001
76 8.333333333e-05 0 0
77 8.333333333e-05 0 4.166666667e-05
78 8.333333333e-05 0 8.333333333e-05
79 8.333333333e-05 0 0.000125
80 8.333333333e-05 0 0.0001666666667
81 8.333333333e-05 0 0.0002083333333
82 8.333333333e-05 0 0.00025
83 8.333333333e-05 0 0.0002916666667
84 8.333333333e-05 0 0.0003333333333
85 8.333333333e-05 0 0.000375
86 8.333333333e-05 0 0.0004166666667
87 8.333333333e-05 0 0.0004583333333
88 8.333333333e-05 0 0.0005
89 8.333333333e-05 0 0.0005416666667
90 8.333333333e-05 0 0.0005833333333
91 8.333333333e-05 0 0.000625
92 8.333333333e-05 0 0.0006666666667
93 8.333333333e-05 0 0.0007083333333
94 8.333333333e-05 0 0.00075
95 8.333333333e-05 0 0.0007916666667
96 8.333333333e-05 0 0.0008333333333
97 8.333333333e-05 0 0.000875
98 8.333333333e-05 0 0.0009166666667
99 8.333333333e-05 0 0.0009583333333
100 8.333333333e-05 0 0.001
101 8.333333333e-05 0.000125 0
102 8.333333333e-05 0.000125 4.166666667e-05
103 8.333333333e-05 0.000125 8.333333333e-05
104 8.333333333e-05 0.000125 0.000125
105 8.333333333e-05 0.000125 0.0001666666667
106 8.333333333e-05 0.000125 0.0002083333333
107 8.333333333e-05 0.000125 0.00025
108 8.333333333e-05 0.000125 0.0002916666667
109 8.333333333e-05 0.000125 0.0003333333333
110 8.333333333e-05 0.000125 0.000375
111 8.333333333e-05 0.000125 0.0004166666667
112 8.333333333e-05 0.000125 0.0004583333333
113 8.333333333e-05 0.000125 0.0005
114 8.333333333e-05 0.000125 0.0005416666667
115 8.333333333e-05 0.000125 0.0005833333333
116 8.333333333e-05 0.000125 0.000625
117 8.333333333e-05 0.000125 0.0006666666667
118 8.333333333e-05 0.000125 0.0007083333333
119 8.333333333e-05 0.000125 0.00075
120 8.333333333e-05 0.000125 0.0007916666667
121 8.333333333e-05 0.000125 0.0008333333333
122 8.333333333e-05 0.000125 0.000875
123 8.333333333e-05 0.000125 0.0009166666667
124 8.333333333e-05 0.000125 0.0009583333333
125 8.333333333e-05 0.000125 0.001
126 8.333333333e-05 0.00025 0
127 8.333333333e-05 0.00025 4.166666667e-05
128 8.333333333e-05 0.00025 8.333333333e-05
129 8.333333333e-05 0.00025 0.000125
130 8.333333333e-05 0.00025 0.0001666666667
131 8.333333333e-05 0.00025 0.0002083333333
132 8.333333333e-05 0.00025 0.00025
133 8.333333333e-05 0.00025 0.0002916666667
134 8.333333333e-05 0.00025 0.0003333333333
135 8.333333333e-05 0.00025 0.000375
136 8.333333333e-05 0.00025 0.0004166666667
137 8.333333333e-05 0.00025 0.0004583333333
138 8.333333333e-05 0.00025 0.0005
139 8.333333333e-05 0.00025 0.0005416666667
140 8.333333333e-05 0.00025 0.0005833333333
141 8.333333333e-05 0.00025 0.000625
142 8.333333333e-05 0.00025 0.0006666666667
143 8.333333333e-05 0.00025 0.0007083333333
144 8.333333333e-05 0.00025 0.00075
145 8.333333333e-05 0.00025 0.0007916666667
146 8.333333333e-05 0.00025 0.0008333333333
147 8.333333333e-05 0.00025 0.000875
148 8.333333333e-05 0.00025 0.0009166666667
149 8.333333333e-05 0.00025 0.0009583333333
150 8.333333333e-05 0.00025 0.001
151 0.0001666666667 0 0
152 0.0001666666667 0 4.166666667e-05
153 0.0001666666667 0 8.333333333e-05
154 0.0001666666667 0 0.000125
155 0.0001666666667 0 0.0001666666667
156 0.0001666666667 0 0.0002083333333
157 0.0001666666667 0 0.00025
158 0.0001666666667 0 0.0002916666667
159 0.0001666666667 0 0.0003333333333
160 0.0001666666667 0 0.000375
161 0.0001666666667 0 0.0004166666667
162 0.0001666666667 0 0.0004583333333
163 0.0001666666667 0 0.0005
164 0.0001666666667 0 0.0005416666667
165 0.0001666666667 0 0.0005833333333
166 0.0001666666667 0 0.000625
167 0.0001666666667 0 0.0006666666667
168 0.0001666666667 0 0.0007083333333
169 0.0001666666667 0 0.00075
170 0.0001666666667 0 0.0007916666667
171 0.0001666666667 0 0.0008333333333
172 0.0001666666667 0 0.000875
173 0.0001666666667 0 0.0009166666667
174 0.0001666666667 0 0.0009583333333
175 0.0001666666667 0 0.001
176 0.0001666666667 0.000125 0
177 0.0001666666667 0.000125 4.166666667e-05
178 0.0001666666667 0.000125 8.333333333e-05
179 0.0001666666667 0.000125 0.000125
180 0.0001666666667 0.000125 0.0001666666667
181 0.0001666666667 0.000125 0.0002083333333
182 0.0001666666667 0.000125 0.00025
183 0.0001666666667 0.000125 0.0002916666667
184 0.0001666666667 0.000125 0.0003333333333
185 0.0001666666667 0.000125 0.000375
186 0.0001666666667 0.000125 0.0004166666667
187 0.0001666666667 0.000125 0.0004583333333
188 0.0001666666667 0.000125 0.0005
189 0.0001666666667 0.000125 0.0005416666667
190 0.0001666666667 0.000125 0.0005833333333
191 0.0001666666667 0.000125 0.000625
192 0.0001666666667 0.000125 0.0006666666667
193 0.0001666666667 0.000125 0.0007083333333
194 0.0001666666667 0.000125 0.00075
195 0.0001666666667 0.000125 0.0007916666667
196 0.0001666666667 0.000125 0.0008333333333
197 0.0001666666667 0.000125 0.000875
198 0.0001666666667 0.000125 0.0009166666667
199 0.0001666666667 0.000125 0.0009583333333
200 0.0001666666667 0.000125 0.001
201 0.0001666666667 0.00025 0
202 0.0001666666667 0.00025 4.166666667e-05
203 0.0001666666667 0.00025 8.333333333e-05
204 0.0001666666667 0.00025 0.000125
205 0.0001666666667 0.00025 0.0001666666667
206 0.0001666666667 0.00025 0.0002083333333
207 0.0001666666667 0.00025 0.00025
208 0.0001666666667 0.00025 0.0002916666667
209 0.0001666666667 0.00025 0.0003333333333
210 0.0001666666667 0.00025 0.000375
211 0.0001666666667 0.00025 0.0004166666667
212 0.0001666666667 0.00025 0.0004583333333
213 0.0001666666667 0.00025 0.0005
214 0.0001666666667 0.00025 0.0005416666667
215 0.0001666666667 0.00025 0.0005833333333
216 0.0001666666667 0.00025 0.000625
217 0.0001666666667 0.00025 0.0006666666667
218 0.0001666666667 0.00025 0.0007083333333
219 0.0001666666667 0.00025 0.00075
220 0.0001666666667 0.00025 0.0007916666667
221 0.0001666666667 0.00025 0.0008333333333
222 0.0001666666667 0.00025 0.000875
223 0.0001666666667 0.00025 0.0009166666667
224 0.0001666666667 0.00025 0.0009583333333
225 0.0001666666667 0.00025 0.001
226 0.00025 0 0
227 0.00025 0 4.166666667e-05
228 0.00025 0 8.333333333e-05
229 0.00025 0 0.000125
230 0.00025 0 0.0001666666667
231 0.00025 0 0.0002083333333
232 0.00025 0 0.00025
233 0.00025 0 0.0002916666667
234 0.00025 0 0.0003333333333
235 0.00025 0 0.000375
236 0.00025 0 0.0004166666667
237 0.00025 0 0.0004583333333
238 0.00025 0 0.0005
239 0.00025 0 0.0005416666667
240 0.00025 0 0.0005833333333
241 0.00025 0 0.000625
242 0.00025 0 0.0006666666667
243 0.00025 0 0.0007083333333
244 0.00025 0 0.00075
245 0.00025 0 0.0007916666667
246 0.00025 0 0.0008333333333
247 0.00025 0 0.000875
248 0.00025 0 0.0009166666667
249 0.00025 0 0.0009583333333
250 0.00025 0 0.001
251 0.00025 0.000125 0
252 0.00025 0.000125 4.166666667e-05
253 0.00025 0.000125 8.333333333e-05
254 0.00025 0.000125 0.000125
255 0.00025 0.000125 0.0001666666667
256 0.00025 0.000125 0.0002083333333
257 0.00025 0.000125 0.00025
258 0.00025 0.000125 0.0002916666667
259 0.00025 0.000125 0.0003333333333
260 0.00025 0.000125 0.000375
261 0.00025 0.000125 0.0004166666667
262 0.00025 0.000125 0.0004583333333
263 0.00025 0.000125 0.0005
264 0.00025 0.000125 0.0005416666667
265 0.00025 0.000125 0.0005833333333
266 0.00025 0.000125 0.000625
267 0.00025 0.000125 0.0006666666667
268 0.00025 0.000125 0.0007083333333
269 0.00025 0.000125 0.00075
270 0.00025 0.000125 0.0007916666667
271 0.00025 0.000125 0.0008333333333
272 0.00025 0.000125 0.000875
273 0.00025 0.000125 0.0009166666667
274 0.00025 0.000125 0.0009583333333
275 0.00025 0.000125 0.001
276 0.00025 0.00025 0
277 0.00025 0.00025 4.166666667e-05
278 0.00025 0.00025 8.333333333e-05
279 0.00025 0.00025 0.000125
280 0.00025 0.00025 0.0001666666667
281 0.00025 0.00025 0.0002083333333
282 0.00025 0.00025 0.00025
283 0.00025 0.00025 0.0002916666667
284 0.00025 0.00025 0.0003333333333
285 0.00025 0.00025 0.000375
286 0.00025 0.00025 0.0004166666667
287 0.00025 0.00025 0.0004583333333
288 0.00025 0.00025 0.0005
289 0.00025 0.00025 0.0005416666667
290 0.00025 0.00025 0.0005833333333
291 0.00025 0.00025 0.000625
292 0.00025 0.00025 0.0006666666667
293 0.00025 0.00025 0.0007083333333
294 0.00025 0.00025 0.00075
295 0.00025 0.00025 0.0007916666667
296 0.00025 0.00025 0.0008333333333
297 0.00025 0.00025 0.000875
298 0.00025 0.00025 0.0009166666667
299 0.00025 0.00025 0.0009583333333
300 0.00025 0.00025 0.001
301 0.0003333333333 0 0
302 0.0003333333333 0 4.166666667e-05
303 0.0003333333333 0 8.333333333e-05
304 0.0003333333333 0 0.000125
305 0.0003333333333 0 0.0001666666667
306 0.0003333333333 0 0.0002083333333
307 0.0003333333333 0 0.00025
308 0.0003333333333 0 0.0002916666667
309 0.0003333333333 0 0.0003333333333
310 0.0003333333333 0 0.000375
311 0.0003333333333 0 0.0004166666667
312 0.0003333333333 0 0.0004583333333
313 0.0003333333333 0 0.0005
314 0.0003333333333 0 0.0005416666667
315 0.0003333333333 0 0.0005833333333
316 0.0003333333333 0 0.000625
317 0.0003333333333 0 0.0006666666667
318 0.0003333333333 0 0.0007083333333
319 0.0003333333333 0 0.00075
320 0.0003333333333 0 0.0007916666667
321 0.0003333333333 0 0.0008333333333
322 0.0003333333333 0 0.000875
323 0.0003333333333 0 0.0009166666667
324 0.0003333333333 0 0.0009583333333
325 0.0003333333333 0 0.001
326 0.0003333333333 0.000125 0
327 0.0003333333333 0.000125 4.166666667e-05
328 0.0003333333333 0.000125 8.333333333e-05
329 0.0003333333333 0.000125 0.000125
330 0.0003333333333 0.000125 0.0001666666667
331 0.0003333333333 0.000125 0.0002083333333
332 0.0003333333333 0.000125 0.00025
333 0.0003333333333 0.000125 0.0002916666667
334 0.0003333333333 0.000125 0.0003333333333
335 0.0003333333333 0.000125 0.000375
336 0.0003333333333 0.000125 0.0004166666667
337 0.0003333333333 0.000125 0.0004583333333
338 0.0003333333333 0.000125 0.0005
339 0.0003333333333 0.000125 0.0005416666667
340 0.0003333333333 0.000125 0.0005833333333
341 0.0003333333333 0.000125 0.000625
342 0.0003333333333 0.000125 0.0006666666667
343 0.0003333333333 0.000125 0.0007083333333
344 0.0003333333333 0.000125 0.00075
345 0.0003333333333 0.000125 0.0007916666667
346 0.0003333333333 0.000125 0.0008333333333
347 0.0003333333333 0.000125 0.000875
348 0.0003333333333 0.000125 0.0009166666667
349 0.0003333333333 0.000125 0.0009583333333
350 0.0003333333333 0.000125 0.001
351 0.0003333333333 0.00025 0
352 0.0003333333333 0.00025 4.166666667e-05
353 0.0003333333333 0.00025 8.333333333e-05
354 0.0003333333333 0.00025 0.000125
355 0.0003333333333 0.00025 0.0001666666667
356 0.0003333333333 0.00025 0.0002083333333
357 0.0003333333333 0.00025 0.00025
358 0.0003333333333 0.00025 0.0002916666667
359 0.0003333333333 0.00025 0.0003333333333
360 0.0003333333333 0.00025 0.000375
361 0.0003333333333 0.00025 0.0004166666667
362 0.0003333333333 0.00025 0.0004583333333
363 0.0003333333333 0.00025 0.0005
364 0.0003333333333 0.00025 0.0005416666667
365 0.0003333333333 0.00025 0.0005833333333
366 0.0003333333333 0.00025 0.000625
367 0.0003333333333 0.00025 0.0006666666667
368 0.0003333333333 0.00025 0.0007083333333
369 0.0003333333333 0.00025 0.00075
370 0.0003333333333 0.00025 0.0007916666667
371 0.0003333333333 0.00025 0.0008333333333
372 0.0003333333333 0.00025 0.000875
373 0.0003333333333 0.00025 0.0009166666667
374 0.0003333333333 0.00025 0.0009583333333
375 0.0003333333333 0.00025 0.001
376 0.0004166666667 0 0
377 0.0004166666667 0 4.166666667e-05
378 0.0004166666667 0 8.333333333e-05
379 0.0004166666667 0 0.000125
380 0.0004166666667 0 0.0001666666667
381 0.0004166666667 0 0.0002083333333
382 0.0004166666667 0 0.00025
383 0.0004166666667 0 0.0002916666667
384 0.0004166666667 0 0.0003333333333
385 0.0004166666667 0 0.000375
386 0.0004166666667 0 0.0004166666667
387 0.0004166666667 0 0.0004583333333
388 0.0004166666667 0 0.0005
389 0.0004166666667 0 0.0005416666667
390 0.0004166666667 0 0.0005833333333
391 0.0004166666667 0 0.000625
392 0.0004166666667 0 0.0006666666667
393 0.0004166666667 0 0.0007083333333
394 0.0004166666667 0 0.00075
395 0.0004166666667 0 0.0007916666667
396 0.0004166666667 0 0.0008333333333
397 0.0004166666667 0 0.000875
398 0.0004166666667 0 0.0009166666667
399 0.0004166666667 0 0.0009583333333
400 0.0004166666667 0 0.001
401 0.0004166666667 0.000125 0
402 0.0004166666667 0.000125 4.166666667e-05
403 0.0004166666667 0.000125 8.333333333e-05
404 0.0004166666667 0.000125 0.000125
405 0.0004166666667 0.000125 0.0001666666667
406 0.0004166666667 0.000125 0.0002083333333
407 0.0004166666667 0.000125 0.00025
408 0.0004166666667 0.000125 0.0002916666667
409 0.0004166666667 0.000125 0.0003333333333
410 0.0004166666667 0.000125 0.000375
411 0.0004166666667 0.000125 0.0004166666667
412 0.0004166666667 0.000125 0.0004583333333
413 0.0004166666667 0.000125 0.0005
414 0.0004166666667 0.000125 0.0005416666667
415 0.0004166666667 0.000125 0.0005833333333
416 0.0004166666667 0.000125 0.000625
417 0.0004166666667 0.000125 0.0006666666667
418 0.0004166666667 0.000125 0.0007083333333
419 0.0004166666667 0.000125 0.00075
420 0.0004166666667 0.000125 0.0007916666667
421 0.0004166666667 0.000125 0.0008333333333
422 0.0004166666667 0.000125 0.000875
423 0.0004166666667 0.000125 0.0009166666667
424 0.0004166666667 0.000125 0.0009583333333
425 0.0004166666667 0.000125 0.001
426 0.0004166666667 0.00025 0
427 0.0004166666667 0.00025 4.166666667e-05
428 0.0004166666667 0.00025 8.333333333e-05
429 0.0004166666667 0.00025 0.000125
430 0.0004166666667 0.00025 0.0001666666667
431 0.0004166666667 0.00025 0.0002083333333
432 0.0004166666667 0.00025 0.00025
433 0.0004166666667 0.00025 0.0002916666667
434 0.0004166666667 0.00025 0.0003333333333
435 0.0004166666667 0.00025 0.000375
436 0.0004166666667 0.00025 0.0004166666667
437 0.0004166666667 0.00025 0.0004583333333
438 0.0004166666667 0.00025 0.0005
439 0.0004166666667 0.00025 0.0005416666667
440 0.0004166666667 0.00025 0.0005833333333
441 0.0004166666667 0.00025 0.000625
442 0.0004166666667 0.00025 0.0006666666667
443 0.0004166666667 0.00025 0.0007083333333
444 0.0004166666667 0.00025 0.00075
445 0.0004166666667 0.00025 0.0007916666667
446 0.0004166666667 0.00025 0.0008333333333
447 0.0004166666667 0.00025 0.000875
448 0.0004166666667 0.00025 0.0009166666667
449 0.0004166666667 0.00025 0.0009583333333
450 0.0004166666667 0.00025 0.001
451 0.0005 0 0
452 0.0005 0 4.166666667e-05
453 0.0005 0 8.333333333e-05
454 0.0005 0 0.000125
455 0.0005 0 0.0001666666667
456 0.0005 0 0.0002083333333
457 0.0005 0 0.00025
458 0.0005 0 0.0002916666667
459 0.0005 0 0.0003333333333
460 0.0005 0 0.000375
461 0.0005 0 0.0004166666667
462 0.0005 0 0.0004583333333
463 0.0005 0 0.0005
464 0.0005 0 0.0005416666667
465 0.0005 0 0.0005833333333
466 0.0005 0 0.000625
467 0.0005 0 0.0006666666667
468 0.0005 0 0.0007083333333
469 0.0005 0 0.00075
470 0.0005 0 0.0007916666667
471 0.0005 0 0.0008333333333
472 0.0005 0 0.000875
473 0.0005 0 0.0009166666667
474 0.0005 0 0.0009583333333
475 0.0005 0 0.001
476 0.0005 0.000125 0
477 0.0005 0.000125 4.166666667e-05
478 0.0005 0.000125 8.333333333e-05
479 0.0005 0.000125 0.000125
480 0.0005 0.000125 0.0001666666667
481 0.0005 0.000125 0.0002083333333
482 0.0005 0.000125 0.00025
483 0.0005 0.000125 0.0002916666667
484 0.0005 0.000125 0.0003333333333
485 0.0005 0.000125 0.000375
486 0.0005 0.000125 0.0004166666667
487 0.0005 0.000125 0.0004583333333
488 0.0005 0.000125 0.0005
489 0.0005 0.000125 0.0005416666667
490 0.0005 0.000125 0.0005833333333
491 0.0005 0.000125 0.000625
492 0.0005 0.000125 0.0006666666667
493 0.0005 0.000125 0.0007083333333
494 0.0005 0.000125 0.00075
495 0.0005 0.000125 0.0007916666667
496 0.0005 0.000125 0.0008333333333
497 0.0005 0.000125 0.000875
498 0.0005 0.000125 0.0009166666667
499 0.0005 0.000125 0.0009583333333
500 0.0005 0.000125 0.001
501 0.0005 0.00025 0
502 0.0005 0.00025 4.166666667e-05
503 0.0005 0.00025 8.333333333e-05
504 0.0005 0.00025 0.000125
505 0.0005 0.00025 0.0001666666667
506 0.0005 0.00025 0.0002083333333
507 0.0005 0.00025 0.00025
508 0.0005 0.00025 0.0002916666667
509 0.0005 0.00025 0.0003333333333
510 0.0005 0.00025 0.000375
511 0.0005 0.00025 0.0004166666667
512 0.0005 0.00025 0.0004583333333
513 0.0005 0.00025 0.0005
514 0.0005 0.00025 0.0005416666667
515 0.0005 0.00025 0.0005833333333
516 0.0005 0.00025 0.000625
517 0.0005 0.00025 0.0006666666667
518 0.0005 0.00025 0.0007083333333
519 0.0005 0.00025 0.00075
520 0.0005 0.00025 0.0007916666667
521 0.0005 0.00025 0.0008333333333
522 0.0005 0.00025 0.000875
523 0.0005 0.00025 0.0009166666667
524 0.0005 0.00025 0.0009583333333
525 0.0005 0.00025 0.001
526 0.0005833333333 0 0
527 0.0005833333333 0 4.166666667e-05
528 0.0005833333333 0 8.333333333e-05
529 0.0005833333333 0 0.000125
530 0.0005833333333 0 0.0001666666667
531 0.0005833333333 0 0.0002083333333
532 0.0005833333333 0 0.00025
533 0.0005833333333 0 0.0002916666667
534 0.0005833333333 0 0.0003333333333
535 0.0005833333333 0 0.000375
536 0.0005833333333 0 0.0004166666667
537 0.0005833333333 0 0.0004583333333
538 0.0005833333333 0 0.0005
539 0.0005833333333 0 0.0005416666667
540 0.0005833333333 0 0.0005833333333
541 0.0005833333333 0 0.000625
542 0.0005833333333 0 0.0006666666667
543 0.0005833333333 0 0.0007083333333
544 0.0005833333333 0 0.00075
545 0.0005833333333 0 0.0007916666667
546 0.0005833333333 0 0.0008333333333
547 0.0005833333333 0 0.000875
548 0.0005833333333 0 0.0009166666667
549 0.0005833333333 0 0.0009583333333
550 0.0005833333333 0 0.001
551 0.0005833333333 0.000125 0
552 0.0005833333333 0.000125 4.166666667e-05
553 0.0005833333333 0.000125 8.333333333e-05
554 0.0005833333333 0.000125 0.000125
555 0.0005833333333 0.000125 0.0001666666667
556 0.0005833333333 0.000125 0.0002083333333
557 0.0005833333333 0.000125 0.00025
558 0.0005833333333 0.000125 0.0002916666667
559 0.0005833333333 0.000125 0.0003333333333
560 0.0005833333333 0.000125 0.000375
561 0.0005833333333 0.000125 0.0004166666667
562 0.0005833333333 0.000125 0.0004583333333
563 0.0005833333333 0.000125 0.0005
564 0.0005833333333 0.000125 0.0005416666667
565 0.0005833333333 0.000125 0.0005833333333
566 0.0005833333333 0.000125 0.000625
567 0.0005833333333 0.000125 0.0006666666667
568 0.0005833333333 0.000125 0.0007083333333
569 0.0005833333333 0.000125 0.00075
570 0.0005833333333 0.000125 0.0007916666667
571 0.0005833333333 0.000125 0.0008333333333
572 0.0005833333333 0.000125 0.000875
573 0.0005833333333 0.000125 0.0009166666667
574 0.0005833333333 0.000125 0.0009583333333
575 0.0005833333333 0.000125 0.001
576 0.0005833333333 0.00025 0
577 0.0005833333333 0.00025 4.166666667e-05
578 0.0005833333333 0.00025 8.333333333e-05
579 0.0005833333333 0.00025 0.000125
580 0.0005833333333 0.00025 0.0001666666667
581 0.0005833333333 0.00025 0.0002083333333
582 0.0005833333333 0.00025 0.00025
583 0.0005833333333 0.00025 0.0002916666667
584 0.0005833333333 0.00025 0.0003333333333
585 0.0005833333333 0.00025 0.000375
586 0.0005833333333 0.00025 0.0004166666667
587 0.0005833333333 0.00025 0.0004583333333
588 0.0005833333333 0.00025 0.0005
589 0.0005833333333 0.00025 0.0005416666667
590 0.0005833333333 0.00025 0.0005833333333
591 0.0005833333333 0.00025 0.000625
592 0.0005833333333 0.00025 0.0006666666667
593 0.0005833333333 0.00025 0.0007083333333
594 0.0005833333333 0.00025 0.00075
595 0.0005833333333 0.00025 0.0007916666667
596 0.0005833333333 0.00025 0.0008333333333
597 0.0005833333333 0.00025 0.000875
598 0.0005833333333 0.00025 0.0009166666667
599 0.0005833333333 0.00025 0.0009583333333
600 0.0005833333333 0.00025 0.001
601 0.0006666666667 0 0
602 0.0006666666667 0 4.166666667e-05
603 0.0006666666667 0 8.333333333e-05
604 0.0006666666667 0 0.000125
605 0.0006666666667 0 0.0001666666667
606 0.0006666666667 0 0.0002083333333
607 0.0006666666667 0 0.00025
608 0.0006666666667 0 0.0002916666667
609 0.0006666666667 0 0.0003333333333
610 0.0006666666667 0 0.000375
611 0.0006666666667 0 0.0004166666667
612 0.0006666666667 0 0.0004583333333
613 0.0006666666667 0 0.0005
614 0.0006666666667 0 0.0005416666667
615 0.0006666666667 0 0.0005833333333
616 0.0006666666667 0 0.000625
617 0.0006666666667 0 0.0006666666667
618 0.0006666666667 0 0.0007083333333
619 0.0006666666667 0 0.00075
620 0.0006666666667 0 0.0007916666667
621 0.0006666666667 0 0.0008333333333
622 0.0006666666667 0 0.000875
623 0.0006666666667 0 0.0009166666667
624 0.0006666666667 0 0.0009583333333
625 0.0006666666667 0 0.001
626 0.0006666666667 0.000125 0
627 0.0006666666667 0.000125 4.166666667e-05
628 0.0006666666667 0.000125 8.333333333e-05
629 0.0006666666667 0.000125 0.000125
630 0.0006666666667 0.000125 0.0001666666667
631 0.0006666666667 0.000125 0.0002083333333
632 0.0006666666667 0.000125 0.00025
633 0.0006666666667 0.000125 0.0002916666667
634 0.0006666666667 0.000125 0.0003333333333
635 0.0006666666667 0.000125 0.000375
636 0.0006666666667 0.000125 0.0004166666667
637 0.0006666666667 0.000125 0.0004583333333
638 0.0006666666667 0.000125 0.0005
639 0.0006666666667 0.000125 0.0005416666667
640 0.0006666666667 0.000125 0.0005833333333
641 0.0006666666667 0.000125 0.000625
642 0.0006666666667 0.000125 0.0006666666667
643 0.0006666666667 0.000125 0.0007083333333
644 0.0006666666667 0.000125 0.00075
645 0.0006666666667 0.000125 0.0007916666667
646 0.0006666666667 0.000125 0.0008333333333
647 0.0006666666667 0.000125 0.000875
648 0.0006666666667 0.000125 0.0009166666667
649 0.0006666666667 0.000125 0.0009583333333
650 0.0006666666667 0.000125 0.001
651 0.0006666666667 0.00025 0
652 0.0006666666667 0.00025 4.166666667e-05
653 0.0006666666667 0.00025 8.333333333e-05
654 0.0006666666667 0.00025 0.000125
655 0.0006666666667 0.00025 0.0001666666667
656 0.0006666666667 0.00025 0.0002083333333
657 0.0006666666667 0.00025 0.00025
658 0.0006666666667 0.00025 0.0002916666667
659 0.0006666666667 0.00025 0.0003333333333
660 0.0006666666667 0.00025 0.000375
661 0.0006666666667 0.00025 0.0004166666667
662 0.0006666666667 0.00025 0.0004583333333
663 0.0006666666667 0.00025 0.0005
664 0.0006666666667 0.00025 0.0005416666667
665 0.0006666666667 0.00025 0.0005833333333
666 0.0006666666667 0.00025 0.000625
667 0.0006666666667 0.00025 0.0006666666667
668 0.0006666666667 0.00025 0.0007083333333
669 0.0006666666667 0.00025 0.00075
670 0.0006666666667 0.00025 0.0007916666667
671 0.0006666666667 0.00025 0.0008333333333
672 0.0006666666667 0.00025 0.000875
673 0.0006666666667 0.00025 0.0009166666667
674 0.0006666666667 0.00025 0.0009583333333
675 0.0006666666667 0.00025 0.001
676 0.00075 0 0
677 0.00075 0 4.166666667e-05
678 0.00075 0 8.333333333e-05
679 0.00075 0 0.000125
680 0.00075 0 0.0001666666667
681 0.00075 0 0.0002083333333
682 0.00075 0 0.00025
683 0.00075 0 0.0002916666667
684 0.00075 0 0.0003333333333
685 0.00075 0 0.000375
686 0.00075 0 0.0004166666667
687 0.00075 0 0.0004583333333
688 0.00075 0 0.0005
689 0.00075 0 0.0005416666667
690 0.00075 0 0.0005833333333
691 0.00075 0 0.000625
692 0.00075 0 0.0006666666667
693 0.00075 0 0.0007083333333
694 0.00075 0 0.00075
695 0.00075 0 0.0007916666667
696 0.00075 0 0.0008333333333
697 0.00075 0 0.000875
698 0.00075 0 0.0009166666667
699 0.00075 0 0.0009583333333
700 0.00075 0 0.001
701 0.00075 0.000125 0
702 0.00075 0.000125 4.166666667e-05
703 0.00075 0.000125 8.333333333e-05
704 0.00075 0.000125 0.000125
705 0.00075 0.000125 0.0001666666667
706 0.00075 0.000125 0.0002083333333
707 0.00075 0.000125 0.00025
708 0.00075 0.000125 0.0002916666667
709 0.00075 0.000125 0.0003333333333
710 0.00075 0.000125 0.000375
711 0.00075 0.000125 0.0004166666667
712 0.00075 0.000125 0.0004583333333
713 0.00075 0.000125 0.0005
714 0.00075 0.000125 0.0005416666667
715 0.00075 0.000125 0.0005833333333
716 0.00075 0.000125 0.000625
717 0.00075 0.000125 0.0006666666667
718 0.00075 0.000125 0.0007083333333
719 0.00075 0.000125 0.00075
720 0.00075 0.000125 0.0007916666667
721 0.00075 0.000125 0.0008333333333
722 0.00075 0.000125 0.000875
723 0.00075 0.000125 0.0009166666667
724 0.00075 0.000125 0.0009583333333
725 0.00075 0.000125 0.001
726 0.00075 0.00025 0
727 0.00075 0.00025 4.166666667e-05
728 0.00075 0.00025 8.333333333e-05
729 0.00075 0.00025 0.000125
730 0.00075 0.00025 0.0001666666667
731 0.00075 0.00025 0.0002083333333
732 0.00075 0.00025 0.00025
733 0.00075 0.00025 0.0002916666667
734 0.00075 0.00025 0.0003333333333
735 0.00075 0.00025 0.000375
736 0.00075 0.00025 0.0004166666667
737 0.00075 0.00025 0.0004583333333
738 0.00075 0.00025 0.0005
739 0.00075 0.00025 0.0005416666667
740 0.00075 0.00025 0.0005833333333
741 0.00075 0.00025 0.000625
742 0.00075 0.00025 0.0006666666667
743 0.00075 0.00025 0.0007083333333
744 0.00075 0.00025 0.00075
745 0.00075 0.00025 0.0007916666667
746 0.00075 0.00025 0.0008333333333
747 0.00075 0.00025 0.000875
748 0.00075 0.00025 0.0009166666667
749 0.00075 0.00025 0.0009583333333
750 0.00075 0.00025 0.001
751 0.0008333333333 0 0
752 0.0008333333333 0 4.166666667e-05
753 0.0008333333333 0 8.333333333e-05
754 0.0008333333333 0 0.000125
755 0.0008333333333 0 0.0001666666667
756 0.0008333333333 0 0.0002083333333
757 0.0008333333333 0 0.00025
758 0.0008333333333 0 0.0002916666667
759 0.0008333333333 0 0.0003333333333
760 0.0008333333333 0 0.000375
761 0.0008333333333 0 0.0004166666667
762 0.0008333333333 0 0.0004583333333
763 0.0008333333333 0 0.0005
764 0.0008333333333 0 0.0005416666667
765 0.0008333333333 0 0.0005833333333
766 0.0008333333333 0 0.000625
767 0.0008333333333 0 0.0006666666667
768 0.0008333333333 0 0.0007083333333
769 0.0008333333333 0 0.00075
770 0.0008333333333 0 0.0007916666667
771 0.0008333333333 0 0.0008333333333
772 0.0008333333333 0 0.000875
773 0.0008333333333 0 0.0009166666667
774 0.0008333333333 0 0.0009583333333
775 0.0008333333333 0 0.001
776 0.0008333333333 0.000125 0
777 0.0008333333333 0.000125 4.166666667e-05
778 0.0008333333333 0.000125 8.333333333e-05
779 0.0008333333333 0.000125 0.000125
780 0.0008333333333 0.000125 0.0001666666667
781 0.0008333333333 0.000125 0.0002083333333
782 0.0008333333333 0.000125 0.00025
783 0.0008333333333 0.000125 0.0002916666667
784 0.0008333333333 0.000125 0.0003333333333
785 0.0008333333333 0.000125 0.000375
786 0.0008333333333 0.000125 0.0004166666667
787 0.0008333333333 0.000125 0.0004583333333
788 0.0008333333333 0.000125 0.0005
789 0.0008333333333 0.000125 0.0005416666667
790 0.0008333333333 0.000125 0.0005833333333
791 0.0008333333333 0.000125 0.000625
792 0.0008333333333 0.000125 0.0006666666667
793 0.0008333333333 0.000125 0.0007083333333
794 0.0008333333333 0.000125 0.00075
795 0.0008333333333 0.000125 0.0007916666667
796 0.0008333333333 0.000125 0.0008333333333
797 0.0008333333333 0.000125 0.000875
798 0.0008333333333 0.000125 0.0009166666667
799 0.0008333333333 0.000125 0.0009583333333
800 0.0008333333333 0.000125 0.001
801 0.0008333333333 0.00025 0
802 0.0008333333333 0.00025 4.166666667e-05
803 0.0008333333333 0.00025 8.333333333e-05
804 0.0008333333333 0.00025 0.000125
805 0.0008333333333 0.00025 0.0001666666667
806 0.0008333333333 0.00025 0.0002083333333
807 0.0008333333333 0.00025 0.00025
808 0.0008333333333 0.00025 0.0002916666667
809 0.0008333333333 0.00025 0.0003333333333
810 0.0008333333333 0.00025 0.000375
811 0.0008333333333 0.00025 0.0004166666667
812 0.0008333333333 0.00025 0.0004583333333
813 0.0008333333333 0.00025 0.0005
814 0.0008333333333 0.00025 0.0005416666667
815 0.0008333333333 0.00025 0.0005833333333
816 0.0008333333333 0.00025 0.000625
817 0.0008333333333 0.00025 0.0006666666667
818 0.0008333333333 0.00025 0.0007083333333
819 0.0008333333333 0.00025 0.00075
820 0.0008333333333 0.00025 0.0007916666667
821 0.0008333333333 0.00025 0.0008333333333
822 0.0008333333333 0.00025 0.000875
823 0.0008333333333 0.00025 0.0009166666667
824 0.0008333333333 0.00025 0.0009583333333
825 0.0008333333333 0.00025 0.001
826 0.0009166666667 0 0
827 0.0009166666667 0 4.166666667e-05
828 0.0009166666667 0 8.333333333e-05
829 0.0009166666667 0 0.000125
830 0.0009166666667 0 0.0001666666667
831 0.0009166666667 0 0.0002083333333
832 0.0009166666667 0 0.00025
833 0.0009166666667 0 0.0002916666667
834 0.0009166666667 0 0.0003333333333
835 0.0009166666667 0 0.000375
836 0.0009166666667 0 0.0004166666667
837 0.0009166666667 0 0.0004583333333
838 0.0009166666667 0 0.0005
839 0.0009166666667 0 0.0005416666667
840 0.0009166666667 0 0.0005833333333
841 0.0009166666667 0 0.000625
842 0.0009166666667 0 0.0006666666667
843 0.0009166666667 0 0.0007083333333
844 0.0009166666667 0 0.00075
845 0.0009166666667 0 0.0007916666667
846 0.0009166666667 0 0.0008333333333
847 0.0009166666667 0 0.000875
848 0.0009166666667 0 0.0009166666667
849 0.0009166666667 0 0.0009583333333
850 0.0009166666667 0 0.001
851 0.0009166666667 0.000125 0
852 0.0009166666667 0.000125 4.166666667e-05
853 0.0009166666667 0.000125 8.333333333e-05
854 0.0009166666667 0.000125 0.000125
855 0.0009166666667 0.000125 0.0001666666667
856 0.0009166666667 0.000125 0.0002083333333
857 0.0009166666667 0.000125 0.00025
858 0.0009166666667 0.000125 0.0002916666667
859 0.0009166666667 0.000125 0.0003333333333
860 0.0009166666667 0.000125 0.000375
861 0.0009166666667 0.000125 0.0004166666667
862 0.0009166666667 0.000125 0.0004583333333
863 0.0009166666667 0.000125 0.0005
864 0.0009166666667 0.000125 0.0005416666667
865 0.0009166666667 0.000125 0.0005833333333
866 0.0009166666667 0.000125 0.000625
867 0.0009166666667 0.000125 0.0006666666667
868 0.0009166666667 0.000125 0.0007083333333
869 0.0009166666667 0.000125 0.00075
870 0.0009166666667 0.000125 0.0007916666667
871 0.0009166666667 0.000125 0.0008333333333
872 0.0009166666667 0.000125 0.000875
873 0.0009166666667 0.000125 0.0009166666667
874 0.0009166666667 0.000125 0.0009583333333
875 0.0009166666667 0.000125 0.001
876 0.0009166666667 0.00025 0
877 0.0009166666667 0.00025 4.166666667e-05
878 0.0009166666667 0.00025 8.333333333e-05
879 0.0009166666667 0.00025 0.000125
880 0.0009166666667 0.00025 0.0001666666667
881 0.0009166666667 0.00025 0.0002083333333
882 0.0009166666667 0.00025 0.00025
883 0.0009166666667 0.00025 0.0002916666667
884 0.0009166666667 0.00025 0.0003333333333
885 0.0009166666667 0.00025 0.000375
886 0.0009166666667 0.00025 0.0004166666667
887 0.0009166666667 0.00025 0.0004583333333
888 0.0009166666667 0.00025 0.0005
889 0.0009166666667 0.00025 0.0005416666667
890 0.0009166666667 0.00025 0.0005833333333
891 0.0009166666667 0.00025 0.000625
892 0.0009166666667 0.00025 0.0006666666667
893 0.0009166666667 0.00025 0.0007083333333
894 0.0009166666667 0.00025 0.00075
895 0.0009166666667 0.00025 0.0007916666667
896 0.0009166666667 0.00025 0.0008333333333
897 0.0009166666667 0.00025 0.000875
898 0.0009166666667 0.00025 0.0009166666667
899 0.0009166666667 0.00025 0.0009583333333
900 0.0009166666667 0.00025 0.001
901 0.001 0 0
902 0.001 0 4.166666667e-05
903 0.001 0 8.333333333e-05
904 0.001 0 0.000125
905 0.001 0 0.0001666666667
906 0.001 0 0.0002083333333
907 0.001 0 0.00025
908 0.001 0 0.0002916666667
909 0.001 0 0.0003333333333
910 0.001 0 0.000375
911 0.001 0 0.0004166666667
912 0.001 0 0.0004583333333
913 0.001 0 0.0005
914 0.001 0 0.0005416666667
915 0.001 0 0.0005833333333
916 0.001 0 0.000625
917 0.001 0 0.0006666666667
918 0.001 0 0.0007083333333
919 0.001 0 0.00075
920 0.001 0 0.0007916666667
921 0.001 0 0.0008333333333
922 0.001 0 0.000875
923 0.001 0 0.0009166666667
924 0.001 0 0.0009583333333
925 0.001 0 0.001
926 0.001 0.000125 0
927 0.001 0.000125 4.166666667e-05
928 0.001 0.000125 8.333333333e-05
929 0.001 0.000125 0.000125
930 0.001 0.000125 0.0001666666667
931 0.001 0.000125 0.0002083333333
932 0.001 0.000125 0.00025
933 0.001 0.000125 0.0002916666667
934 0.001 0.000125 0.0003333333333
935 0.001 0.000125 0.000375
936 0.001 0.000125 0.0004166666667
937 0.001 0.000125 0.0004583333333
938 0.001 0.000125 0.0005
939 0.001 0.000125 0.0005416666667
940 0.001 0.000125 0.0005833333333
941 0.001 0.000125 0.000625
942 0.001 0.000125 0.0006666666667
943 0.001 0.000125 0.0007083333333
944 0.001 0.000125 0.00075
945 0.001 0.000125 0.0007916666667
946 0.001 0.000125 0.0008333333333
947 0.001 0.000125 0.000875
948 0.001 0.000125 0.0009166666667
949 0.001 0.000125 0.0009583333333
950 0.001 0.000125 0.001
951 0.001 0.00025 0
952 0.001 0.00025 4.166666667e-05
953 0.001 0.00025 8.333333333e-05
954 0.001 0.00025 0.000125
955 0.001 0.00025 0.0001666666667
956 0.001 0.00025 0.0002083333333
957 0.001 0.00025 0.00025
958 0.001 0.00025 0.0002916666667
959 0.001 0.00025 0.0003333333333
960 0.001 0.00025 0.000375
961 0.001 0.00025 0.0004166666667
962 0.001 0.00025 0.0004583333333
963 0.001 0.00025 0.0005
964 0.001 0.00025 0.0005416666667
965 0.001 0.00025 0.0005833333333
966 0.001 0.00025 0.000625
967 0.001 0.00025 0.0006666666667
968 0.001 0.00025 0.0007083333333
969 0.001 0.00025 0.00075
970 0.001 0.00025 0.0007916666667
971 0.001 0.00025 0.0008333333333
972 0.001 0.00025 0.000875
973 0.001 0.00025 0.0009166666667
974 0.001 0.00025 0.0009583333333
975 0.001 0.00025 0.001
976 0.001083333333 0 0
977 0.001083333333 0 4.166666667e-05
978 0.001083333333 0 8.333333333e-05
979 0.001083333333 0 0.000125
980 0.001083333333 0 0.0001666666667
981 0.001083333333 0 0.0002083333333
982 0.001083333333 0 0.00025
983 0.001083333333 0 0.0002916666667
984 0.001083333333 0 0.0003333333333
985 0.001083333333 0 0.000375
986 0.001083333333 0 0.0004166666667
987 0.001083333333 0 0.0004583333333
988 0.001083333333 0 0.0005
989 0.001083333333 0 0.0005416666667
990 0.001083333333 0 0.0005833333333
991 0.001083333333 0 0.000625
992 0.001083333333 0 0.0006666666667
993 0.001083333333 0 0.0007083333333
994 0.001083333333 0 0.00075
995 0.001083333333 0 0.0007916666667
996 0.001083333333 0 0.0008333333333
997 0.001083333333 0 0.000875
998 0.001083333333 0 0.0009166666667
999 0.001083333333 0 0.0009583333333
1000 0.001083333333 0 0.001
1001 0.001083333333 0.000125 0
1002 0.001083333333 0.000125 4.166666667e-05
1003 0.001083333333 0.000125 8.333333333e-05
1004 0.001083333333 0.000125 0.000125
1005 0.001083333333 0.000125 0.0001666666667
1006 0.001083333333 0.000125 0.0002083333333
1007 0.001083333333 0.000125 0.00025
1008 0.001083333333 0.000125 0.0002916666667
1009 0.001083333333 0.000125 0.0003333333333
1010 0.001083333333 0.000125 0.000375
1011 0.001083333333 0.000125 0.0004166666667
1012 0.001083333333 0.000125 0.0004583333333
1013 0.001083333333 0.000125 0.0005
1014 0.001083333333 0.000125 0.0005416666667
1015 0.001083333333 0.000125 0.0005833333333
1016 0.001083333333 0.000125 0.000625
1017 0.001083333333 0.000125 0.0006666666667
1018 0.001083333333 0.000125 0.0007083333333
1019 0.001083333333 0.000125 0.00075
1020 0.001083333333 0.000125 0.0007916666667
1021 0.001083333333 0.000125 0.0008333333333
1022 0.001083333333 0.000125 0.000875
1023 0.001083333333 0.000125 0.0009166666667
1024 0.001083333333 0.000125 0.0009583333333
1025 0.001083333333 0.000125 0.001
1026 0.001083333333 0.00025 0
1027 0.001083333333 0.00025 4.166666667e-05
1028 0.001083333333 0.00025 8.333333333e-05
1029 0.001083333333 0.00025 0.000125
1030 0.001083333333 0.00025 0.0001666666667
1031 0.001083333333 0.00025 0.0002083333333
1032 0.001083333333 0.00025 0.00025
1033 0.001083333333 0.00025 0.0002916666667
1034 0.001083333333 0.00025 0.0003333333333
1035 0.001083333333 0.00025 0.000375
1036 0.001083333333 0.00025 0.0004166666667
1037 0.001083333333 0.00025 0.0004583333333
1038 0.001083333333 0.00025 0.0005
1039 0.001083333333 0.00025 0.0005416666667
1040 0.001083333333 0.00025 0.0005833333333
1041 0.001083333333 0.00025 0.000625
1042 0.001083333333 0.00025 0.0006666666667
1043 0.001083333333 0.00025 0.0007083333333
1044 0.001083333333 0.00025 0.00075
1045 0.001083333333 0.00025 0.0007916666667
1046 0.001083333333 0.00025 0.0008333333333
1047 0.001083333333 0.00025 0.000875
1048 0.001083333333 0.00025 0.0009166666667
1049 0.001083333333 0.00025 0.0009583333333
1050 0.001083333333 0.00025 0.001
1051 0.001166666667 0 0
1052 0.001166666667 0 4.166666667e-05
1053 0.001166666667 0 8.333333333e-05
1054 0.001166666667 0 0.000125
1055 0.001166666667 0 0.0001666666667
1056 0.001166666667 0 0.0002083333333
1057 0.001166666667 0 0.00025
1058 0.001166666667 0 0.0002916666667
1059 0.001166666667 0 0.0003333333333
1060 0.001166666667 0 0.000375
1061 0.001166666667 0 0.0004166666667
1062 0.001166666667 0 0.0004583333333
1063 0.001166666667 0 0.0005
1064 0.001166666667 0 0.0005416666667
1065 0.001166666667 0 0.0005833333333
1066 0.001166666667 0 0.000625
1067 0.001166666667 0 0.0006666666667
1068 0.001166666667 0 0.0007083333333
1069 0.001166666667 0 0.00075
1070 0.001166666667 0 0.0007916666667
1071 0.001166666667 0 0.0008333333333
1072 0.001166666667 0 0.000875
1073 0.001166666667 0 0.0009166666667
1074 0.001166666667 0 0.0009583333333
1075 0.001166666667 0 0.001
1076 0.001166666667 0.000125 0
1077 0.001166666667 0.000125 4.166666667e-05
1078 0.001166666667 0.000125 8.333333333e-05
1079 0.001166666667 0.000125 0.000125
1080 0.001166666667 0.000125 0.0001666666667
1081 0.001166666667 0.000125 0.0002083333333
1082 0.001166666667 0.000125 0.00025
1083 0.001166666667 0.000125 0.0002916666667
1084 0.001166666667 0.000125 0.0003333333333
1085 0.001166666667 0.000125 0.000375
1086 0.001166666667 0.000125 0.0004166666667
1087 0.001166666667 0.000125 0.0004583333333
1088 0.001166666667 0.000125 0.0005
1089 0.001166666667 0.000125 0.0005416666667
1090 0.001166666667 0.000125 0.0005833333333
1091 0.001166666667 0.000125 0.000625
1092 0.001166666667 0.000125 0.0006666666667
1093 0.001166666667 0.000125 0.0007083333333
1094 0.001166666667 0.000125 0.00075
1095 0.001166666667 0.000125 0.0007916666667
1096 0.001166666667 0.000125 0.0008333333333
1097 0.001166666667 0.000125 0.000875
1098 0.001166666667 0.000125 0.0009166666667
1099 0.001166666667 0.000125 0.0009583333333
1100 0.001166666667 0.000125 0.001
1101 0.001166666667 0.00025 0
1102 0.001166666667 0.00025 4.166666667e-05
1103 0.001166666667 0.00025 8.333333333e-05
1104 0.001166666667 0.00025 0.000125
1105 0.001166666667 0.00025 0.0001666666667
1106 0.001166666667 0.00025 0.0002083333333
1107 0.001166666667 0.00025 0.00025
1108 0.001166666667 0.00025 0.0002916666667
1109 0.001166666667 0.00025 0.0003333333333
1110 0.001166666667 0.00025 0.000375
1111 0.001166666667 0.00025 0.0004166666667
1112 0.001166666667 0.00025 0.0004583333333
1113 0.001166666667 0.00025 0.0005
1114 0.001166666667 0.00025 0.0005416666667
1115 0.001166666667 0.00025 0.0005833333333
1116 0.001166666667 0.00025 0.000625
1117 0.001166666667 0.00025 0.0006666666667
1118 0.001166666667 0.00025 0.0007083333333
1119 0.001166666667 0.00025 0.00075
1120 0.001166666667 0.00025 0.0007916666667
1121 0.001166666667 0.00025 0.0008333333333
1122 0.001166666667 0.00025 0.000875
1123 0.001166666667 0.00025 0.0009166666667
1124 0.001166666667 0.00025 0.0009583333333
1125 0.001166666667 0.00025 0.001
1126 0.00125 0 0
1127 0.00125 0 4.166666667e-05
1128 0.00125 0 8.333333333e-05
1129 0.00125 0 0.000125
1130 0.00125 0 0.0001666666667
1131 0.00125 0 0.0002083333333
1132 0.00125 0 0.00025
1133 0.00125 0 0.0002916666667
1134 0.00125 0 0.0003333333333
1135 0.00125 0 0.000375
1136 0.00125 0 0.0004166666667
1137 0.00125 0 0.0004583333333
1138 0.00125 0 0.0005
1139 0.00125 0 0.0005416666667
1140 0.00125 0 0.0005833333333
1141 0.00125 0 0.000625
1142 0.00125 0 0.0006666666667
1143 0.00125 0 0.0007083333333
1144 0.00125 0 0.00075
1145 0.00125 0 0.0007916666667
1146 0.00125 0 0.0008333333333
1147 0.00125 0 0.000875
1148 0.00125 0 0.0009166666667
1149 0.00125 0 0.0009583333333
1150 0.00125 0 0.001
1151 0.00125 0.000125 0
1152 0.00125 0.000125 4.166666667e-05
1153 0.00125 0.000125 8.333333333e-05
1154 0.00125 0.000125 0.000125
1155 0.00125 0.000125 0.0001666666667
1156 0.00125 0.000125 0.0002083333333
1157 0.00125 0.000125 0.00025
1158 0.00125 0.000125 0.0002916666667
1159 0.00125 0.000125 0.0003333333333
1160 0.00125 0.000125 0.000375
1161 0.00125 0.000125 0.0004166666667
1162 0.00125 0.000125 0.0004583333333
1163 0.00125 0.000125 0.0005
1164 0.00125 0.000125 0.0005416666667
1165 0.00125 0.000125 0.0005833333333
1166 0.00125 0.000125 0.000625
1167 0.00125 0.000125 0.0006666666667
1168 0.00125 0.000125 0.0007083333333
1169 0.00125 0.000125 0.00075
1170 0.00125 0.000125 0.0007916666667
1171 0.00125 0.000125 0.0008333333333
1172 0.00125 0.000125 0.000875
1173 0.00125 0.000125 0.0009166666667
1174 0.00125 0.000125 0.0009583333333
1175 0.00125 0.000125 0.001
1176 0.00125 0.00025 0
1177 0.00125 0.00025 4.166666667e-05
1178 0.00125 0.00025 8.333333333e-05
1179 0.00125 0.00025 0.000125
1180 0.00125 0.00025 0.0001666666667
1181 0.00125 0.00025 0.0002083333333
1182 0.00125 0.00025 0.00025
1183 0.00125 0.00025 0.0002916666667
1184 0.00125 0.00025 0.0003333333333
1185 0.00125 0.00025 0.000375
1186 0.00125 0.00025 0.0004166666667
1187 0.00125 0.00025 0.0004583333333
1188 0.00125 0.00025 0.0005
1189 0.00125 0.00025 0.0005416666667
1190 0.00125 0.00025 0.0005833333333
1191 0.00125 0.00025 0.000625
1192 0.00125 0.00025 0.0006666666667
1193 0.00125 0.00025 0.0007083333333
1194 0.00125 0.00025 0.00075
1195 0.00125 0.00025 0.0007916666667
1196 0.00125 0.00025 0.0008333333333
1197 0.00125 0.00025 0.000875
1198 0.00125 0.00025 0.0009166666667
1199 0.00125 0.00025 0.0009583333333
1200 0.00125 0.00025 0.001
1201 0.001333333333 0 0
1202 0.001333333333 0 4.166666667e-05
1203 0.001333333333 0 8.333333333e-05
1204 0.001333333333 0 0.000125
1205 0.001333333333 0 0.0001666666667
1206 0.001333333333 0 0.0002083333333
1207 0.001333333333 0 0.00025
1208 0.001333333333 0 0.0002916666667
1209 0.001333333333 0 0.0003333333333
1210 0.001333333333 0 0.000375
1211 0.001333333333 0 0.0004166666667
1212 0.001333333333 0 0.0004583333333
1213 0.001333333333 0 0.0005
1214 0.001333333333 0 0.0005416666667
1215 0.001333333333 0 0.0005833333333
1216 0.001333333333 0 0.000625
1217 0.001333333333 0 0.0006666666667
1218 0.001333333333 0 0.0007083333333
1219 0.001333333333 0 0.00075
1220 0.001333333333 0 0.0007916666667
1221 0.001333333333 0 0.0008333333333
1222 0.001333333333 0 0.000875
1223 0.001333333333 0 0.0009166666667
1224 0.001333333333 0 0.0009583333333
1225 0.001333333333 0 0.001
1226 0.001333333333 0.000125 0
1227 0.001333333333 0.000125 4.166666667e-05
1228 0.001333333333 0.000125 8.333333333e-05
1229 0.001333333333 0.000125 0.000125
1230 0.001333333333 0.000125 0.0001666666667
1231 0.001333333333 0.000125 0.0002083333333
1232 0.001333333333 0.000125 0.00025
1233 0.001333333333 0.000125 0.0002916666667
1234 0.001333333333 0.000125 0.0003333333333
1235 0.001333333333 0.000125 0.000375
1236 0.001333333333 0.000125 0.0004166666667
1237 0.001333333333 0.000125 0.0004583333333
1238 0.001333333333 0.000125 0.0005
1239 0.001333333333 0.000125 0.0005416666667
1240 0.001333333333 0.000125 0.0005833333333
1241 0.001333333333 0.000125 0.000625
1242 0.001333333333 0.000125 0.0006666666667
1243 0.001333333333 0.000125 0.0007083333333
1244 0.001333333333 0.000125 0.00075
1245 0.001333333333 0.000125 0.0007916666667
1246 0.001333333333 0.000125 0.0008333333333
1247 0.001333333333 0.000125 0.000875
1248 0.001333333333 0.000125 0.0009166666667
1249 0.001333333333 0.000125 0.0009583333333
1250 0.001333333333 0.000125 0.001
1251 0.001333333333 0.00025 0
1252 0.001333333333 0.00025 4.166666667e-05
1253 0.001333333333 0.00025 8.333333333e-05
1254 0.001333333333 0.00025 0.000125
1255 0.001333333333 0.00025 0.0001666666667
1256 0.001333333333 0.00025 0.0002083333333
1257 0.001333333333 0.00025 0.00025
1258 0.001333333333 0.00025 0.0002916666667
1259 0.001333333333 0.00025 0.0003333333333
1260 0.001333333333 0.00025 0.000375
1261 0.001333333333 0.00025 0.0004166666667
1262 0.001333333333 0.00025 0.0004583333333
1263 0.001333333333 0.00025 0.0005
1264 0.001333333333 0.00025 0.0005416666667
1265 0.001333333333 0.00025 0.0005833333333
1266 0.001333333333 0.00025 0.000625
1267 0.001333333333 0.00025 0.0006666666667
1268 0.001333333333 0.00025 0.0007083333333
1269 0.001333333333 0.00025 0.00075
1270 0.001333333333 0.00025 0.0007916666667
1271 0.001333333333 0.00025 0.0008333333333
1272 0.001333333333 0.00025 0.000875
1273 0.001333333333 0.00025 0.0009166666667
1274 0.001333333333 0.00025 0.0009583333333
1275 0.001333333333 0.00025 0.001
1276 0.001416666667 0 0
1277 0.001416666667 0 4.166666667e-05
1278 0.001416666667 0 8.333333333e-05
1279 0.001416666667 0 0.000125
1280 0.001416666667 0 0.0001666666667
1281 0.001416666667 0 0.0002083333333
1282 0.001416666667 0 0.00025
1283 0.001416666667 0 0.0002916666667
1284 0.001416666667 0 0.0003333333333
1285 0.001416666667 0 0.000375
1286 0.001416666667 0 0.0004166666667
1287 0.001416666667 0 0.0004583333333
1288 0.001416666667 0 0.0005
1289 0.001416666667 0 0.0005416666667
1290 0.001416666667 0 0.0005833333333
1291 0.001416666667 0 0.000625
1292 0.001416666667 0 0.0006666666667
1293 0.001416666667 0 0.0007083333333
1294 0.001416666667 0 0.00075
1295 0.001416666667 0 0.0007916666667
1296 0.001416666667 0 0.0008333333333
1297 0.001416666667 0 0.000875
1298 0.001416666667 0 0.0009166666667
1299 0.001416666667 0 0.0009583333333
1300 0.001416666667 0 0.001
1301 0.001416666667 0.000125 0
1302 0.001416666667 0.000125 4.166666667e-05
1303 0.001416666667 0.000125 8.333333333e-05
1304 0.001416666667 0.000125 0.000125
1305 0.001416666667 0.000125 0.0001666666667
1306 0.001416666667 0.000125 0.0002083333333
1307 0.001416666667 0.000125 0.00025
1308 0.001416666667 0.000125 0.0002916666667
1309 0.001416666667 0.000125 0.0003333333333
1310 0.001416666667 0.000125 0.000375
1311 0.001416666667 0.000125 0.0004166666667
1312 0.001416666667 0.000125 0.0004583333333
1313 0.001416666667 0.000125 0.0005
1314 0.001416666667 0.000125 0.0005416666667
1315 0.001416666667 0.000125 0.0005833333333
1316 0.001416666667 0.000125 0.000625
1317 0.001416666667 0.000125 0.0006666666667
1318 0.001416666667 0.000125 0.0007083333333
1319 0.001416666667 0.000125 0.00075
1320 0.001416666667 0.000125 0.0007916666667
1321 0.001416666667 0.000125 0.0008333333333
1322 0.001416666667 0.000125 0.000875
1323 0.001416666667 0.000125 0.0009166666667
1324 0.001416666667 0.000125 0.0009583333333
1325 0.001416666667 0.000125 0.001
1326 0.001416666667 0.00025 0
1327 0.001416666667 0.00025 4.166666667e-05
1328 0.001416666667 0.00025 8.333333333e-05
1329 0.001416666667 0.00025 0.000125
1330 0.001416666667 0.00025 0.0001666666667
1331 0.001416666667 0.00025 0.0002083333333
1332 0.001416666667 0.00025 0.00025
1333 0.001416666667 0.00025 0.0002916666667
1334 0.001416666667 0.00025 0.0003333333333
1335 0.001416666667 0.00025 0.000375
1336 0.001416666667 0.00025 0.0004166666667
1337 0.001416666667 0.00025 0.0004583333333
1338 0.001416666667 0.00025 0.0005
1339 0.001416666667 0.00025 0.0005416666667
1340 0.001416666667 0.00025 0.0005833333333
1341 0.001416666667 0.00025 0.000625
1342 0.001416666667 0.00025 0.0006666666667
1343 0.001416666667 0.00025 0.0007083333333
1344 0.001416666667 0.00025 0.00075
1345 0.001416666667 0.00025 0.0007916666667
1346 0.001416666667 0.00025 0.0008333333333
1347 0.001416666667 0.00025 0.000875
1348 0.001416666667 0.00025 0.0009166666667
1349 0.001416666667 0.00025 0.0009583333333
1350 0.001416666667 0.00025 0.001
1351 0.0015 0 0
1352 0.0015 0 4.166666667e-05
1353 0.0015 0 8.333333333e-05
1354 0.0015 0 0.000125
1355 0.0015 0 0.0001666666667
1356 0.0015 0 0.0002083333333
1357 0.0015 0 0.00025
1358 0.0015 0 0.0002916666667
1359 0.0015 0 0.0003333333333
1360 0.0015 0 0.000375
1361 0.0015 0 0.0004166666667
1362 0.0015 0 0.0004583333333
1363 0.0015 0 0.0005
1364 0.0015 0 0.0005416666667
1365 0.0015 0 0.0005833333333
1366 0.0015 0 0.000625
1367 0.0015 0 0.0006666666667
1368 0.0015 0 0.0007083333333
1369 0.0015 0 0.00075
1370 0.0015 0 0.0007916666667
1371 0.0015 0 0.0008333333333
1372 0.0015 0 0.000875
1373 0.0015 0 0.0009166666667
1374 0.0015 0 0.0009583333333
1375 0.0015 0 0.001
1376 0.0015 0.000125 0
1377 0.0015 0.000125 4.166666667e-05
1378 0.0015 0.000125 8.333333333e-05
1379 0.0015 0.000125 0.000125
1380 0.0015 0.000125 0.0001666666667
1381 0.0015 0.000125 0.0002083333333
1382 0.0015 0.000125 0.00025
1383 0.0015 0.000125 0.0002916666667
1384 0.0015 0.000125 0.0003333333333
1385 0.0015 0.000125 0.000375
1386 0.0015 0.000125 0.0004166666667
1387 0.0015 0.000125 0.0004583333333
1388 0.0015 0.000125 0.0005
1389 0.0015 0.000125 0.0005416666667
1390 0.0015 0.000125 0.0005833333333
1391 0.0015 0.000125 0.000625
1392 0.0015 0.000125 0.0006666666667
1393 0.0015 0.000125 0.0007083333333
1394 0.0015 0.000125 0.00075
1395 0.0015 0.000125 0.0007916666667
1396 0.0015 0.000125 0.0008333333333
1397 0.0015 0.000125 0.000875
1398 0.0015 0.000125 0.0009166666667
1399 0.0015 0.000125 0.0009583333333
1400 0.0015 0.000125 0.001
1401 0.0015 0.00025 0
1402 0.0015 0.00025 4.166666667e-05
1403 0.0015 0.00025 8.333333333e-05
1404 0.0015 0.00025 0.000125
1405 0.0015 0.00025 0.0001666666667
1406 0.0015 0.00025 0.0002083333333
1407 0.0015 0.00025 0.00025
1408 0.0015 0.00025 0.0002916666667
1409 0.0015 0.00025 0.0003333333333
1410 0.0015 0.00025 0.000375
1411 0.0015 0.00025 0.0004166666667
1412 0.0015 0.00025 0.0004583333333
1413 0.0015 0.00025 0.0005
1414 0.0015 0.00025 0.0005416666667
1415 0.0015 0.00025 0.0005833333333
1416 0.0015 0.00025 0.000625
1417 0.0015 0.00025 0.0006666666667
1418 0.0015 0.00025 0.0007083333333
1419 0.0015 0.00025 0.00075
1420 0.0015 0.00025 0.0007916666667
1421 0.0015 0.00025 0.0008333333333
1422 0.0015 0.00025 0.000875
1423 0.0015 0.00025 0.0009166666667
1424 0.0015 0.00025 0.0009583333333
1425 0.0015 0.00025 0.001
1426 0.001583333333 0 0
1427 0.001583333333 0 4.166666667e-05
1428 0.001583333333 0 8.333333333e-05
1429 0.001583333333 0 0.000125
1430 0.001583333333 0 0.0001666666667
1431 0.001583333333 0 0.0002083333333
1432 0.001583333333 0 0.00025
1433 0.001583333333 0 0.0002916666667
1434 0.001583333333 0 0.0003333333333
1435 0.001583333333 0 0.000375
1436 0.001583333333 0 0.0004166666667
1437 0.001583333333 0 0.0004583333333
1438 0.001583333333 0 0.0005
1439 0.001583333333 0 0.0005416666667
1440 0.001583333333 0 0.0005833333333
1441 0.001583333333 0 0.000625
1442 0.001583333333 0 0.0006666666667
1443 0.001583333333 0 0.0007083333333
1444 0.001583333333 0 0.00075
1445 0.001583333333 0 0.0007916666667
1446 0.001583333333 0 0.0008333333333
1447 0.001583333333 0 0.000875
1448 0.001583333333 0 0.0009166666667
1449 0.001583333333 0 0.0009583333333
1450 0.001583333333 0 0.001
1451 0.001583333333 0.000125 0
1452 0.001583333333 0.000125 4.166666667e-05
1453 0.001583333333 0.000125 8.333333333e-05
1454 0.001583333333 0.000125 0.000125
1455 0.001583333333 0.000125 0.0001666666667
1456 0.001583333333 0.000125 0.0002083333333
1457 0.001583333333 0.000125 0.00025
1458 0.001583333333 0.000125 0.0002916666667
1459 0.001583333333 0.000125 0.0003333333333
1460 0.001583333333 0.000125 0.000375
1461 0.001583333333 0.000125 0.0004166666667
1462 0.001583333333 0.000125 0.0004583333333
1463 0.001583333333 0.000125 0.0005
1464 0.001583333333 0.000125 0.0005416666667
1465 0.001583333333 0.000125 0.0005833333333
1466 0.001583333333 0.000125 0.000625
1467 0.001583333333 0.000125 0.0006666666667
1468 0.001583333333 0.000125 0.0007083333333
1469 0.001583333333 0.000125 0.00075
1470 0.001583333333 0.000125 0.0007916666667
1471 0.001583333333 0.000125 0.0008333333333
1472 0.001583333333 0.000125 0.000875
1473 0.001583333333 0.000125 0.0009166666667
1474 0.001583333333 0.000125 0.0009583333333
1475 0.001583333333 0.000125 0.001
1476 0.001583333333 0.00025 0
1477 0.001583333333 0.00025 4.166666667e-05
1478 0.001583333333 0.00025 8.333333333e-05
1479 0.001583333333 0.00025 0.000125
1480 0.001583333333 0.00025 0.0001666666667
1481 0.001583333333 0.00025 0.0002083333333
1482 0.001583333333 0.00025 0.00025
1483 0.001583333333 0.00025 0.0002916666667
1484 0.001583333333 0.00025 0.0003333333333
1485 0.001583333333 0.00025 0.000375
1486 0.001583333333 0.00025 0.0004166666667
1487 0.001583333333 0.00025 0.0004583333333
1488 0.001583333333 0.00025 0.0005
1489 0.001583333333 0.00025 0.0005416666667
1490 0.001583333333 0.00025 0.0005833333333
1491 0.001583333333 0.00025 0.000625
1492 0.001583333333 0.00025 0.0006666666667
1493 0.001583333333 0.00025 0.0007083333333
1494 0.001583333333 0.00025 0.00075
1495 0.001583333333 0.00025 0.0007916666667
1496 0.001583333333 0.00025 0.0008333333333
1497 0.001583333333 0.00025 0.000875
1498 0.001583333333 0.00025 0.0009166666667
1499 0.001583333333 0.00025 0.0009583333333
1500 0.001583333333 0.00025 0.001
1501 0.001666666667 0 0
1502 0.001666666667 0 4.166666667e-05
1503 0.001666666667 0 8.333333333e-05
1504 0.001666666667 0 0.000125
1505 0.001666666667 0 0.0001666666667
1506 0.001666666667 0 0.0002083333333
1507 0.001666666667 0 0.00025
1508 0.001666666667 0 0.0002916666667
1509 0.001666666667 0 0.0003333333333
1510 0.001666666667 0 0.000375
1511 0.001666666667 0 0.0004166666667
1512 0.001666666667 0 0.0004583333333
1513 0.001666666667 0 0.0005
1514 0.001666666667 0 0.0005416666667
1515 0.001666666667 0 0.0005833333333
1516 0.001666666667 0 0.000625
1517 0.001666666667 0 0.0006666666667
1518 0.001666666667 0 0.0007083333333
1519 0.001666666667 0 0.00075
1520 0.001666666667 0 0.0007916666667
1521 0.001666666667 0 0.0008333333333
1522 0.001666666667 0 0.000875
1523 0.001666666667 0 0.0009166666667
1524 0.001666666667 0 0.0009583333333
1525 0.001666666667 0 0.001
1526 0.001666666667 0.000125 0
1527 0.001666666667 0.000125 4.166666667e-05
1528 0.001666666667 0.000125 8.333333333e-05
1529 0.001666666667 0.000125 0.000125
1530 0.001666666667 0.000125 0.0001666666667
1531 0.001666666667 0.000125 0.0002083333333
1532 0.001666666667 0.000125 0.00025
1533 0.001666666667 0.000125 0.0002916666667
1534 0.001666666667 0.000125 0.0003333333333
1535 0.001666666667 0.000125 0.000375
1536 0.001666666667 0.000125 0.0004166666667
1537 0.001666666667 0.000125 0.0004583333333
1538 0.001666666667 0.000125 0.0005
1539 0.001666666667 0.000125 0.0005416666667
1540 0.001666666667 0.000125 0.0005833333333
1541 0.001666666667 0.000125 0.000625
1542 0.001666666667 0.000125 0.0006666666667
1543 0.001666666667 0.000125 0.0007083333333
1544 0.001666666667 0.000125 0.00075
1545 0.001666666667 0.000125 0.0007916666667
1546 0.001666666667 0.000125 0.0008333333333
1547 0.001666666667 0.000125 0.000875
1548 0.001666666667 0.000125 0.0009166666667
1549 0.001666666667 0.000125 0.0009583333333
1550 0.001666666667 0.000125 0.001
1551 0.001666666667 0.00025 0
1552 0.001666666667 0.00025 4.166666667e-05
1553 0.001666666667 0.00025 8.333333333e-05
1554 0.001666666667 0.00025 0.000125
1555 0.001666666667 0.00025 0.0001666666667
1556 0.001666666667 0.00025 0.0002083333333
1557 0.001666666667 0.00025 0.00025
1558 0.001666666667 0.00025 0.0002916666667
1559 0.001666666667 0.00025 0.0003333333333
1560 0.001666666667 0.00025 0.000375
1561 0.001666666667 0.00025 0.0004166666667
1562 0.001666666667 0.00025 0.0004583333333
1563 0.001666666667 0.00025 0.0005
1564 0.001666666667 0.00025 0.0005416666667
1565 0.001666666667 0.00025 0.0005833333333
1566 0.001666666667 0.00025 0.000625
1567 0.001666666667 0.00025 0.0006666666667
1568 0.001666666667 0.00025 0.0007083333333
1569 0.001666666667 0.00025 0.00075
1570 0.001666666667 0.00025 0.0007916666667
1571 0.001666666667 0.00025 0.0008333333333
1572 0.001666666667 0.00025 0.000875
1573 0.001666666667 0.00025 0.0009166666667
1574 0.001666666667 0.00025 0.0009583333333
1575 0.001666666667 0.00025 0.001
1576 0.00175 0 0
1577 0.00175 0 4.166666667e-05
1578 0.00175 0 8.333333333e-05
1579 0.00175 0 0.000125
1580 0.00175 0 0.0001666666667
1581 0.00175 0 0.0002083333333
1582 0.00175 0 0.00025
1583 0.00175 0 0.0002916666667
1584 0.00175 0 0.0003333333333
1585 0.00175 0 0.000375
1586 0.00175 0 0.0004166666667
1587 0.00175 0 0.0004583333333
1588 0.00175 0 0.0005
1589 0.00175 0 0.0005416666667
1590 0.00175 0 0.0005833333333
1591 0.00175 0 0.000625
1592 0.00175 0 0.0006666666667
1593 0.00175 0 0.0007083333333
1594 0.00175 0 0.00075
1595 0.00175 0 0.0007916666667
1596 0.00175 0 0.0008333333333
1597 0.00175 0 0.000875
1598 0.00175 0 0.0009166666667
1599 0.00175 0 0.0009583333333
1600 0.00175 0 0.001
1601 0.00175 0.000125 0
1602 0.00175 0.000125 4.166666667e-05
1603 0.00175 0.000125 8.333333333e-05
1604 0.00175 0.000125 0.000125
1605 0.00175 0.000125 0.0001666666667
1606 0.00175 0.000125 0.0002083333333
1607 0.00175 0.000125 0.00025
1608 0.00175 0.000125 0.0002916666667
1609 0.00175 0.000125 0.0003333333333
1610 0.00175 0.000125 0.000375
1611 0.00175 0.000125 0.0004166666667
1612 0.00175 0.000125 0.0004583333333
1613 0.00175 0.000125 0.0005
1614 0.00175 0.000125 0.0005416666667
1615 0.00175 0.000125 0.0005833333333
1616 0.00175 0.000125 0.000625
1617 0.00175 0.000125 0.0006666666667
1618 0.00175 0.000125 0.0007083333333
1619 0.00175 0.000125 0.00075
1620 0.00175 0.000125 0.0007916666667
1621 0.00175 0.000125 0.0008333333333
1622 0.00175 0.000125 0.000875
1623 0.00175 0.000125 0.0009166666667
1624 0.00175 0.000125 0.0009583333333
1625 0.00175 0.000125 0.001
1626 0.00175 0.00025 0
1627 0.00175 0.00025 4.166666667e-05
1628 0.00175 0.00025 8.333333333e-05
1629 0.00175 0.00025 0.000125
1630 0.00175 0.00025 0.0001666666667
1631 0.00175 0.00025 0.0002083333333
1632 0.00175 0.00025 0.00025
1633 0.00175 0.00025 0.0002916666667
1634 0.00175 0.00025 0.0003333333333
1635 0.00175 0.00025 0.000375
1636 0.00175 0.00025 0.0004166666667
1637 0.00175 0.00025 0.0004583333333
1638 0.00175 0.00025 0.0005
1639 0.00175 0.00025 0.0005416666667
1640 0.00175 0.00025 0.0005833333333
1641 0.00175 0.00025 0.000625
1642 0.00175 0.00025 0.0006666666667
1643 0.00175 0.00025 0.0007083333333
1644 0.00175 0.00025 0.00075
1645 0.00175 0.00025 0.0007916666667
1646 0.00175 0.00025 0.0008333333333
1647 0.00175 0.00025 0.000875
1648 0.00175 0.00025 0.0009166666667
1649 0.00175 0.00025 0.0009583333333
1650 0.00175 0.00025 0.001
1651 0.001833333333 0 0
1652 0.001833333333 0 4.166666667e-05
1653 0.001833333333 0 8.333333333e-05
1654 0.001833333333 0 0.000125
1655 0.001833333333 0 0.0001666666667
1656 0.001833333333 0 0.0002083333333
1657 0.001833333333 0 0.00025
1658 0.001833333333 0 0.0002916666667
1659 0.001833333333 0 0.0003333333333
1660 0.001833333333 0 0.000375
1661 0.001833333333 0 0.0004166666667
1662 0.001833333333 0 0.0004583333333
1663 0.001833333333 0 0.0005
1664 0.001833333333 0 0.0005416666667
1665 0.001833333333 0 0.0005833333333
1666 0.001833333333 0 0.000625
1667 0.001833333333 0 0.0006666666667
1668 0.001833333333 0 0.0007083333333
1669 0.001833333333 0 0.00075
1670 0.001833333333 0 0.0007916666667
1671 0.001833333333 0 0.0008333333333
1672 0.001833333333 0 0.000875
1673 0.001833333333 0 0.0009166666667
1674 0.001833333333 0 0.0009583333333
1675 0.001833333333 0 0.001
1676 0.001833333333 0.000125 0
1677 0.001833333333 0.000125 4.166666667e-05
1678 0.001833333333 0.000125 8.333333333e-05
1679 0.001833333333 0.000125 0.000125
1680 0.001833333333 0.000125 0.0001666666667
1681 0.001833333333 0.000125 0.0002083333333
1682 0.001833333333 0.000125 0.00025
1683 0.001833333333 0.000125 0.0002916666667
1684 0.001833333333 0.000125 0.0003333333333
1685 0.001833333333 0.000125 0.000375
1686 0.001833333333 0.000125 0.0004166666667
1687 0.001833333333 0.000125 0.0004583333333
1688 0.001833333333 0.000125 0.0005
1689 0.001833333333 0.000125 0.0005416666667
1690 0.001833333333 0.000125 0.0005833333333
1691 0.001833333333 0.000125 0.000625
1692 0.001833333333 0.000125 0.0006666666667
1693 0.001833333333 0.000125 0.0007083333333
1694 0.001833333333 0.000125 0.00075
1695 0.001833333333 0.000125 0.0007916666667
1696 0.001833333333 0.000125 0.0008333333333
1697 0.001833333333 0.000125 0.000875
1698 0.001833333333 0.000125 0.0009166666667
1699 0.001833333333 0.000125 0.0009583333333
1700 0.001833333333 0.000125 0.001
1701 0.001833333333 0.00025 0
1702 0.001833333333 0.00025 4.166666667e-05
1703 0.001833333333 0.00025 8.333333333e-05
1704 0.001833333333 0.00025 0.000125
1705 0.001833333333 0.00025 0.0001666666667
1706 0.001833333333 0.00025 0.0002083333333
1707 0.001833333333 0.00025 0.00025
1708 0.001833333333 0.00025 0.0002916666667
1709 0.001833333333 0.00025 0.0003333333333
1710 0.001833333333 0.00025 0.000375
1711 0.001833333333 0.00025 0.0004166666667
1712 0.001833333333 0.00025 0.0004583333333
1713 0.001833333333 0.00025 0.0005
1714 0.001833333333 0.00025 0.0005416666667
1715 0.001833333333 0.00025 0.0005833333333
1716 0.001833333333 0.00025 0.000625
1717 0.001833333333 0.00025 0.0006666666667
1718 0.001833333333 0.00025 0.0007083333333
1719 0.001833333333 0.00025 0.00075
1720 0.001833333333 0.00025 0.0007916666667
1721 0.001833333333 0.00025 0.0008333333333
1722 0.001833333333 0.00025 0.000875
1723 0.001833333333 0.00025 0.0009166666667
1724 0.001833333333 0.00025 0.0009583333333
1725 0.001833333333 0.00025 0.001
1726 0.001916666667 0 0
1727 0.001916666667 0 4.166666667e-05
1728 0.001916666667 0 8.333333333e-05
1729 0.001916666667 0 0.000125
1730 0.001916666667 0 0.0001666666667
1731 0.001916666667 0 0.0002083333333
1732 0.001916666667 0 0.00025
1733 0.001916666667 0 0.0002916666667
1734 0.001916666667 0 0.0003333333333
1735 0.001916666667 0 0.000375
1736 0.001916666667 0 0.0004166666667
1737 0.001916666667 0 0.0004583333333
1738 0.001916666667 0 0.0005
1739 0.001916666667 0 0.0005416666667
1740 0.001916666667 0 0.0005833333333
1741 0.001916666667 0 0.000625
1742 0.001916666667 0 0.0006666666667
1743 0.001916666667 0 0.0007083333333
1744 0.001916666667 0 0.00075
1745 0.001916666667 0 0.0007916666667
1746 0.001916666667 0 0.0008333333333
1747 0.001916666667 0 0.000875
1748 0.001916666667 0 0.0009166666667
1749 0.001916666667 0 0.0009583333333
1750 0.001916666667 0 0.001
1751 0.001916666667 0.000125 0
1752 0.001916666667 0.000125 4.166666667e-05
1753 0.001916666667 0.000125 8.333333333e-05
1754 0.001916666667 0.000125 0.000125
1755 0.001916666667 0.000125 0.0001666666667
1756 0.001916666667 0.000125 0.0002083333333
1757 0.001916666667 0.000125 0.00025
1758 0.001916666667 0.000125 0.0002916666667
1759 0.001916666667 0.000125 0.0003333333333
1760 0.001916666667 0.000125 0.000375
1761 0.001916666667 0.000125 0.0004166666667
1762 0.001916666667 0.000125 0.0004583333333
1763 0.001916666667 0.000125 0.0005
1764 0.001916666667 0.000125 0.0005416666667
1765 0.001916666667 0.000125 0.0005833333333
1766 0.001916666667 0.000125 0.000625
1767 0.001916666667 0.000125 0.0006666666667
1768 0.001916666667 0.000125 0.0007083333333
1769 0.001916666667 0.000125 0.00075
1770 0.001916666667 0.000125 0.0007916666667
1771 0.001916666667 0.000125 0.0008333333333
1772 0.001916666667 0.000125 0.000875
1773 0.001916666667 0.000125 0.0009166666667
1774 0.001916666667 0.000125 0.0009583333333
1775 0.001916666667 0.000125 0.001
1776 0.001916666667 0.00025 0
1777 0.001916666667 0.00025 4.166666667e-05
1778 0.001916666667 0.00025 8.333333333e-05
1779 0.001916666667 0.00025 0.000125
1780 0.001916666667 0.00025 0.0001666666667
1781 0.001916666667 0.00025 0.0002083333333
1782 0.001916666667 0.00025 0.00025
1783 0.001916666667 0.00025 0.0002916666667
1784 0.001916666667 0.00025 0.0003333333333
1785 0.001916666667 0.00025 0.000375
1786 0.001916666667 0.00025 0.0004166666667
1787 0.001916666667 0.00025 0.0004583333333
1788 0.001916666667 0.00025 0.0005
1789 0.001916666667 0.00025 0.0005416666667
1790 0.001916666667 0.00025 0.0005833333333
1791 0.001916666667 0.00025 0.000625
1792 0.001916666667 0.00025 0.0006666666667
1793 0.001916666667 0.00025 0.0007083333333
1794 0.001916666667 0.00025 0.00075
1795 0.001916666667 0.00025 0.0007916666667
1796 0.001916666667 0.00025 0.0008333333333
1797 0.001916666667 0.00025 0.000875
1798 0.001916666667 0.00025 0.0009166666667
1799 0.001916666667 0.00025 0.0009583333333
1800 0.001916666667 0.00025 0.001
1801 0.002 0 0
1802 0.002 0 4.166666667e-05
1803 0.002 0 8.333333333e-05
1804 0.002 0 0.000125
1805 0.002 0 0.0001666666667
1806 0.002 0 0.0002083333333
1807 0.002 0 0.00025
1808 0.002 0 0.0002916666667
1809 0.002 0 0.0003333333333
1810 0.002 0 0.000375
1811 0.002 0 0.0004166666667
1812 0.002 0 0.0004583333333
1813 0.002 0 0.0005
1814 0.002 0 0.0005416666667
1815 0.002 0 0.0005833333333
1816 0.002 0 0.000625
1817 0.002 0 0.0006666666667
1818 0.002 0 0.0007083333333
1819 0.002 0 0.00075
1820 0.002 0 0.0007916666667
1821 0.002 0 0.0008333333333
1822 0.002 0 0.000875
1823 0.002 0 0.0009166666667
1824 0.002 0 0.0009583333333
1825 0.002 0 0.001
1826 0.002 0.000125 0
1827 0.002 0.000125 4.166666667e-05
1828 0.002 0.000125 8.333333333e-05
1829 0.002 0.000125 0.000125
1830 0.002 0.000125 0.0001666666667
1831 0.002 0.000125 0.0002083333333
1832 0.002 0.000125 0.00025
1833 0.002 0.000125 0.0002916666667
1834 0.002 0.000125 0.0003333333333
1835 0.002 0.000125 0.000375
1836 0.002 0.000125 0.0004166666667
1837 0.002 0.000125 0.0004583333333
1838 0.002 0.000125 0.0005
1839 0.002 0.000125 0.0005416666667
1840 0.002 0.000125 0.0005833333333
1841 0.002 0.000125 0.000625
1842 0.002 0.000125 0.0006666666667
1843 0.002 0.000125 0.0007083333333
1844 0.002 0.000125 0.00075
1845 0.002 0.000125 0.0007916666667
1846 0.002 0.000125 0.0008333333333
1847 0.002 0.000125 0.000875
1848 0.002 0.000125 0.0009166666667
1849 0.002 0.000125 0.0009583333333
1850 0.002 0.000125 0.001
1851 0.002 0.00025 0
1852 0.002 0.00025 4.166666667e-05
1853 0.002 0.00025 8.333333333e-05
1854 0.002 0.00025 0.000125
1855 0.002 0.00025 0.0001666666667
1856 0.002 0.00025 0.0002083333333
1857 0.002 0.00025 0.00025
1858 0.002 0.00025 0.0002916666667
1859 0.002 0.00025 0.0003333333333
1860 0.002 0.00025 0.000375
1861 0.002 0.00025 0.0004166666667
1862 0.002 0.00025 0.0004583333333
1863 0.002 0.00025 0.0005
1864 0.002 0.00025 0.0005416666667
1865 0.002 0.00025 0.0005833333333
1866 0.002 0.00025 0.000625
1867 0.002 0.00025 0.0006666666667
1868 0.002 0.00025 0.0007083333333
1869 0.002 0.00025 0.00075
1870 0.002 0.00025 0.0007916666667
1871 0.002 0.00025 0.0008333333333
1872 0.002 0.00025 0.000875
1873 0.002 0.00025 0.0009166666667
1874 0.002 0.00025 0.0009583333333
1875 0.002 0.00025 0.001
$EndNodes
$Elements
7488
1 2 2 20 20 1 76 101
2 2 2 20 20 1 101 26
3 2 2 20 20 25 100 125
4 2 2 20 20 25 125 50
5 2 2 20 20 26 101 126
6 2 2 20 20 26 126 51
7 2 2 20 20 50 125 150
8 2 2 20 20 50 150 75
9 2 2 20 20 76 151 176
10 2 2 20 20 76 176 101
11 2 2 20 20 100 175 200
12 2 2 20 20 100 200 125
13 2 2 20 20 101 176 201
14 2 2 20 20 101 201 126
15 2 2 20 20 125 200 225
16 2 2 20 20 125 225 150
17 2 2 20 20 151 226 251
18 2 2 20 20 151 251 176
19 2 2 20 20 175 250 275
20 2 2 20 20 175 275 200
21 2 2 20 20 176 251 276
22 2 2 20 20 176 276 201
23 2 2 20 20 200 275 300
24 2 2 20 20 200 300 225
25 2 2 20 20 226 301 326
26 2 2 20 20 226 326 251
27 2 2 20 20 250 325 350
28 2 2 20 20 250 350 275
29 2 2 20 20 251 326 351
30 2 2 20 20 251 351 276
31 2 2 20 20 275 350 375
32 2 2 20 20 275 375 300
33 2 2 20 20 301 376 401
34 2 2 20 20 301 401 326
35 2 2 20 20 325 400 425
36 2 2 20 20 325 425 350
37 2 2 20 20 326 401 426
38 2 2 20 20 326 426 351
39 2 2 20 20 350 425 450
40 2 2 20 20 350 450 375
41 2 2 20 20 376 451 476
42 2 2 20 20 376 476 401
43 2 2 20 20 400 475 500
44 2 2 20 20 400 500 425
45 2 2 20 20 401 476 501
46 2 2 20 20 401 501 426
47 2 2 20 20 425 500 525
48 2 2 20 20 425 525 450
49 2 2 20 20 451 526 551
50 2 2 20 20 451 551 476
51 2 2 20 20 475 550 575
52 2 2 20 20 475 575 500
53 2 2 20 20 476 551 576
54 2 2 20 20 476 576 501
55 2 2 20 20 500 575 600
56 2 2 20 20 500 600 525
57 2 2 20 20 526 601 626
58 2 2 20 20 526 626 551
59 2 2 20 20 550 625 650
60 2 2 20 20 550 650 575
61 2 2 20 20 551 626 651
62 2 2 20 20 551 651 576
63 2 2 20 20 575 650 675
64 2 2 20 20 575 675 600
65 2 2 20 20 601 676 701
66 2 2 20 20 601 701 626
67 2 2 20 20 625 700 725
68 2 2 20 20 625 725 650
69 2 2 20 20 626 701 726
70 2 2 20 20 626 726 651
71 2 2 20 20 650 725 750
72 2 2 20 20 650 750 675
73 2 2 20 20 676 751 776
74 2 2 20 20 676 776 701
75 2 2 20 20 700 775 800
76 2 2 20 20 700 800 725
77 2 2 20 20 701 776 801
78 2 2 20 20 701 801 726
79 2 2 20 20 725 800 825
80 2 2 20 20 725 825 750
81 2 2 20 20 751 826 851
82 2 2 20 20 751 851 776
83 2 2 20 20 775 850 875
84 2 2 20 20 775 875 800
85 2 2 20 20 776 851 876
86 2 2 20 20 776 876 801
87 2 2 20 20 800 875 900
88 2 2 20 20 800 900 825
89 2 2 20 20 826 901 926
90 2 2 20 20 826 926 851
91 2 2 20 20 850 925 950
92 2 2 20 20 850 950 875
93 2 2 20 20 851 926 951
94 2 2 20 20 851 951 876
95 2 2 20 20 875 950 975
96 2 2 20 20 875 975 900
97 2 2 20 20 901 976 1001
98 2 2 20 20 901 1001 926
99 2 2 20 20 925 1000 1025
100 2 2 20 20 925 1025 950
101 2 2 20 20 926 1001 1026
102 2 2 20 20 926 1026 951
103 2 2 20 20 950 1025 1050
104 2 2 20 20 950 1050 975
105 2 2 20 20 976 1051 1076
106 2 2 20 20 976 1076 1001
107 2 2 20 20 1000 1075 1100
108 2 2 20 20 1000 1100 1025
109 2 2 20 20 1001 1076 1101
110 2 2 20 20 1001 1101 1026
111 2 2 20 20 1025 1100 1125
112 2 2 20 20 1025 1125 1050
113 2 2 20 20 1051 1126 1151
114 2 2 20 20 1051 1151 1076
115 2 2 20 20 1075 1150 1175
116 2 2 20 20 1075 1175 1100
117 2 2 20 20 1076 1151 1176
118 2 2 20 20 1076 1176 1101
119 2 2 20 20 1100 1175 1200
120 2 2 20 20 1100 1200 1125
121 2 2 20 20 1126 1201 1226
122 2 2 20 20 1126 1226 1151
123 2 2 20 20 1150 1225 1250
124 2 2 20 20 1150 1250 1175
125 2 2 20 20 1151 1226 1251
126 2 2 20 20 1151 1251 1176
127 2 2 20 20 1175 1250 1275
128 2 2 20 20 1175 1275 1200
129 2 2 20 20 1201 1276 1301
130 2 2 20 20 1201 1301 1226
131 2 2 20 20 1225 1300 1325
132 2 2 20 20 1225 1325 1250
133 2 2 20 20 1226 1301 1326
134 2 2 20 20 1226 1326 1251
135 2 2 20 20 1250 1325 1350
136 2 2 20 20 1250 1350 1275
137 2 2 20 20 1276 1351 1376
138 2 2 20 20 1276 1376 1301
139 2 2 20 20 1300 1375 1400
140 2 2 20 20 1300 1400 1325
141 2 2 20 20 1301 1376 1401
142 2 2 20 20 1301 1401 1326
143 2 2 20 20 1325 1400 1425
144 2 2 20 20 1325 1425 1350
145 2 2 20 20 1351 1426 1451
146 2 2 20 20 1351 1451 1376
147 2 2 20 20 1375 1450 1475
148 2 2 20 20 1375 1475 1400
149 2 2 20 20 1376 1451 1476
150 2 2 20 20 1376 1476 1401
151 2 2 20 20 1400 1475 1500
152 2 2 20 20 1400 1500 1425
153 2 2 20 20 1426 1501 1526
154 2 2 20 20 1426 1526 1451
155 2 2 20 20 1450 1525 1550
156 2 2 20 20 1450 1550 1475
157 2 2 20 20 1451 1526 1551
158 2 2 20 20 1451 1551 1476
159 2 2 20 20 1475 1550 1575
160 2 2 20 20 1475 1575 1500
161 2 2 20 20 1501 1576 1601
162 2 2 20 20 1501 1601 1526
163 2 2 20 20 1525 1600 1625
164 2 2 20 20 1525 1625 1550
165 2 2 20 20 1526 1601 1626
166 2 2 20 20 1526 1626 1551
167 2 2 20 20 1550 1625 1650
168 2 2 20 20 1550 1650 1575
169 2 2 20 20 1576 1651 1676
170 2 2 20 20 1576 1676 1601
171 2 2 20 20 1600 1675 1700
172 2 2 20 20 1600 1700 1625
173 2 2 20 20 1601 1676 1701
174 2 2 20 20 1601 1701 1626
175 2 2 20 20 1625 1700 1725
176 2 2 20 20 1625 1725 1650
177 2 2 20 20 1651 1726 1751
178 2 2 20 20 1651 1751 1676
179 2 2 20 20 1675 1750 1775
180 2 2 20 20 1675 1775 1700
181 2 2 20 20 1676 1751 1776
182 2 2 20 20 1676 1776 1701
183 2 2 20 20 1700 1775 1800
184 2 2 20 20 1700 1800 1725
185 2 2 20 20 1726 1801 1826
186 2 2 20 20 1726 1826 1751
187 2 2 20 20 1750 1825 1850
188 2 2 20 20 1750 1850 1775
189 2 2 20 20 1751 1826 1851
190 2 2 20 20 1751 1851 1776
191 2 2 20 20 1775 1850 1875
192 2 2 20 20 1775 1875 1800
193 2 2 10 10 1 26 27
194 2 2 10 10 1 27 2
195 2 2 20 20 1 26 27
196 2 2 20 20 1 27 2
197 2 2 11 11 1801 1826 1827
198 2 2 11 11 1801 1827 1802
199 2 2 20 20 1801 1826 1827
200 2 2 20 20 1801 1827 1802
201 2 2 10 10 2 27 28
202 2 2 10 10 2 28 3
203 2 2 20 20 2 27 28
204 2 2 20 20 2 28 3
205 2 2 11 11 1802 1827 1828
206 2 2 11 11 1802 1828 1803
207 2 2 20 20 1802 1827 1828
208 2 2 20 20 1802 1828 1803
209 2 2 10 10 3 28 29
210 2 2 10 10 3 29 4
211 2 2 20 20 3 28 29
212 2 2 20 20 3 29 4
213 2 2 11 11 1803 1828 1829
214 2 2 11 11 1803 1829 1804
215 2 2 20 20 1803 1828 1829
216 2 2 20 20 1803 1829 1804
217 2 2 10 10 4 29 30
218 2 2 10 10 4 30 5
219 2 2 20 20 4 29 30
220 2 2 20 20 4 30 5
221 2 2 11 11 1804 1829 1830
222 2 2 11 11 1804 1830 1805
223 2 2 20 20 1804 1829 1830
224 2 2 20 20 1804 1830 1805
225 2 2 10 10 5 30 31
226 2 2 10 10 5 31 6
227 2 2 20 20 5 30 31
228 2 2 20 20 5 31 6
229 2 2 11 11 1805 1830 1831
230 2 2 11 11 1805 1831 1806
231 2 2 20 20 1805 1830 1831
232 2 2 20 20 1805 1831 1806
233 2 2 10 10 6 31 32
234 2 2 10 10 6 32 7
235 2 2 20 20 6 31 32
236 2 2 20 20 6 32 7
237 2 2 11 11 1806 1831 1832
238 2 2 11 11 1806 1832 1807
239 2 2 20 20 1806 1831 1832
240 2 2 20 20 1806 1832 1807
241 2 2 10 10 7 32 33
242 2 2 10 10 7 33 8
243 2 2 20 20 7 32 33
244 2 2 20 20 7 33 8
245 2 2 11 11 1807 1832 1833
246 2 2 11 11 1807 1833 1808
247 2 2 20 20 1807 1832 1833
248 2 2 20 20 1807 1833 1808
249 2 2 10 10 8 33 34
250 2 2 10 10 8 34 9
251 2 2 20 20 8 33 34
252 2 2 20 20 8 34 9
253 2 2 11 11 1808 1833 1834
254 2 2 11 11 1808 1834 1809
255 2 2 20 20 1808 1833 1834
256 2 2 20 20 1808 1834 1809
257 2 2 10 10 9 34 35
258 2 2 10 10 9 35 10
259 2 2 20 20 9 34 35
260 2 2 20 20 9 35 10
261 2 2 11 11 1809 1834 1835
262 2 2 11 11 1809 1835 1810
263 2 2 20 20 1809 1834 1835
264 2 2 20 20 1809 1835 1810
265 2 2 10 10 10 35 36
266 2 2 10 10 10 36 11
267 2 2 20 20 10 35 36
268 2 2 20 20 10 36 11
269 2 2 11 11 1810 1835 1836
270 2 2 11 11 1810 1836 1811
271 2 2 20 20 1810 1835 1836
272 2 2 20 20 1810 1836 1811
273 2 2 10 10 11 36 37
274 2 2 10 10 11 37 12
275 2 2 20 20 11 36 37
276 2 2 20 20 11 37 12
277 2 2 11 11 1811 1836 1837
278 2 2 11 11 1811 1837 1812
279 2 2 20 20 1811 1836 1837
280 2 2 20 20 1811 1837 1812
281 2 2 10 10 12 37 38
282 2 2 10 10 12 38 13
283 2 2 20 20 12 37 38
284 2 2 20 20 12 38 13
285 2 2 11 11 1812 1837 1838
286 2 2 11 11 1812 1838 1813
287 2 2 20 20 1812 1837 1838
288 2 2 20 20 1812 1838 1813
289 2 2 10 10 13 38 39
290 2 2 10 10 13 39 14
291 2 2 20 20 13 38 39
292 2 2 20 20 13 39 14
293 2 2 11 11 1813 1838 1839
294 2 2 11 11 1813 1839 1814
295 2 2 20 20 1813 1838 1839
296 2 2 20 20 1813 1839 1814
297 2 2 10 10 14 39 40
298 2 2 10 10 14 40 15
299 2 2 20 20 14 39 40
300 2 2 20 20 14 40 15
301 2 2 11 11 1814 1839 1840
302 2 2 11 11 1814 1840 1815
303 2 2 20 20 1814 1839 1840
304 2 2 20 20 1814 1840 1815
305 2 2 10 10 15 40 41
306 2 2 10 10 15 41 16
307 2 2 20 20 15 40 41
308 2 2 20 20 15 41 16
309 2 2 11 11 1815 1840 1841
310 2 2 11 11 1815 1841 1816
311 2 2 20 20 1815 1840 1841
312 2 2 20 20 1815 1841 1816
313 2 2 10 10 16 41 42
314 2 2 10 10 16 42 17
315 2 2 20 20 16 41 42
316 2 2 20 20 16 42 17
317 2 2 11 11 1816 1841 1842
318 2 2 11 11 1816 1842 1817
319 2 2 20 20 1816 1841 1842
320 2 2 20 20 1816 1842 1817
321 2 2 10 10 17 42 43
322 2 2 10 10 17 43 18
323 2 2 20 20 17 42 43
324 2 2 20 20 17 43 18
325 2 2 11 11 1817 1842 1843
326 2 2 11 11 1817 1843 1818
327 2 2 20 20 1817 1842 1843
328 2 2 20 20 1817 1843 1818
329 2 2 10 10 18 43 44
330 2 2 10 10 18 44 19
331 2 2 20 20 18 43 44
332 2 2 20 20 18 44 19
333 2 2 11 11 1818 1843 1844
334 2 2 11 11 1818 1844 1819
335 2 2 20 20 1818 1843 1844
336 2 2 20 20 1818 1844 1819
337 2 2 10 10 19 44 45
338 2 2 10 10 19 45 20
339 2 2 20 20 19 44 45
340 2 2 20 20 19 45 20
341 2 2 11 11 1819 1844 1845
342 2 2 11 11 1819 1845 1820
343 2 2 20 20 1819 1844 1845
344 2 2 20 20 1819 1845 1820
345 2 2 10 10 20 45 46
346 2 2 10 10 20 46 21
347 2 2 20 20 20 45 46
348 2 2 20 20 20 46 21
349 2 2 11 11 1820 1845 1846
350 2 2 11 11 1820 1846 1821
351 2 2 20 20 1820 1845 1846
352 2 2 20 20 1820 1846 1821
353 2 2 10 10 21 46 47
354 2 2 10 10 21 47 22
355 2 2 20 20 21 46 47
356 2 2 20 20 21 47 22
357 2 2 11 11 1821 1846 1847
358 2 2 11 11 1821 1847 1822
359 2 2 20 20 1821 1846 1847
360 2 2 20 20 1821 1847 1822
361 2 2 10 10 22 47 48
362 2 2 10 10 22 48 23
363 2 2 20 20 22 47 48
364 2 2 20 20 22 48 23
365 2 2 11 11 1822 1847 1848
366 2 2 11 11 1822 1848 1823
367 2 2 20 20 1822 1847 1848
368 2 2 20 20 1822 1848 1823
369 2 2 10 10 23 48 49
370 2 2 10 10 23 49 24
371 2 2 20 20 23 48 49
372 2 2 20 20 23 49 24
373 2 2 11 11 1823 1848 1849
374 2 2 11 11 1823 1849 1824
375 2 2 20 20 1823 1848 1849
376 2 2 20 20 1823 1849 1824
377 2 2 10 10 24 49 50
378 2 2 10 10 24 50 25
379 2 2 20 20 24 49 50
380 2 2 20 20 24 50 25
381 2 2 11 11 1824 1849 1850
382 2 2 11 11 1824 1850 1825
383 2 2 20 20 1824 1849 1850
384 2 2 20 20 1824 1850 1825
385 2 2 10 10 26 51 52
386 2 2 10 10 26 52 27
387 2 2 20 20 26 51 52
388 2 2 20 20 26 52 27
389 2 2 11 11 1826 1851 1852
390 2 2 11 11 1826 1852 1827
391 2 2 20 20 1826 1851 1852
392 2 2 20 20 1826 1852 1827
393 2 2 10 10 27 52 53
394 2 2 10 10 27 53 28
395 2 2 20 20 27 52 53
396 2 2 20 20 27 53 28
397 2 2 11 11 1827 1852 1853
398 2 2 11 11 1827 1853 1828
399 2 2 20 20 1827 1852 1853
400 2 2 20 20 1827 1853 1828
401 2 2 10 10 28 53 54
402 2 2 10 10 28 54 29
403 2 2 20 20 28 53 54
404 2 2 20 20 28 54 29
405 2 2 11 11 1828 1853 1854
406 2 2 11 11 1828 1854 1829
407 2 2 20 20 1828 1853 1854
408 2 2 20 20 1828 1854 1829
409 2 2 10 10 29 54 55
410 2 2 10 10 29 55 30
411 2 2 20 20 29 54 55
412 2 2 20 20 29 55 30
413 2 2 11 11 1829 1854 1855
414 2 2 11 11 1829 1855 1830
415 2 2 20 20 1829 1854 1855
416 2 2 20 20 1829 1855 1830
417 2 2 10 10 30 55 56
418 2 2 10 10 30 56 31
419 2 2 20 20 30 55 56
420 2 2 20 20 30 56 31
421 2 2 11 11 1830 1855 1856
422 2 2 11 11 1830 1856 1831
423 2 2 20 20 1830 1855 1856
424 2 2 20 20 1830 1856 1831
425 2 2 10 10 31 56 57
426 2 2 10 10 31 57 32
427 2 2 20 20 31 56 57
428 2 2 20 20 31 57 32
429 2 2 11 11 1831 1856 1857
430 2 2 11 11 1831 1857 1832
431 2 2 20 20 1831 1856 1857
432 2 2 20 20 1831 1857 1832
433 2 2 10 10 32 57 58
434 2 2 10 10 32 58 33
435 2 2 20 20 32 57 58
436 2 2 20 20 32 58 33
437 2 2 11 11 1832 1857 1858
438 2 2 11 11 1832 1858 1833
439 2 2 20 20 1832 1857 1858
440 2 2 20 20 1832 1858 1833
441 2 2 10 10 33 58 59
442 2 2 10 10 33 59 34
443 2 2 20 20 33 58 59
444 2 2 20 20 33 59 34
445 2 2 11 11 1833 1858 1859
446 2 2 11 11 1833 1859 1834
447 2 2 20 20 1833 1858 1859
448 2 2 20 20 1833 1859 1834
449 2 2 10 10 34 59 60
450 2 2 10 10 34 60 35
451 2 2 20 20 34 59 60
452 2 2 20 20 34 60 35
453 2 2 11 11 1834 1859 1860
454 2 2 11 11 1834 1860 1835
455 2 2 20 20 1834 1859 1860
456 2 2 20 20 1834 1860 1835
457 2 2 10 10 35 60 61
458 2 2 10 10 35 61 36
459 2 2 20 20 35 60 61
460 2 2 20 20 35 61 36
461 2 2 11 11 1835 1860 1861
462 2 2 11 11 1835 1861 1836
463 2 2 20 20 1835 1860 1861
464 2 2 20 20 1835 1861 1836
465 2 2 10 10 36 61 62
466 2 2 10 10 36 62 37
467 2 2 20 20 36 61 62
468 2 2 20 20 36 62 37
469 2 2 11 11 1836 1861 1862
470 2 2 11 11 1836 1862 1837
471 2 2 20 20 1836 1861 1862
472 2 2 20 20 1836 1862 1837
473 2 2 10 10 37 62 63
474 2 2 10 10 37 63 38
475 2 2 20 20 37 62 63
476 2 2 20 20 37 63 38
477 2 2 11 11 1837 1862 1863
478 2 2 11 11 1837 1863 1838
479 2 2 20 20 1837 1862 1863
480 2 2 20 20 1837 1863 1838
481 2 2 10 10 38 63 64
482 2 2 10 10 38 64 39
483 2 2 20 20 38 63 64
484 2 2 20 20 38 64 39
485 2 2 11 11 1838 1863 1864
486 2 2 11 11 1838 1864 1839
487 2 2 20 20 1838 1863 1864
488 2 2 20 20 1838 1864 1839
489 2 2 10 10 39 64 65
490 2 2 10 10 39 65 40
491 2 2 20 20 39 64 65
492 2 2 20 20 39 65 40
493 2 2 11 11 1839 1864 1865
494 2 2 11 11 1839 1865 1840
495 2 2 20 20 1839 1864 1865
496 2 2 20 20 1839 1865 1840
497 2 2 10 10 40 65 66
498 2 2 10 10 40 66 41
499 2 2 20 20 40 65 66
500 2 2 20 20 40 66 41
501 2 2 11 11 1840 1865 1866
502 2 2 11 11 1840 1866 1841
503 2 2 20 20 1840 1865 1866
504 2 2 20 20 1840 1866 1841
505 2 2 10 10 41 66 67
506 2 2 10 10 41 67 42
507 2 2 20 20 41 66 67
508 2 2 20 20 41 67 42
509 2 2 11 11 1841 1866 1867
510 2 2 11 11 1841 1867 1842
511 2 2 20 20 1841 1866 1867
512 2 2 20 20 1841 1867 1842
513 2 2 10 10 42 67 68
514 2 2 10 10 42 68 43
515 2 2 20 20 42 67 68
516 2 2 20 20 42 68 43
517 2 2 11 11 1842 1867 1868
518 2 2 11 11 1842 1868 1843
519 2 2 20 20 1842 1867 1868
520 2 2 20 20 1842 1868 1843
521 2 2 10 10 43 68 69
522 2 2 10 10 43 69 44
523 2 2 20 20 43 68 69
524 2 2 20 20 43 69 44
525 2 2 11 11 1843 1868 1869
526 2 2 11 11 1843 1869 1844
527 2 2 20 20 1843 1868 1869
528 2 2 20 20 1843 1869 1844
529 2 2 10 10 44 69 70
530 2 2 10 10 44 70 45
531 2 2 20 20 44 69 70
532 2 2 20 20 44 70 45
533 2 2 11 11 1844 1869 1870
534 2 2 11 11 1844 1870 1845
535 2 2 20 20 1844 1869 1870
536 2 2 20 20 1844 1870 1845
537 2 2 10 10 45 70 71
538 2 2 10 10 45 71 46
539 2 2 20 20 45 70 71
540 2 2 20 20 45 71 46
541 2 2 11 11 1845 1870 1871
542 2 2 11 11 1845 1871 1846
543 2 2 20 20 1845 1870 1871
544 2 2 20 20 1845 1871 1846
545 2 2 10 10 46 71 72
546 2 2 10 10 46 72 47
547 2 2 20 20 46 71 72
548 2 2 20 20 46 72 47
549 2 2 11 11 1846 1871 1872
550 2 2 11 11 1846 1872 1847
551 2 2 20 20 1846 1871 1872
552 2 2 20 20 1846 1872 1847
553 2 2 10 10 47 72 73
554 2 2 10 10 47 73 48
555 2 2 20 20 47 72 73
556 2 2 20 20 47 73 48
557 2 2 11 11 1847 1872 1873
558 2 2 11 11 1847 1873 1848
559 2 2 20 20 1847 1872 1873
560 2 2 20 20 1847 1873 1848
561 2 2 10 10 48 73 74
562 2 2 10 10 48 74 49
563 2 2 20 20 48 73 74
564 2 2 20 20 48 74 49
565 2 2 11 11 1848 1873 1874
566 2 2 11 11 1848 1874 1849
567 2 2 20 20 1848 1873 1874
568 2 2 20 20 1848 1874 1849
569 2 2 10 10 49 74 75
570 2 2 10 10 49 75 50
571 2 2 20 20 49 74 75
572 2 2 20 20 49 75 50
573 2 2 11 11 1849 1874 1875
574 2 2 11 11 1849 1875 1850
575 2 2 20 20 1849 1874 1875
576 2 2 20 20 1849 1875 1850
577 4 2 1 1 1 2 27 102
578 4 2 1 1 1 2 102 77
579 4 2 1 1 1 77 102 76
580 4 2 1 1 1 27 26 102
581 4 2 1 1 1 101 76 102
582 4 2 1 1 1 26 101 102
583 4 2 1 1 2 3 28 103
584 4 2 1 1 2 3 103 78
585 4 2 1 1 2 78 103 77
586 4 2 1 1 2 28 27 103
587 4 2 1 1 2 102 77 103
588 4 2 1 1 2 27 102 103
589 4 2 1 1 3 4 29 104
590 4 2 1 1 3 4 104 79
591 4 2 1 1 3 79 104 78
592 4 2 1 1 3 29 28 104
593 4 2 1 1 3 103 78 104
594 4 2 1 1 3 28 103 104
595 4 2 1 1 4 5 30 105
596 4 2 1 1 4 5 105 80
597 4 2 1 1 4 80 105 79
598 4 2 1 1 4 30 29 105
599 4 2 1 1 4 104 79 105
600 4 2 1 1 4 29 104 105
601 4 2 1 1 5 6 31 106
602 4 2 1 1 5 6 106 81
603 4 2 1 1 5 81 106 80
604 4 2 1 1 5 31 30 106
605 4 2 1 1 5 105 80 106
606 4 2 1 1 5 30 105 106
607 4 2 1 1 6 7 32 107
608 4 2 1 1 6 7 107 82
609 4 2 1 1 6 82 107 81
610 4 2 1 1 6 32 31 107
611 4 2 1 1 6 106 81 107
612 4 2 1 1 6 31 106 107
613 4 2 1 1 7 8 33 108
614 4 2 1 1 7 8 108 83
615 4 2 1 1 7 83 108 82
616 4 2 1 1 7 33 32 108
617 4 2 1 1 7 107 82 108
618 4 2 1 1 7 32 107 108
619 4 2 1 1 8 9 34 109
620 4 2 1 1 8 9 109 84
621 4 2 1 1 8 84 109 83
622 4 2 1 1 8 34 33 109
623 4 2 1 1 8 108 83 109
624 4 2 1 1 8 33 108 109
625 4 2 1 1 9 10 35 110
626 4 2 1 1 9 10 110 85
627 4 2 1 1 9 85 110 84
628 4 2 1 1 9 35 34 110
629 4 2 1 1 9 109 84 110
630 4 2 1 1 9 34 109 110
631 4 2 1 1 10 11 36 111
632 4 2 1 1 10 11 111 86
633 4 2 1 1 10 86 111 85
634 4 2 1 1 10 36 35 111
635 4 2 1 1 10 110 85 111
636 4 2 1 1 10 35 110 111
637 4 2 1 1 11 12 37 112
638 4 2 1 1 11 12 112 87
639 4 2 1 1 11 87 112 86
640 4 2 1 1 11 37 36 112
641 4 2 1 1 11 111 86 112
642 4 2 1 1 11 36 111 112
643 4 2 1 1 12 13 38 113
644 4 2 1 1 12 13 113 88
645 4 2 1 1 12 88 113 87
646 4 2 1 1 12 38 37 113
647 4 2 1 1 12 112 87 113
648 4 2 1 1 12 37 112 113
649 4 2 1 1 13 14 39 114
650 4 2 1 1 13 14 114 89
651 4 2 1 1 13 89 114 88
652 4 2 1 1 13 39 38 114
653 4 2 1 1 13 113 88 114
654 4 2 1 1 13 38 113 114
655 4 2 1 1 14 15 40 115
656 4 2 1 1 14 15 115 90
657 4 2 1 1 14 90 115 89
658 4 2 1 1 14 40 39 115
659 4 2 1 1 14 114 89 115
660 4 2 1 1 14 39 114 115
661 4 2 1 1 15 16 41 116
662 4 2 1 1 15 16 116 91
663 4 2 1 1 15 91 116 90
664 4 2 1 1 15 41 40 116
665 4 2 1 1 15 115 90 116
666 4 2 1 1 15 40 115 116
667 4 2 1 1 16 17 42 117
668 4 2 1 1 16 17 117 92
669 4 2 1 1 16 92 117 91
670 4 2 1 1 16 42 41 117
671 4 2 1 1 16 116 91 117
672 4 2 1 1 16 41 116 117
673 4 2 1 1 17 18 43 118
674 4 2 1 1 17 18 118 93
675 4 2 1 1 17 93 118 92
676 4 2 1 1 17 43 42 118
677 4 2 1 1 17 117 92 118
678 4 2 1 1 17 42 117 118
679 4 2 1 1 18 19 44 119
680 4 2 1 1 18 19 119 94
681 4 2 1 1 18 94 119 93
682 4 2 1 1 18 44 43 119
683 4 2 1 1 18 118 93 119
684 4 2 1 1 18 43 118 119
685 4 2 1 1 19 20 45 120
686 4 2 1 1 19 20 120 95
687 4 2 1 1 19 95 120 94
688 4 2 1 1 19 45 44 120
689 4 2 1 1 19 119 94 120
690 4 2 1 1 19 44 119 120
691 4 2 1 1 20 21 46 121
692 4 2 1 1 20 21 121 96
693 4 2 1 1 20 96 121 95
694 4 2 1 1 20 46 45 121
695 4 2 1 1 20 120 95 121
696 4 2 1 1 20 45 120 121
697 4 2 1 1 21 22 47 122
698 4 2 1 1 21 22 122 97
699 4 2 1 1 21 97 122 96
700 4 2 1 1 21 47 46 122
701 4 2 1 1 21 121 96 122
702 4 2 1 1 21 46 121 122
703 4 2 1 1 22 23 48 123
704 4 2 1 1 22 23 123 98
705 4 2 1 1 22 98 123 97
706 4 2 1 1 22 48 47 123
707 4 2 1 1 22 122 97 123
708 4 2 1 1 22 47 122 123
709 4 2 1 1 23 24 49 124
710 4 2 1 1 23 24 124 99
711 4 2 1 1 23 99 124 98
712 4 2 1 1 23 49 48 124
713 4 2 1 1 23 123 98 124
714 4 2 1 1 23 48 123 124
715 4 2 1 1 24 25 50 125
716 4 2 1 1 24 25 125 100
717 4 2 1 1 24 100 125 99
718 4 2 1 1 24 50 49 125
719 4 2 1 1 24 124 99 125
720 4 2 1 1 24 49 124 125
721 4 2 1 1 26 27 52 127
722 4 2 1 1 26 27 127 102
723 4 2 1 1 26 102 127 101
724 4 2 1 1 26 52 51 127
725 4 2 1 1 26 126 101 127
726 4 2 1 1 26 51 126 127
727 4 2 1 1 27 28 53 128
728 4 2 1 1 27 28 128 103
729 4 2 1 1 27 103 128 102
730 4 2 1 1 27 53 52 128
731 4 2 1 1 27 127 102 128
732 4 2 1 1 27 52 127 128
733 4 2 1 1 28 29 54 129
734 4 2 1 1 28 29 129 104
735 4 2 1 1 28 104 129 103
736 4 2 1 1 28 54 53 129
737 4 2 1 1 28 128 103 129
738 4 2 1 1 28 53 128 129
739 4 2 1 1 29 30 55 130
740 4 2 1 1 29 30 130 105
741 4 2 1 1 29 105 130 104
742 4 2 1 1 29 55 54 130
743 4 2 1 1 29 129 104 130
744 4 2 1 1 29 54 129 130
745 4 2 1 1 30 31 56 131
746 4 2 1 1 30 31 131 106
747 4 2 1 1 30 106 131 105
748 4 2 1 1 30 56 55 131
749 4 2 1 1 30 130 105 131
750 4 2 1 1 30 55 130 131
751 4 2 1 1 31 32 57 132
752 4 2 1 1 31 32 132 107
753 4 2 1 1 31 107 132 106
754 4 2 1 1 31 57 56 132
755 4 2 1 1 31 131 106 132
756 4 2 1 1 31 56 131 132
757 4 2 1 1 32 33 58 133
758 4 2 1 1 32 33 133 108
759 4 2 1 1 32 108 133 107
760 4 2 1 1 32 58 57 133
761 4 2 1 1 32 132 107 133
762 4 2 1 1 32 57 132 133
763 4 2 1 1 33 34 59 134
764 4 2 1 1 33 34 134 109
765 4 2 1 1 33 109 134 108
766 4 2 1 1 33 59 58 134
767 4 2 1 1 33 133 108 134
768 4 2 1 1 33 58 133 134
769 4 2 1 1 34 35 60 135
770 4 2 1 1 34 35 135 110
771 4 2 1 1 34 110 135 109
772 4 2 1 1 34 60 59 135
773 4 2 1 1 34 134 109 135
774 4 2 1 1 34 59 134 135
775 4 2 1 1 35 36 61 136
776 4 2 1 1 35 36 136 111
777 4 2 1 1 35 111 136 110
778 4 2 1 1 35 61 60 136
779 4 2 1 1 35 135 110 136
780 4 2 1 1 35 60 135 136
781 4 2 1 1 36 37 62 137
782 4 2 1 1 36 37 137 112
783 4 2 1 1 36 112 137 111
784 4 2 1 1 36 62 61 137
785 4 2 1 1 36 136 111 137
786 4 2 1 1 36 61 136 137
787 4 2 1 1 37 38 63 138
788 4 2 1 1 37 38 138 113
789 4 2 1 1 37 113 138 112
790 4 2 1 1 37 63 62 138
791 4 2 1 1 37 137 112 138
792 4 2 1 1 37 62 137 138
793 4 2 1 1 38 39 64 139
794 4 2 1 1 38 39 139 114
795 4 2 1 1 38 114 139 113
796 4 2 1 1 38 64 63 139
797 4 2 1 1 38 138 113 139
798 4 2 1 1 38 63 138 139
799 4 2 1 1 39 40 65 140
800 4 2 1 1 39 40 140 115
801 4 2 1 1 39 115 140 114
802 4 2 1 1 39 65 64 140
803 4 2 1 1 39 139 114 140
804 4 2 1 1 39 64 139 140
805 4 2 1 1 40 41 66 141
806 4 2 1 1 40 41 141 116
807 4 2 1 1 40 116 141 115
808 4 2 1 1 40 66 65 141
809 4 2 1 1 40 140 115 141
810 4 2 1 1 40 65 140 141
811 4 2 1 1 41 42 67 142
812 4 2 1 1 41 42 142 117
813 4 2 1 1 41 117 142 116
814 4 2 1 1 41 67 66 142
815 4 2 1 1 41 141 116 142
816 4 2 1 1 41 66 141 142
817 4 2 1 1 42 43 68 143
818 4 2 1 1 42 43 143 118
819 4 2 1 1 42 118 143 117
820 4 2 1 1 42 68 67 143
821 4 2 1 1 42 142 117 143
822 4 2 1 1 42 67 142 143
823 4 2 1 1 43 44 69 144
824 4 2 1 1 43 44 144 119
825 4 2 1 1 43 119 144 118
826 4 2 1 1 43 69 68 144
827 4 2 1 1 43 143 118 144
828 4 2 1 1 43 68 143 144
829 4 2 1 1 44 45 70 145
830 4 2 1 1 44 45 145 120
831 4 2 1 1 44 120 145 119
832 4 2 1 1 44 70 69 145
833 4 2 1 1 44 144 119 145
834 4 2 1 1 44 69 144 145
835 4 2 1 1 45 46 71 146
836 4 2 1 1 45 46 146 121
837 4 2 1 1 45 121 146 120
838 4 2 1 1 45 71 70 146
839 4 2 1 1 45 145 120 146
840 4 2 1 1 45 70 145 146
841 4 2 1 1 46 47 72 147
842 4 2 1 1 46 47 147 122
843 4 2 1 1 46 122 147 121
844 4 2 1 1 46 72 71 147
845 4 2 1 1 46 146 121 147
846 4 2 1 1 46 71 146 147
847 4 2 1 1 47 48 73 148
848 4 2 1 1 47 48 148 123
849 4 2 1 1 47 123 148 122
850 4 2 1 1 47 73 72 148
851 4 2 1 1 47 147 122 148
852 4 2 1 1 47 72 147 148
853 4 2 1 1 48 49 74 149
854 4 2 1 1 48 49 149 124
855 4 2 1 1 48 124 149 123
856 4 2 1 1 48 74 73 149
857 4 2 1 1 48 148 123 149
858 4 2 1 1 48 73 148 149
859 4 2 1 1 49 50 75 150
860 4 2 1 1 49 50 150 125
861 4 2 1 1 49 125 150 124
862 4 2 1 1 49 75 74 150
863 4 2 1 1 49 149 124 150
864 4 2 1 1 49 74 149 150
865 4 2 1 1 76 77 102 177
866 4 2 1 1 76 77 177 152
867 4 2 1 1 76 152 177 151
868 4 2 1 1 76 102 101 177
869 4 2 1 1 76 176 151 177
870 4 2 1 1 76 101 176 177
871 4 2 1 1 77 78 103 178
872 4 2 1 1 77 78 178 153
873 4 2 1 1 77 153 178 152
874 4 2 1 1 77 103 102 178
875 4 2 1 1 77 177 152 178
876 4 2 1 1 77 102 177 178
877 4 2 1 1 78 79 104 179
878 4 2 1 1 78 79 179 154
879 4 2 1 1 78 154 179 153
880 4 2 1 1 78 104 103 179
881 4 2 1 1 78 178 153 179
882 4 2 1 1 78 103 178 179
883 4 2 1 1 79 80 105 180
884 4 2 1 1 79 80 180 155
885 4 2 1 1 79 155 180 154
886 4 2 1 1 79 105 104 180
887 4 2 1 1 79 179 154 180
888 4 2 1 1 79 104 179 180
889 4 2 1 1 80 81 106 181
890 4 2 1 1 80 81 181 156
891 4 2 1 1 80 156 181 155
892 4 2 1 1 80 106 105 181
893 4 2 1 1 80 180 155 181
894 4 2 1 1 80 105 180 181
895 4 2 1 1 81 82 107 182
896 4 2 1 1 81 82 182 157
897 4 2 1 1 81 157 182 156
898 4 2 1 1 81 107 106 182
899 4 2 1 1 81 181 156 182
900 4 2 1 1 81 106 181 182
901 4 2 1 1 82 83 108 183
902 4 2 1 1 82 83 183 158
903 4 2 1 1 82 158 183 157
904 4 2 1 1 82 108 107 183
905 4 2 1 1 82 182 157 183
906 4 2 1 1 82 107 182 183
907 4 2 1 1 83 84 109 184
908 4 2 1 1 83 84 184 159
909 4 2 1 1 83 159 184 158
910 4 2 1 1 83 109 108 184
911 4 2 1 1 83 183 158 184
912 4 2 1 1 83 108 183 184
913 4 2 1 1 84 85 110 185
914 4 2 1 1 84 85 185 160
915 4 2 1 1 84 160 185 159
916 4 2 1 1 84 110 109 185
917 4 2 1 1 84 184 159 185
918 4 2 1 1 84 109 184 185
919 4 2 1 1 85 86 111 186
920 4 2 1 1 85 86 186 161
921 4 2 1 1 85 161 186 160
922 4 2 1 1 85 111 110 186
923 4 2 1 1 85 185 160 186
924 4 2 1 1 85 110 185 186
925 4 2 1 1 86 87 112 187
926 4 2 1 1 86 87 187 162
927 4 2 1 1 86 162 187 161
928 4 2 1 1 86 112 111 187
929 4 2 1 1 86 186 161 187
930 4 2 1 1 86 111 186 187
931 4 2 1 1 87 88 113 188
932 4 2 1 1 87 88 188 163
933 4 2 1 1 87 163 188 162
934 4 2 1 1 87 113 112 188
935 4 2 1 1 87 187 162 188
936 4 2 1 1 87 112 187 188
937 4 2 1 1 88 89 114 189
938 4 2 1 1 88 89 189 164
939 4 2 1 1 88 164 189 163
940 4 2 1 1 88 114 113 189
941 4 2 1 1 88 188 163 189
942 4 2 1 1 88 113 188 189
943 4 2 1 1 89 90 115 190
944 4 2 1 1 89 90 190 165
945 4 2 1 1 89 165 190 164
946 4 2 1 1 89 115 114 190
947 4 2 1 1 89 189 164 190
948 4 2 1 1 89 114 189 190
949 4 2 1 1 90 91 116 191
950 4 2 1 1 90 91 191 166
951 4 2 1 1 90 166 191 165
952 4 2 1 1 90 116 115 191
953 4 2 1 1 90 190 165 191
954 4 2 1 1 90 115 190 191
955 4 2 1 1 91 92 117 192
956 4 2 1 1 91 92 192 167
957 4 2 1 1 91 167 192 166
958 4 2 1 1 91 117 116 192
959 4 2 1 1 91 191 166 192
960 4 2 1 1 91 116 191 192
961 4 2 1 1 92 93 118 193
962 4 2 1 1 92 93 193 168
963 4 2 1 1 92 168 193 167
964 4 2 1 1 92 118 117 193
965 4 2 1 1 92 192 167 193
966 4 2 1 1 92 117 192 193
967 4 2 1 1 93 94 119 194
968 4 2 1 1 93 94 194 169
969 4 2 1 1 93 169 194 168
970 4 2 1 1 93 119 118 194
971 4 2 1 1 93 193 168 194
972 4 2 1 1 93 118 193 194
973 4 2 1 1 94 95 120 195
974 4 2 1 1 94 95 195 170
975 4 2 1 1 94 170 195 169
976 4 2 1 1 94 120 119 195
977 4 2 1 1 94 194 169 195
978 4 2 1 1 94 119 194 195
979 4 2 1 1 95 96 121 196
980 4 2 1 1 95 96 196 171
981 4 2 1 1 95 171 196 170
982 4 2 1 1 95 121 120 196
983 4 2 1 1 95 195 170 196
984 4 2 1 1 95 120 195 196
985 4 2 1 1 96 97 122 197
986 4 2 1 1 96 97 197 172
987 4 2 1 1 96 172 197 171
988 4 2 1 1 96 122 121 197
989 4 2 1 1 96 196 171 197
990 4 2 1 1 96 121 196 197
991 4 2 1 1 97 98 123 198
992 4 2 1 1 97 98 198 173
993 4 2 1 1 97 173 198 172
994 4 2 1 1 97 123 122 198
995 4 2 1 1 97 197 172 198
996 4 2 1 1 97 122 197 198
997 4 2 1 1 98 99 124 199
998 4 2 1 1 98 99 199 174
999 4 2 1 1 98 174 199 173
1000 4 2 1 1 98 124 123 199
1001 4 2 1 1 98 198 173 199
1002 4 2 1 1 98 123 198 199
1003 4 2 1 1 99 100 125 200
1004 4 2 1 1 99 100 200 175
1005 4 2 1 1 99 175 200 174
1006 4 2 1 1 99 125 124 200
1007 4 2 1 1 99 199 174 200
1008 4 2 1 1 99 124 199 200
1009 4 2 1 1 101 102 127 202
1010 4 2 1 1 101 102 202 177
1011 4 2 1 1 101 177 202 176
1012 4 2 1 1 101 127 126 202
1013 4 2 1 1 101 201 176 202
1014 4 2 1 1 101 126 201 202
1015 4 2 1 1 102 103 128 203
1016 4 2 1 1 102 103 203 178
1017 4 2 1 1 102 178 203 177
1018 4 2 1 1 102 128 127 203
1019 4 2 1 1 102 202 177 203
1020 4 2 1 1 102 127 202 203
1021 4 2 1 1 103 104 129 204
1022 4 2 1 1 103 104 204 179
1023 4 2 1 1 103 179 204 178
1024 4 2 1 1 103 129 128 204
1025 4 2 1 1 103 203 178 204
1026 4 2 1 1 103 128 203 204
1027 4 2 1 1 104 105 130 205
1028 4 2 1 1 104 105 205 180
1029 4 2 1 1 104 180 205 179
1030 4 2 1 1 104 130 129 205
1031 4 2 1 1 104 204 179 205
1032 4 2 1 1 104 129 204 205
1033 4 2 1 1 105 106 131 206
1034 4 2 1 1 105 106 206 181
1035 4 2 1 1 105 181 206 180
1036 4 2 1 1 105 131 130 206
1037 4 2 1 1 105 205 180 206
1038 4 2 1 1 105 130 205 206
1039 4 2 1 1 106 107 132 207
1040 4 2 1 1 106 107 207 182
1041 4 2 1 1 106 182 207 181
1042 4 2 1 1 106 132 131 207
1043 4 2 1 1 106 206 181 207
1044 4 2 1 1 106 131 206 207
1045 4 2 1 1 107 108 133 208
1046 4 2 1 1 107 108 208 183
1047 4 2 1 1 107 183 208 182
1048 4 2 1 1 107 133 132 208
1049 4 2 1 1 107 207 182 208
1050 4 2 1 1 107 132 207 208
1051 4 2 1 1 108 109 134 209
1052 4 2 1 1 108 109 209 184
1053 4 2 1 1 108 184 209 183
1054 4 2 1 1 108 134 133 209
1055 4 2 1 1 108 208 183 209
1056 4 2 1 1 108 133 208 209
1057 4 2 1 1 109 110 135 210
1058 4 2 1 1 109 110 210 185
1059 4 2 1 1 109 185 210 184
1060 4 2 1 1 109 135 134 210
1061 4 2 1 1 109 209 184 210
1062 4 2 1 1 109 134 209 210
1063 4 2 1 1 110 111 136 211
1064 4 2 1 1 110 111 211 186
1065 4 2 1 1 110 186 211 185
1066 4 2 1 1 110 136 135 211
1067 4 2 1 1 110 210 185 211
1068 4 2 1 1 110 135 210 211
1069 4 2 1 1 111 112 137 212
1070 4 2 1 1 111 112 212 187
1071 4 2 1 1 111 187 212 186
1072 4 2 1 1 111 137 136 212
1073 4 2 1 1 111 211 186 212
1074 4 2 1 1 111 136 211 212
1075 4 2 1 1 112 113 138 213
1076 4 2 1 1 112 113 213 188
1077 4 2 1 1 112 188 213 187
1078 4 2 1 1 112 138 137 213
1079 4 2 1 1 112 212 187 213
1080 4 2 1 1 112 137 212 213
1081 4 2 1 1 113 114 139 214
1082 4 2 1 1 113 114 214 189
1083 4 2 1 1 113 189 214 188
1084 4 2 1 1 113 139 138 214
1085 4 2 1 1 113 213 188 214
1086 4 2 1 1 113 138 213 214
1087 4 2 1 1 114 115 140 215
1088 4 2 1 1 114 115 215 190
1089 4 2 1 1 114 190 215 189
1090 4 2 1 1 114 140 139 215
1091 4 2 1 1 114 214 189 215
1092 4 2 1 1 114 139 214 215
1093 4 2 1 1 115 116 141 216
1094 4 2 1 1 115 116 216 191
1095 4 2 1 1 115 191 216 190
1096 4 2 1 1 115 141 140 216
1097 4 2 1 1 115 215 190 216
1098 4 2 1 1 115 140 215 216
1099 4 2 1 1 116 117 142 217
1100 4 2 1 1 116 117 217 192
1101 4 2 1 1 116 192 217 191
1102 4 2 1 1 116 142 141 217
1103 4 2 1 1 116 216 191 217
1104 4 2 1 1 116 141 216 217
1105 4 2 1 1 117 118 143 218
1106 4 2 1 1 117 118 218 193
1107 4 2 1 1 117 193 218 192
1108 4 2 1 1 117 143 142 218
1109 4 2 1 1 117 217 192 218
1110 4 2 1 1 117 142 217 218
1111 4 2 1 1 118 119 144 219
1112 4 2 1 1 118 119 219 194
1113 4 2 1 1 118 194 219 193
1114 4 2 1 1 118 144 143 219
1115 4 2 1 1 118 218 193 219
1116 4 2 1 1 118 143 218 219
1117 4 2 1 1 119 120 145 220
1118 4 2 1 1 119 120 220 195
1119 4 2 1 1 119 195 220 194
1120 4 2 1 1 119 145 144 220
1121 4 2 1 1 119 219 194 220
1122 4 2 1 1 119 144 219 220
1123 4 2 1 1 120 121 146 221
1124 4 2 1 1 120 121 221 196
1125 4 2 1 1 120 196 221 195
1126 4 2 1 1 120 146 145 221
1127 4 2 1 1 120 220 195 221
1128 4 2 1 1 120 145 220 221
1129 4 2 1 1 121 122 147 222
1130 4 2 1 1 121 122 222 197
1131 4 2 1 1 121 197 222 196
1132 4 2 1 1 121 147 146 222
1133 4 2 1 1 121 221 196 222
1134 4 2 1 1 121 146 221 222
1135 4 2 1 1 122 123 148 223
1136 4 2 1 1 122 123 223 198
1137 4 2 1 1 122 198 223 197
1138 4 2 1 1 122 148 147 223
1139 4 2 1 1 122 222 197 223
1140 4 2 1 1 122 147 222 223
1141 4 2 1 1 123 124 149 224
1142 4 2 1 1 123 124 224 199
1143 4 2 1 1 123 199 224 198
1144 4 2 1 1 123 149 148 224
1145 4 2 1 1 123 223 198 224
1146 4 2 1 1 123 148 223 224
1147 4 2 1 1 124 125 150 225
1148 4 2 1 1 124 125 225 200
1149 4 2 1 1 124 200 225 199
1150 4 2 1 1 124 150 149 225
1151 4 2 1 1 124 224 199 225
1152 4 2 1 1 124 149 224 225
1153 4 2 1 1 151 152 177 252
1154 4 2 1 1 151 152 252 227
1155 4 2 1 1 151 227 252 226
1156 4 2 1 1 151 177 176 252
1157 4 2 1 1 151 251 226 252
1158 4 2 1 1 151 176 251 252
1159 4 2 1 1 152 153 178 253
1160 4 2 1 1 152 153 253 228
1161 4 2 1 1 152 228 253 227
1162 4 2 1 1 152 178 177 253
1163 4 2 1 1 152 252 227 253
1164 4 2 1 1 152 177 252 253
1165 4 2 1 1 153 154 179 254
1166 4 2 1 1 153 154 254 229
1167 4 2 1 1 153 229 254 228
1168 4 2 1 1 153 179 178 254
1169 4 2 1 1 153 253 228 254
1170 4 2 1 1 153 178 253 254
1171 4 2 1 1 154 155 180 255
1172 4 2 1 1 154 155 255 230
1173 4 2 1 1 154 230 255 229
1174 4 2 1 1 154 180 179 255
1175 4 2 1 1 154 254 229 255
1176 4 2 1 1 154 179 254 255
1177 4 2 1 1 155 156 181 256
1178 4 2 1 1 155 156 256 231
1179 4 2 1 1 155 231 256 230
1180 4 2 1 1 155 181 180 256
1181 4 2 1 1 155 255 230 256
1182 4 2 1 1 155 180 255 256
1183 4 2 1 1 156 157 182 257
1184 4 2 1 1 156 157 257 232
1185 4 2 1 1 156 232 257 231
1186 4 2 1 1 156 182 181 257
1187 4 2 1 1 156 256 231 257
1188 4 2 1 1 156 181 256 257
1189 4 2 1 1 157 158 183 258
1190 4 2 1 1 157 158 258 233
1191 4 2 1 1 157 233 258 232
1192 4 2 1 1 157 183 182 258
1193 4 2 1 1 157 257 232 258
1194 4 2 1 1 157 182 257 258
1195 4 2 1 1 158 159 184 259
1196 4 2 1 1 158 159 259 234
1197 4 2 1 1 158 234 259 233
1198 4 2 1 1 158 184 183 259
1199 4 2 1 1 158 258 233 259
1200 4 2 1 1 158 183 258 259
1201 4 2 1 1 159 160 185 260
1202 4 2 1 1 159 160 260 235
1203 4 2 1 1 159 235 260 234
1204 4 2 1 1 159 185 184 260
1205 4 2 1 1 159 259 234 260
1206 4 2 1 1 159 184 259 260
1207 4 2 1 1 160 161 186 261
1208 4 2 1 1 160 161 261 236
1209 4 2 1 1 160 236 261 235
1210 4 2 1 1 160 186 185 261
1211 4 2 1 1 160 260 235 261
1212 4 2 1 1 160 185 260 261
1213 4 2 1 1 161 162 187 262
1214 4 2 1 1 161 162 262 237
1215 4 2 1 1 161 237 262 236
1216 4 2 1 1 161 187 186 262
1217 4 2 1 1 161 261 236 262
1218 4 2 1 1 161 186 261 262
1219 4 2 1 1 162 163 188 263
1220 4 2 1 1 162 163 263 238
1221 4 2 1 1 162 238 263 237
1222 4 2 1 1 162 188 187 263
1223 4 2 1 1 162 262 237 263
1224 4 2 1 1 162 187 262 263
1225 4 2 1 1 163 164 189 264
1226 4 2 1 1 163 164 264 239
1227 4 2 1 1 163 239 264 238
1228 4 2 1 1 163 189 188 264
1229 4 2 1 1 163 263 238 264
1230 4 2 1 1 163 188 263 264
1231 4 2 1 1 164 165 190 265
1232 4 2 1 1 164 165 265 240
1233 4 2 1 1 164 240 265 239
1234 4 2 1 1 164 190 189 265
1235 4 2 1 1 164 264 239 265
1236 4 2 1 1 164 189 264 265
1237 4 2 1 1 165 166 191 266
1238 4 2 1 1 165 166 266 241
1239 4 2 1 1 165 241 266 240
1240 4 2 1 1 165 191 190 266
1241 4 2 1 1 165 265 240 266
1242 4 2 1 1 165 190 265 266
1243 4 2 1 1 166 167 192 267
1244 4 2 1 1 166 167 267 242
1245 4 2 1 1 166 242 267 241
1246 4 2 1 1 166 192 191 267
1247 4 2 1 1 166 266 241 267
1248 4 2 1 1 166 191 266 267
1249 4 2 1 1 167 168 193 268
1250 4 2 1 1 167 168 268 243
1251 4 2 1 1 167 243 268 242
1252 4 2 1 1 167 193 192 268
1253 4 2 1 1 167 267 242 268
1254 4 2 1 1 167 192 267 268
1255 4 2 1 1 168 169 194 269
1256 4 2 1 1 168 169 269 244
1257 4 2 1 1 168 244 269 243
1258 4 2 1 1 168 194 193 269
1259 4 2 1 1 168 268 243 269
1260 4 2 1 1 168 193 268 269
1261 4 2 1 1 169 170 195 270
1262 4 2 1 1 169 170 270 245
1263 4 2 1 1 169 245 270 244
1264 4 2 1 1 169 195 194 270
1265 4 2 1 1 169 269 244 270
1266 4 2 1 1 169 194 269 270
1267 4 2 1 1 170 171 196 271
1268 4 2 1 1 170 171 271 246
1269 4 2 1 1 170 246 271 245
1270 4 2 1 1 170 196 195 271
1271 4 2 1 1 170 270 245 271
1272 4 2 1 1 170 195 270 271
1273 4 2 1 1 171 172 197 272
1274 4 2 1 1 171 172 272 247
1275 4 2 1 1 171 247 272 246
1276 4 2 1 1 171 197 196 272
1277 4 2 1 1 171 271 246 272
1278 4 2 1 1 171 196 271 272
1279 4 2 1 1 172 173 198 273
1280 4 2 1 1 172 173 273 248
1281 4 2 1 1 172 248 273 247
1282 4 2 1 1 172 198 197 273
1283 4 2 1 1 172 272 247 273
1284 4 2 1 1 172 197 272 273
1285 4 2 1 1 173 174 199 274
1286 4 2 1 1 173 174 274 249
1287 4 2 1 1 173 249 274 248
1288 4 2 1 1 173 199 198 274
1289 4 2 1 1 173 273 248 274
1290 4 2 1 1 173 198 273 274
1291 4 2 1 1 174 175 200 275
1292 4 2 1 1 174 175 275 250
1293 4 2 1 1 174 250 275 249
1294 4 2 1 1 174 200 199 275
1295 4 2 1 1 174 274 249 275
1296 4 2 1 1 174 199 274 275
1297 4 2 1 1 176 177 202 277
1298 4 2 1 1 176 177 277 252
1299 4 2 1 1 176 252 277 251
1300 4 2 1 1 176 202 201 277
1301 4 2 1 1 176 276 251 277
1302 4 2 1 1 176 201 276 277
1303 4 2 1 1 177 178 203 278
1304 4 2 1 1 177 178 278 253
1305 4 2 1 1 177 253 278 252
1306 4 2 1 1 177 203 202 278
1307 4 2 1 1 177 277 252 278
1308 4 2 1 1 177 202 277 278
1309 4 2 1 1 178 179 204 279
1310 4 2 1 1 178 179 279 254
1311 4 2 1 1 178 254 279 253
1312 4 2 1 1 178 204 203 279
1313 4 2 1 1 178 278 253 279
1314 4 2 1 1 178 203 278 279
1315 4 2 1 1 179 180 205 280
1316 4 2 1 1 179 180 280 255
1317 4 2 1 1 179 255 280 254
1318 4 2 1 1 179 205 204 280
1319 4 2 1 1 179 279 254 280
1320 4 2 1 1 179 204 279 280
1321 4 2 1 1 180 181 206 281
1322 4 2 1 1 180 181 281 256
1323 4 2 1 1 180 256 281 255
1324 4 2 1 1 180 206 205 281
1325 4 2 1 1 180 280 255 281
1326 4 2 1 1 180 205 280 281
1327 4 2 1 1 181 182 207 282
1328 4 2 1 1 181 182 282 257
1329 4 2 1 1 181 257 282 256
1330 4 2 1 1 181 207 206 282
1331 4 2 1 1 181 281 256 282
1332 4 2 1 1 181 206 281 282
1333 4 2 1 1 182 183 208 283
1334 4 2 1 1 182 183 283 258
1335 4 2 1 1 182 258 283 257
1336 4 2 1 1 182 208 207 283
1337 4 2 1 1 182 282 257 283
1338 4 2 1 1 182 207 282 283
1339 4 2 1 1 183 184 209 284
1340 4 2 1 1 183 184 284 259
1341 4 2 1 1 183 259 284 258
1342 4 2 1 1 183 209 208 284
1343 4 2 1 1 183 283 258 284
1344 4 2 1 1 183 208 283 284
1345 4 2 1 1 184 185 210 285
1346 4 2 1 1 184 185 285 260
1347 4 2 1 1 184 260 285 259
1348 4 2 1 1 184 210 209 285
1349 4 2 1 1 184 284 259 285
1350 4 2 1 1 184 209 284 285
1351 4 2 1 1 185 186 211 286
1352 4 2 1 1 185 186 286 261
1353 4 2 1 1 185 261 286 260
1354 4 2 1 1 185 211 210 286
1355 4 2 1 1 185 285 260 286
1356 4 2 1 1 185 210 285 286
1357 4 2 1 1 186 187 212 287
1358 4 2 1 1 186 187 287 262
1359 4 2 1 1 186 262 287 261
1360 4 2 1 1 186 212 211 287
1361 4 2 1 1 186 286 261 287
1362 4 2 1 1 186 211 286 287
1363 4 2 1 1 187 188 213 288
1364 4 2 1 1 187 188 288 263
1365 4 2 1 1 187 263 288 262
1366 4 2 1 1 187 213 212 288
1367 4 2 1 1 187 287 262 288
1368 4 2 1 1 187 212 287 288
1369 4 2 1 1 188 189 214 289
1370 4 2 1 1 188 189 289 264
1371 4 2 1 1 188 264 289 263
1372 4 2 1 1 188 214 213 289
1373 4 2 1 1 188 288 263 289
1374 4 2 1 1 188 213 288 289
1375 4 2 1 1 189 190 215 290
1376 4 2 1 1 189 190 290 265
1377 4 2 1 1 189 265 290 264
1378 4 2 1 1 189 215 214 290
1379 4 2 1 1 189 289 264 290
1380 4 2 1 1 189 214 289 290
1381 4 2 1 1 190 191 216 291
1382 4 2 1 1 190 191 291 266
1383 4 2 1 1 190 266 291 265
1384 4 2 1 1 190 216 215 291
1385 4 2 1 1 190 290 265 291
1386 4 2 1 1 190 215 290 291
1387 4 2 1 1 191 192 217 292
1388 4 2 1 1 191 192 292 267
1389 4 2 1 1 191 267 292 266
1390 4 2 1 1 191 217 216 292
1391 4 2 1 1 191 291 266 292
1392 4 2 1 1 191 216 291 292
1393 4 2 1 1 192 193 218 293
1394 4 2 1 1 192 193 293 268
1395 4 2 1 1 192 268 293 267
1396 4 2 1 1 192 218 217 293
1397 4 2 1 1 192 292 267 293
1398 4 2 1 1 192 217 292 293
1399 4 2 1 1 193 194 219 294
1400 4 2 1 1 193 194 294 269
1401 4 2 1 1 193 269 294 268
1402 4 2 1 1 193 219 218 294
1403 4 2 1 1 193 293 268 294
1404 4 2 1 1 193 218 293 294
1405 4 2 1 1 194 195 220 295
1406 4 2 1 1 194 195 295 270
1407 4 2 1 1 194 270 295 269
1408 4 2 1 1 194 220 219 295
1409 4 2 1 1 194 294 269 295
1410 4 2 1 1 194 219 294 295
1411 4 2 1 1 195 196 221 296
1412 4 2 1 1 195 196 296 271
1413 4 2 1 1 195 271 296 270
1414 4 2 1 1 195 221 220 296
1415 4 2 1 1 195 295 270 296
1416 4 2 1 1 195 220 295 296
1417 4 2 1 1 196 197 222 297
1418 4 2 1 1 196 197 297 272
1419 4 2 1 1 196 272 297 271
1420 4 2 1 1 196 222 221 297
1421 4 2 1 1 196 296 271 297
1422 4 2 1 1 196 221 296 297
1423 4 2 1 1 197 198 223 298
1424 4 2 1 1 197 198 298 273
1425 4 2 1 1 197 273 298 272
1426 4 2 1 1 197 223 222 298
1427 4 2 1 1 197 297 272 298
1428 4 2 1 1 197 222 297 298
1429 4 2 1 1 198 199 224 299
1430 4 2 1 1 198 199 299 274
1431 4 2 1 1 198 274 299 273
1432 4 2 1 1 198 224 223 299
1433 4 2 1 1 198 298 273 299
1434 4 2 1 1 198 223 298 299
1435 4 2 1 1 199 200 225 300
1436 4 2 1 1 199 200 300 275
1437 4 2 1 1 199 275 300 274
1438 4 2 1 1 199 225 224 300
1439 4 2 1 1 199 299 274 300
1440 4 2 1 1 199 224 299 300
1441 4 2 1 1 226 227 252 327
1442 4 2 1 1 226 227 327 302
1443 4 2 1 1 226 302 327 301
1444 4 2 1 1 226 252 251 327
1445 4 2 1 1 226 326 301 327
1446 4 2 1 1 226 251 326 327
1447 4 2 1 1 227 228 253 328
1448 4 2 1 1 227 228 328 303
1449 4 2 1 1 227 303 328 302
1450 4 2 1 1 227 253 252 328
1451 4 2 1 1 227 327 302 328
1452 4 2 1 1 227 252 327 328
1453 4 2 1 1 228 229 254 329
1454 4 2 1 1 228 229 329 304
1455 4 2 1 1 228 304 329 303
1456 4 2 1 1 228 254 253 329
1457 4 2 1 1 228 328 303 329
1458 4 2 1 1 228 253 328 329
1459 4 2 1 1 229 230 255 330
1460 4 2 1 1 229 230 330 305
1461 4 2 1 1 229 305 330 304
1462 4 2 1 1 229 255 254 330
1463 4 2 1 1 229 329 304 330
1464 4 2 1 1 229 254 329 330
1465 4 2 1 1 230 231 256 331
1466 4 2 1 1 230 231 331 306
1467 4 2 1 1 230 306 331 305
1468 4 2 1 1 230 256 255 331
1469 4 2 1 1 230 330 305 331
1470 4 2 1 1 230 255 330 331
1471 4 2 1 1 231 232 257 332
1472 4 2 1 1 231 232 332 307
1473 4 2 1 1 231 307 332 306
1474 4 2 1 1 231 257 256 332
1475 4 2 1 1 231 331 306 332
1476 4 2 1 1 231 256 331 332
1477 4 2 1 1 232 233 258 333
1478 4 2 1 1 232 233 333 308
1479 4 2 1 1 232 308 333 307
1480 4 2 1 1 232 258 257 333
1481 4 2 1 1 232 332 307 333
1482 4 2 1 1 232 257 332 333
1483 4 2 1 1 233 234 259 334
1484 4 2 1 1 233 234 334 309
1485 4 2 1 1 233 309 334 308
1486 4 2 1 1 233 259 258 334
1487 4 2 1 1 233 333 308 334
1488 4 2 1 1 233 258 333 334
1489 4 2 1 1 234 235 260 335
1490 4 2 1 1 234 235 335 310
1491 4 2 1 1 234 310 335 309
1492 4 2 1 1 234 260 259 335
1493 4 2 1 1 234 334 309 335
1494 4 2 1 1 234 259 334 335
1495 4 2 1 1 235 236 261 336
1496 4 2 1 1 235 236 336 311
1497 4 2 1 1 235 311 336 310
1498 4 2 1 1 235 261 260 336
1499 4 2 1 1 235 335 310 336
1500 4 2 1 1 235 260 335 336
1501 4 2 1 1 236 237 262 337
1502 4 2 1 1 236 237 337 312
1503 4 2 1 1 236 312 337 311
1504 4 2 1 1 236 262 261 337
1505 4 2 1 1 236 336 311 337
1506 4 2 1 1 236 261 336 337
1507 4 2 1 1 237 238 263 338
1508 4 2 1 1 237 238 338 313
1509 4 2 1 1 237 313 338 312
1510 4 2 1 1 237 263 262 338
1511 4 2 1 1 237 337 312 338
1512 4 2 1 1 237 262 337 338
1513 4 2 1 1 238 239 264 339
1514 4 2 1 1 238 239 339 314
1515 4 2 1 1 238 314 339 313
1516 4 2 1 1 238 264 263 339
1517 4 2 1 1 238 338 313 339
1518 4 2 1 1 238 263 338 339
1519 4 2 1 1 239 240 265 340
1520 4 2 1 1 239 240 340 315
1521 4 2 1 1 239 315 340 314
1522 4 2 1 1 239 265 264 340
1523 4 2 1 1 239 339 314 340
1524 4 2 1 1 239 264 339 340
1525 4 2 1 1 240 241 266 341
1526 4 2 1 1 240 241 341 316
1527 4 2 1 1 240 316 341 315
1528 4 2 1 1 240 266 265 341
1529 4 2 1 1 240 340 315 341
1530 4 2 1 1 240 265 340 341
1531 4 2 1 1 241 242 267 342
1532 4 2 1 1 241 242 342 317
1533 4 2 1 1 241 317 342 316
1534 4 2 1 1 241 267 266 342
1535 4 2 1 1 241 341 316 342
1536 4 2 1 1 241 266 341 342
1537 4 2 1 1 242 243 268 343
1538 4 2 1 1 242 243 343 318
1539 4 2 1 1 242 318 343 317
1540 4 2 1 1 242 268 267 343
1541 4 2 1 1 242 342 317 343
1542 4 2 1 1 242 267 342 343
1543 4 2 1 1 243 244 269 344
1544 4 2 1 1 243 244 344 319
1545 4 2 1 1 243 319 344 318
1546 4 2 1 1 243 269 268 344
1547 4 2 1 1 243 343 318 344
1548 4 2 1 1 243 268 343 344
1549 4 2 1 1 244 245 270 345
1550 4 2 1 1 244 245 345 320
1551 4 2 1 1 244 320 345 319
1552 4 2 1 1 244 270 269 345
1553 4 2 1 1 244 344 319 345
1554 4 2 1 1 244 269 344 345
1555 4 2 1 1 245 246 271 346
1556 4 2 1 1 245 246 346 321
1557 4 2 1 1 245 321 346 320
1558 4 2 1 1 245 271 270 346
1559 4 2 1 1 245 345 320 346
1560 4 2 1 1 245 270 345 346
1561 4 2 1 1 246 247 272 347
1562 4 2 1 1 246 247 347 322
1563 4 2 1 1 246 322 347 321
1564 4 2 1 1 246 272 271 347
1565 4 2 1 1 246 346 321 347
1566 4 2 1 1 246 271 346 347
1567 4 2 1 1 247 248 273 348
1568 4 2 1 1 247 248 348 323
1569 4 2 1 1 247 323 348 322
1570 4 2 1 1 247 273 272 348
1571 4 2 1 1 247 347 322 348
1572 4 2 1 1 247 272 347 348
1573 4 2 1 1 248 249 274 349
1574 4 2 1 1 248 249 349 324
1575 4 2 1 1 248 324 349 323
1576 4 2 1 1 248 274 273 349
1577 4 2 1 1 248 348 323 349
1578 4 2 1 1 248 273 348 349
1579 4 2 1 1 249 250 275 350
1580 4 2 1 1 249 250 350 325
1581 4 2 1 1 249 325 350 324
1582 4 2 1 1 249 275 274 350
1583 4 2 1 1 249 349 324 350
1584 4 2 1 1 249 274 349 350
1585 4 2 1 1 251 252 277 352
1586 4 2 1 1 251 252 352 327
1587 4 2 1 1 251 327 352 326
1588 4 2 1 1 251 277 276 352
1589 4 2 1 1 251 351 326 352
1590 4 2 1 1 251 276 351 352
1591 4 2 1 1 252 253 278 353
1592 4 2 1 1 252 253 353 328
1593 4 2 1 1 252 328 353 327
1594 4 2 1 1 252 278 277 353
1595 4 2 1 1 252 352 327 353
1596 4 2 1 1 252 277 352 353
1597 4 2 1 1 253 254 279 354
1598 4 2 1 1 253 254 354 329
1599 4 2 1 1 253 329 354 328
1600 4 2 1 1 253 279 278 354
1601 4 2 1 1 253 353 328 354
1602 4 2 1 1 253 278 353 354
1603 4 2 1 1 254 255 280 355
1604 4 2 1 1 254 255 355 330
1605 4 2 1 1 254 330 355 329
1606 4 2 1 1 254 280 279 355
1607 4 2 1 1 254 354 329 355
1608 4 2 1 1 254 279 354 355
1609 4 2 1 1 255 256 281 356
1610 4 2 1 1 255 256 356 331
1611 4 2 1 1 255 331 356 330
1612 4 2 1 1 255 281 280 356
1613 4 2 1 1 255 355 330 356
1614 4 2 1 1 255 280 355 356
1615 4 2 1 1 256 257 282 357
1616 4 2 1 1 256 257 357 332
1617 4 2 1 1 256 332 357 331
1618 4 2 1 1 256 282 281 357
1619 4 2 1 1 256 356 331 357
1620 4 2 1 1 256 281 356 357
1621 4 2 1 1 257 258 283 358
1622 4 2 1 1 257 258 358 333
1623 4 2 1 1 257 333 358 332
1624 4 2 1 1 257 283 282 358
1625 4 2 1 1 257 357 332 358
1626 4 2 1 1 257 282 357 358
1627 4 2 1 1 258 259 284 359
1628 4 2 1 1 258 259 359 334
1629 4 2 1 1 258 334 359 333
1630 4 2 1 1 258 284 283 359
1631 4 2 1 1 258 358 333 359
1632 4 2 1 1 258 283 358 359
1633 4 2 1 1 259 260 285 360
1634 4 2 1 1 259 260 360 335
1635 4 2 1 1 259 335 360 334
1636 4 2 1 1 259 285 284 360
1637 4 2 1 1 259 359 334 360
1638 4 2 1 1 259 284 359 360
1639 4 2 1 1 260 261 286 361
1640 4 2 1 1 260 261 361 336
1641 4 2 1 1 260 336 361 335
1642 4 2 1 1 260 286 285 361
1643 4 2 1 1 260 360 335 361
1644 4 2 1 1 260 285 360 361
1645 4 2 1 1 261 262 287 362
1646 4 2 1 1 261 262 362 337
1647 4 2 1 1 261 337 362 336
1648 4 2 1 1 261 287 286 362
1649 4 2 1 1 261 361 336 362
1650 4 2 1 1 261 286 361 362
1651 4 2 1 1 262 263 288 363
1652 4 2 1 1 262 263 363 338
1653 4 2 1 1 262 338 363 337
1654 4 2 1 1 262 288 287 363
1655 4 2 1 1 262 362 337 363
1656 4 2 1 1 262 287 362 363
1657 4 2 1 1 263 264 289 364
1658 4 2 1 1 263 264 364 339
1659 4 2 1 1 263 339 364 338
1660 4 2 1 1 263 289 288 364
1661 4 2 1 1 263 363 338 364
1662 4 2 1 1 263 288 363 364
1663 4 2 1 1 264 265 290 365
1664 4 2 1 1 264 265 365 340
1665 4 2 1 1 264 340 365 339
1666 4 2 1 1 264 290 289 365
1667 4 2 1 1 264 364 339 365
1668 4 2 1 1 264 289 364 365
1669 4 2 1 1 265 266 291 366
1670 4 2 1 1 265 266 366 341
1671 4 2 1 1 265 341 366 340
1672 4 2 1 1 265 291 290 366
1673 4 2 1 1 265 365 340 366
1674 4 2 1 1 265 290 365 366
1675 4 2 1 1 266 267 292 367
1676 4 2 1 1 266 267 367 342
1677 4 2 1 1 266 342 367 341
1678 4 2 1 1 266 292 291 367
1679 4 2 1 1 266 366 341 367
1680 4 2 1 1 266 291 366 367
1681 4 2 1 1 267 268 293 368
1682 4 2 1 1 267 268 368 343
1683 4 2 1 1 267 343 368 342
1684 4 2 1 1 267 293 292 368
1685 4 2 1 1 267 367 342 368
1686 4 2 1 1 267 292 367 368
1687 4 2 1 1 268 269 294 369
1688 4 2 1 1 268 269 369 344
1689 4 2 1 1 268 344 369 343
1690 4 2 1 1 268 294 293 369
1691 4 2 1 1 268 368 343 369
1692 4 2 1 1 268 293 368 369
1693 4 2 1 1 269 270 295 370
1694 4 2 1 1 269 270 370 345
1695 4 2 1 1 269 345 370 344
1696 4 2 1 1 269 295 294 370
1697 4 2 1 1 269 369 344 370
1698 4 2 1 1 269 294 369 370
1699 4 2 1 1 270 271 296 371
1700 4 2 1 1 270 271 371 346
1701 4 2 1 1 270 346 371 345
1702 4 2 1 1 270 296 295 371
1703 4 2 1 1 270 370 345 371
1704 4 2 1 1 270 295 370 371
1705 4 2 1 1 271 272 297 372
1706 4 2 1 1 271 272 372 347
1707 4 2 1 1 271 347 372 346
1708 4 2 1 1 271 297 296 372
1709 4 2 1 1 271 371 346 372
1710 4 2 1 1 271 296 371 372
1711 4 2 1 1 272 273 298 373
1712 4 2 1 1 272 273 373 348
1713 4 2 1 1 272 348 373 347
1714 4 2 1 1 272 298 297 373
1715 4 2 1 1 272 372 347 373
1716 4 2 1 1 272 297 372 373
1717 4 2 1 1 273 274 299 374
1718 4 2 1 1 273 274 374 349
1719 4 2 1 1 273 349 374 348
1720 4 2 1 1 273 299 298 374
1721 4 2 1 1 273 373 348 374
1722 4 2 1 1 273 298 373 374
1723 4 2 1 1 274 275 300 375
1724 4 2 1 1 274 275 375 350
1725 4 2 1 1 274 350 375 349
1726 4 2 1 1 274 300 299 375
1727 4 2 1 1 274 374 349 375
1728 4 2 1 1 274 299 374 375
1729 4 2 1 1 301 302 327 402
1730 4 2 1 1 301 302 402 377
1731 4 2 1 1 301 377 402 376
1732 4 2 1 1 301 327 326 402
1733 4 2 1 1 301 401 376 402
1734 4 2 1 1 301 326 401 402
1735 4 2 1 1 302 303 328 403
1736 4 2 1 1 302 303 403 378
1737 4 2 1 1 302 378 403 377
1738 4 2 1 1 302 328 327 403
1739 4 2 1 1 302 402 377 403
1740 4 2 1 1 302 327 402 403
1741 4 2 1 1 303 304 329 404
1742 4 2 1 1 303 304 404 379
1743 4 2 1 1 303 379 404 378
1744 4 2 1 1 303 329 328 404
1745 4 2 1 1 303 403 378 404
1746 4 2 1 1 303 328 403 404
1747 4 2 1 1 304 305 330 405
1748 4 2 1 1 304 305 405 380
1749 4 2 1 1 304 380 405 379
1750 4 2 1 1 304 330 329 405
1751 4 2 1 1 304 404 379 405
1752 4 2 1 1 304 329 404 405
1753 4 2 1 1 305 306 331 406
1754 4 2 1 1 305 306 406 381
1755 4 2 1 1 305 381 406 380
1756 4 2 1 1 305 331 330 406
1757 4 2 1 1 305 405 380 406
1758 4 2 1 1 305 330 405 406
1759 4 2 1 1 306 307 332 407
1760 4 2 1 1 306 307 407 382
1761 4 2 1 1 306 382 407 381
1762 4 2 1 1 306 332 331 407
1763 4 2 1 1 306 406 381 407
1764 4 2 1 1 306 331 406 407
1765 4 2 1 1 307 308 333 408
1766 4 2 1 1 307 308 408 383
1767 4 2 1 1 307 383 408 382
1768 4 2 1 1 307 333 332 408
1769 4 2 1 1 307 407 382 408
1770 4 2 1 1 307 332 407 408
1771 4 2 1 1 308 309 334 409
1772 4 2 1 1 308 309 409 384
1773 4 2 1 1 308 384 409 383
1774 4 2 1 1 308 334 333 409
1775 4 2 1 1 308 408 383 409
1776 4 2 1 1 308 333 408 409
1777 4 2 1 1 309 310 335 410
1778 4 2 1 1 309 310 410 385
1779 4 2 1 1 309 385 410 384
1780 4 2 1 1 309 335 334 410
1781 4 2 1 1 309 409 384 410
1782 4 2 1 1 309 334 409 410
1783 4 2 1 1 310 311 336 411
1784 4 2 1 1 310 311 411 386
1785 4 2 1 1 310 386 411 385
1786 4 2 1 1 310 336 335 411
1787 4 2 1 1 310 410 385 411
1788 4 2 1 1 310 335 410 411
1789 4 2 1 1 311 312 337 412
1790 4 2 1 1 311 312 412 387
1791 4 2 1 1 311 387 412 386
1792 4 2 1 1 311 337 336 412
1793 4 2 1 1 311 411 386 412
1794 4 2 1 1 311 336 411 412
1795 4 2 1 1 312 313 338 413
1796 4 2 1 1 312 313 413 388
1797 4 2 1 1 312 388 413 387
1798 4 2 1 1 312 338 337 413
1799 4 2 1 1 312 412 387 413
1800 4 2 1 1 312 337 412 413
1801 4 2 1 1 313 314 339 414
1802 4 2 1 1 313 314 414 389
1803 4 2 1 1 313 389 414 388
1804 4 2 1 1 313 339 338 414
1805 4 2 1 1 313 413 388 414
1806 4 2 1 1 313 338 413 414
1807 4 2 1 1 314 315 340 415
1808 4 2 1 1 314 315 415 390
1809 4 2 1 1 314 390 415 389
1810 4 2 1 1 314 340 339 415
1811 4 2 1 1 314 414 389 415
1812 4 2 1 1 314 339 414 415
1813 4 2 1 1 315 316 341 416
1814 4 2 1 1 315 316 416 391
1815 4 2 1 1 315 391 416 390
1816 4 2 1 1 315 341 340 416
1817 4 2 1 1 315 415 390 416
1818 4 2 1 1 315 340 415 416
1819 4 2 1 1 316 317 342 417
1820 4 2 1 1 316 317 417 392
1821 4 2 1 1 316 392 417 391
1822 4 2 1 1 316 342 341 417
1823 4 2 1 1 316 416 391 417
1824 4 2 1 1 316 341 416 417
1825 4 2 1 1 317 318 343 418
1826 4 2 1 1 317 318 418 393
1827 4 2 1 1 317 393 418 392
1828 4 2 1 1 317 343 342 418
1829 4 2 1 1 317 417 392 418
1830 4 2 1 1 317 342 417 418
1831 4 2 1 1 318 319 344 419
1832 4 2 1 1 318 319 419 394
1833 4 2 1 1 318 394 419 393
1834 4 2 1 1 318 344 343 419
1835 4 2 1 1 318 418 393 419
1836 4 2 1 1 318 343 418 419
1837 4 2 1 1 319 320 345 420
1838 4 2 1 1 319 320 420 395
1839 4 2 1 1 319 395 420 394
1840 4 2 1 1 319 345 344 420
1841 4 2 1 1 319 419 394 420
1842 4 2 1 1 319 344 419 420
1843 4 2 1 1 320 321 346 421
1844 4 2 1 1 320 321 421 396
1845 4 2 1 1 320 396 421 395
1846 4 2 1 1 320 346 345 421
1847 4 2 1 1 320 420 395 421
1848 4 2 1 1 320 345 420 421
1849 4 2 1 1 321 322 347 422
1850 4 2 1 1 321 322 422 397
1851 4 2 1 1 321 397 422 396
1852 4 2 1 1 321 347 346 422
1853 4 2 1 1 321 421 396 422
1854 4 2 1 1 321 346 421 422
1855 4 2 1 1 322 323 348 423
1856 4 2 1 1 322 323 423 398
1857 4 2 1 1 322 398 423 397
1858 4 2 1 1 322 348 347 423
1859 4 2 1 1 322 422 397 423
1860 4 2 1 1 322 347 422 423
1861 4 2 1 1 323 324 349 424
1862 4 2 1 1 323 324 424 399
1863 4 2 1 1 323 399 424 398
1864 4 2 1 1 323 349 348 424
1865 4 2 1 1 323 423 398 424
1866 4 2 1 1 323 348 423 424
1867 4 2 1 1 324 325 350 425
1868 4 2 1 1 324 325 425 400
1869 4 2 1 1 324 400 425 399
1870 4 2 1 1 324 350 349 425
1871 4 2 1 1 324 424 399 425
1872 4 2 1 1 324 349 424 425
1873 4 2 1 1 326 327 352 427
1874 4 2 1 1 326 327 427 402
1875 4 2 1 1 326 402 427 401
1876 4 2 1 1 326 352 351 427
1877 4 2 1 1 326 426 401 427
1878 4 2 1 1 326 351 426 427
1879 4 2 1 1 327 328 353 428
1880 4 2 1 1 327 328 428 403
1881 4 2 1 1 327 403 428 402
1882 4 2 1 1 327 353 352 428
1883 4 2 1 1 327 427 402 428
1884 4 2 1 1 327 352 427 428
1885 4 2 1 1 328 329 354 429
1886 4 2 1 1 328 329 429 404
1887 4 2 1 1 328 404 429 403
1888 4 2 1 1 328 354 353 429
1889 4 2 1 1 328 428 403 429
1890 4 2 1 1 328 353 428 429
1891 4 2 1 1 329 330 355 430
1892 4 2 1 1 329 330 430 405
1893 4 2 1 1 329 405 430 404
1894 4 2 1 1 329 355 354 430
1895 4 2 1 1 329 429 404 430
1896 4 2 1 1 329 354 429 430
1897 4 2 1 1 330 331 356 431
1898 4 2 1 1 330 331 431 406
1899 4 2 1 1 330 406 431 405
1900 4 2 1 1 330 356 355 431
1901 4 2 1 1 330 430 405 431
1902 4 2 1 1 330 355 430 431
1903 4 2 1 1 331 332 357 432
1904 4 2 1 1 331 332 432 407
1905 4 2 1 1 331 407 432 406
1906 4 2 1 1 331 357 356 432
1907 4 2 1 1 331 431 406 432
1908 4 2 1 1 331 356 431 432
1909 4 2 1 1 332 333 358 433
1910 4 2 1 1 332 333 433 408
1911 4 2 1 1 332 408 433 407
1912 4 2 1 1 332 358 357 433
1913 4 2 1 1 332 432 407 433
1914 4 2 1 1 332 357 432 433
1915 4 2 1 1 333 334 359 434
1916 4 2 1 1 333 334 434 409
1917 4 2 1 1 333 409 434 408
1918 4 2 1 1 333 359 358 434
1919 4 2 1 1 333 433 408 434
1920 4 2 1 1 333 358 433 434
1921 4 2 1 1 334 335 360 435
1922 4 2 1 1 334 335 435 410
1923 4 2 1 1 334 410 435 409
1924 4 2 1 1 334 360 359 435
1925 4 2 1 1 334 434 409 435
1926 4 2 1 1 334 359 434 435
1927 4 2 1 1 335 336 361 436
1928 4 2 1 1 335 336 436 411
1929 4 2 1 1 335 411 436 410
1930 4 2 1 1 335 361 360 436
1931 4 2 1 1 335 435 410 436
1932 4 2 1 1 335 360 435 436
1933 4 2 1 1 336 337 362 437
1934 4 2 1 1 336 337 437 412
1935 4 2 1 1 336 412 437 411
1936 4 2 1 1 336 362 361 437
1937 4 2 1 1 336 436 411 437
1938 4 2 1 1 336 361 436 437
1939 4 2 1 1 337 338 363 438
1940 4 2 1 1 337 338 438 413
1941 4 2 1 1 337 413 438 412
1942 4 2 1 1 337 363 362 438
1943 4 2 1 1 337 437 412 438
1944 4 2 1 1 337 362 437 438
1945 4 2 1 1 338 339 364 439
1946 4 2 1 1 338 339 439 414
1947 4 2 1 1 338 414 439 413
1948 4 2 1 1 338 364 363 439
1949 4 2 1 1 338 438 413 439
1950 4 2 1 1 338 363 438 439
1951 4 2 1 1 339 340 365 440
1952 4 2 1 1 339 340 440 415
1953 4 2 1 1 339 415 440 414
1954 4 2 1 1 339 365 364 440
1955 4 2 1 1 339 439 414 440
1956 4 2 1 1 339 364 439 440
1957 4 2 1 1 340 341 366 441
1958 4 2 1 1 340 341 441 416
1959 4 2 1 1 340 416 441 415
1960 4 2 1 1 340 366 365 441
1961 4 2 1 1 340 440 415 441
1962 4 2 1 1 340 365 440 441
1963 4 2 1 1 341 342 367 442
1964 4 2 1 1 341 342 442 417
1965 4 2 1 1 341 417 442 416
1966 4 2 1 1 341 367 366 442
1967 4 2 1 1 341 441 416 442
1968 4 2 1 1 341 366 441 442
1969 4 2 1 1 342 343 368 443
1970 4 2 1 1 342 343 443 418
1971 4 2 1 1 342 418 443 417
1972 4 2 1 1 342 368 367 443
1973 4 2 1 1 342 442 417 443
1974 4 2 1 1 342 367 442 443
1975 4 2 1 1 343 344 369 444
1976 4 2 1 1 343 344 444 419
1977 4 2 1 1 343 419 444 418
1978 4 2 1 1 343 369 368 444
1979 4 2 1 1 343 443 418 444
1980 4 2 1 1 343 368 443 444
1981 4 2 1 1 344 345 370 445
1982 4 2 1 1 344 345 445 420
1983 4 2 1 1 344 420 445 419
1984 4 2 1 1 344 370 369 445
1985 4 2 1 1 344 444 419 445
1986 4 2 1 1 344 369 444 445
1987 4 2 1 1 345 346 371 446
1988 4 2 1 1 345 346 446 421
1989 4 2 1 1 345 421 446 420
1990 4 2 1 1 345 371 370 446
1991 4 2 1 1 345 445 420 446
1992 4 2 1 1 345 370 445 446
1993 4 2 1 1 346 347 372 447
1994 4 2 1 1 346 347 447 422
1995 4 2 1 1 346 422 447 421
1996 4 2 1 1 346 372 371 447
1997 4 2 1 1 346 446 421 447
1998 4 2 1 1 346 371 446 447
1999 4 2 1 1 347 348 373 448
2000 4 2 1 1 347 348 448 423
2001 4 2 1 1 347 423 448 422
2002 4 2 1 1 347 373 372 448
2003 4 2 1 1 347 447 422 448
2004 4 2 1 1 347 372 447 448
2005 4 2 1 1 348 349 374 449
2006 4 2 1 1 348 349 449 424
2007 4 2 1 1 348 424 449 423
2008 4 2 1 1 348 374 373 449
2009 4 2 1 1 348 448 423 449
2010 4 2 1 1 348 373 448 449
2011 4 2 1 1 349 350 375 450
2012 4 2 1 1 349 350 450 425
2013 4 2 1 1 349 425 450 424
2014 4 2 1 1 349 375 374 450
2015 4 2 1 1 349 449 424 450
2016 4 2 1 1 349 374 449 450
2017 4 2 1 1 376 377 402 477
2018 4 2 1 1 376 377 477 452
2019 4 2 1 1 376 452 477 451
2020 4 2 1 1 376 402 401 477
2021 4 2 1 1 376 476 451 477
2022 4 2 1 1 376 401 476 477
2023 4 2 1 1 377 378 403 478
2024 4 2 1 1 377 378 478 453
2025 4 2 1 1 377 453 478 452
2026 4 2 1 1 377 403 402 478
2027 4 2 1 1 377 477 452 478
2028 4 2 1 1 377 402 477 478
2029 4 2 1 1 378 379 404 479
2030 4 2 1 1 378 379 479 454
2031 4 2 1 1 378 454 479 453
2032 4 2 1 1 378 404 403 479
2033 4 2 1 1 378 478 453 479
2034 4 2 1 1 378 403 478 479
2035 4 2 1 1 379 380 405 480
2036 4 2 1 1 379 380 480 455
2037 4 2 1 1 379 455 480 454
2038 4 2 1 1 379 405 404 480
2039 4 2 1 1 379 479 454 480
2040 4 2 1 1 379 404 479 480
2041 4 2 1 1 380 381 406 481
2042 4 2 1 1 380 381 481 456
2043 4 2 1 1 380 456 481 455
2044 4 2 1 1 380 406 405 481
2045 4 2 1 1 380 480 455 481
2046 4 2 1 1 380 405 480 481
2047 4 2 1 1 381 382 407 482
2048 4 2 1 1 381 382 482 457
2049 4 2 1 1 381 457 482 456
2050 4 2 1 1 381 407 406 482
2051 4 2 1 1 381 481 456 482
2052 4 2 1 1 381 406 481 482
2053 4 2 1 1 382 383 408 483
2054 4 2 1 1 382 383 483 458
2055 4 2 1 1 382 458 483 457
2056 4 2 1 1 382 408 407 483
2057 4 2 1 1 382 482 457 483
2058 4 2 1 1 382 407 482 483
2059 4 2 1 1 383 384 409 484
2060 4 2 1 1 383 384 484 459
2061 4 2 1 1 383 459 484 458
2062 4 2 1 1 383 409 408 484
2063 4 2 1 1 383 483 458 484
2064 4 2 1 1 383 408 483 484
2065 4 2 1 1 384 385 410 485
2066 4 2 1 1 384 385 485 460
2067 4 2 1 1 384 460 485 459
2068 4 2 1 1 384 410 409 485
2069 4 2 1 1 384 484 459 485
2070 4 2 1 1 384 409 484 485
2071 4 2 1 1 385 386 411 486
2072 4 2 1 1 385 386 486 461
2073 4 2 1 1 385 461 486 460
2074 4 2 1 1 385 411 410 486
2075 4 2 1 1 385 485 460 486
2076 4 2 1 1 385 410 485 486
2077 4 2 1 1 386 387 412 487
2078 4 2 1 1 386 387 487 462
2079 4 2 1 1 386 462 487 461
2080 4 2 1 1 386 412 411 487
2081 4 2 1 1 386 486 461 487
2082 4 2 1 1 386 411 486 487
2083 4 2 1 1 387 388 413 488
2084 4 2 1 1 387 388 488 463
2085 4 2 1 1 387 463 488 462
2086 4 2 1 1 387 413 412 488
2087 4 2 1 1 387 487 462 488
2088 4 2 1 1 387 412 487 488
2089 4 2 1 1 388 389 414 489
2090 4 2 1 1 388 389 489 464
2091 4 2 1 1 388 464 489 463
2092 4 2 1 1 388 414 413 489
2093 4 2 1 1 388 488 463 489
2094 4 2 1 1 388 413 488 489
2095 4 2 1 1 389 390 415 490
2096 4 2 1 1 389 390 490 465
2097 4 2 1 1 389 465 490 464
2098 4 2 1 1 389 415 414 490
2099 4 2 1 1 389 489 464 490
2100 4 2 1 1 389 414 489 490
2101 4 2 1 1 390 391 416 491
2102 4 2 1 1 390 391 491 466
2103 4 2 1 1 390 466 491 465
2104 4 2 1 1 390 416 415 491
2105 4 2 1 1 390 490 465 491
2106 4 2 1 1 390 415 490 491
2107 4 2 1 1 391 392 417 492
2108 4 2 1 1 391 392 492 467
2109 4 2 1 1 391 467 492 466
2110 4 2 1 1 391 417 416 492
2111 4 2 1 1 391 491 466 492
2112 4 2 1 1 391 416 491 492
2113 4 2 1 1 392 393 418 493
2114 4 2 1 1 392 393 493 468
2115 4 2 1 1 392 468 493 467
2116 4 2 1 1 392 418 417 493
2117 4 2 1 1 392 492 467 493
2118 4 2 1 1 392 417 492 493
2119 4 2 1 1 393 394 419 494
2120 4 2 1 1 393 394 494 469
2121 4 2 1 1 393 469 494 468
2122 4 2 1 1 393 419 418 494
2123 4 2 1 1 393 493 468 494
2124 4 2 1 1 393 418 493 494
2125 4 2 1 1 394 395 420 495
2126 4 2 1 1 394 395 495 470
2127 4 2 1 1 394 470 495 469
2128 4 2 1 1 394 420 419 495
2129 4 2 1 1 394 494 469 495
2130 4 2 1 1 394 419 494 495
2131 4 2 1 1 395 396 421 496
2132 4 2 1 1 395 396 496 471
2133 4 2 1 1 395 471 496 470
2134 4 2 1 1 395 421 420 496
2135 4 2 1 1 395 495 470 496
2136 4 2 1 1 395 420 495 496
2137 4 2 1 1 396 397 422 497
2138 4 2 1 1 396 397 497 472
2139 4 2 1 1 396 472 497 471
2140 4 2 1 1 396 422 421 497
2141 4 2 1 1 396 496 471 497
2142 4 2 1 1 396 421 496 497
2143 4 2 1 1 397 398 423 498
2144 4 2 1 1 397 398 498 473
2145 4 2 1 1 397 473 498 472
2146 4 2 1 1 397 423 422 498
2147 4 2 1 1 397 497 472 498
2148 4 2 1 1 397 422 497 498
2149 4 2 1 1 398 399 424 499
2150 4 2 1 1 398 399 499 474
2151 4 2 1 1 398 474 499 473
2152 4 2 1 1 398 424 423 499
2153 4 2 1 1 398 498 473 499
2154 4 2 1 1 398 423 498 499
2155 4 2 1 1 399 400 425 500
2156 4 2 1 1 399 400 500 475
2157 4 2 1 1 399 475 500 474
2158 4 2 1 1 399 425 424 500
2159 4 2 1 1 399 499 474 500
2160 4 2 1 1 399 424 499 500
2161 4 2 1 1 401 402 427 502
2162 4 2 1 1 401 402 502 477
2163 4 2 1 1 401 477 502 476
2164 4 2 1 1 401 427 426 502
2165 4 2 1 1 401 501 476 502
2166 4 2 1 1 401 426 501 502
2167 4 2 1 1 402 403 428 503
2168 4 2 1 1 402 403 503 478
2169 4 2 1 1 402 478 503 477
2170 4 2 1 1 402 428 427 503
2171 4 2 1 1 402 502 477 503
2172 4 2 1 1 402 427 502 503
2173 4 2 1 1 403 404 429 504
2174 4 2 1 1 403 404 504 479
2175 4 2 1 1 403 479 504 478
2176 4 2 1 1 403 429 428 504
2177 4 2 1 1 403 503 478 504
2178 4 2 1 1 403 428 503 504
2179 4 2 1 1 404 405 430 505
2180 4 2 1 1 404 405 505 480
2181 4 2 1 1 404 480 505 479
2182 4 2 1 1 404 430 429 505
2183 4 2 1 1 404 504 479 505
2184 4 2 1 1 404 429 504 505
2185 4 2 1 1 405 406 431 506
2186 4 2 1 1 405 406 506 481
2187 4 2 1 1 405 481 506 480
2188 4 2 1 1 405 431 430 506
2189 4 2 1 1 405 505 480 506
2190 4 2 1 1 405 430 505 506
2191 4 2 1 1 406 407 432 507
2192 4 2 1 1 406 407 507 482
2193 4 2 1 1 406 482 507 481
2194 4 2 1 1 406 432 431 507
2195 4 2 1 1 406 506 481 507
2196 4 2 1 1 406 431 506 507
2197 4 2 1 1 407 408 433 508
2198 4 2 1 1 407 408 508 483
2199 4 2 1 1 407 483 508 482
2200 4 2 1 1 407 433 432 508
2201 4 2 1 1 407 507 482 508
2202 4 2 1 1 407 432 507 508
2203 4 2 1 1 408 409 434 509
2204 4 2 1 1 408 409 509 484
2205 4 2 1 1 408 484 509 483
2206 4 2 1 1 408 434 433 509
2207 4 2 1 1 408 508 483 509
2208 4 2 1 1 408 433 508 509
2209 4 2 1 1 409 410 435 510
2210 4 2 1 1 409 410 510 485
2211 4 2 1 1 409 485 510 484
2212 4 2 1 1 409 435 434 510
2213 4 2 1 1 409 509 484 510
2214 4 2 1 1 409 434 509 510
2215 4 2 1 1 410 411 436 511
2216 4 2 1 1 410 411 511 486
2217 4 2 1 1 410 486 511 485
2218 4 2 1 1 410 436 435 511
2219 4 2 1 1 410 510 485 511
2220 4 2 1 1 410 435 510 511
2221 4 2 1 1 411 412 437 512
2222 4 2 1 1 411 412 512 487
2223 4 2 1 1 411 487 512 486
2224 4 2 1 1 411 437 436 512
2225 4 2 1 1 411 511 486 512
2226 4 2 1 1 411 436 511 512
2227 4 2 1 1 412 413 438 513
2228 4 2 1 1 412 413 513 488
2229 4 2 1 1 412 488 513 487
2230 4 2 1 1 412 438 437 513
2231 4 2 1 1 412 512 487 513
2232 4 2 1 1 412 437 512 513
2233 4 2 1 1 413 414 439 514
2234 4 2 1 1 413 414 514 489
2235 4 2 1 1 413 489 514 488
2236 4 2 1 1 413 439 438 514
2237 4 2 1 1 413 513 488 514
2238 4 2 1 1 413 438 513 514
2239 4 2 1 1 414 415 440 515
2240 4 2 1 1 414 415 515 490
2241 4 2 1 1 414 490 515 489
2242 4 2 1 1 414 440 439 515
2243 4 2 1 1 414 514 489 515
2244 4 2 1 1 414 439 514 515
2245 4 2 1 1 415 416 441 516
2246 4 2 1 1 415 416 516 491
2247 4 2 1 1 415 491 516 490
2248 4 2 1 1 415 441 440 516
2249 4 2 1 1 415 515 490 516
2250 4 2 1 1 415 440 515 516
2251 4 2 1 1 416 417 442 517
2252 4 2 1 1 416 417 517 492
2253 4 2 1 1 416 492 517 491
2254 4 2 1 1 416 442 441 517
2255 4 2 1 1 416 516 491 517
2256 4 2 1 1 416 441 516 517
2257 4 2 1 1 417 418 443 518
2258 4 2 1 1 417 418 518 493
2259 4 2 1 1 417 493 518 492
2260 4 2 1 1 417 443 442 518
2261 4 2 1 1 417 517 492 518
2262 4 2 1 1 417 442 517 518
2263 4 2 1 1 418 419 444 519
2264 4 2 1 1 418 419 519 494
2265 4 2 1 1 418 494 519 493
2266 4 2 1 1 418 444 443 519
2267 4 2 1 1 418 518 493 519
2268 4 2 1 1 418 443 518 519
2269 4 2 1 1 419 420 445 520
2270 4 2 1 1 419 420 520 495
2271 4 2 1 1 419 495 520 494
2272 4 2 1 1 419 445 444 520
2273 4 2 1 1 419 519 494 520
2274 4 2 1 1 419 444 519 520
2275 4 2 1 1 420 421 446 521
2276 4 2 1 1 420 421 521 496
2277 4 2 1 1 420 496 521 495
2278 4 2 1 1 420 446 445 521
2279 4 2 1 1 420 520 495 521
2280 4 2 1 1 420 445 520 521
2281 4 2 1 1 421 422 447 522
2282 4 2 1 1 421 422 522 497
2283 4 2 1 1 421 497 522 496
2284 4 2 1 1 421 447 446 522
2285 4 2 1 1 421 521 496 522
2286 4 2 1 1 421 446 521 522
2287 4 2 1 1 422 423 448 523
2288 4 2 1 1 422 423 523 498
2289 4 2 1 1 422 498 523 497
2290 4 2 1 1 422 448 447 523
2291 4 2 1 1 422 522 497 523
2292 4 2 1 1 422 447 522 523
2293 4 2 1 1 423 424 449 524
2294 4 2 1 1 423 424 524 499
2295 4 2 1 1 423 499 524 498
2296 4 2 1 1 423 449 448 524
2297 4 2 1 1 423 523 498 524
2298 4 2 1 1 423 448 523 524
2299 4 2 1 1 424 425 450 525
2300 4 2 1 1 424 425 525 500
2301 4 2 1 1 424 500 525 499
2302 4 2 1 1 424 450 449 525
2303 4 2 1 1 424 524 499 525
2304 4 2 1 1 424 449 524 525
2305 4 2 1 1 451 452 477 552
2306 4 2 1 1 451 452 552 527
2307 4 2 1 1 451 527 552 526
2308 4 2 1 1 451 477 476 552
2309 4 2 1 1 451 551 526 552
2310 4 2 1 1 451 476 551 552
2311 4 2 1 1 452 453 478 553
2312 4 2 1 1 452 453 553 528
2313 4 2 1 1 452 528 553 527
2314 4 2 1 1 452 478 477 553
2315 4 2 1 1 452 552 527 553
2316 4 2 1 1 452 477 552 553
2317 4 2 1 1 453 454 479 554
2318 4 2 1 1 453 454 554 529
2319 4 2 1 1 453 529 554 528
2320 4 2 1 1 453 479 478 554
2321 4 2 1 1 453 553 528 554
2322 4 2 1 1 453 478 553 554
2323 4 2 1 1 454 455 480 555
2324 4 2 1 1 454 455 555 530
2325 4 2 1 1 454 530 555 529
2326 4 2 1 1 454 480 479 555
2327 4 2 1 1 454 554 529 555
2328 4 2 1 1 454 479 554 555
2329 4 2 1 1 455 456 481 556
2330 4 2 1 1 455 456 556 531
2331 4 2 1 1 455 531 556 530
2332 4 2 1 1 455 481 480 556
2333 4 2 1 1 455 555 530 556
2334 4 2 1 1 455 480 555 556
2335 4 2 1 1 456 457 482 557
2336 4 2 1 1 456 457 557 532
2337 4 2 1 1 456 532 557 531
2338 4 2 1 1 456 482 481 557
2339 4 2 1 1 456 556 531 557
2340 4 2 1 1 456 481 556 557
2341 4 2 1 1 457 458 483 558
2342 4 2 1 1 457 458 558 533
2343 4 2 1 1 457 533 558 532
2344 4 2 1 1 457 483 482 558
2345 4 2 1 1 457 557 532 558
2346 4 2 1 1 457 482 557 558
2347 4 2 1 1 458 459 484 559
2348 4 2 1 1 458 459 559 534
2349 4 2 1 1 458 534 559 533
2350 4 2 1 1 458 484 483 559
2351 4 2 1 1 458 558 533 559
2352 4 2 1 1 458 483 558 559
2353 4 2 1 1 459 460 485 560
2354 4 2 1 1 459 460 560 535
2355 4 2 1 1 459 535 560 534
2356 4 2 1 1 459 485 484 560
2357 4 2 1 1 459 559 534 560
2358 4 2 1 1 459 484 559 560
2359 4 2 1 1 460 461 486 561
2360 4 2 1 1 460 461 561 536
2361 4 2 1 1 460 536 561 535
2362 4 2 1 1 460 486 485 561
2363 4 2 1 1 460 560 535 561
2364 4 2 1 1 460 485 560 561
2365 4 2 1 1 461 462 487 562
2366 4 2 1 1 461 462 562 537
2367 4 2 1 1 461 537 562 536
2368 4 2 1 1 461 487 486 562
2369 4 2 1 1 461 561 536 562
2370 4 2 1 1 461 486 561 562
2371 4 2 1 1 462 463 488 563
2372 4 2 1 1 462 463 563 538
2373 4 2 1 1 462 538 563 537
2374 4 2 1 1 462 488 487 563
2375 4 2 1 1 462 562 537 563
2376 4 2 1 1 462 487 562 563
2377 4 2 1 1 463 464 489 564
2378 4 2 1 1 463 464 564 539
2379 4 2 1 1 463 539 564 538
2380 4 2 1 1 463 489 488 564
2381 4 2 1 1 463 563 538 564
2382 4 2 1 1 463 488 563 564
2383 4 2 1 1 464 465 490 565
2384 4 2 1 1 464 465 565 540
2385 4 2 1 1 464 540 565 539
2386 4 2 1 1 464 490 489 565
2387 4 2 1 1 464 564 539 565
2388 4 2 1 1 464 489 564 565
2389 4 2 1 1 465 466 491 566
2390 4 2 1 1 465 466 566 541
2391 4 2 1 1 465 541 566 540
2392 4 2 1 1 465 491 490 566
2393 4 2 1 1 465 565 540 566
2394 4 2 1 1 465 490 565 566
2395 4 2 1 1 466 467 492 567
2396 4 2 1 1 466 467 567 542
2397 4 2 1 1 466 542 567 541
2398 4 2 1 1 466 492 491 567
2399 4 2 1 1 466 566 541 567
2400 4 2 1 1 466 491 566 567
2401 4 2 1 1 467 468 493 568
2402 4 2 1 1 467 468 568 543
2403 4 2 1 1 467 543 568 542
2404 4 2 1 1 467 493 492 568
2405 4 2 1 1 467 567 542 568
2406 4 2 1 1 467 492 567 568
2407 4 2 1 1 468 469 494 569
2408 4 2 1 1 468 469 569 544
2409 4 2 1 1 468 544 569 543
2410 4 2 1 1 468 494 493 569
2411 4 2 1 1 468 568 543 569
2412 4 2 1 1 468 493 568 569
2413 4 2 1 1 469 470 495 570
2414 4 2 1 1 469 470 570 545
2415 4 2 1 1 469 545 570 544
2416 4 2 1 1 469 495 494 570
2417 4 2 1 1 469 569 544 570
2418 4 2 1 1 469 494 569 570
2419 4 2 1 1 470 471 496 571
2420 4 2 1 1 470 471 571 546
2421 4 2 1 1 470 546 571 545
2422 4 2 1 1 470 496 495 571
2423 4 2 1 1 470 570 545 571
2424 4 2 1 1 470 495 570 571
2425 4 2 1 1 471 472 497 572
2426 4 2 1 1 471 472 572 547
2427 4 2 1 1 471 547 572 546
2428 4 2 1 1 471 497 496 572
2429 4 2 1 1 471 571 546 572
2430 4 2 1 1 471 496 571 572
2431 4 2 1 1 472 473 498 573
2432 4 2 1 1 472 473 573 548
2433 4 2 1 1 472 548 573 547
2434 4 2 1 1 472 498 497 573
2435 4 2 1 1 472 572 547 573
2436 4 2 1 1 472 497 572 573
2437 4 2 1 1 473 474 499 574
2438 4 2 1 1 473 474 574 549
2439 4 2 1 1 473 549 574 548
2440 4 2 1 1 473 499 498 574
2441 4 2 1 1 473 573 548 574
2442 4 2 1 1 473 498 573 574
2443 4 2 1 1 474 475 500 575
2444 4 2 1 1 474 475 575 550
2445 4 2 1 1 474 550 575 549
2446 4 2 1 1 474 500 499 575
2447 4 2 1 1 474 574 549 575
2448 4 2 1 1 474 499 574 575
2449 4 2 1 1 476 477 502 577
2450 4 2 1 1 476 477 577 552
2451 4 2 1 1 476 552 577 551
2452 4 2 1 1 476 502 501 577
2453 4 2 1 1 476 576 551 577
2454 4 2 1 1 476 501 576 577
2455 4 2 1 1 477 478 503 578
2456 4 2 1 1 477 478 578 553
2457 4 2 1 1 477 553 578 552
2458 4 2 1 1 477 503 502 578
2459 4 2 1 1 477 577 552 578
2460 4 2 1 1 477 502 577 578
2461 4 2 1 1 478 479 504 579
2462 4 2 1 1 478 479 579 554
2463 4 2 1 1 478 554 579 553
2464 4 2 1 1 478 504 503 579
2465 4 2 1 1 478 578 553 579
2466 4 2 1 1 478 503 578 579
2467 4 2 1 1 479 480 505 580
2468 4 2 1 1 479 480 580 555
2469 4 2 1 1 479 555 580 554
2470 4 2 1 1 479 505 504 580
2471 4 2 1 1 479 579 554 580
2472 4 2 1 1 479 504 579 580
2473 4 2 1 1 480 481 506 581
2474 4 2 1 1 480 481 581 556
2475 4 2 1 1 480 556 581 555
2476 4 2 1 1 480 506 505 581
2477 4 2 1 1 480 580 555 581
2478 4 2 1 1 480 505 580 581
2479 4 2 1 1 481 482 507 582
2480 4 2 1 1 481 482 582 557
2481 4 2 1 1 481 557 582 556
2482 4 2 1 1 481 507 506 582
2483 4 2 1 1 481 581 556 582
2484 4 2 1 1 481 506 581 582
2485 4 2 1 1 482 483 508 583
2486 4 2 1 1 482 483 583 558
2487 4 2 1 1 482 558 583 557
2488 4 2 1 1 482 508 507 583
2489 4 2 1 1 482 582 557 583
2490 4 2 1 1 482 507 582 583
2491 4 2 1 1 483 484 509 584
2492 4 2 1 1 483 484 584 559
2493 4 2 1 1 483 559 584 558
2494 4 2 1 1 483 509 508 584
2495 4 2 1 1 483 583 558 584
2496 4 2 1 1 483 508 583 584
2497 4 2 1 1 484 485 510 585
2498 4 2 1 1 484 485 585 560
2499 4 2 1 1 484 560 585 559
2500 4 2 1 1 484 510 509 585
2501 4 2 1 1 484 584 559 585
2502 4 2 1 1 484 509 584 585
2503 4 2 1 1 485 486 511 586
2504 4 2 1 1 485 486 586 561
2505 4 2 1 1 485 561 586 560
2506 4 2 1 1 485 511 510 586
2507 4 2 1 1 485 585 560 586
2508 4 2 1 1 485 510 585 586
2509 4 2 1 1 486 487 512 587
2510 4 2 1 1 486 487 587 562
2511 4 2 1 1 486 562 587 561
2512 4 2 1 1 486 512 511 587
2513 4 2 1 1 486 586 561 587
2514 4 2 1 1 486 511 586 587
2515 4 2 1 1 487 488 513 588
2516 4 2 1 1 487 488 588 563
2517 4 2 1 1 487 563 588 562
2518 4 2 1 1 487 513 512 588
2519 4 2 1 1 487 587 562 588
2520 4 2 1 1 487 512 587 588
2521 4 2 1 1 488 489 514 589
2522 4 2 1 1 488 489 589 564
2523 4 2 1 1 488 564 589 563
2524 4 2 1 1 488 514 513 589
2525 4 2 1 1 488 588 563 589
2526 4 2 1 1 488 513 588 589
2527 4 2 1 1 489 490 515 590
2528 4 2 1 1 489 490 590 565
2529 4 2 1 1 489 565 590 564
2530 4 2 1 1 489 515 514 590
2531 4 2 1 1 489 589 564 590
2532 4 2 1 1 489 514 589 590
2533 4 2 1 1 490 491 516 591
2534 4 2 1 1 490 491 591 566
2535 4 2 1 1 490 566 591 565
2536 4 2 1 1 490 516 515 591
2537 4 2 1 1 490 590 565 591
2538 4 2 1 1 490 515 590 591
2539 4 2 1 1 491 492 517 592
2540 4 2 1 1 491 492 592 567
2541 4 2 1 1 491 567 592 566
2542 4 2 1 1 491 517 516 592
2543 4 2 1 1 491 591 566 592
2544 4 2 1 1 491 516 591 592
2545 4 2 1 1 492 493 518 593
2546 4 2 1 1 492 493 593 568
2547 4 2 1 1 492 568 593 567
2548 4 2 1 1 492 518 517 593
2549 4 2 1 1 492 592 567 593
2550 4 2 1 1 492 517 592 593
2551 4 2 1 1 493 494 519 594
2552 4 2 1 1 493 494 594 569
2553 4 2 1 1 493 569 594 568
2554 4 2 1 1 493 519 518 594
2555 4 2 1 1 493 593 568 594
2556 4 2 1 1 493 518 593 594
2557 4 2 1 1 494 495 520 595
2558 4 2 1 1 494 495 595 570
2559 4 2 1 1 494 570 595 569
2560 4 2 1 1 494 520 519 595
2561 4 2 1 1 494 594 569 595
2562 4 2 1 1 494 519 594 595
2563 4 2 1 1 495 496 521 596
2564 4 2 1 1 495 496 596 571
2565 4 2 1 1 495 571 596 570
2566 4 2 1 1 495 521 520 596
2567 4 2 1 1 495 595 570 596
2568 4 2 1 1 495 520 595 596
2569 4 2 1 1 496 497 522 597
2570 4 2 1 1 496 497 597 572
2571 4 2 1 1 496 572 597 571
2572 4 2 1 1 496 522 521 597
2573 4 2 1 1 496 596 571 597
2574 4 2 1 1 496 521 596 597
2575 4 2 1 1 497 498 523 598
2576 4 2 1 1 497 498 598 573
2577 4 2 1 1 497 573 598 572
2578 4 2 1 1 497 523 522 598
2579 4 2 1 1 497 597 572 598
2580 4 2 1 1 497 522 597 598
2581 4 2 1 1 498 499 524 599
2582 4 2 1 1 498 499 599 574
2583 4 2 1 1 498 574 599 573
2584 4 2 1 1 498 524 523 599
2585 4 2 1 1 498 598 573 599
2586 4 2 1 1 498 523 598 599
2587 4 2 1 1 499 500 525 600
2588 4 2 1 1 499 500 600 575
2589 4 2 1 1 499 575 600 574
2590 4 2 1 1 499 525 524 600
2591 4 2 1 1 499 599 574 600
2592 4 2 1 1 499 524 599 600
2593 4 2 1 1 526 527 552 627
2594 4 2 1 1 526 527 627 602
2595 4 2 1 1 526 602 627 601
2596 4 2 1 1 526 552 551 627
2597 4 2 1 1 526 626 601 627
2598 4 2 1 1 526 551 626 627
2599 4 2 1 1 527 528 553 628
2600 4 2 1 1 527 528 628 603
2601 4 2 1 1 527 603 628 602
2602 4 2 1 1 527 553 552 628
2603 4 2 1 1 527 627 602 628
2604 4 2 1 1 527 552 627 628
2605 4 2 1 1 528 529 554 629
2606 4 2 1 1 528 529 629 604
2607 4 2 1 1 528 604 629 603
2608 4 2 1 1 528 554 553 629
2609 4 2 1 1 528 628 603 629
2610 4 2 1 1 528 553 628 629
2611 4 2 1 1 529 530 555 630
2612 4 2 1 1 529 530 630 605
2613 4 2 1 1 529 605 630 604
2614 4 2 1 1 529 555 554 630
2615 4 2 1 1 529 629 604 630
2616 4 2 1 1 529 554 629 630
2617 4 2 1 1 530 531 556 631
2618 4 2 1 1 530 531 631 606
2619 4 2 1 1 530 606 631 605
2620 4 2 1 1 530 556 555 631
2621 4 2 1 1 530 630 605 631
2622 4 2 1 1 530 555 630 631
2623 4 2 1 1 531 532 557 632
2624 4 2 1 1 531 532 632 607
2625 4 2 1 1 531 607 632 606
2626 4 2 1 1 531 557 556 632
2627 4 2 1 1 531 631 606 632
2628 4 2 1 1 531 556 631 632
2629 4 2 1 1 532 533 558 633
2630 4 2 1 1 532 533 633 608
2631 4 2 1 1 532 608 633 607
2632 4 2 1 1 532 558 557 633
2633 4 2 1 1 532 632 607 633
2634 4 2 1 1 532 557 632 633
2635 4 2 1 1 533 534 559 634
2636 4 2 1 1 533 534 634 609
2637 4 2 1 1 533 609 634 608
2638 4 2 1 1 533 559 558 634
2639 4 2 1 1 533 633 608 634
2640 4 2 1 1 533 558 633 634
2641 4 2 1 1 534 535 560 635
2642 4 2 1 1 534 535 635 610
2643 4 2 1 1 534 610 635 609
2644 4 2 1 1 534 560 559 635
2645 4 2 1 1 534 634 609 635
2646 4 2 1 1 534 559 634 635
2647 4 2 1 1 535 536 561 636
2648 4 2 1 1 535 536 636 611
2649 4 2 1 1 535 611 636 610
2650 4 2 1 1 535 561 560 636
2651 4 2 1 1 535 635 610 636
2652 4 2 1 1 535 560 635 636
2653 4 2 1 1 536 537 562 637
2654 4 2 1 1 536 537 637 612
2655 4 2 1 1 536 612 637 611
2656 4 2 1 1 536 562 561 637
2657 4 2 1 1 536 636 611 637
2658 4 2 1 1 536 561 636 637
2659 4 2 1 1 537 538 563 638
2660 4 2 1 1 537 538 638 613
2661 4 2 1 1 537 613 638 612
2662 4 2 1 1 537 563 562 638
2663 4 2 1 1 537 637 612 638
2664 4 2 1 1 537 562 637 638
2665 4 2 1 1 538 539 564 639
2666 4 2 1 1 538 539 639 614
2667 4 2 1 1 538 614 639 613
2668 4 2 1 1 538 564 563 639
2669 4 2 1 1 538 638 613 639
2670 4 2 1 1 538 563 638 639
2671 4 2 1 1 539 540 565 640
2672 4 2 1 1 539 540 640 615
2673 4 2 1 1 539 615 640 614
2674 4 2 1 1 539 565 564 640
2675 4 2 1 1 539 639 614 640
2676 4 2 1 1 539 564 639 640
2677 4 2 1 1 540 541 566 641
2678 4 2 1 1 540 541 641 616
2679 4 2 1 1 540 616 641 615
2680 4 2 1 1 540 566 565 641
2681 4 2 1 1 540 640 615 641
2682 4 2 1 1 540 565 640 641
2683 4 2 1 1 541 542 567 642
2684 4 2 1 1 541 542 642 617
2685 4 2 1 1 541 617 642 616
2686 4 2 1 1 541 567 566 642
2687 4 2 1 1 541 641 616 642
2688 4 2 1 1 541 566 641 642
2689 4 2 1 1 542 543 568 643
2690 4 2 1 1 542 543 643 618
2691 4 2 1 1 542 618 643 617
2692 4 2 1 1 542 568 567 643
2693 4 2 1 1 542 642 617 643
2694 4 2 1 1 542 567 642 643
2695 4 2 1 1 543 544 569 644
2696 4 2 1 1 543 544 644 619
2697 4 2 1 1 543 619 644 618
2698 4 2 1 1 543 569 568 644
2699 4 2 1 1 543 643 618 644
2700 4 2 1 1 543 568 643 644
2701 4 2 1 1 544 545 570 645
2702 4 2 1 1 544 545 645 620
2703 4 2 1 1 544 620 645 619
2704 4 2 1 1 544 570 569 645
2705 4 2 1 1 544 644 619 645
2706 4 2 1 1 544 569 644 645
2707 4 2 1 1 545 546 571 646
2708 4 2 1 1 545 546 646 621
2709 4 2 1 1 545 621 646 620
2710 4 2 1 1 545 571 570 646
2711 4 2 1 1 545 645 620 646
2712 4 2 1 1 545 570 645 646
2713 4 2 1 1 546 547 572 647
2714 4 2 1 1 546 547 647 622
2715 4 2 1 1 546 622 647 621
2716 4 2 1 1 546 572 571 647
2717 4 2 1 1 546 646 621 647
2718 4 2 1 1 546 571 646 647
2719 4 2 1 1 547 548 573 648
2720 4 2 1 1 547 548 648 623
2721 4 2 1 1 547 623 648 622
2722 4 2 1 1 547 573 572 648
2723 4 2 1 1 547 647 622 648
2724 4 2 1 1 547 572 647 648
2725 4 2 1 1 548 549 574 649
2726 4 2 1 1 548 549 649 624
2727 4 2 1 1 548 624 649 623
2728 4 2 1 1 548 574 573 649
2729 4 2 1 1 548 648 623 649
2730 4 2 1 1 548 573 648 649
2731 4 2 1 1 549 550 575 650
2732 4 2 1 1 549 550 650 625
2733 4 2 1 1 549 625 650 624
2734 4 2 1 1 549 575 574 650
2735 4 2 1 1 549 649 624 650
2736 4 2 1 1 549 574 649 650
2737 4 2 1 1 551 552 577 652
2738 4 2 1 1 551 552 652 627
2739 4 2 1 1 551 627 652 626
2740 4 2 1 1 551 577 576 652
2741 4 2 1 1 551 651 626 652
2742 4 2 1 1 551 576 651 652
2743 4 2 1 1 552 553 578 653
2744 4 2 1 1 552 553 653 628
2745 4 2 1 1 552 628 653 627
2746 4 2 1 1 552 578 577 653
2747 4 2 1 1 552 652 627 653
2748 4 2 1 1 552 577 652 653
2749 4 2 1 1 553 554 579 654
2750 4 2 1 1 553 554 654 629
2751 4 2 1 1 553 629 654 628
2752 4 2 1 1 553 579 578 654
2753 4 2 1 1 553 653 628 654
2754 4 2 1 1 553 578 653 654
2755 4 2 1 1 554 555 580 655
2756 4 2 1 1 554 555 655 630
2757 4 2 1 1 554 630 655 629
2758 4 2 1 1 554 580 579 655
2759 4 2 1 1 554 654 629 655
2760 4 2 1 1 554 579 654 655
2761 4 2 1 1 555 556 581 656
2762 4 2 1 1 555 556 656 631
2763 4 2 1 1 555 631 656 630
2764 4 2 1 1 555 581 580 656
2765 4 2 1 1 555 655 630 656
2766 4 2 1 1 555 580 655 656
2767 4 2 1 1 556 557 582 657
2768 4 2 1 1 556 557 657 632
2769 4 2 1 1 556 632 657 631
2770 4 2 1 1 556 582 581 657
2771 4 2 1 1 556 656 631 657
2772 4 2 1 1 556 581 656 657
2773 4 2 1 1 557 558 583 658
2774 4 2 1 1 557 558 658 633
2775 4 2 1 1 557 633 658 632
2776 4 2 1 1 557 583 582 658
2777 4 2 1 1 557 657 632 658
2778 4 2 1 1 557 582 657 658
2779 4 2 1 1 558 559 584 659
2780 4 2 1 1 558 559 659 634
2781 4 2 1 1 558 634 659 633
2782 4 2 1 1 558 584 583 659
2783 4 2 1 1 558 658 633 659
2784 4 2 1 1 558 583 658 659
2785 4 2 1 1 559 560 585 660
2786 4 2 1 1 559 560 660 635
2787 4 2 1 1 559 635 660 634
2788 4 2 1 1 559 585 584 660
2789 4 2 1 1 559 659 634 660
2790 4 2 1 1 559 584 659 660
2791 4 2 1 1 560 561 586 661
2792 4 2 1 1 560 561 661 636
2793 4 2 1 1 560 636 661 635
2794 4 2 1 1 560 586 585 661
2795 4 2 1 1 560 660 635 661
2796 4 2 1 1 560 585 660 661
2797 4 2 1 1 561 562 587 662
2798 4 2 1 1 561 562 662 637
2799 4 2 1 1 561 637 662 636
2800 4 2 1 1 561 587 586 662
2801 4 2 1 1 561 661 636 662
2802 4 2 1 1 561 586 661 662
2803 4 2 1 1 562 563 588 663
2804 4 2 1 1 562 563 663 638
2805 4 2 1 1 562 638 663 637
2806 4 2 1 1 562 588 587 663
2807 4 2 1 1 562 662 637 663
2808 4 2 1 1 562 587 662 663
2809 4 2 1 1 563 564 589 664
2810 4 2 1 1 563 564 664 639
2811 4 2 1 1 563 639 664 638
2812 4 2 1 1 563 589 588 664
2813 4 2 1 1 563 663 638 664
2814 4 2 1 1 563 588 663 664
2815 4 2 1 1 564 565 590 665
2816 4 2 1 1 564 565 665 640
2817 4 2 1 1 564 640 665 639
2818 4 2 1 1 564 590 589 665
2819 4 2 1 1 564 664 639 665
2820 4 2 1 1 564 589 664 665
2821 4 2 1 1 565 566 591 666
2822 4 2 1 1 565 566 666 641
2823 4 2 1 1 565 641 666 640
2824 4 2 1 1 565 591 590 666
2825 4 2 1 1 565 665 640 666
2826 4 2 1 1 565 590 665 666
2827 4 2 1 1 566 567 592 667
2828 4 2 1 1 566 567 667 642
2829 4 2 1 1 566 642 667 641
2830 4 2 1 1 566 592 591 667
2831 4 2 1 1 566 666 641 667
2832 4 2 1 1 566 591 666 667
2833 4 2 1 1 567 568 593 668
2834 4 2 1 1 567 568 668 643
2835 4 2 1 1 567 643 668 642
2836 4 2 1 1 567 593 592 668
2837 4 2 1 1 567 667 642 668
2838 4 2 1 1 567 592 667 668
2839 4 2 1 1 568 569 594 669
2840 4 2 1 1 568 569 669 644
2841 4 2 1 1 568 644 669 643
2842 4 2 1 1 568 594 593 669
2843 4 2 1 1 568 668 643 669
2844 4 2 1 1 568 593 668 669
2845 4 2 1 1 569 570 595 670
2846 4 2 1 1 569 570 670 645
2847 4 2 1 1 569 645 670 644
2848 4 2 1 1 569 595 594 670
2849 4 2 1 1 569 669 644 670
2850 4 2 1 1 569 594 669 670
2851 4 2 1 1 570 571 596 671
2852 4 2 1 1 570 571 671 646
2853 4 2 1 1 570 646 671 645
2854 4 2 1 1 570 596 595 671
2855 4 2 1 1 570 670 645 671
2856 4 2 1 1 570 595 670 671
2857 4 2 1 1 571 572 597 672
2858 4 2 1 1 571 572 672 647
2859 4 2 1 1 571 647 672 646
2860 4 2 1 1 571 597 596 672
2861 4 2 1 1 571 671 646 672
2862 4 2 1 1 571 596 671 672
2863 4 2 1 1 572 573 598 673
2864 4 2 1 1 572 573 673 648
2865 4 2 1 1 572 648 673 647
2866 4 2 1 1 572 598 597 673
2867 4 2 1 1 572 672 647 673
2868 4 2 1 1 572 597 672 673
2869 4 2 1 1 573 574 599 674
2870 4 2 1 1 573 574 674 649
2871 4 2 1 1 573 649 674 648
2872 4 2 1 1 573 599 598 674
2873 4 2 1 1 573 673 648 674
2874 4 2 1 1 573 598 673 674
2875 4 2 1 1 574 575 600 675
2876 4 2 1 1 574 575 675 650
2877 4 2 1 1 574 650 675 649
2878 4 2 1 1 574 600 599 675
2879 4 2 1 1 574 674 649 675
2880 4 2 1 1 574 599 674 675
2881 4 2 1 1 601 602 627 702
2882 4 2 1 1 601 602 702 677
2883 4 2 1 1 601 677 702 676
2884 4 2 1 1 601 627 626 702
2885 4 2 1 1 601 701 676 702
2886 4 2 1 1 601 626 701 702
2887 4 2 1 1 602 603 628 703
2888 4 2 1 1 602 603 703 678
2889 4 2 1 1 602 678 703 677
2890 4 2 1 1 602 628 627 703
2891 4 2 1 1 602 702 677 703
2892 4 2 1 1 602 627 702 703
2893 4 2 1 1 603 604 629 704
2894 4 2 1 1 603 604 704 679
2895 4 2 1 1 603 679 704 678
2896 4 2 1 1 603 629 628 704
2897 4 2 1 1 603 703 678 704
2898 4 2 1 1 603 628 703 704
2899 4 2 1 1 604 605 630 705
2900 4 2 1 1 604 605 705 680
2901 4 2 1 1 604 680 705 679
2902 4 2 1 1 604 630 629 705
2903 4 2 1 1 604 704 679 705
2904 4 2 1 1 604 629 704 705
2905 4 2 1 1 605 606 631 706
2906 4 2 1 1 605 606 706 681
2907 4 2 1 1 605 681 706 680
2908 4 2 1 1 605 631 630 706
2909 4 2 1 1 605 705 680 706
2910 4 2 1 1 605 630 705 706
2911 4 2 1 1 606 607 632 707
2912 4 2 1 1 606 607 707 682
2913 4 2 1 1 606 682 707 681
2914 4 2 1 1 606 632 631 707
2915 4 2 1 1 606 706 681 707
2916 4 2 1 1 606 631 706 707
2917 4 2 1 1 607 608 633 708
2918 4 2 1 1 607 608 708 683
2919 4 2 1 1 607 683 708 682
2920 4 2 1 1 607 633 632 708
2921 4 2 1 1 607 707 682 708
2922 4 2 1 1 607 632 707 708
2923 4 2 1 1 608 609 634 709
2924 4 2 1 1 608 609 709 684
2925 4 2 1 1 608 684 709 683
2926 4 2 1 1 608 634 633 709
2927 4 2 1 1 608 708 683 709
2928 4 2 1 1 608 633 708 709
2929 4 2 1 1 609 610 635 710
2930 4 2 1 1 609 610 710 685
2931 4 2 1 1 609 685 710 684
2932 4 2 1 1 609 635 634 710
2933 4 2 1 1 609 709 684 710
2934 4 2 1 1 609 634 709 710
2935 4 2 1 1 610 611 636 711
2936 4 2 1 1 610 611 711 686
2937 4 2 1 1 610 686 711 685
2938 4 2 1 1 610 636 635 711
2939 4 2 1 1 610 710 685 711
2940 4 2 1 1 610 635 710 711
2941 4 2 1 1 611 612 637 712
2942 4 2 1 1 611 612 712 687
2943 4 2 1 1 611 687 712 686
2944 4 2 1 1 611 637 636 712
2945 4 2 1 1 611 711 686 712
2946 4 2 1 1 611 636 711 712
2947 4 2 1 1 612 613 638 713
2948 4 2 1 1 612 613 713 688
2949 4 2 1 1 612 688 713 687
2950 4 2 1 1 612 638 637 713
2951 4 2 1 1 612 712 687 713
2952 4 2 1 1 612 637 712 713
2953 4 2 1 1 613 614 639 714
2954 4 2 1 1 613 614 714 689
2955 4 2 1 1 613 689 714 688
2956 4 2 1 1 613 639 638 714
2957 4 2 1 1 613 713 688 714
2958 4 2 1 1 613 638 713 714
2959 4 2 1 1 614 615 640 715
2960 4 2 1 1 614 615 715 690
2961 4 2 1 1 614 690 715 689
2962 4 2 1 1 614 640 639 715
2963 4 2 1 1 614 714 689 715
2964 4 2 1 1 614 639 714 715
2965 4 2 1 1 615 616 641 716
2966 4 2 1 1 615 616 716 691
2967 4 2 1 1 615 691 716 690
2968 4 2 1 1 615 641 640 716
2969 4 2 1 1 615 715 690 716
2970 4 2 1 1 615 640 715 716
2971 4 2 1 1 616 617 642 717
2972 4 2 1 1 616 617 717 692
2973 4 2 1 1 616 692 717 691
2974 4 2 1 1 616 642 641 717
2975 4 2 1 1 616 716 691 717
2976 4 2 1 1 616 641 716 717
2977 4 2 1 1 617 618 643 718
2978 4 2 1 1 617 618 718 693
2979 4 2 1 1 617 693 718 692
2980 4 2 1 1 617 643 642 718
2981 4 2 1 1 617 717 692 718
2982 4 2 1 1 617 642 717 718
2983 4 2 1 1 618 619 644 719
2984 4 2 1 1 618 619 719 694
2985 4 2 1 1 618 694 719 693
2986 4 2 1 1 618 644 643 719
2987 4 2 1 1 618 718 693 719
2988 4 2 1 1 618 643 718 719
2989 4 2 1 1 619 620 645 720
2990 4 2 1 1 619 620 720 695
2991 4 2 1 1 619 695 720 694
2992 4 2 1 1 619 645 644 720
2993 4 2 1 1 619 719 694 720
2994 4 2 1 1 619 644 719 720
2995 4 2 1 1 620 621 646 721
2996 4 2 1 1 620 621 721 696
2997 4 2 1 1 620 696 721 695
2998 4 2 1 1 620 646 645 721
2999 4 2 1 1 620 720 695 721
3000 4 2 1 1 620 645 720 721
3001 4 2 1 1 621 622 647 722
3002 4 2 1 1 621 622 722 697
3003 4 2 1 1 621 697 722 696
3004 4 2 1 1 621 647 646 722
3005 4 2 1 1 621 721 696 722
3006 4 2 1 1 621 646 721 722
3007 4 2 1 1 622 623 648 723
3008 4 2 1 1 622 623 723 698
3009 4 2 1 1 622 698 723 697
3010 4 2 1 1 622 648 647 723
3011 4 2 1 1 622 722 697 723
3012 4 2 1 1 622 647 722 723
3013 4 2 1 1 623 624 649 724
3014 4 2 1 1 623 624 724 699
3015 4 2 1 1 623 699 724 698
3016 4 2 1 1 623 649 648 724
3017 4 2 1 1 623 723 698 724
3018 4 2 1 1 623 648 723 724
3019 4 2 1 1 624 625 650 725
3020 4 2 1 1 624 625 725 700
3021 4 2 1 1 624 700 725 699
3022 4 2 1 1 624 650 649 725
3023 4 2 1 1 624 724 699 725
3024 4 2 1 1 624 649 724 725
3025 4 2 1 1 626 627 652 727
3026 4 2 1 1 626 627 727 702
3027 4 2 1 1 626 702 727 701
3028 4 2 1 1 626 652 651 727
3029 4 2 1 1 626 726 701 727
3030 4 2 1 1 626 651 726 727
3031 4 2 1 1 627 628 653 728
3032 4 2 1 1 627 628 728 703
3033 4 2 1 1 627 703 728 702
3034 4 2 1 1 627 653 652 728
3035 4 2 1 1 627 727 702 728
3036 4 2 1 1 627 652 727 728
3037 4 2 1 1 628 629 654 729
3038 4 2 1 1 628 629 729 704
3039 4 2 1 1 628 704 729 703
3040 4 2 1 1 628 654 653 729
3041 4 2 1 1 628 728 703 729
3042 4 2 1 1 628 653 728 729
3043 4 2 1 1 629 630 655 730
3044 4 2 1 1 629 630 730 705
3045 4 2 1 1 629 705 730 704
3046 4 2 1 1 629 655 654 730
3047 4 2 1 1 629 729 704 730
3048 4 2 1 1 629 654 729 730
3049 4 2 1 1 630 631 656 731
3050 4 2 1 1 630 631 731 706
3051 4 2 1 1 630 706 731 705
3052 4 2 1 1 630 656 655 731
3053 4 2 1 1 630 730 705 731
3054 4 2 1 1 630 655 730 731
3055 4 2 1 1 631 632 657 732
3056 4 2 1 1 631 632 732 707
3057 4 2 1 1 631 707 732 706
3058 4 2 1 1 631 657 656 732
3059 4 2 1 1 631 731 706 732
3060 4 2 1 1 631 656 731 732
3061 4 2 1 1 632 633 658 733
3062 4 2 1 1 632 633 733 708
3063 4 2 1 1 632 708 733 707
3064 4 2 1 1 632 658 657 733
3065 4 2 1 1 632 732 707 733
3066 4 2 1 1 632 657 732 733
3067 4 2 1 1 633 634 659 734
3068 4 2 1 1 633 634 734 709
3069 4 2 1 1 633 709 734 708
3070 4 2 1 1 633 659 658 734
3071 4 2 1 1 633 733 708 734
3072 4 2 1 1 633 658 733 734
3073 4 2 1 1 634 635 660 735
3074 4 2 1 1 634 635 735 710
3075 4 2 1 1 634 710 735 709
3076 4 2 1 1 634 660 659 735
3077 4 2 1 1 634 734 709 735
3078 4 2 1 1 634 659 734 735
3079 4 2 1 1 635 636 661 736
3080 4 2 1 1 635 636 736 711
3081 4 2 1 1 635 711 736 710
3082 4 2 1 1 635 661 660 736
3083 4 2 1 1 635 735 710 736
3084 4 2 1 1 635 660 735 736
3085 4 2 1 1 636 637 662 737
3086 4 2 1 1 636 637 737 712
3087 4 2 1 1 636 712 737 711
3088 4 2 1 1 636 662 661 737
3089 4 2 1 1 636 736 711 737
3090 4 2 1 1 636 661 736 737
3091 4 2 1 1 637 638 663 738
3092 4 2 1 1 637 638 738 713
3093 4 2 1 1 637 713 738 712
3094 4 2 1 1 637 663 662 738
3095 4 2 1 1 637 737 712 738
3096 4 2 1 1 637 662 737 738
3097 4 2 1 1 638 639 664 739
3098 4 2 1 1 638 639 739 714
3099 4 2 1 1 638 714 739 713
3100 4 2 1 1 638 664 663 739
3101 4 2 1 1 638 738 713 739
3102 4 2 1 1 638 663 738 739
3103 4 2 1 1 639 640 665 740
3104 4 2 1 1 639 640 740 715
3105 4 2 1 1 639 715 740 714
3106 4 2 1 1 639 665 664 740
3107 4 2 1 1 639 739 714 740
3108 4 2 1 1 639 664 739 740
3109 4 2 1 1 640 641 666 741
3110 4 2 1 1 640 641 741 716
3111 4 2 1 1 640 716 741 715
3112 4 2 1 1 640 666 665 741
3113 4 2 1 1 640 740 715 741
3114 4 2 1 1 640 665 740 741
3115 4 2 1 1 641 642 667 742
3116 4 2 1 1 641 642 742 717
3117 4 2 1 1 641 717 742 716
3118 4 2 1 1 641 667 666 742
3119 4 2 1 1 641 741 716 742
3120 4 2 1 1 641 666 741 742
3121 4 2 1 1 642 643 668 743
3122 4 2 1 1 642 643 743 718
3123 4 2 1 1 642 718 743 717
3124 4 2 1 1 642 668 667 743
3125 4 2 1 1 642 742 717 743
3126 4 2 1 1 642 667 742 743
3127 4 2 1 1 643 644 669 744
3128 4 2 1 1 643 644 744 719
3129 4 2 1 1 643 719 744 718
3130 4 2 1 1 643 669 668 744
3131 4 2 1 1 643 743 718 744
3132 4 2 1 1 643 668 743 744
3133 4 2 1 1 644 645 670 745
3134 4 2 1 1 644 645 745 720
3135 4 2 1 1 644 720 745 719
3136 4 2 1 1 644 670 669 745
3137 4 2 1 1 644 744 719 745
3138 4 2 1 1 644 669 744 745
3139 4 2 1 1 645 646 671 746
3140 4 2 1 1 645 646 746 721
3141 4 2 1 1 645 721 746 720
3142 4 2 1 1 645 671 670 746
3143 4 2 1 1 645 745 720 746
3144 4 2 1 1 645 670 745 746
3145 4 2 1 1 646 647 672 747
3146 4 2 1 1 646 647 747 722
3147 4 2 1 1 646 722 747 721
3148 4 2 1 1 646 672 671 747
3149 4 2 1 1 646 746 721 747
3150 4 2 1 1 646 671 746 747
3151 4 2 1 1 647 648 673 748
3152 4 2 1 1 647 648 748 723
3153 4 2 1 1 647 723 748 722
3154 4 2 1 1 647 673 672 748
3155 4 2 1 1 647 747 722 748
3156 4 2 1 1 647 672 747 748
3157 4 2 1 1 648 649 674 749
3158 4 2 1 1 648 649 749 724
3159 4 2 1 1 648 724 749 723
3160 4 2 1 1 648 674 673 749
3161 4 2 1 1 648 748 723 749
3162 4 2 1 1 648 673 748 749
3163 4 2 1 1 649 650 675 750
3164 4 2 1 1 649 650 750 725
3165 4 2 1 1 649 725 750 724
3166 4 2 1 1 649 675 674 750
3167 4 2 1 1 649 749 724 750
3168 4 2 1 1 649 674 749 750
3169 4 2 1 1 676 677 702 777
3170 4 2 1 1 676 677 777 752
3171 4 2 1 1 676 752 777 751
3172 4 2 1 1 676 702 701 777
3173 4 2 1 1 676 776 751 777
3174 4 2 1 1 676 701 776 777
3175 4 2 1 1 677 678 703 778
3176 4 2 1 1 677 678 778 753
3177 4 2 1 1 677 753 778 752
3178 4 2 1 1 677 703 702 778
3179 4 2 1 1 677 777 752 778
3180 4 2 1 1 677 702 777 778
3181 4 2 1 1 678 679 704 779
3182 4 2 1 1 678 679 779 754
3183 4 2 1 1 678 754 779 753
3184 4 2 1 1 678 704 703 779
3185 4 2 1 1 678 778 753 779
3186 4 2 1 1 678 703 778 779
3187 4 2 1 1 679 680 705 780
3188 4 2 1 1 679 680 780 755
3189 4 2 1 1 679 755 780 754
3190 4 2 1 1 679 705 704 780
3191 4 2 1 1 679 779 754 780
3192 4 2 1 1 679 704 779 780
3193 4 2 1 1 680 681 706 781
3194 4 2 1 1 680 681 781 756
3195 4 2 1 1 680 756 781 755
3196 4 2 1 1 680 706 705 781
3197 4 2 1 1 680 780 755 781
3198 4 2 1 1 680 705 780 781
3199 4 2 1 1 681 682 707 782
3200 4 2 1 1 681 682 782 757
3201 4 2 1 1 681 757 782 756
3202 4 2 1 1 681 707 706 782
3203 4 2 1 1 681 781 756 782
3204 4 2 1 1 681 706 781 782
3205 4 2 1 1 682 683 708 783
3206 4 2 1 1 682 683 783 758
3207 4 2 1 1 682 758 783 757
3208 4 2 1 1 682 708 707 783
3209 4 2 1 1 682 782 757 783
3210 4 2 1 1 682 707 782 783
3211 4 2 1 1 683 684 709 784
3212 4 2 1 1 683 684 784 759
3213 4 2 1 1 683 759 784 758
3214 4 2 1 1 683 709 708 784
3215 4 2 1 1 683 783 758 784
3216 4 2 1 1 683 708 783 784
3217 4 2 1 1 684 685 710 785
3218 4 2 1 1 684 685 785 760
3219 4 2 1 1 684 760 785 759
3220 4 2 1 1 684 710 709 785
3221 4 2 1 1 684 784 759 785
3222 4 2 1 1 684 709 784 785
3223 4 2 1 1 685 686 711 786
3224 4 2 1 1 685 686 786 761
3225 4 2 1 1 685 761 786 760
3226 4 2 1 1 685 711 710 786
3227 4 2 1 1 685 785 760 786
3228 4 2 1 1 685 710 785 786
3229 4 2 1 1 686 687 712 787
3230 4 2 1 1 686 687 787 762
3231 4 2 1 1 686 762 787 761
3232 4 2 1 1 686 712 711 787
3233 4 2 1 1 686 786 761 787
3234 4 2 1 1 686 711 786 787
3235 4 2 1 1 687 688 713 788
3236 4 2 1 1 687 688 788 763
3237 4 2 1 1 687 763 788 762
3238 4 2 1 1 687 713 712 788
3239 4 2 1 1 687 787 762 788
3240 4 2 1 1 687 712 787 788
3241 4 2 1 1 688 689 714 789
3242 4 2 1 1 688 689 789 764
3243 4 2 1 1 688 764 789 763
3244 4 2 1 1 688 714 713 789
3245 4 2 1 1 688 788 763 789
3246 4 2 1 1 688 713 788 789
3247 4 2 1 1 689 690 715 790
3248 4 2 1 1 689 690 790 765
3249 4 2 1 1 689 765 790 764
3250 4 2 1 1 689 715 714 790
3251 4 2 1 1 689 789 764 790
3252 4 2 1 1 689 714 789 790
3253 4 2 1 1 690 691 716 791
3254 4 2 1 1 690 691 791 766
3255 4 2 1 1 690 766 791 765
3256 4 2 1 1 690 716 715 791
3257 4 2 1 1 690 790 765 791
3258 4 2 1 1 690 715 790 791
3259 4 2 1 1 691 692 717 792
3260 4 2 1 1 691 692 792 767
3261 4 2 1 1 691 767 792 766
3262 4 2 1 1 691 717 716 792
3263 4 2 1 1 691 791 766 792
3264 4 2 1 1 691 716 791 792
3265 4 2 1 1 692 693 718 793
3266 4 2 1 1 692 693 793 768
3267 4 2 1 1 692 768 793 767
3268 4 2 1 1 692 718 717 793
3269 4 2 1 1 692 792 767 793
3270 4 2 1 1 692 717 792 793
3271 4 2 1 1 693 694 719 794
3272 4 2 1 1 693 694 794 769
3273 4 2 1 1 693 769 794 768
3274 4 2 1 1 693 719 718 794
3275 4 2 1 1 693 793 768 794
3276 4 2 1 1 693 718 793 794
3277 4 2 1 1 694 695 720 795
3278 4 2 1 1 694 695 795 770
3279 4 2 1 1 694 770 795 769
3280 4 2 1 1 694 720 719 795
3281 4 2 1 1 694 794 769 795
3282 4 2 1 1 694 719 794 795
3283 4 2 1 1 695 696 721 796
3284 4 2 1 1 695 696 796 771
3285 4 2 1 1 695 771 796 770
3286 4 2 1 1 695 721 720 796
3287 4 2 1 1 695 795 770 796
3288 4 2 1 1 695 720 795 796
3289 4 2 1 1 696 697 722 797
3290 4 2 1 1 696 697 797 772
3291 4 2 1 1 696 772 797 771
3292 4 2 1 1 696 722 721 797
3293 4 2 1 1 696 796 771 797
3294 4 2 1 1 696 721 796 797
3295 4 2 1 1 697 698 723 798
3296 4 2 1 1 697 698 798 773
3297 4 2 1 1 697 773 798 772
3298 4 2 1 1 697 723 722 798
3299 4 2 1 1 697 797 772 798
3300 4 2 1 1 697 722 797 798
3301 4 2 1 1 698 699 724 799
3302 4 2 1 1 698 699 799 774
3303 4 2 1 1 698 774 799 773
3304 4 2 1 1 698 724 723 799
3305 4 2 1 1 698 798 773 799
3306 4 2 1 1 698 723 798 799
3307 4 2 1 1 699 700 725 800
3308 4 2 1 1 699 700 800 775
3309 4 2 1 1 699 775 800 774
3310 4 2 1 1 699 725 724 800
3311 4 2 1 1 699 799 774 800
3312 4 2 1 1 699 724 799 800
3313 4 2 1 1 701 702 727 802
3314 4 2 1 1 701 702 802 777
3315 4 2 1 1 701 777 802 776
3316 4 2 1 1 701 727 726 802
3317 4 2 1 1 701 801 776 802
3318 4 2 1 1 701 726 801 802
3319 4 2 1 1 702 703 728 803
3320 4 2 1 1 702 703 803 778
3321 4 2 1 1 702 778 803 777
3322 4 2 1 1 702 728 727 803
3323 4 2 1 1 702 802 777 803
3324 4 2 1 1 702 727 802 803
3325 4 2 1 1 703 704 729 804
3326 4 2 1 1 703 704 804 779
3327 4 2 1 1 703 779 804 778
3328 4 2 1 1 703 729 728 804
3329 4 2 1 1 703 803 778 804
3330 4 2 1 1 703 728 803 804
3331 4 2 1 1 704 705 730 805
3332 4 2 1 1 704 705 805 780
3333 4 2 1 1 704 780 805 779
3334 4 2 1 1 704 730 729 805
3335 4 2 1 1 704 804 779 805
3336 4 2 1 1 704 729 804 805
3337 4 2 1 1 705 706 731 806
3338 4 2 1 1 705 706 806 781
3339 4 2 1 1 705 781 806 780
3340 4 2 1 1 705 731 730 806
3341 4 2 1 1 705 805 780 806
3342 4 2 1 1 705 730 805 806
3343 4 2 1 1 706 707 732 807
3344 4 2 1 1 706 707 807 782
3345 4 2 1 1 706 782 807 781
3346 4 2 1 1 706 732 731 807
3347 4 2 1 1 706 806 781 807
3348 4 2 1 1 706 731 806 807
3349 4 2 1 1 707 708 733 808
3350 4 2 1 1 707 708 808 783
3351 4 2 1 1 707 783 808 782
3352 4 2 1 1 707 733 732 808
3353 4 2 1 1 707 807 782 808
3354 4 2 1 1 707 732 807 808
3355 4 2 1 1 708 709 734 809
3356 4 2 1 1 708 709 809 784
3357 4 2 1 1 708 784 809 783
3358 4 2 1 1 708 734 733 809
3359 4 2 1 1 708 808 783 809
3360 4 2 1 1 708 733 808 809
3361 4 2 1 1 709 710 735 810
3362 4 2 1 1 709 710 810 785
3363 4 2 1 1 709 785 810 784
3364 4 2 1 1 709 735 734 810
3365 4 2 1 1 709 809 784 810
3366 4 2 1 1 709 734 809 810
3367 4 2 1 1 710 711 736 811
3368 4 2 1 1 710 711 811 786
3369 4 2 1 1 710 786 811 785
3370 4 2 1 1 710 736 735 811
3371 4 2 1 1 710 810 785 811
3372 4 2 1 1 710 735 810 811
3373 4 2 1 1 711 712 737 812
3374 4 2 1 1 711 712 812 787
3375 4 2 1 1 711 787 812 786
3376 4 2 1 1 711 737 736 812
3377 4 2 1 1 711 811 786 812
3378 4 2 1 1 711 736 811 812
3379 4 2 1 1 712 713 738 813
3380 4 2 1 1 712 713 813 788
3381 4 2 1 1 712 788 813 787
3382 4 2 1 1 712 738 737 813
3383 4 2 1 1 712 812 787 813
3384 4 2 1 1 712 737 812 813
3385 4 2 1 1 713 714 739 814
3386 4 2 1 1 713 714 814 789
3387 4 2 1 1 713 789 814 788
3388 4 2 1 1 713 739 738 814
3389 4 2 1 1 713 813 788 814
3390 4 2 1 1 713 738 813 814
3391 4 2 1 1 714 715 740 815
3392 4 2 1 1 714 715 815 790
3393 4 2 1 1 714 790 815 789
3394 4 2 1 1 714 740 739 815
3395 4 2 1 1 714 814 789 815
3396 4 2 1 1 714 739 814 815
3397 4 2 1 1 715 716 741 816
3398 4 2 1 1 715 716 816 791
3399 4 2 1 1 715 791 816 790
3400 4 2 1 1 715 741 740 816
3401 4 2 1 1 715 815 790 816
3402 4 2 1 1 715 740 815 816
3403 4 2 1 1 716 717 742 817
3404 4 2 1 1 716 717 817 792
3405 4 2 1 1 716 792 817 791
3406 4 2 1 1 716 742 741 817
3407 4 2 1 1 716 816 791 817
3408 4 2 1 1 716 741 816 817
3409 4 2 1 1 717 718 743 818
3410 4 2 1 1 717 718 818 793
3411 4 2 1 1 717 793 818 792
3412 4 2 1 1 717 743 742 818
3413 4 2 1 1 717 817 792 818
3414 4 2 1 1 717 742 817 818
3415 4 2 1 1 718 719 744 819
3416 4 2 1 1 718 719 819 794
3417 4 2 1 1 718 794 819 793
3418 4 2 1 1 718 744 743 819
3419 4 2 1 1 718 818 793 819
3420 4 2 1 1 718 743 818 819
3421 4 2 1 1 719 720 745 820
3422 4 2 1 1 719 720 820 795
3423 4 2 1 1 719 795 820 794
3424 4 2 1 1 719 745 744 820
3425 4 2 1 1 719 819 794 820
3426 4 2 1 1 719 744 819 820
3427 4 2 1 1 720 721 746 821
3428 4 2 1 1 720 721 821 796
3429 4 2 1 1 720 796 821 795
3430 4 2 1 1 720 746 745 821
3431 4 2 1 1 720 820 795 821
3432 4 2 1 1 720 745 820 821
3433 4 2 1 1 721 722 747 822
3434 4 2 1 1 721 722 822 797
3435 4 2 1 1 721 797 822 796
3436 4 2 1 1 721 747 746 822
3437 4 2 1 1 721 821 796 822
3438 4 2 1 1 721 746 821 822
3439 4 2 1 1 722 723 748 823
3440 4 2 1 1 722 723 823 798
3441 4 2 1 1 722 798 823 797
3442 4 2 1 1 722 748 747 823
3443 4 2 1 1 722 822 797 823
3444 4 2 1 1 722 747 822 823
3445 4 2 1 1 723 724 749 824
3446 4 2 1 1 723 724 824 799
3447 4 2 1 1 723 799 824 798
3448 4 2 1 1 723 749 748 824
3449 4 2 1 1 723 823 798 824
3450 4 2 1 1 723 748 823 824
3451 4 2 1 1 724 725 750 825
3452 4 2 1 1 724 725 825 800
3453 4 2 1 1 724 800 825 799
3454 4 2 1 1 724 750 749 825
3455 4 2 1 1 724 824 799 825
3456 4 2 1 1 724 749 824 825
3457 4 2 1 1 751 752 777 852
3458 4 2 1 1 751 752 852 827
3459 4 2 1 1 751 827 852 826
3460 4 2 1 1 751 777 776 852
3461 4 2 1 1 751 851 826 852
3462 4 2 1 1 751 776 851 852
3463 4 2 1 1 752 753 778 853
3464 4 2 1 1 752 753 853 828
3465 4 2 1 1 752 828 853 827
3466 4 2 1 1 752 778 777 853
3467 4 2 1 1 752 852 827 853
3468 4 2 1 1 752 777 852 853
3469 4 2 1 1 753 754 779 854
3470 4 2 1 1 753 754 854 829
3471 4 2 1 1 753 829 854 828
3472 4 2 1 1 753 779 778 854
3473 4 2 1 1 753 853 828 854
3474 4 2 1 1 753 778 853 854
3475 4 2 1 1 754 755 780 855
3476 4 2 1 1 754 755 855 830
3477 4 2 1 1 754 830 855 829
3478 4 2 1 1 754 780 779 855
3479 4 2 1 1 754 854 829 855
3480 4 2 1 1 754 779 854 855
3481 4 2 1 1 755 756 781 856
3482 4 2 1 1 755 756 856 831
3483 4 2 1 1 755 831 856 830
3484 4 2 1 1 755 781 780 856
3485 4 2 1 1 755 855 830 856
3486 4 2 1 1 755 780 855 856
3487 4 2 1 1 756 757 782 857
3488 4 2 1 1 756 757 857 832
3489 4 2 1 1 756 832 857 831
3490 4 2 1 1 756 782 781 857
3491 4 2 1 1 756 856 831 857
3492 4 2 1 1 756 781 856 857
3493 4 2 1 1 757 758 783 858
3494 4 2 1 1 757 758 858 833
3495 4 2 1 1 757 833 858 832
3496 4 2 1 1 757 783 782 858
3497 4 2 1 1 757 857 832 858
3498 4 2 1 1 757 782 857 858
3499 4 2 1 1 758 759 784 859
3500 4 2 1 1 758 759 859 834
3501 4 2 1 1 758 834 859 833
3502 4 2 1 1 758 784 783 859
3503 4 2 1 1 758 858 833 859
3504 4 2 1 1 758 783 858 859
3505 4 2 1 1 759 760 785 860
3506 4 2 1 1 759 760 860 835
3507 4 2 1 1 759 835 860 834
3508 4 2 1 1 759 785 784 860
3509 4 2 1 1 759 859 834 860
3510 4 2 1 1 759 784 859 860
3511 4 2 1 1 760 761 786 861
3512 4 2 1 1 760 761 861 836
3513 4 2 1 1 760 836 861 835
3514 4 2 1 1 760 786 785 861
3515 4 2 1 1 760 860 835 861
3516 4 2 1 1 760 785 860 861
3517 4 2 1 1 761 762 787 862
3518 4 2 1 1 761 762 862 837
3519 4 2 1 1 761 837 862 836
3520 4 2 1 1 761 787 786 862
3521 4 2 1 1 761 861 836 862
3522 4 2 1 1 761 786 861 862
3523 4 2 1 1 762 763 788 863
3524 4 2 1 1 762 763 863 838
3525 4 2 1 1 762 838 863 837
3526 4 2 1 1 762 788 787 863
3527 4 2 1 1 762 862 837 863
3528 4 2 1 1 762 787 862 863
3529 4 2 1 1 763 764 789 864
3530 4 2 1 1 763 764 864 839
3531 4 2 1 1 763 839 864 838
3532 4 2 1 1 763 789 788 864
3533 4 2 1 1 763 863 838 864
3534 4 2 1 1 763 788 863 864
3535 4 2 1 1 764 765 790 865
3536 4 2 1 1 764 765 865 840
3537 4 2 1 1 764 840 865 839
3538 4 2 1 1 764 790 789 865
3539 4 2 1 1 764 864 839 865
3540 4 2 1 1 764 789 864 865
3541 4 2 1 1 765 766 791 866
3542 4 2 1 1 765 766 866 841
3543 4 2 1 1 765 841 866 840
3544 4 2 1 1 765 791 790 866
3545 4 2 1 1 765 865 840 866
3546 4 2 1 1 765 790 865 866
3547 4 2 1 1 766 767 792 867
3548 4 2 1 1 766 767 867 842
3549 4 2 1 1 766 842 867 841
3550 4 2 1 1 766 792 791 867
3551 4 2 1 1 766 866 841 867
3552 4 2 1 1 766 791 866 867
3553 4 2 1 1 767 768 793 868
3554 4 2 1 1 767 768 868 843
3555 4 2 1 1 767 843 868 842
3556 4 2 1 1 767 793 792 868
3557 4 2 1 1 767 867 842 868
3558 4 2 1 1 767 792 867 868
3559 4 2 1 1 768 769 794 869
3560 4 2 1 1 768 769 869 844
3561 4 2 1 1 768 844 869 843
3562 4 2 1 1 768 794 793 869
3563 4 2 1 1 768 868 843 869
3564 4 2 1 1 768 793 868 869
3565 4 2 1 1 769 770 795 870
3566 4 2 1 1 769 770 870 845
3567 4 2 1 1 769 845 870 844
3568 4 2 1 1 769 795 794 870
3569 4 2 1 1 769 869 844 870
3570 4 2 1 1 769 794 869 870
3571 4 2 1 1 770 771 796 871
3572 4 2 1 1 770 771 871 846
3573 4 2 1 1 770 846 871 845
3574 4 2 1 1 770 796 795 871
3575 4 2 1 1 770 870 845 871
3576 4 2 1 1 770 795 870 871
3577 4 2 1 1 771 772 797 872
3578 4 2 1 1 771 772 872 847
3579 4 2 1 1 771 847 872 846
3580 4 2 1 1 771 797 796 872
3581 4 2 1 1 771 871 846 872
3582 4 2 1 1 771 796 871 872
3583 4 2 1 1 772 773 798 873
3584 4 2 1 1 772 773 873 848
3585 4 2 1 1 772 848 873 847
3586 4 2 1 1 772 798 797 873
3587 4 2 1 1 772 872 847 873
3588 4 2 1 1 772 797 872 873
3589 4 2 1 1 773 774 799 874
3590 4 2 1 1 773 774 874 849
3591 4 2 1 1 773 849 874 848
3592 4 2 1 1 773 799 798 874
3593 4 2 1 1 773 873 848 874
3594 4 2 1 1 773 798 873 874
3595 4 2 1 1 774 775 800 875
3596 4 2 1 1 774 775 875 850
3597 4 2 1 1 774 850 875 849
3598 4 2 1 1 774 800 799 875
3599 4 2 1 1 774 874 849 875
3600 4 2 1 1 774 799 874 875
3601 4 2 1 1 776 777 802 877
3602 4 2 1 1 776 777 877 852
3603 4 2 1 1 776 852 877 851
3604 4 2 1 1 776 802 801 877
3605 4 2 1 1 776 876 851 877
3606 4 2 1 1 776 801 876 877
3607 4 2 1 1 777 778 803 878
3608 4 2 1 1 777 778 878 853
3609 4 2 1 1 777 853 878 852
3610 4 2 1 1 777 803 802 878
3611 4 2 1 1 777 877 852 878
3612 4 2 1 1 777 802 877 878
3613 4 2 1 1 778 779 804 879
3614 4 2 1 1 778 779 879 854
3615 4 2 1 1 778 854 879 853
3616 4 2 1 1 778 804 803 879
3617 4 2 1 1 778 878 853 879
3618 4 2 1 1 778 803 878 879
3619 4 2 1 1 779 780 805 880
3620 4 2 1 1 779 780 880 855
3621 4 2 1 1 779 855 880 854
3622 4 2 1 1 779 805 804 880
3623 4 2 1 1 779 879 854 880
3624 4 2 1 1 779 804 879 880
3625 4 2 1 1 780 781 806 881
3626 4 2 1 1 780 781 881 856
3627 4 2 1 1 780 856 881 855
3628 4 2 1 1 780 806 805 881
3629 4 2 1 1 780 880 855 881
3630 4 2 1 1 780 805 880 881
3631 4 2 1 1 781 782 807 882
3632 4 2 1 1 781 782 882 857
3633 4 2 1 1 781 857 882 856
3634 4 2 1 1 781 807 806 882
3635 4 2 1 1 781 881 856 882
3636 4 2 1 1 781 806 881 882
3637 4 2 1 1 782 783 808 883
3638 4 2 1 1 782 783 883 858
3639 4 2 1 1 782 858 883 857
3640 4 2 1 1 782 808 807 883
3641 4 2 1 1 782 882 857 883
3642 4 2 1 1 782 807 882 883
3643 4 2 1 1 783 784 809 884
3644 4 2 1 1 783 784 884 859
3645 4 2 1 1 783 859 884 858
3646 4 2 1 1 783 809 808 884
3647 4 2 1 1 783 883 858 884
3648 4 2 1 1 783 808 883 884
3649 4 2 1 1 784 785 810 885
3650 4 2 1 1 784 785 885 860
3651 4 2 1 1 784 860 885 859
3652 4 2 1 1 784 810 809 885
3653 4 2 1 1 784 884 859 885
3654 4 2 1 1 784 809 884 885
3655 4 2 1 1 785 786 811 886
3656 4 2 1 1 785 786 886 861
3657 4 2 1 1 785 861 886 860
3658 4 2 1 1 785 811 810 886
3659 4 2 1 1 785 885 860 886
3660 4 2 1 1 785 810 885 886
3661 4 2 1 1 786 787 812 887
3662 4 2 1 1 786 787 887 862
3663 4 2 1 1 786 862 887 861
3664 4 2 1 1 786 812 811 887
3665 4 2 1 1 786 886 861 887
3666 4 2 1 1 786 811 886 887
3667 4 2 1 1 787 788 813 888
3668 4 2 1 1 787 788 888 863
3669 4 2 1 1 787 863 888 862
3670 4 2 1 1 787 813 812 888
3671 4 2 1 1 787 887 862 888
3672 4 2 1 1 787 812 887 888
3673 4 2 1 1 788 789 814 889
3674 4 2 1 1 788 789 889 864
3675 4 2 1 1 788 864 889 863
3676 4 2 1 1 788 814 813 889
3677 4 2 1 1 788 888 863 889
3678 4 2 1 1 788 813 888 889
3679 4 2 1 1 789 790 815 890
3680 4 2 1 1 789 790 890 865
3681 4 2 1 1 789 865 890 864
3682 4 2 1 1 789 815 814 890
3683 4 2 1 1 789 889 864 890
3684 4 2 1 1 789 814 889 890
3685 4 2 1 1 790 791 816 891
3686 4 2 1 1 790 791 891 866
3687 4 2 1 1 790 866 891 865
3688 4 2 1 1 790 816 815 891
3689 4 2 1 1 790 890 865 891
3690 4 2 1 1 790 815 890 891
3691 4 2 1 1 791 792 817 892
3692 4 2 1 1 791 792 892 867
3693 4 2 1 1 791 867 892 866
3694 4 2 1 1 791 817 816 892
3695 4 2 1 1 791 891 866 892
3696 4 2 1 1 791 816 891 892
3697 4 2 1 1 792 793 818 893
3698 4 2 1 1 792 793 893 868
3699 4 2 1 1 792 868 893 867
3700 4 2 1 1 792 818 817 893
3701 4 2 1 1 792 892 867 893
3702 4 2 1 1 792 817 892 893
3703 4 2 1 1 793 794 819 894
3704 4 2 1 1 793 794 894 869
3705 4 2 1 1 793 869 894 868
3706 4 2 1 1 793 819 818 894
3707 4 2 1 1 793 893 868 894
3708 4 2 1 1 793 818 893 894
3709 4 2 1 1 794 795 820 895
3710 4 2 1 1 794 795 895 870
3711 4 2 1 1 794 870 895 869
3712 4 2 1 1 794 820 819 895
3713 4 2 1 1 794 894 869 895
3714 4 2 1 1 794 819 894 895
3715 4 2 1 1 795 796 821 896
3716 4 2 1 1 795 796 896 871
3717 4 2 1 1 795 871 896 870
3718 4 2 1 1 795 821 820 896
3719 4 2 1 1 795 895 870 896
3720 4 2 1 1 795 820 895 896
3721 4 2 1 1 796 797 822 897
3722 4 2 1 1 796 797 897 872
3723 4 2 1 1 796 872 897 871
3724 4 2 1 1 796 822 821 897
3725 4 2 1 1 796 896 871 897
3726 4 2 1 1 796 821 896 897
3727 4 2 1 1 797 798 823 898
3728 4 2 1 1 797 798 898 873
3729 4 2 1 1 797 873 898 872
3730 4 2 1 1 797 823 822 898
3731 4 2 1 1 797 897 872 898
3732 4 2 1 1 797 822 897 898
3733 4 2 1 1 798 799 824 899
3734 4 2 1 1 798 799 899 874
3735 4 2 1 1 798 874 899 873
3736 4 2 1 1 798 824 823 899
3737 4 2 1 1 798 898 873 899
3738 4 2 1 1 798 823 898 899
3739 4 2 1 1 799 800 825 900
3740 4 2 1 1 799 800 900 875
3741 4 2 1 1 799 875 900 874
3742 4 2 1 1 799 825 824 900
3743 4 2 1 1 799 899 874 900
3744 4 2 1 1 799 824 899 900
3745 4 2 1 1 826 827 852 927
3746 4 2 1 1 826 827 927 902
3747 4 2 1 1 826 902 927 901
3748 4 2 1 1 826 852 851 927
3749 4 2 1 1 826 926 901 927
3750 4 2 1 1 826 851 926 927
3751 4 2 1 1 827 828 853 928
3752 4 2 1 1 827 828 928 903
3753 4 2 1 1 827 903 928 902
3754 4 2 1 1 827 853 852 928
3755 4 2 1 1 827 927 902 928
3756 4 2 1 1 827 852 927 928
3757 4 2 1 1 828 829 854 929
3758 4 2 1 1 828 829 929 904
3759 4 2 1 1 828 904 929 903
3760 4 2 1 1 828 854 853 929
3761 4 2 1 1 828 928 903 929
3762 4 2 1 1 828 853 928 929
3763 4 2 1 1 829 830 855 930
3764 4 2 1 1 829 830 930 905
3765 4 2 1 1 829 905 930 904
3766 4 2 1 1 829 855 854 930
3767 4 2 1 1 829 929 904 930
3768 4 2 1 1 829 854 929 930
3769 4 2 1 1 830 831 856 931
3770 4 2 1 1 830 831 931 906
3771 4 2 1 1 830 906 931 905
3772 4 2 1 1 830 856 855 931
3773 4 2 1 1 830 930 905 931
3774 4 2 1 1 830 855 930 931
3775 4 2 1 1 831 832 857 932
3776 4 2 1 1 831 832 932 907
3777 4 2 1 1 831 907 932 906
3778 4 2 1 1 831 857 856 932
3779 4 2 1 1 831 931 906 932
3780 4 2 1 1 831 856 931 932
3781 4 2 1 1 832 833 858 933
3782 4 2 1 1 832 833 933 908
3783 4 2 1 1 832 908 933 907
3784 4 2 1 1 832 858 857 933
3785 4 2 1 1 832 932 907 933
3786 4 2 1 1 832 857 932 933
3787 4 2 1 1 833 834 859 934
3788 4 2 1 1 833 834 934 909
3789 4 2 1 1 833 909 934 908
3790 4 2 1 1 833 859 858 934
3791 4 2 1 1 833 933 908 934
3792 4 2 1 1 833 858 933 934
3793 4 2 1 1 834 835 860 935
3794 4 2 1 1 834 835 935 910
3795 4 2 1 1 834 910 935 909
3796 4 2 1 1 834 860 859 935
3797 4 2 1 1 834 934 909 935
3798 4 2 1 1 834 859 934 935
3799 4 2 1 1 835 836 861 936
3800 4 2 1 1 835 836 936 911
3801 4 2 1 1 835 911 936 910
3802 4 2 1 1 835 861 860 936
3803 4 2 1 1 835 935 910 936
3804 4 2 1 1 835 860 935 936
3805 4 2 1 1 836 837 862 937
3806 4 2 1 1 836 837 937 912
3807 4 2 1 1 836 912 937 911
3808 4 2 1 1 836 862 861 937
3809 4 2 1 1 836 936 911 937
3810 4 2 1 1 836 861 936 937
3811 4 2 1 1 837 838 863 938
3812 4 2 1 1 837 838 938 913
3813 4 2 1 1 837 913 938 912
3814 4 2 1 1 837 863 862 938
3815 4 2 1 1 837 937 912 938
3816 4 2 1 1 837 862 937 938
3817 4 2 1 1 838 839 864 939
3818 4 2 1 1 838 839 939 914
3819 4 2 1 1 838 914 939 913
3820 4 2 1 1 838 864 863 939
3821 4 2 1 1 838 938 913 939
3822 4 2 1 1 838 863 938 939
3823 4 2 1 1 839 840 865 940
3824 4 2 1 1 839 840 940 915
3825 4 2 1 1 839 915 940 914
3826 4 2 1 1 839 865 864 940
3827 4 2 1 1 839 939 914 940
3828 4 2 1 1 839 864 939 940
3829 4 2 1 1 840 841 866 941
3830 4 2 1 1 840 841 941 916
3831 4 2 1 1 840 916 941 915
3832 4 2 1 1 840 866 865 941
3833 4 2 1 1 840 940 915 941
3834 4 2 1 1 840 865 940 941
3835 4 2 1 1 841 842 867 942
3836 4 2 1 1 841 842 942 917
3837 4 2 1 1 841 917 942 916
3838 4 2 1 1 841 867 866 942
3839 4 2 1 1 841 941 916 942
3840 4 2 1 1 841 866 941 942
3841 4 2 1 1 842 843 868 943
3842 4 2 1 1 842 843 943 918
3843 4 2 1 1 842 918 943 917
3844 4 2 1 1 842 868 867 943
3845 4 2 1 1 842 942 917 943
3846 4 2 1 1 842 867 942 943
3847 4 2 1 1 843 844 869 944
3848 4 2 1 1 843 844 944 919
3849 4 2 1 1 843 919 944 918
3850 4 2 1 1 843 869 868 944
3851 4 2 1 1 843 943 918 944
3852 4 2 1 1 843 868 943 944
3853 4 2 1 1 844 845 870 945
3854 4 2 1 1 844 845 945 920
3855 4 2 1 1 844 920 945 919
3856 4 2 1 1 844 870 869 945
3857 4 2 1 1 844 944 919 945
3858 4 2 1 1 844 869 944 945
3859 4 2 1 1 845 846 871 946
3860 4 2 1 1 845 846 946 921
3861 4 2 1 1 845 921 946 920
3862 4 2 1 1 845 871 870 946
3863 4 2 1 1 845 945 920 946
3864 4 2 1 1 845 870 945 946
3865 4 2 1 1 846 847 872 947
3866 4 2 1 1 846 847 947 922
3867 4 2 1 1 846 922 947 921
3868 4 2 1 1 846 872 871 947
3869 4 2 1 1 846 946 921 947
3870 4 2 1 1 846 871 946 947
3871 4 2 1 1 847 848 873 948
3872 4 2 1 1 847 848 948 923
3873 4 2 1 1 847 923 948 922
3874 4 2 1 1 847 873 872 948
3875 4 2 1 1 847 947 922 948
3876 4 2 1 1 847 872 947 948
3877 4 2 1 1 848 849 874 949
3878 4 2 1 1 848 849 949 924
3879 4 2 1 1 848 924 949 923
3880 4 2 1 1 848 874 873 949
3881 4 2 1 1 848 948 923 949
3882 4 2 1 1 848 873 948 949
3883 4 2 1 1 849 850 875 950
3884 4 2 1 1 849 850 950 925
3885 4 2 1 1 849 925 950 924
3886 4 2 1 1 849 875 874 950
3887 4 2 1 1 849 949 924 950
3888 4 2 1 1 849 874 949 950
3889 4 2 1 1 851 852 877 952
3890 4 2 1 1 851 852 952 927
3891 4 2 1 1 851 927 952 926
3892 4 2 1 1 851 877 876 952
3893 4 2 1 1 851 951 926 952
3894 4 2 1 1 851 876 951 952
3895 4 2 1 1 852 853 878 953
3896 4 2 1 1 852 853 953 928
3897 4 2 1 1 852 928 953 927
3898 4 2 1 1 852 878 877 953
3899 4 2 1 1 852 952 927 953
3900 4 2 1 1 852 877 952 953
3901 4 2 1 1 853 854 879 954
3902 4 2 1 1 853 854 954 929
3903 4 2 1 1 853 929 954 928
3904 4 2 1 1 853 879 878 954
3905 4 2 1 1 853 953 928 954
3906 4 2 1 1 853 878 953 954
3907 4 2 1 1 854 855 880 955
3908 4 2 1 1 854 855 955 930
3909 4 2 1 1 854 930 955 929
3910 4 2 1 1 854 880 879 955
3911 4 2 1 1 854 954 929 955
3912 4 2 1 1 854 879 954 955
3913 4 2 1 1 855 856 881 956
3914 4 2 1 1 855 856 956 931
3915 4 2 1 1 855 931 956 930
3916 4 2 1 1 855 881 880 956
3917 4 2 1 1 855 955 930 956
3918 4 2 1 1 855 880 955 956
3919 4 2 1 1 856 857 882 957
3920 4 2 1 1 856 857 957 932
3921 4 2 1 1 856 932 957 931
3922 4 2 1 1 856 882 881 957
3923 4 2 1 1 856 956 931 957
3924 4 2 1 1 856 881 956 957
3925 4 2 1 1 857 858 883 958
3926 4 2 1 1 857 858 958 933
3927 4 2 1 1 857 933 958 932
3928 4 2 1 1 857 883 882 958
3929 4 2 1 1 857 957 932 958
3930 4 2 1 1 857 882 957 958
3931 4 2 1 1 858 859 884 959
3932 4 2 1 1 858 859 959 934
3933 4 2 1 1 858 934 959 933
3934 4 2 1 1 858 884 883 959
3935 4 2 1 1 858 958 933 959
3936 4 2 1 1 858 883 958 959
3937 4 2 1 1 859 860 885 960
3938 4 2 1 1 859 860 960 935
3939 4 2 1 1 859 935 960 934
3940 4 2 1 1 859 885 884 960
3941 4 2 1 1 859 959 934 960
3942 4 2 1 1 859 884 959 960
3943 4 2 1 1 860 861 886 961
3944 4 2 1 1 860 861 961 936
3945 4 2 1 1 860 936 961 935
3946 4 2 1 1 860 886 885 961
3947 4 2 1 1 860 960 935 961
3948 4 2 1 1 860 885 960 961
3949 4 2 1 1 861 862 887 962
3950 4 2 1 1 861 862 962 937
3951 4 2 1 1 861 937 962 936
3952 4 2 1 1 861 887 886 962
3953 4 2 1 1 861 961 936 962
3954 4 2 1 1 861 886 961 962
3955 4 2 1 1 862 863 888 963
3956 4 2 1 1 862 863 963 938
3957 4 2 1 1 862 938 963 937
3958 4 2 1 1 862 888 887 963
3959 4 2 1 1 862 962 937 963
3960 4 2 1 1 862 887 962 963
3961 4 2 1 1 863 864 889 964
3962 4 2 1 1 863 864 964 939
3963 4 2 1 1 863 939 964 938
3964 4 2 1 1 863 889 888 964
3965 4 2 1 1 863 963 938 964
3966 4 2 1 1 863 888 963 964
3967 4 2 1 1 864 865 890 965
3968 4 2 1 1 864 865 965 940
3969 4 2 1 1 864 940 965 939
3970 4 2 1 1 864 890 889 965
3971 4 2 1 1 864 964 939 965
3972 4 2 1 1 864 889 964 965
3973 4 2 1 1 865 866 891 966
3974 4 2 1 1 865 866 966 941
3975 4 2 1 1 865 941 966 940
3976 4 2 1 1 865 891 890 966
3977 4 2 1 1 865 965 940 966
3978 4 2 1 1 865 890 965 966
3979 4 2 1 1 866 867 892 967
3980 4 2 1 1 866 867 967 942
3981 4 2 1 1 866 942 967 941
3982 4 2 1 1 866 892 891 967
3983 4 2 1 1 866 966 941 967
3984 4 2 1 1 866 891 966 967
3985 4 2 1 1 867 868 893 968
3986 4 2 1 1 867 868 968 943
3987 4 2 1 1 867 943 968 942
3988 4 2 1 1 867 893 892 968
3989 4 2 1 1 867 967 942 968
3990 4 2 1 1 867 892 967 968
3991 4 2 1 1 868 869 894 969
3992 4 2 1 1 868 869 969 944
3993 4 2 1 1 868 944 969 943
3994 4 2 1 1 868 894 893 969
3995 4 2 1 1 868 968 943 969
3996 4 2 1 1 868 893 968 969
3997 4 2 1 1 869 870 895 970
3998 4 2 1 1 869 870 970 945
3999 4 2 1 1 869 945 970 944
4000 4 2 1 1 869 895 894 970
4001 4 2 1 1 869 969 944 970
4002 4 2 1 1 869 894 969 970
4003 4 2 1 1 870 871 896 971
4004 4 2 1 1 870 871 971 946
4005 4 2 1 1 870 946 971 945
4006 4 2 1 1 870 896 895 971
4007 4 2 1 1 870 970 945 971
4008 4 2 1 1 870 895 970 971
4009 4 2 1 1 871 872 897 972
4010 4 2 1 1 871 872 972 947
4011 4 2 1 1 871 947 972 946
4012 4 2 1 1 871 897 896 972
4013 4 2 1 1 871 971 946 972
4014 4 2 1 1 871 896 971 972
4015 4 2 1 1 872 873 898 973
4016 4 2 1 1 872 873 973 948
4017 4 2 1 1 872 948 973 947
4018 4 2 1 1 872 898 897 973
4019 4 2 1 1 872 972 947 973
4020 4 2 1 1 872 897 972 973
4021 4 2 1 1 873 874 899 974
4022 4 2 1 1 873 874 974 949
4023 4 2 1 1 873 949 974 948
4024 4 2 1 1 873 899 898 974
4025 4 2 1 1 873 973 948 974
4026 4 2 1 1 873 898 973 974
4027 4 2 1 1 874 875 900 975
4028 4 2 1 1 874 875 975 950
4029 4 2 1 1 874 950 975 949
4030 4 2 1 1 874 900 899 975
4031 4 2 1 1 874 974 949 975
4032 4 2 1 1 874 899 974 975
4033 4 2 1 1 901 902 927 1002
4034 4 2 1 1 901 902 1002 977
4035 4 2 1 1 901 977 1002 976
4036 4 2 1 1 901 927 926 1002
4037 4 2 1 1 901 1001 976 1002
4038 4 2 1 1 901 926 1001 1002
4039 4 2 1 1 902 903 928 1003
4040 4 2 1 1 902 903 1003 978
4041 4 2 1 1 902 978 1003 977
4042 4 2 1 1 902 928 927 1003
4043 4 2 1 1 902 1002 977 1003
4044 4 2 1 1 902 927 1002 1003
4045 4 2 1 1 903 904 929 1004
4046 4 2 1 1 903 904 1004 979
4047 4 2 1 1 903 979 1004 978
4048 4 2 1 1 903 929 928 1004
4049 4 2 1 1 903 1003 978 1004
4050 4 2 1 1 903 928 1003 1004
4051 4 2 1 1 904 905 930 1005
4052 4 2 1 1 904 905 1005 980
4053 4 2 1 1 904 980 1005 979
4054 4 2 1 1 904 930 929 1005
4055 4 2 1 1 904 1004 979 1005
4056 4 2 1 1 904 929 1004 1005
4057 4 2 1 1 905 906 931 1006
4058 4 2 1 1 905 906 1006 981
4059 4 2 1 1 905 981 1006 980
4060 4 2 1 1 905 931 930 1006
4061 4 2 1 1 905 1005 980 1006
4062 4 2 1 1 905 930 1005 1006
4063 4 2 1 1 906 907 932 1007
4064 4 2 1 1 906 907 1007 982
4065 4 2 1 1 906 982 1007 981
4066 4 2 1 1 906 932 931 1007
4067 4 2 1 1 906 1006 981 1007
4068 4 2 1 1 906 931 1006 1007
4069 4 2 1 1 907 908 933 1008
4070 4 2 1 1 907 908 1008 983
4071 4 2 1 1 907 983 1008 982
4072 4 2 1 1 907 933 932 1008
4073 4 2 1 1 907 1007 982 1008
4074 4 2 1 1 907 932 1007 1008
4075 4 2 1 1 908 909 934 1009
4076 4 2 1 1 908 909 1009 984
4077 4 2 1 1 908 984 1009 983
4078 4 2 1 1 908 934 933 1009
4079 4 2 1 1 908 1008 983 1009
4080 4 2 1 1 908 933 1008 1009
4081 4 2 1 1 909 910 935 1010
4082 4 2 1 1 909 910 1010 985
4083 4 2 1 1 909 985 1010 984
4084 4 2 1 1 909 935 934 1010
4085 4 2 1 1 909 1009 984 1010
4086 4 2 1 1 909 934 1009 1010
4087 4 2 1 1 910 911 936 1011
4088 4 2 1 1 910 911 1011 986
4089 4 2 1 1 910 986 1011 985
4090 4 2 1 1 910 936 935 1011
4091 4 2 1 1 910 1010 985 1011
4092 4 2 1 1 910 935 1010 1011
4093 4 2 1 1 911 912 937 1012
4094 4 2 1 1 911 912 1012 987
4095 4 2 1 1 911 987 1012 986
4096 4 2 1 1 911 937 936 1012
4097 4 2 1 1 911 1011 986 1012
4098 4 2 1 1 911 936 1011 1012
4099 4 2 1 1 912 913 938 1013
4100 4 2 1 1 912 913 1013 988
4101 4 2 1 1 912 988 1013 987
4102 4 2 1 1 912 938 937 1013
4103 4 2 1 1 912 1012 987 1013
4104 4 2 1 1 912 937 1012 1013
4105 4 2 1 1 913 914 939 1014
4106 4 2 1 1 913 914 1014 989
4107 4 2 1 1 913 989 1014 988
4108 4 2 1 1 913 939 938 1014
4109 4 2 1 1 913 1013 988 1014
4110 4 2 1 1 913 938 1013 1014
4111 4 2 1 1 914 915 940 1015
4112 4 2 1 1 914 915 1015 990
4113 4 2 1 1 914 990 1015 989
4114 4 2 1 1 914 940 939 1015
4115 4 2 1 1 914 1014 989 1015
4116 4 2 1 1 914 939 1014 1015
4117 4 2 1 1 915 916 941 1016
4118 4 2 1 1 915 916 1016 991
4119 4 2 1 1 915 991 1016 990
4120 4 2 1 1 915 941 940 1016
4121 4 2 1 1 915 1015 990 1016
4122 4 2 1 1 915 940 1015 1016
4123 4 2 1 1 916 917 942 1017
4124 4 2 1 1 916 917 1017 992
4125 4 2 1 1 916 992 1017 991
4126 4 2 1 1 916 942 941 1017
4127 4 2 1 1 916 1016 991 1017
4128 4 2 1 1 916 941 1016 1017
4129 4 2 1 1 917 918 943 1018
4130 4 2 1 1 917 918 1018 993
4131 4 2 1 1 917 993 1018 992
4132 4 2 1 1 917 943 942 1018
4133 4 2 1 1 917 1017 992 1018
4134 4 2 1 1 917 942 1017 1018
4135 4 2 1 1 918 919 944 1019
4136 4 2 1 1 918 919 1019 994
4137 4 2 1 1 918 994 1019 993
4138 4 2 1 1 918 944 943 1019
4139 4 2 1 1 918 1018 993 1019
4140 4 2 1 1 918 943 1018 1019
4141 4 2 1 1 919 920 945 1020
4142 4 2 1 1 919 920 1020 995
4143 4 2 1 1 919 995 1020 994
4144 4 2 1 1 919 945 944 1020
4145 4 2 1 1 919 1019 994 1020
4146 4 2 1 1 919 944 1019 1020
4147 4 2 1 1 920 921 946 1021
4148 4 2 1 1 920 921 1021 996
4149 4 2 1 1 920 996 1021 995
4150 4 2 1 1 920 946 945 1021
4151 4 2 1 1 920 1020 995 1021
4152 4 2 1 1 920 945 1020 1021
4153 4 2 1 1 921 922 947 1022
4154 4 2 1 1 921 922 1022 997
4155 4 2 1 1 921 997 1022 996
4156 4 2 1 1 921 947 946 1022
4157 4 2 1 1 921 1021 996 1022
4158 4 2 1 1 921 946 1021 1022
4159 4 2 1 1 922 923 948 1023
4160 4 2 1 1 922 923 1023 998
4161 4 2 1 1 922 998 1023 997
4162 4 2 1 1 922 948 947 1023
4163 4 2 1 1 922 1022 997 1023
4164 4 2 1 1 922 947 1022 1023
4165 4 2 1 1 923 924 949 1024
4166 4 2 1 1 923 924 1024 999
4167 4 2 1 1 923 999 1024 998
4168 4 2 1 1 923 949 948 1024
4169 4 2 1 1 923 1023 998 1024
4170 4 2 1 1 923 948 1023 1024
4171 4 2 1 1 924 925 950 1025
4172 4 2 1 1 924 925 1025 1000
4173 4 2 1 1 924 1000 1025 999
4174 4 2 1 1 924 950 949 1025
4175 4 2 1 1 924 1024 999 1025
4176 4 2 1 1 924 949 1024 1025
4177 4 2 1 1 926 927 952 1027
4178 4 2 1 1 926 927 1027 1002
4179 4 2 1 1 926 1002 1027 1001
4180 4 2 1 1 926 952 951 1027
4181 4 2 1 1 926 1026 1001 1027
4182 4 2 1 1 926 951 1026 1027
4183 4 2 1 1 927 928 953 1028
4184 4 2 1 1 927 928 1028 1003
4185 4 2 1 1 927 1003 1028 1002
4186 4 2 1 1 927 953 952 1028
4187 4 2 1 1 927 1027 1002 1028
4188 4 2 1 1 927 952 1027 1028
4189 4 2 1 1 928 929 954 1029
4190 4 2 1 1 928 929 1029 1004
4191 4 2 1 1 928 1004 1029 1003
4192 4 2 1 1 928 954 953 1029
4193 4 2 1 1 928 1028 1003 1029
4194 4 2 1 1 928 953 1028 1029
4195 4 2 1 1 929 930 955 1030
4196 4 2 1 1 929 930 1030 1005
4197 4 2 1 1 929 1005 1030 1004
4198 4 2 1 1 929 955 954 1030
4199 4 2 1 1 929 1029 1004 1030
4200 4 2 1 1 929 954 1029 1030
4201 4 2 1 1 930 931 956 1031
4202 4 2 1 1 930 931 1031 1006
4203 4 2 1 1 930 1006 1031 1005
4204 4 2 1 1 930 956 955 1031
4205 4 2 1 1 930 1030 1005 1031
4206 4 2 1 1 930 955 1030 1031
4207 4 2 1 1 931 932 957 1032
4208 4 2 1 1 931 932 1032 1007
4209 4 2 1 1 931 1007 1032 1006
4210 4 2 1 1 931 957 956 1032
4211 4 2 1 1 931 1031 1006 1032
4212 4 2 1 1 931 956 1031 1032
4213 4 2 1 1 932 933 958 1033
4214 4 2 1 1 932 933 1033 1008
4215 4 2 1 1 932 1008 1033 1007
4216 4 2 1 1 932 958 957 1033
4217 4 2 1 1 932 1032 1007 1033
4218 4 2 1 1 932 957 1032 1033
4219 4 2 1 1 933 934 959 1034
4220 4 2 1 1 933 934 1034 1009
4221 4 2 1 1 933 1009 1034 1008
4222 4 2 1 1 933 959 958 1034
4223 4 2 1 1 933 1033 1008 1034
4224 4 2 1 1 933 958 1033 1034
4225 4 2 1 1 934 935 960 1035
4226 4 2 1 1 934 935 1035 1010
4227 4 2 1 1 934 1010 1035 1009
4228 4 2 1 1 934 960 959 1035
4229 4 2 1 1 934 1034 1009 1035
4230 4 2 1 1 934 959 1034 1035
4231 4 2 1 1 935 936 961 1036
4232 4 2 1 1 935 936 1036 1011
4233 4 2 1 1 935 1011 1036 1010
4234 4 2 1 1 935 961 960 1036
4235 4 2 1 1 935 1035 1010 1036
4236 4 2 1 1 935 960 1035 1036
4237 4 2 1 1 936 937 962 1037
4238 4 2 1 1 936 937 1037 1012
4239 4 2 1 1 936 1012 1037 1011
4240 4 2 1 1 936 962 961 1037
4241 4 2 1 1 936 1036 1011 1037
4242 4 2 1 1 936 961 1036 1037
4243 4 2 1 1 937 938 963 1038
4244 4 2 1 1 937 938 1038 1013
4245 4 2 1 1 937 1013 1038 1012
4246 4 2 1 1 937 963 962 1038
4247 4 2 1 1 937 1037 1012 1038
4248 4 2 1 1 937 962 1037 1038
4249 4 2 1 1 938 939 964 1039
4250 4 2 1 1 938 939 1039 1014
4251 4 2 1 1 938 1014 1039 1013
4252 4 2 1 1 938 964 963 1039
4253 4 2 1 1 938 1038 1013 1039
4254 4 2 1 1 938 963 1038 1039
4255 4 2 1 1 939 940 965 1040
4256 4 2 1 1 939 940 1040 1015
4257 4 2 1 1 939 1015 1040 1014
4258 4 2 1 1 939 965 964 1040
4259 4 2 1 1 939 1039 1014 1040
4260 4 2 1 1 939 964 1039 1040
4261 4 2 1 1 940 941 966 1041
4262 4 2 1 1 940 941 1041 1016
4263 4 2 1 1 940 1016 1041 1015
4264 4 2 1 1 940 966 965 1041
4265 4 2 1 1 940 1040 1015 1041
4266 4 2 1 1 940 965 1040 1041
4267 4 2 1 1 941 942 967 1042
4268 4 2 1 1 941 942 1042 1017
4269 4 2 1 1 941 1017 1042 1016
4270 4 2 1 1 941 967 966 1042
4271 4 2 1 1 941 1041 1016 1042
4272 4 2 1 1 941 966 1041 1042
4273 4 2 1 1 942 943 968 1043
4274 4 2 1 1 942 943 1043 1018
4275 4 2 1 1 942 1018 1043 1017
4276 4 2 1 1 942 968 967 1043
4277 4 2 1 1 942 1042 1017 1043
4278 4 2 1 1 942 967 1042 1043
4279 4 2 1 1 943 944 969 1044
4280 4 2 1 1 943 944 1044 1019
4281 4 2 1 1 943 1019 1044 1018
4282 4 2 1 1 943 969 968 1044
4283 4 2 1 1 943 1043 1018 1044
4284 4 2 1 1 943 968 1043 1044
4285 4 2 1 1 944 945 970 1045
4286 4 2 1 1 944 945 1045 1020
4287 4 2 1 1 944 1020 1045 1019
4288 4 2 1 1 944 970 969 1045
4289 4 2 1 1 944 1044 1019 1045
4290 4 2 1 1 944 969 1044 1045
4291 4 2 1 1 945 946 971 1046
4292 4 2 1 1 945 946 1046 1021
4293 4 2 1 1 945 1021 1046 1020
4294 4 2 1 1 945 971 970 1046
4295 4 2 1 1 945 1045 1020 1046
4296 4 2 1 1 945 970 1045 1046
4297 4 2 1 1 946 947 972 1047
4298 4 2 1 1 946 947 1047 1022
4299 4 2 1 1 946 1022 1047 1021
4300 4 2 1 1 946 972 971 1047
4301 4 2 1 1 946 1046 1021 1047
4302 4 2 1 1 946 971 1046 1047
4303 4 2 1 1 947 948 973 1048
4304 4 2 1 1 947 948 1048 1023
4305 4 2 1 1 947 1023 1048 1022
4306 4 2 1 1 947 973 972 1048
4307 4 2 1 1 947 1047 1022 1048
4308 4 2 1 1 947 972 1047 1048
4309 4 2 1 1 948 949 974 1049
4310 4 2 1 1 948 949 1049 1024
4311 4 2 1 1 948 1024 1049 1023
4312 4 2 1 1 948 974 973 1049
4313 4 2 1 1 948 1048 1023 1049
4314 4 2 1 1 948 973 1048 1049
4315 4 2 1 1 949 950 975 1050
4316 4 2 1 1 949 950 1050 1025
4317 4 2 1 1 949 1025 1050 1024
4318 4 2 1 1 949 975 974 1050
4319 4 2 1 1 949 1049 1024 1050
4320 4 2 1 1 949 974 1049 1050
4321 4 2 1 1 976 977 1002 1077
4322 4 2 1 1 976 977 1077 1052
4323 4 2 1 1 976 1052 1077 1051
4324 4 2 1 1 976 1002 1001 1077
4325 4 2 1 1 976 1076 1051 1077
4326 4 2 1 1 976 1001 1076 1077
4327 4 2 1 1 977 978 1003 1078
4328 4 2 1 1 977 978 1078 1053
4329 4 2 1 1 977 1053 1078 1052
4330 4 2 1 1 977 1003 1002 1078
4331 4 2 1 1 977 1077 1052 1078
4332 4 2 1 1 977 1002 1077 1078
4333 4 2 1 1 978 979 1004 1079
4334 4 2 1 1 978 979 1079 1054
4335 4 2 1 1 978 1054 1079 1053
4336 4 2 1 1 978 1004 1003 1079
4337 4 2 1 1 978 1078 1053 1079
4338 4 2 1 1 978 1003 1078 1079
4339 4 2 1 1 979 980 1005 1080
4340 4 2 1 1 979 980 1080 1055
4341 4 2 1 1 979 1055 1080 1054
4342 4 2 1 1 979 1005 1004 1080
4343 4 2 1 1 979 1079 1054 1080
4344 4 2 1 1 979 1004 1079 1080
4345 4 2 1 1 980 981 1006 1081
4346 4 2 1 1 980 981 1081 1056
4347 4 2 1 1 980 1056 1081 1055
4348 4 2 1 1 980 1006 1005 1081
4349 4 2 1 1 980 1080 1055 1081
4350 4 2 1 1 980 1005 1080 1081
4351 4 2 1 1 981 982 1007 1082
4352 4 2 1 1 981 982 1082 1057
4353 4 2 1 1 981 1057 1082 1056
4354 4 2 1 1 981 1007 1006 1082
4355 4 2 1 1 981 1081 1056 1082
4356 4 2 1 1 981 1006 1081 1082
4357 4 2 1 1 982 983 1008 1083
4358 4 2 1 1 982 983 1083 1058
4359 4 2 1 1 982 1058 1083 1057
4360 4 2 1 1 982 1008 1007 1083
4361 4 2 1 1 982 1082 1057 1083
4362 4 2 1 1 982 1007 1082 1083
4363 4 2 1 1 983 984 1009 1084
4364 4 2 1 1 983 984 1084 1059
4365 4 2 1 1 983 1059 1084 1058
4366 4 2 1 1 983 1009 1008 1084
4367 4 2 1 1 983 1083 1058 1084
4368 4 2 1 1 983 1008 1083 1084
4369 4 2 1 1 984 985 1010 1085
4370 4 2 1 1 984 985 1085 1060
4371 4 2 1 1 984 1060 1085 1059
4372 4 2 1 1 984 1010 1009 1085
4373 4 2 1 1 984 1084 1059 1085
4374 4 2 1 1 984 1009 1084 1085
4375 4 2 1 1 985 986 1011 1086
4376 4 2 1 1 985 986 1086 1061
4377 4 2 1 1 985 1061 1086 1060
4378 4 2 1 1 985 1011 1010 1086
4379 4 2 1 1 985 1085 1060 1086
4380 4 2 1 1 985 1010 1085 1086
4381 4 2 1 1 986 987 1012 1087
4382 4 2 1 1 986 987 1087 1062
4383 4 2 1 1 986 1062 1087 1061
4384 4 2 1 1 986 1012 1011 1087
4385 4 2 1 1 986 1086 1061 1087
4386 4 2 1 1 986 1011 1086 1087
4387 4 2 1 1 987 988 1013 1088
4388 4 2 1 1 987 988 1088 1063
4389 4 2 1 1 987 1063 1088 1062
4390 4 2 1 1 987 1013 1012 1088
4391 4 2 1 1 987 1087 1062 1088
4392 4 2 1 1 987 1012 1087 1088
4393 4 2 1 1 988 989 1014 1089
4394 4 2 1 1 988 989 1089 1064
4395 4 2 1 1 988 1064 1089 1063
4396 4 2 1 1 988 1014 1013 1089
4397 4 2 1 1 988 1088 1063 1089
4398 4 2 1 1 988 1013 1088 1089
4399 4 2 1 1 989 990 1015 1090
4400 4 2 1 1 989 990 1090 1065
4401 4 2 1 1 989 1065 1090 1064
4402 4 2 1 1 989 1015 1014 1090
4403 4 2 1 1 989 1089 1064 1090
4404 4 2 1 1 989 1014 1089 1090
4405 4 2 1 1 990 991 1016 1091
4406 4 2 1 1 990 991 1091 1066
4407 4 2 1 1 990 1066 1091 1065
4408 4 2 1 1 990 1016 1015 1091
4409 4 2 1 1 990 1090 1065 1091
4410 4 2 1 1 990 1015 1090 1091
4411 4 2 1 1 991 992 1017 1092
4412 4 2 1 1 991 992 1092 1067
4413 4 2 1 1 991 1067 1092 1066
4414 4 2 1 1 991 1017 1016 1092
4415 4 2 1 1 991 1091 1066 1092
4416 4 2 1 1 991 1016 1091 1092
4417 4 2 1 1 992 993 1018 1093
4418 4 2 1 1 992 993 1093 1068
4419 4 2 1 1 992 1068 1093 1067
4420 4 2 1 1 992 1018 1017 1093
4421 4 2 1 1 992 1092 1067 1093
4422 4 2 1 1 992 1017 1092 1093
4423 4 2 1 1 993 994 1019 1094
4424 4 2 1 1 993 994 1094 1069
4425 4 2 1 1 993 1069 1094 1068
4426 4 2 1 1 993 1019 1018 1094
4427 4 2 1 1 993 1093 1068 1094
4428 4 2 1 1 993 1018 1093 1094
4429 4 2 1 1 994 995 1020 1095
4430 4 2 1 1 994 995 1095 1070
4431 4 2 1 1 994 1070 1095 1069
4432 4 2 1 1 994 1020 1019 1095
4433 4 2 1 1 994 1094 1069 1095
4434 4 2 1 1 994 1019 1094 1095
4435 4 2 1 1 995 996 1021 1096
4436 4 2 1 1 995 996 1096 1071
4437 4 2 1 1 995 1071 1096 1070
4438 4 2 1 1 995 1021 1020 1096
4439 4 2 1 1 995 1095 1070 1096
4440 4 2 1 1 995 1020 1095 1096
4441 4 2 1 1 996 997 1022 1097
4442 4 2 1 1 996 997 1097 1072
4443 4 2 1 1 996 1072 1097 1071
4444 4 2 1 1 996 1022 1021 1097
4445 4 2 1 1 996 1096 1071 1097
4446 4 2 1 1 996 1021 1096 1097
4447 4 2 1 1 997 998 1023 1098
4448 4 2 1 1 997 998 1098 1073
4449 4 2 1 1 997 1073 1098 1072
4450 4 2 1 1 997 1023 1022 1098
4451 4 2 1 1 997 1097 1072 1098
4452 4 2 1 1 997 1022 1097 1098
4453 4 2 1 1 998 999 1024 1099
4454 4 2 1 1 998 999 1099 1074
4455 4 2 1 1 998 1074 1099 1073
4456 4 2 1 1 998 1024 1023 1099
4457 4 2 1 1 998 1098 1073 1099
4458 4 2 1 1 998 1023 1098 1099
4459 4 2 1 1 999 1000 1025 1100
4460 4 2 1 1 999 1000 1100 1075
4461 4 2 1 1 999 1075 1100 1074
4462 4 2 1 1 999 1025 1024 1100
4463 4 2 1 1 999 1099 1074 1100
4464 4 2 1 1 999 1024 1099 1100
4465 4 2 1 1 1001 1002 1027 1102
4466 4 2 1 1 1001 1002 1102 1077
4467 4 2 1 1 1001 1077 1102 1076
4468 4 2 1 1 1001 1027 1026 1102
4469 4 2 1 1 1001 1101 1076 1102
4470 4 2 1 1 1001 1026 1101 1102
4471 4 2 1 1 1002 1003 1028 1103
4472 4 2 1 1 1002 1003 1103 1078
4473 4 2 1 1 1002 1078 1103 1077
4474 4 2 1 1 1002 1028 1027 1103
4475 4 2 1 1 1002 1102 1077 1103
4476 4 2 1 1 1002 1027 1102 1103
4477 4 2 1 1 1003 1004 1029 1104
4478 4 2 1 1 1003 1004 1104 1079
4479 4 2 1 1 1003 1079 1104 1078
4480 4 2 1 1 1003 1029 1028 1104
4481 4 2 1 1 1003 1103 1078 1104
4482 4 2 1 1 1003 1028 1103 1104
4483 4 2 1 1 1004 1005 1030 1105
4484 4 2 1 1 1004 1005 1105 1080
4485 4 2 1 1 1004 1080 1105 1079
4486 4 2 1 1 1004 1030 1029 1105
4487 4 2 1 1 1004 1104 1079 1105
4488 4 2 1 1 1004 1029 1104 1105
4489 4 2 1 1 1005 1006 1031 1106
4490 4 2 1 1 1005 1006 1106 1081
4491 4 2 1 1 1005 1081 1106 1080
4492 4 2 1 1 1005 1031 1030 1106
4493 4 2 1 1 1005 1105 1080 1106
4494 4 2 1 1 1005 1030 1105 1106
4495 4 2 1 1 1006 1007 1032 1107
4496 4 2 1 1 1006 1007 1107 1082
4497 4 2 1 1 1006 1082 1107 1081
4498 4 2 1 1 1006 1032 1031 1107
4499 4 2 1 1 1006 1106 1081 1107
4500 4 2 1 1 1006 1031 1106 1107
4501 4 2 1 1 1007 1008 1033 1108
4502 4 2 1 1 1007 1008 1108 1083
4503 4 2 1 1 1007 1083 1108 1082
4504 4 2 1 1 1007 1033 1032 1108
4505 4 2 1 1 1007 1107 1082 1108
4506 4 2 1 1 1007 1032 1107 1108
4507 4 2 1 1 1008 1009 1034 1109
4508 4 2 1 1 1008 1009 1109 1084
4509 4 2 1 1 1008 1084 1109 1083
4510 4 2 1 1 1008 1034 1033 1109
4511 4 2 1 1 1008 1108 1083 1109
4512 4 2 1 1 1008 1033 1108 1109
4513 4 2 1 1 1009 1010 1035 1110
4514 4 2 1 1 1009 1010 1110 1085
4515 4 2 1 1 1009 1085 1110 1084
4516 4 2 1 1 1009 1035 1034 1110
4517 4 2 1 1 1009 1109 1084 1110
4518 4 2 1 1 1009 1034 1109 1110
4519 4 2 1 1 1010 1011 1036 1111
4520 4 2 1 1 1010 1011 1111 1086
4521 4 2 1 1 1010 1086 1111 1085
4522 4 2 1 1 1010 1036 1035 1111
4523 4 2 1 1 1010 1110 1085 1111
4524 4 2 1 1 1010 1035 1110 1111
4525 4 2 1 1 1011 1012 1037 1112
4526 4 2 1 1 1011 1012 1112 1087
4527 4 2 1 1 1011 1087 1112 1086
4528 4 2 1 1 1011 1037 1036 1112
4529 4 2 1 1 1011 1111 1086 1112
4530 4 2 1 1 1011 1036 1111 1112
4531 4 2 1 1 1012 1013 1038 1113
4532 4 2 1 1 1012 1013 1113 1088
4533 4 2 1 1 1012 1088 1113 1087
4534 4 2 1 1 1012 1038 1037 1113
4535 4 2 1 1 1012 1112 1087 1113
4536 4 2 1 1 1012 1037 1112 1113
4537 4 2 1 1 1013 1014 1039 1114
4538 4 2 1 1 1013 1014 1114 1089
4539 4 2 1 1 1013 1089 1114 1088
4540 4 2 1 1 1013 1039 1038 1114
4541 4 2 1 1 1013 1113 1088 1114
4542 4 2 1 1 1013 1038 1113 1114
4543 4 2 1 1 1014 1015 1040 1115
4544 4 2 1 1 1014 1015 1115 1090
4545 4 2 1 1 1014 1090 1115 1089
4546 4 2 1 1 1014 1040 1039 1115
4547 4 2 1 1 1014 1114 1089 1115
4548 4 2 1 1 1014 1039 1114 1115
4549 4 2 1 1 1015 1016 1041 1116
4550 4 2 1 1 1015 1016 1116 1091
4551 4 2 1 1 1015 1091 1116 1090
4552 4 2 1 1 1015 1041 1040 1116
4553 4 2 1 1 1015 1115 1090 1116
4554 4 2 1 1 1015 1040 1115 1116
4555 4 2 1 1 1016 1017 1042 1117
4556 4 2 1 1 1016 1017 1117 1092
4557 4 2 1 1 1016 1092 1117 1091
4558 4 2 1 1 1016 1042 1041 1117
4559 4 2 1 1 1016 1116 1091 1117
4560 4 2 1 1 1016 1041 1116 1117
4561 4 2 1 1 1017 1018 1043 1118
4562 4 2 1 1 1017 1018 1118 1093
4563 4 2 1 1 1017 1093 1118 1092
4564 4 2 1 1 1017 1043 1042 1118
4565 4 2 1 1 1017 1117 1092 1118
4566 4 2 1 1 1017 1042 1117 1118
4567 4 2 1 1 1018 1019 1044 1119
4568 4 2 1 1 1018 1019 1119 1094
4569 4 2 1 1 1018 1094 1119 1093
4570 4 2 1 1 1018 1044 1043 1119
4571 4 2 1 1 1018 1118 1093 1119
4572 4 2 1 1 1018 1043 1118 1119
4573 4 2 1 1 1019 1020 1045 1120
4574 4 2 1 1 1019 1020 1120 1095
4575 4 2 1 1 1019 1095 1120 1094
4576 4 2 1 1 1019 1045 1044 1120
4577 4 2 1 1 1019 1119 1094 1120
4578 4 2 1 1 1019 1044 1119 1120
4579 4 2 1 1 1020 1021 1046 1121
4580 4 2 1 1 1020 1021 1121 1096
4581 4 2 1 1 1020 1096 1121 1095
4582 4 2 1 1 1020 1046 1045 1121
4583 4 2 1 1 1020 1120 1095 1121
4584 4 2 1 1 1020 1045 1120 1121
4585 4 2 1 1 1021 1022 1047 1122
4586 4 2 1 1 1021 1022 1122 1097
4587 4 2 1 1 1021 1097 1122 1096
4588 4 2 1 1 1021 1047 1046 1122
4589 4 2 1 1 1021 1121 1096 1122
4590 4 2 1 1 1021 1046 1121 1122
4591 4 2 1 1 1022 1023 1048 1123
4592 4 2 1 1 1022 1023 1123 1098
4593 4 2 1 1 1022 1098 1123 1097
4594 4 2 1 1 1022 1048 1047 1123
4595 4 2 1 1 1022 1122 1097 1123
4596 4 2 1 1 1022 1047 1122 1123
4597 4 2 1 1 1023 1024 1049 1124
4598 4 2 1 1 1023 1024 1124 1099
4599 4 2 1 1 1023 1099 1124 1098
4600 4 2 1 1 1023 1049 1048 1124
4601 4 2 1 1 1023 1123 1098 1124
4602 4 2 1 1 1023 1048 1123 1124
4603 4 2 1 1 1024 1025 1050 1125
4604 4 2 1 1 1024 1025 1125 1100
4605 4 2 1 1 1024 1100 1125 1099
4606 4 2 1 1 1024 1050 1049 1125
4607 4 2 1 1 1024 1124 1099 1125
4608 4 2 1 1 1024 1049 1124 1125
4609 4 2 1 1 1051 1052 1077 1152
4610 4 2 1 1 1051 1052 1152 1127
4611 4 2 1 1 1051 1127 1152 1126
4612 4 2 1 1 1051 1077 1076 1152
4613 4 2 1 1 1051 1151 1126 1152
4614 4 2 1 1 1051 1076 1151 1152
4615 4 2 1 1 1052 1053 1078 1153
4616 4 2 1 1 1052 1053 1153 1128
4617 4 2 1 1 1052 1128 1153 1127
4618 4 2 1 1 1052 1078 1077 1153
4619 4 2 1 1 1052 1152 1127 1153
4620 4 2 1 1 1052 1077 1152 1153
4621 4 2 1 1 1053 1054 1079 1154
4622 4 2 1 1 1053 1054 1154 1129
4623 4 2 1 1 1053 1129 1154 1128
4624 4 2 1 1 1053 1079 1078 1154
4625 4 2 1 1 1053 1153 1128 1154
4626 4 2 1 1 1053 1078 1153 1154
4627 4 2 1 1 1054 1055 1080 1155
4628 4 2 1 1 1054 1055 1155 1130
4629 4 2 1 1 1054 1130 1155 1129
4630 4 2 1 1 1054 1080 1079 1155
4631 4 2 1 1 1054 1154 1129 1155
4632 4 2 1 1 1054 1079 1154 1155
4633 4 2 1 1 1055 1056 1081 1156
4634 4 2 1 1 1055 1056 1156 1131
4635 4 2 1 1 1055 1131 1156 1130
4636 4 2 1 1 1055 1081 1080 1156
4637 4 2 1 1 1055 1155 1130 1156
4638 4 2 1 1 1055 1080 1155 1156
4639 4 2 1 1 1056 1057 1082 1157
4640 4 2 1 1 1056 1057 1157 1132
4641 4 2 1 1 1056 1132 1157 1131
4642 4 2 1 1 1056 1082 1081 1157
4643 4 2 1 1 1056 1156 1131 1157
4644 4 2 1 1 1056 1081 1156 1157
4645 4 2 1 1 1057 1058 1083 1158
4646 4 2 1 1 1057 1058 1158 1133
4647 4 2 1 1 1057 1133 1158 1132
4648 4 2 1 1 1057 1083 1082 1158
4649 4 2 1 1 1057 1157 1132 1158
4650 4 2 1 1 1057 1082 1157 1158
4651 4 2 1 1 1058 1059 1084 1159
4652 4 2 1 1 1058 1059 1159 1134
4653 4 2 1 1 1058 1134 1159 1133
4654 4 2 1 1 1058 1084 1083 1159
4655 4 2 1 1 1058 1158 1133 1159
4656 4 2 1 1 1058 1083 1158 1159
4657 4 2 1 1 1059 1060 1085 1160
4658 4 2 1 1 1059 1060 1160 1135
4659 4 2 1 1 1059 1135 1160 1134
4660 4 2 1 1 1059 1085 1084 1160
4661 4 2 1 1 1059 1159 1134 1160
4662 4 2 1 1 1059 1084 1159 1160
4663 4 2 1 1 1060 1061 1086 1161
4664 4 2 1 1 1060 1061 1161 1136
4665 4 2 1 1 1060 1136 1161 1135
4666 4 2 1 1 1060 1086 1085 1161
4667 4 2 1 1 1060 1160 1135 1161
4668 4 2 1 1 1060 1085 1160 1161
4669 4 2 1 1 1061 1062 1087 1162
4670 4 2 1 1 1061 1062 1162 1137
4671 4 2 1 1 1061 1137 1162 1136
4672 4 2 1 1 1061 1087 1086 1162
4673 4 2 1 1 1061 1161 1136 1162
4674 4 2 1 1 1061 1086 1161 1162
4675 4 2 1 1 1062 1063 1088 1163
4676 4 2 1 1 1062 1063 1163 1138
4677 4 2 1 1 1062 1138 1163 1137
4678 4 2 1 1 1062 1088 1087 1163
4679 4 2 1 1 1062 1162 1137 1163
4680 4 2 1 1 1062 1087 1162 1163
4681 4 2 1 1 1063 1064 1089 1164
4682 4 2 1 1 1063 1064 1164 1139
4683 4 2 1 1 1063 1139 1164 1138
4684 4 2 1 1 1063 1089 1088 1164
4685 4 2 1 1 1063 1163 1138 1164
4686 4 2 1 1 1063 1088 1163 1164
4687 4 2 1 1 1064 1065 1090 1165
4688 4 2 1 1 1064 1065 1165 1140
4689 4 2 1 1 1064 1140 1165 1139
4690 4 2 1 1 1064 1090 1089 1165
4691 4 2 1 1 1064 1164 1139 1165
4692 4 2 1 1 1064 1089 1164 1165
4693 4 2 1 1 1065 1066 1091 1166
4694 4 2 1 1 1065 1066 1166 1141
4695 4 2 1 1 1065 1141 1166 1140
4696 4 2 1 1 1065 1091 1090 1166
4697 4 2 1 1 1065 1165 1140 1166
4698 4 2 1 1 1065 1090 1165 1166
4699 4 2 1 1 1066 1067 1092 1167
4700 4 2 1 1 1066 1067 1167 1142
4701 4 2 1 1 1066 1142 1167 1141
4702 4 2 1 1 1066 1092 1091 1167
4703 4 2 1 1 1066 1166 1141 1167
4704 4 2 1 1 1066 1091 1166 1167
4705 4 2 1 1 1067 1068 1093 1168
4706 4 2 1 1 1067 1068 1168 1143
4707 4 2 1 1 1067 1143 1168 1142
4708 4 2 1 1 1067 1093 1092 1168
4709 4 2 1 1 1067 1167 1142 1168
4710 4 2 1 1 1067 1092 1167 1168
4711 4 2 1 1 1068 1069 1094 1169
4712 4 2 1 1 1068 1069 1169 1144
4713 4 2 1 1 1068 1144 1169 1143
4714 4 2 1 1 1068 1094 1093 1169
4715 4 2 1 1 1068 1168 1143 1169
4716 4 2 1 1 1068 1093 1168 1169
4717 4 2 1 1 1069 1070 1095 1170
4718 4 2 1 1 1069 1070 1170 1145
4719 4 2 1 1 1069 1145 1170 1144
4720 4 2 1 1 1069 1095 1094 1170
4721 4 2 1 1 1069 1169 1144 1170
4722 4 2 1 1 1069 1094 1169 1170
4723 4 2 1 1 1070 1071 1096 1171
4724 4 2 1 1 1070 1071 1171 1146
4725 4 2 1 1 1070 1146 1171 1145
4726 4 2 1 1 1070 1096 1095 1171
4727 4 2 1 1 1070 1170 1145 1171
4728 4 2 1 1 1070 1095 1170 1171
4729 4 2 1 1 1071 1072 1097 1172
4730 4 2 1 1 1071 1072 1172 1147
4731 4 2 1 1 1071 1147 1172 1146
4732 4 2 1 1 1071 1097 1096 1172
4733 4 2 1 1 1071 1171 1146 1172
4734 4 2 1 1 1071 1096 1171 1172
4735 4 2 1 1 1072 1073 1098 1173
4736 4 2 1 1 1072 1073 1173 1148
4737 4 2 1 1 1072 1148 1173 1147
4738 4 2 1 1 1072 1098 1097 1173
4739 4 2 1 1 1072 1172 1147 1173
4740 4 2 1 1 1072 1097 1172 1173
4741 4 2 1 1 1073 1074 1099 1174
4742 4 2 1 1 1073 1074 1174 1149
4743 4 2 1 1 1073 1149 1174 1148
4744 4 2 1 1 1073 1099 1098 1174
4745 4 2 1 1 1073 1173 1148 1174
4746 4 2 1 1 1073 1098 1173 1174
4747 4 2 1 1 1074 1075 1100 1175
4748 4 2 1 1 1074 1075 1175 1150
4749 4 2 1 1 1074 1150 1175 1149
4750 4 2 1 1 1074 1100 1099 1175
4751 4 2 1 1 1074 1174 1149 1175
4752 4 2 1 1 1074 1099 1174 1175
4753 4 2 1 1 1076 1077 1102 1177
4754 4 2 1 1 1076 1077 1177 1152
4755 4 2 1 1 1076 1152 1177 1151
4756 4 2 1 1 1076 1102 1101 1177
4757 4 2 1 1 1076 1176 1151 1177
4758 4 2 1 1 1076 1101 1176 1177
4759 4 2 1 1 1077 1078 1103 1178
4760 4 2 1 1 1077 1078 1178 1153
4761 4 2 1 1 1077 1153 1178 1152
4762 4 2 1 1 1077 1103 1102 1178
4763 4 2 1 1 1077 1177 1152 1178
4764 4 2 1 1 1077 1102 1177 1178
4765 4 2 1 1 1078 1079 1104 1179
4766 4 2 1 1 1078 1079 1179 1154
4767 4 2 1 1 1078 1154 1179 1153
4768 4 2 1 1 1078 1104 1103 1179
4769 4 2 1 1 1078 1178 1153 1179
4770 4 2 1 1 1078 1103 1178 1179
4771 4 2 1 1 1079 1080 1105 1180
4772 4 2 1 1 1079 1080 1180 1155
4773 4 2 1 1 1079 1155 1180 1154
4774 4 2 1 1 1079 1105 1104 1180
4775 4 2 1 1 1079 1179 1154 1180
4776 4 2 1 1 1079 1104 1179 1180
4777 4 2 1 1 1080 1081 1106 1181
4778 4 2 1 1 1080 1081 1181 1156
4779 4 2 1 1 1080 1156 1181 1155
4780 4 2 1 1 1080 1106 1105 1181
4781 4 2 1 1 1080 1180 1155 1181
4782 4 2 1 1 1080 1105 1180 1181
4783 4 2 1 1 1081 1082 1107 1182
4784 4 2 1 1 1081 1082 1182 1157
4785 4 2 1 1 1081 1157 1182 1156
4786 4 2 1 1 1081 1107 1106 1182
4787 4 2 1 1 1081 1181 1156 1182
4788 4 2 1 1 1081 1106 1181 1182
4789 4 2 1 1 1082 1083 1108 1183
4790 4 2 1 1 1082 1083 1183 1158
4791 4 2 1 1 1082 1158 1183 1157
4792 4 2 1 1 1082 1108 1107 1183
4793 4 2 1 1 1082 1182 1157 1183
4794 4 2 1 1 1082 1107 1182 1183
4795 4 2 1 1 1083 1084 1109 1184
4796 4 2 1 1 1083 1084 1184 1159
4797 4 2 1 1 1083 1159 1184 1158
4798 4 2 1 1 1083 1109 1108 1184
4799 4 2 1 1 1083 1183 1158 1184
4800 4 2 1 1 1083 1108 1183 1184
4801 4 2 1 1 1084 1085 1110 1185
4802 4 2 1 1 1084 1085 1185 1160
4803 4 2 1 1 1084 1160 1185 1159
4804 4 2 1 1 1084 1110 1109 1185
4805 4 2 1 1 1084 1184 1159 1185
4806 4 2 1 1 1084 1109 1184 1185
4807 4 2 1 1 1085 1086 1111 1186
4808 4 2 1 1 1085 1086 1186 1161
4809 4 2 1 1 1085 1161 1186 1160
4810 4 2 1 1 1085 1111 1110 1186
4811 4 2 1 1 1085 1185 1160 1186
4812 4 2 1 1 1085 1110 1185 1186
4813 4 2 1 1 1086 1087 1112 1187
4814 4 2 1 1 1086 1087 1187 1162
4815 4 2 1 1 1086 1162 1187 1161
4816 4 2 1 1 1086 1112 1111 1187
4817 4 2 1 1 1086 1186 1161 1187
4818 4 2 1 1 1086 1111 1186 1187
4819 4 2 1 1 1087 1088 1113 1188
4820 4 2 1 1 1087 1088 1188 1163
4821 4 2 1 1 1087 1163 1188 1162
4822 4 2 1 1 1087 1113 1112 1188
4823 4 2 1 1 1087 1187 1162 1188
4824 4 2 1 1 1087 1112 1187 1188
4825 4 2 1 1 1088 1089 1114 1189
4826 4 2 1 1 1088 1089 1189 1164
4827 4 2 1 1 1088 1164 1189 1163
4828 4 2 1 1 1088 1114 1113 1189
4829 4 2 1 1 1088 1188 1163 1189
4830 4 2 1 1 1088 1113 1188 1189
4831 4 2 1 1 1089 1090 1115 1190
4832 4 2 1 1 1089 1090 1190 1165
4833 4 2 1 1 1089 1165 1190 1164
4834 4 2 1 1 1089 1115 1114 1190
4835 4 2 1 1 1089 1189 1164 1190
4836 4 2 1 1 1089 1114 1189 1190
4837 4 2 1 1 1090 1091 1116 1191
4838 4 2 1 1 1090 1091 1191 1166
4839 4 2 1 1 1090 1166 1191 1165
4840 4 2 1 1 1090 1116 1115 1191
4841 4 2 1 1 1090 1190 1165 1191
4842 4 2 1 1 1090 1115 1190 1191
4843 4 2 1 1 1091 1092 1117 1192
4844 4 2 1 1 1091 1092 1192 1167
4845 4 2 1 1 1091 1167 1192 1166
4846 4 2 1 1 1091 1117 1116 1192
4847 4 2 1 1 1091 1191 1166 1192
4848 4 2 1 1 1091 1116 1191 1192
4849 4 2 1 1 1092 1093 1118 1193
4850 4 2 1 1 1092 1093 1193 1168
4851 4 2 1 1 1092 1168 1193 1167
4852 4 2 1 1 1092 1118 1117 1193
4853 4 2 1 1 1092 1192 1167 1193
4854 4 2 1 1 1092 1117 1192 1193
4855 4 2 1 1 1093 1094 1119 1194
4856 4 2 1 1 1093 1094 1194 1169
4857 4 2 1 1 1093 1169 1194 1168
4858 4 2 1 1 1093 1119 1118 1194
4859 4 2 1 1 1093 1193 1168 1194
4860 4 2 1 1 1093 1118 1193 1194
4861 4 2 1 1 1094 1095 1120 1195
4862 4 2 1 1 1094 1095 1195 1170
4863 4 2 1 1 1094 1170 1195 1169
4864 4 2 1 1 1094 1120 1119 1195
4865 4 2 1 1 1094 1194 1169 1195
4866 4 2 1 1 1094 1119 1194 1195
4867 4 2 1 1 1095 1096 1121 1196
4868 4 2 1 1 1095 1096 1196 1171
4869 4 2 1 1 1095 1171 1196 1170
4870 4 2 1 1 1095 1121 1120 1196
4871 4 2 1 1 1095 1195 1170 1196
4872 4 2 1 1 1095 1120 1195 1196
4873 4 2 1 1 1096 1097 1122 1197
4874 4 2 1 1 1096 1097 1197 1172
4875 4 2 1 1 1096 1172 1197 1171
4876 4 2 1 1 1096 1122 1121 1197
4877 4 2 1 1 1096 1196 1171 1197
4878 4 2 1 1 1096 1121 1196 1197
4879 4 2 1 1 1097 1098 1123 1198
4880 4 2 1 1 1097 1098 1198 1173
4881 4 2 1 1 1097 1173 1198 1172
4882 4 2 1 1 1097 1123 1122 1198
4883 4 2 1 1 1097 1197 1172 1198
4884 4 2 1 1 1097 1122 1197 1198
4885 4 2 1 1 1098 1099 1124 1199
4886 4 2 1 1 1098 1099 1199 1174
4887 4 2 1 1 1098 1174 1199 1173
4888 4 2 1 1 1098 1124 1123 1199
4889 4 2 1 1 1098 1198 1173 1199
4890 4 2 1 1 1098 1123 1198 1199
4891 4 2 1 1 1099 1100 1125 1200
4892 4 2 1 1 1099 1100 1200 1175
4893 4 2 1 1 1099 1175 1200 1174
4894 4 2 1 1 1099 1125 1124 1200
4895 4 2 1 1 1099 1199 1174 1200
4896 4 2 1 1 1099 1124 1199 1200
4897 4 2 1 1 1126 1127 1152 1227
4898 4 2 1 1 1126 1127 1227 1202
4899 4 2 1 1 1126 1202 1227 1201
4900 4 2 1 1 1126 1152 1151 1227
4901 4 2 1 1 1126 1226 1201 1227
4902 4 2 1 1 1126 1151 1226 1227
4903 4 2 1 1 1127 1128 1153 1228
4904 4 2 1 1 1127 1128 1228 1203
4905 4 2 1 1 1127 1203 1228 1202
4906 4 2 1 1 1127 1153 1152 1228
4907 4 2 1 1 1127 1227 1202 1228
4908 4 2 1 1 1127 1152 1227 1228
4909 4 2 1 1 1128 1129 1154 1229
4910 4 2 1 1 1128 1129 1229 1204
4911 4 2 1 1 1128 1204 1229 1203
4912 4 2 1 1 1128 1154 1153 1229
4913 4 2 1 1 1128 1228 1203 1229
4914 4 2 1 1 1128 1153 1228 1229
4915 4 2 1 1 1129 1130 1155 1230
4916 4 2 1 1 1129 1130 1230 1205
4917 4 2 1 1 1129 1205 1230 1204
4918 4 2 1 1 1129 1155 1154 1230
4919 4 2 1 1 1129 1229 1204 1230
4920 4 2 1 1 1129 1154 1229 1230
4921 4 2 1 1 1130 1131 1156 1231
4922 4 2 1 1 1130 1131 1231 1206
4923 4 2 1 1 1130 1206 1231 1205
4924 4 2 1 1 1130 1156 1155 1231
4925 4 2 1 1 1130 1230 1205 1231
4926 4 2 1 1 1130 1155 1230 1231
4927 4 2 1 1 1131 1132 1157 1232
4928 4 2 1 1 1131 1132 1232 1207
4929 4 2 1 1 1131 1207 1232 1206
4930 4 2 1 1 1131 1157 1156 1232
4931 4 2 1 1 1131 1231 1206 1232
4932 4 2 1 1 1131 1156 1231 1232
4933 4 2 1 1 1132 1133 1158 1233
4934 4 2 1 1 1132 1133 1233 1208
4935 4 2 1 1 1132 1208 1233 1207
4936 4 2 1 1 1132 1158 1157 1233
4937 4 2 1 1 1132 1232 1207 1233
4938 4 2 1 1 1132 1157 1232 1233
4939 4 2 1 1 1133 1134 1159 1234
4940 4 2 1 1 1133 1134 1234 1209
4941 4 2 1 1 1133 1209 1234 1208
4942 4 2 1 1 1133 1159 1158 1234
4943 4 2 1 1 1133 1233 1208 1234
4944 4 2 1 1 1133 1158 1233 1234
4945 4 2 1 1 1134 1135 1160 1235
4946 4 2 1 1 1134 1135 1235 1210
4947 4 2 1 1 1134 1210 1235 1209
4948 4 2 1 1 1134 1160 1159 1235
4949 4 2 1 1 1134 1234 1209 1235
4950 4 2 1 1 1134 1159 1234 1235
4951 4 2 1 1 1135 1136 1161 1236
4952 4 2 1 1 1135 1136 1236 1211
4953 4 2 1 1 1135 1211 1236 1210
4954 4 2 1 1 1135 1161 1160 1236
4955 4 2 1 1 1135 1235 1210 1236
4956 4 2 1 1 1135 1160 1235 1236
4957 4 2 1 1 1136 1137 1162 1237
4958 4 2 1 1 1136 1137 1237 1212
4959 4 2 1 1 1136 1212 1237 1211
4960 4 2 1 1 1136 1162 1161 1237
4961 4 2 1 1 1136 1236 1211 1237
4962 4 2 1 1 1136 1161 1236 1237
4963 4 2 1 1 1137 1138 1163 1238
4964 4 2 1 1 1137 1138 1238 1213
4965 4 2 1 1 1137 1213 1238 1212
4966 4 2 1 1 1137 1163 1162 1238
4967 4 2 1 1 1137 1237 1212 1238
4968 4 2 1 1 1137 1162 1237 1238
4969 4 2 1 1 1138 1139 1164 1239
4970 4 2 1 1 1138 1139 1239 1214
4971 4 2 1 1 1138 1214 1239 1213
4972 4 2 1 1 1138 1164 1163 1239
4973 4 2 1 1 1138 1238 1213 1239
4974 4 2 1 1 1138 1163 1238 1239
4975 4 2 1 1 1139 1140 1165 1240
4976 4 2 1 1 1139 1140 1240 1215
4977 4 2 1 1 1139 1215 1240 1214
4978 4 2 1 1 1139 1165 1164 1240
4979 4 2 1 1 1139 1239 1214 1240
4980 4 2 1 1 1139 1164 1239 1240
4981 4 2 1 1 1140 1141 1166 1241
4982 4 2 1 1 1140 1141 1241 1216
4983 4 2 1 1 1140 1216 1241 1215
4984 4 2 1 1 1140 1166 1165 1241
4985 4 2 1 1 1140 1240 1215 1241
4986 4 2 1 1 1140 1165 1240 1241
4987 4 2 1 1 1141 1142 1167 1242
4988 4 2 1 1 1141 1142 1242 1217
4989 4 2 1 1 1141 1217 1242 1216
4990 4 2 1 1 1141 1167 1166 1242
4991 4 2 1 1 1141 1241 1216 1242
4992 4 2 1 1 1141 1166 1241 1242
4993 4 2 1 1 1142 1143 1168 1243
4994 4 2 1 1 1142 1143 1243 1218
4995 4 2 1 1 1142 1218 1243 1217
4996 4 2 1 1 1142 1168 1167 1243
4997 4 2 1 1 1142 1242 1217 1243
4998 4 2 1 1 1142 1167 1242 1243
4999 4 2 1 1 1143 1144 1169 1244
5000 4 2 1 1 1143 1144 1244 1219
5001 4 2 1 1 1143 1219 1244 1218
5002 4 2 1 1 1143 1169 1168 1244
5003 4 2 1 1 1143 1243 1218 1244
5004 4 2 1 1 1143 1168 1243 1244
5005 4 2 1 1 1144 1145 1170 1245
5006 4 2 1 1 1144 1145 1245 1220
5007 4 2 1 1 1144 1220 1245 1219
5008 4 2 1 1 1144 1170 1169 1245
5009 4 2 1 1 1144 1244 1219 1245
5010 4 2 1 1 1144 1169 1244 1245
5011 4 2 1 1 1145 1146 1171 1246
5012 4 2 1 1 1145 1146 1246 1221
5013 4 2 1 1 1145 1221 1246 1220
5014 4 2 1 1 1145 1171 1170 1246
5015 4 2 1 1 1145 1245 1220 1246
5016 4 2 1 1 1145 1170 1245 1246
5017 4 2 1 1 1146 1147 1172 1247
5018 4 2 1 1 1146 1147 1247 1222
5019 4 2 1 1 1146 1222 1247 1221
5020 4 2 1 1 1146 1172 1171 1247
5021 4 2 1 1 1146 1246 1221 1247
5022 4 2 1 1 1146 1171 1246 1247
5023 4 2 1 1 1147 1148 1173 1248
5024 4 2 1 1 1147 1148 1248 1223
5025 4 2 1 1 1147 1223 1248 1222
5026 4 2 1 1 1147 1173 1172 1248
5027 4 2 1 1 1147 1247 1222 1248
5028 4 2 1 1 1147 1172 1247 1248
5029 4 2 1 1 1148 1149 1174 1249
5030 4 2 1 1 1148 1149 1249 1224
5031 4 2 1 1 1148 1224 1249 1223
5032 4 2 1 1 1148 1174 1173 1249
5033 4 2 1 1 1148 1248 1223 1249
5034 4 2 1 1 1148 1173 1248 1249
5035 4 2 1 1 1149 1150 1175 1250
5036 4 2 1 1 1149 1150 1250 1225
5037 4 2 1 1 1149 1225 1250 1224
5038 4 2 1 1 1149 1175 1174 1250
5039 4 2 1 1 1149 1249 1224 1250
5040 4 2 1 1 1149 1174 1249 1250
5041 4 2 1 1 1151 1152 1177 1252
5042 4 2 1 1 1151 1152 1252 1227
5043 4 2 1 1 1151 1227 1252 1226
5044 4 2 1 1 1151 1177 1176 1252
5045 4 2 1 1 1151 1251 1226 1252
5046 4 2 1 1 1151 1176 1251 1252
5047 4 2 1 1 1152 1153 1178 1253
5048 4 2 1 1 1152 1153 1253 1228
5049 4 2 1 1 1152 1228 1253 1227
5050 4 2 1 1 1152 1178 1177 1253
5051 4 2 1 1 1152 1252 1227 1253
5052 4 2 1 1 1152 1177 1252 1253
5053 4 2 1 1 1153 1154 1179 1254
5054 4 2 1 1 1153 1154 1254 1229
5055 4 2 1 1 1153 1229 1254 1228
5056 4 2 1 1 1153 1179 1178 1254
5057 4 2 1 1 1153 1253 1228 1254
5058 4 2 1 1 1153 1178 1253 1254
5059 4 2 1 1 1154 1155 1180 1255
5060 4 2 1 1 1154 1155 1255 1230
5061 4 2 1 1 1154 1230 1255 1229
5062 4 2 1 1 1154 1180 1179 1255
5063 4 2 1 1 1154 1254 1229 1255
5064 4 2 1 1 1154 1179 1254 1255
5065 4 2 1 1 1155 1156 1181 1256
5066 4 2 1 1 1155 1156 1256 1231
5067 4 2 1 1 1155 1231 1256 1230
5068 4 2 1 1 1155 1181 1180 1256
5069 4 2 1 1 1155 1255 1230 1256
5070 4 2 1 1 1155 1180 1255 1256
5071 4 2 1 1 1156 1157 1182 1257
5072 4 2 1 1 1156 1157 1257 1232
5073 4 2 1 1 1156 1232 1257 1231
5074 4 2 1 1 1156 1182 1181 1257
5075 4 2 1 1 1156 1256 1231 1257
5076 4 2 1 1 1156 1181 1256 1257
5077 4 2 1 1 1157 1158 1183 1258
5078 4 2 1 1 1157 1158 1258 1233
5079 4 2 1 1 1157 1233 1258 1232
5080 4 2 1 1 1157 1183 1182 1258
5081 4 2 1 1 1157 1257 1232 1258
5082 4 2 1 1 1157 1182 1257 1258
5083 4 2 1 1 1158 1159 1184 1259
5084 4 2 1 1 1158 1159 1259 1234
5085 4 2 1 1 1158 1234 1259 1233
5086 4 2 1 1 1158 1184 1183 1259
5087 4 2 1 1 1158 1258 1233 1259
5088 4 2 1 1 1158 1183 1258 1259
5089 4 2 1 1 1159 1160 1185 1260
5090 4 2 1 1 1159 1160 1260 1235
5091 4 2 1 1 1159 1235 1260 1234
5092 4 2 1 1 1159 1185 1184 1260
5093 4 2 1 1 1159 1259 1234 1260
5094 4 2 1 1 1159 1184 1259 1260
5095 4 2 1 1 1160 1161 1186 1261
5096 4 2 1 1 1160 1161 1261 1236
5097 4 2 1 1 1160 1236 1261 1235
5098 4 2 1 1 1160 1186 1185 1261
5099 4 2 1 1 1160 1260 1235 1261
5100 4 2 1 1 1160 1185 1260 1261
5101 4 2 1 1 1161 1162 1187 1262
5102 4 2 1 1 1161 1162 1262 1237
5103 4 2 1 1 1161 1237 1262 1236
5104 4 2 1 1 1161 1187 1186 1262
5105 4 2 1 1 1161 1261 1236 1262
5106 4 2 1 1 1161 1186 1261 1262
5107 4 2 1 1 1162 1163 1188 1263
5108 4 2 1 1 1162 1163 1263 1238
5109 4 2 1 1 1162 1238 1263 1237
5110 4 2 1 1 1162 1188 1187 1263
5111 4 2 1 1 1162 1262 1237 1263
5112 4 2 1 1 1162 1187 1262 1263
5113 4 2 1 1 1163 1164 1189 1264
5114 4 2 1 1 1163 1164 1264 1239
5115 4 2 1 1 1163 1239 1264 1238
5116 4 2 1 1 1163 1189 1188 1264
5117 4 2 1 1 1163 1263 1238 1264
5118 4 2 1 1 1163 1188 1263 1264
5119 4 2 1 1 1164 1165 1190 1265
5120 4 2 1 1 1164 1165 1265 1240
5121 4 2 1 1 1164 1240 1265 1239
5122 4 2 1 1 1164 1190 1189 1265
5123 4 2 1 1 1164 1264 1239 1265
5124 4 2 1 1 1164 1189 1264 1265
5125 4 2 1 1 1165 1166 1191 1266
5126 4 2 1 1 1165 1166 1266 1241
5127 4 2 1 1 1165 1241 1266 1240
5128 4 2 1 1 1165 1191 1190 1266
5129 4 2 1 1 1165 1265 1240 1266
5130 4 2 1 1 1165 1190 1265 1266
5131 4 2 1 1 1166 1167 1192 1267
5132 4 2 1 1 1166 1167 1267 1242
5133 4 2 1 1 1166 1242 1267 1241
5134 4 2 1 1 1166 1192 1191 1267
5135 4 2 1 1 1166 1266 1241 1267
5136 4 2 1 1 1166 1191 1266 1267
5137 4 2 1 1 1167 1168 1193 1268
5138 4 2 1 1 1167 1168 1268 1243
5139 4 2 1 1 1167 1243 1268 1242
5140 4 2 1 1 1167 1193 1192 1268
5141 4 2 1 1 1167 1267 1242 1268
5142 4 2 1 1 1167 1192 1267 1268
5143 4 2 1 1 1168 1169 1194 1269
5144 4 2 1 1 1168 1169 1269 1244
5145 4 2 1 1 1168 1244 1269 1243
5146 4 2 1 1 1168 1194 1193 1269
5147 4 2 1 1 1168 1268 1243 1269
5148 4 2 1 1 1168 1193 1268 1269
5149 4 2 1 1 1169 1170 1195 1270
5150 4 2 1 1 1169 1170 1270 1245
5151 4 2 1 1 1169 1245 1270 1244
5152 4 2 1 1 1169 1195 1194 1270
5153 4 2 1 1 1169 1269 1244 1270
5154 4 2 1 1 1169 1194 1269 1270
5155 4 2 1 1 1170 1171 1196 1271
5156 4 2 1 1 1170 1171 1271 1246
5157 4 2 1 1 1170 1246 1271 1245
5158 4 2 1 1 1170 1196 1195 1271
5159 4 2 1 1 1170 1270 1245 1271
5160 4 2 1 1 1170 1195 1270 1271
5161 4 2 1 1 1171 1172 1197 1272
5162 4 2 1 1 1171 1172 1272 1247
5163 4 2 1 1 1171 1247 1272 1246
5164 4 2 1 1 1171 1197 1196 1272
5165 4 2 1 1 1171 1271 1246 1272
5166 4 2 1 1 1171 1196 1271 1272
5167 4 2 1 1 1172 1173 1198 1273
5168 4 2 1 1 1172 1173 1273 1248
5169 4 2 1 1 1172 1248 1273 1247
5170 4 2 1 1 1172 1198 1197 1273
5171 4 2 1 1 1172 1272 1247 1273
5172 4 2 1 1 1172 1197 1272 1273
5173 4 2 1 1 1173 1174 1199 1274
5174 4 2 1 1 1173 1174 1274 1249
5175 4 2 1 1 1173 1249 1274 1248
5176 4 2 1 1 1173 1199 1198 1274
5177 4 2 1 1 1173 1273 1248 1274
5178 4 2 1 1 1173 1198 1273 1274
5179 4 2 1 1 1174 1175 1200 1275
5180 4 2 1 1 1174 1175 1275 1250
5181 4 2 1 1 1174 1250 1275 1249
5182 4 2 1 1 1174 1200 1199 1275
5183 4 2 1 1 1174 1274 1249 1275
5184 4 2 1 1 1174 1199 1274 1275
5185 4 2 1 1 1201 1202 1227 1302
5186 4 2 1 1 1201 1202 1302 1277
5187 4 2 1 1 1201 1277 1302 1276
5188 4 2 1 1 1201 1227 1226 1302
5189 4 2 1 1 1201 1301 1276 1302
5190 4 2 1 1 1201 1226 1301 1302
5191 4 2 1 1 1202 1203 1228 1303
5192 4 2 1 1 1202 1203 1303 1278
5193 4 2 1 1 1202 1278 1303 1277
5194 4 2 1 1 1202 1228 1227 1303
5195 4 2 1 1 1202 1302 1277 1303
5196 4 2 1 1 1202 1227 1302 1303
5197 4 2 1 1 1203 1204 1229 1304
5198 4 2 1 1 1203 1204 1304 1279
5199 4 2 1 1 1203 1279 1304 1278
5200 4 2 1 1 1203 1229 1228 1304
5201 4 2 1 1 1203 1303 1278 1304
5202 4 2 1 1 1203 1228 1303 1304
5203 4 2 1 1 1204 1205 1230 1305
5204 4 2 1 1 1204 1205 1305 1280
5205 4 2 1 1 1204 1280 1305 1279
5206 4 2 1 1 1204 1230 1229 1305
5207 4 2 1 1 1204 1304 1279 1305
5208 4 2 1 1 1204 1229 1304 1305
5209 4 2 1 1 1205 1206 1231 1306
5210 4 2 1 1 1205 1206 1306 1281
5211 4 2 1 1 1205 1281 1306 1280
5212 4 2 1 1 1205 1231 1230 1306
5213 4 2 1 1 1205 1305 1280 1306
5214 4 2 1 1 1205 1230 1305 1306
5215 4 2 1 1 1206 1207 1232 1307
5216 4 2 1 1 1206 1207 1307 1282
5217 4 2 1 1 1206 1282 1307 1281
5218 4 2 1 1 1206 1232 1231 1307
5219 4 2 1 1 1206 1306 1281 1307
5220 4 2 1 1 1206 1231 1306 1307
5221 4 2 1 1 1207 1208 1233 1308
5222 4 2 1 1 1207 1208 1308 1283
5223 4 2 1 1 1207 1283 1308 1282
5224 4 2 1 1 1207 1233 1232 1308
5225 4 2 1 1 1207 1307 1282 1308
5226 4 2 1 1 1207 1232 1307 1308
5227 4 2 1 1 1208 1209 1234 1309
5228 4 2 1 1 1208 1209 1309 1284
5229 4 2 1 1 1208 1284 1309 1283
5230 4 2 1 1 1208 1234 1233 1309
5231 4 2 1 1 1208 1308 1283 1309
5232 4 2 1 1 1208 1233 1308 1309
5233 4 2 1 1 1209 1210 1235 1310
5234 4 2 1 1 1209 1210 1310 1285
5235 4 2 1 1 1209 1285 1310 1284
5236 4 2 1 1 1209 1235 1234 1310
5237 4 2 1 1 1209 1309 1284 1310
5238 4 2 1 1 1209 1234 1309 1310
5239 4 2 1 1 1210 1211 1236 1311
5240 4 2 1 1 1210 1211 1311 1286
5241 4 2 1 1 1210 1286 1311 1285
5242 4 2 1 1 1210 1236 1235 1311
5243 4 2 1 1 1210 1310 1285 1311
5244 4 2 1 1 1210 1235 1310 1311
5245 4 2 1 1 1211 1212 1237 1312
5246 4 2 1 1 1211 1212 1312 1287
5247 4 2 1 1 1211 1287 1312 1286
5248 4 2 1 1 1211 1237 1236 1312
5249 4 2 1 1 1211 1311 1286 1312
5250 4 2 1 1 1211 1236 1311 1312
5251 4 2 1 1 1212 1213 1238 1313
5252 4 2 1 1 1212 1213 1313 1288
5253 4 2 1 1 1212 1288 1313 1287
5254 4 2 1 1 1212 1238 1237 1313
5255 4 2 1 1 1212 1312 1287 1313
5256 4 2 1 1 1212 1237 1312 1313
5257 4 2 1 1 1213 1214 1239 1314
5258 4 2 1 1 1213 1214 1314 1289
5259 4 2 1 1 1213 1289 1314 1288
5260 4 2 1 1 1213 1239 1238 1314
5261 4 2 1 1 1213 1313 1288 1314
5262 4 2 1 1 1213 1238 1313 1314
5263 4 2 1 1 1214 1215 1240 1315
5264 4 2 1 1 1214 1215 1315 1290
5265 4 2 1 1 1214 1290 1315 1289
5266 4 2 1 1 1214 1240 1239 1315
5267 4 2 1 1 1214 1314 1289 1315
5268 4 2 1 1 1214 1239 1314 1315
5269 4 2 1 1 1215 1216 1241 1316
5270 4 2 1 1 1215 1216 1316 1291
5271 4 2 1 1 1215 1291 1316 1290
5272 4 2 1 1 1215 1241 1240 1316
5273 4 2 1 1 1215 1315 1290 1316
5274 4 2 1 1 1215 1240 1315 1316
5275 4 2 1 1 1216 1217 1242 1317
5276 4 2 1 1 1216 1217 1317 1292
5277 4 2 1 1 1216 1292 1317 1291
5278 4 2 1 1 1216 1242 1241 1317
5279 4 2 1 1 1216 1316 1291 1317
5280 4 2 1 1 1216 1241 1316 1317
5281 4 2 1 1 1217 1218 1243 1318
5282 4 2 1 1 1217 1218 1318 1293
5283 4 2 1 1 1217 1293 1318 1292
5284 4 2 1 1 1217 1243 1242 1318
5285 4 2 1 1 1217 1317 1292 1318
5286 4 2 1 1 1217 1242 1317 1318
5287 4 2 1 1 1218 1219 1244 1319
5288 4 2 1 1 1218 1219 1319 1294
5289 4 2 1 1 1218 1294 1319 1293
5290 4 2 1 1 1218 1244 1243 1319
5291 4 2 1 1 1218 1318 1293 1319
5292 4 2 1 1 1218 1243 1318 1319
5293 4 2 1 1 1219 1220 1245 1320
5294 4 2 1 1 1219 1220 1320 1295
5295 4 2 1 1 1219 1295 1320 1294
5296 4 2 1 1 1219 1245 1244 1320
5297 4 2 1 1 1219 1319 1294 1320
5298 4 2 1 1 1219 1244 1319 1320
5299 4 2 1 1 1220 1221 1246 1321
5300 4 2 1 1 1220 1221 1321 1296
5301 4 2 1 1 1220 1296 1321 1295
5302 4 2 1 1 1220 1246 1245 1321
5303 4 2 1 1 1220 1320 1295 1321
5304 4 2 1 1 1220 1245 1320 1321
5305 4 2 1 1 1221 1222 1247 1322
5306 4 2 1 1 1221 1222 1322 1297
5307 4 2 1 1 1221 1297 1322 1296
5308 4 2 1 1 1221 1247 1246 1322
5309 4 2 1 1 1221 1321 1296 1322
5310 4 2 1 1 1221 1246 1321 1322
5311 4 2 1 1 1222 1223 1248 1323
5312 4 2 1 1 1222 1223 1323 1298
5313 4 2 1 1 1222 1298 1323 1297
5314 4 2 1 1 1222 1248 1247 1323
5315 4 2 1 1 1222 1322 1297 1323
5316 4 2 1 1 1222 1247 1322 1323
5317 4 2 1 1 1223 1224 1249 1324
5318 4 2 1 1 1223 1224 1324 1299
5319 4 2 1 1 1223 1299 1324 1298
5320 4 2 1 1 1223 1249 1248 1324
5321 4 2 1 1 1223 1323 1298 1324
5322 4 2 1 1 1223 1248 1323 1324
5323 4 2 1 1 1224 1225 1250 1325
5324 4 2 1 1 1224 1225 1325 1300
5325 4 2 1 1 1224 1300 1325 1299
5326 4 2 1 1 1224 1250 1249 1325
5327 4 2 1 1 1224 1324 1299 1325
5328 4 2 1 1 1224 1249 1324 1325
5329 4 2 1 1 1226 1227 1252 1327
5330 4 2 1 1 1226 1227 1327 1302
5331 4 2 1 1 1226 1302 1327 1301
5332 4 2 1 1 1226 1252 1251 1327
5333 4 2 1 1 1226 1326 1301 1327
5334 4 2 1 1 1226 1251 1326 1327
5335 4 2 1 1 1227 1228 1253 1328
5336 4 2 1 1 1227 1228 1328 1303
5337 4 2 1 1 1227 1303 1328 1302
5338 4 2 1 1 1227 1253 1252 1328
5339 4 2 1 1 1227 1327 1302 1328
5340 4 2 1 1 1227 1252 1327 1328
5341 4 2 1 1 1228 1229 1254 1329
5342 4 2 1 1 1228 1229 1329 1304
5343 4 2 1 1 1228 1304 1329 1303
5344 4 2 1 1 1228 1254 1253 1329
5345 4 2 1 1 1228 1328 1303 1329
5346 4 2 1 1 1228 1253 1328 1329
5347 4 2 1 1 1229 1230 1255 1330
5348 4 2 1 1 1229 1230 1330 1305
5349 4 2 1 1 1229 1305 1330 1304
5350 4 2 1 1 1229 1255 1254 1330
5351 4 2 1 1 1229 1329 1304 1330
5352 4 2 1 1 1229 1254 1329 1330
5353 4 2 1 1 1230 1231 1256 1331
5354 4 2 1 1 1230 1231 1331 1306
5355 4 2 1 1 1230 1306 1331 1305
5356 4 2 1 1 1230 1256 1255 1331
5357 4 2 1 1 1230 1330 1305 1331
5358 4 2 1 1 1230 1255 1330 1331
5359 4 2 1 1 1231 1232 1257 1332
5360 4 2 1 1 1231 1232 1332 1307
5361 4 2 1 1 1231 1307 1332 1306
5362 4 2 1 1 1231 1257 1256 1332
5363 4 2 1 1 1231 1331 1306 1332
5364 4 2 1 1 1231 1256 1331 1332
5365 4 2 1 1 1232 1233 1258 1333
5366 4 2 1 1 1232 1233 1333 1308
5367 4 2 1 1 1232 1308 1333 1307
5368 4 2 1 1 1232 1258 1257 1333
5369 4 2 1 1 1232 1332 1307 1333
5370 4 2 1 1 1232 1257 1332 1333
5371 4 2 1 1 1233 1234 1259 1334
5372 4 2 1 1 1233 1234 1334 1309
5373 4 2 1 1 1233 1309 1334 1308
5374 4 2 1 1 1233 1259 1258 1334
5375 4 2 1 1 1233 1333 1308 1334
5376 4 2 1 1 1233 1258 1333 1334
5377 4 2 1 1 1234 1235 1260 1335
5378 4 2 1 1 1234 1235 1335 1310
5379 4 2 1 1 1234 1310 1335 1309
5380 4 2 1 1 1234 1260 1259 1335
5381 4 2 1 1 1234 1334 1309 1335
5382 4 2 1 1 1234 1259 1334 1335
5383 4 2 1 1 1235 1236 1261 1336
5384 4 2 1 1 1235 1236 1336 1311
5385 4 2 1 1 1235 1311 1336 1310
5386 4 2 1 1 1235 1261 1260 1336
5387 4 2 1 1 1235 1335 1310 1336
5388 4 2 1 1 1235 1260 1335 1336
5389 4 2 1 1 1236 1237 1262 1337
5390 4 2 1 1 1236 1237 1337 1312
5391 4 2 1 1 1236 1312 1337 1311
5392 4 2 1 1 1236 1262 1261 1337
5393 4 2 1 1 1236 1336 1311 1337
5394 4 2 1 1 1236 1261 1336 1337
5395 4 2 1 1 1237 1238 1263 1338
5396 4 2 1 1 1237 1238 1338 1313
5397 4 2 1 1 1237 1313 1338 1312
5398 4 2 1 1 1237 1263 1262 1338
5399 4 2 1 1 1237 1337 1312 1338
5400 4 2 1 1 1237 1262 1337 1338
5401 4 2 1 1 1238 1239 1264 1339
5402 4 2 1 1 1238 1239 1339 1314
5403 4 2 1 1 1238 1314 1339 1313
5404 4 2 1 1 1238 1264 1263 1339
5405 4 2 1 1 1238 1338 1313 1339
5406 4 2 1 1 1238 1263 1338 1339
5407 4 2 1 1 1239 1240 1265 1340
5408 4 2 1 1 1239 1240 1340 1315
5409 4 2 1 1 1239 1315 1340 1314
5410 4 2 1 1 1239 1265 1264 1340
5411 4 2 1 1 1239 1339 1314 1340
5412 4 2 1 1 1239 1264 1339 1340
5413 4 2 1 1 1240 1241 1266 1341
5414 4 2 1 1 1240 1241 1341 1316
5415 4 2 1 1 1240 1316 1341 1315
5416 4 2 1 1 1240 1266 1265 1341
5417 4 2 1 1 1240 1340 1315 1341
5418 4 2 1 1 1240 1265 1340 1341
5419 4 2 1 1 1241 1242 1267 1342
5420 4 2 1 1 1241 1242 1342 1317
5421 4 2 1 1 1241 1317 1342 1316
5422 4 2 1 1 1241 1267 1266 1342
5423 4 2 1 1 1241 1341 1316 1342
5424 4 2 1 1 1241 1266 1341 1342
5425 4 2 1 1 1242 1243 1268 1343
5426 4 2 1 1 1242 1243 1343 1318
5427 4 2 1 1 1242 1318 1343 1317
5428 4 2 1 1 1242 1268 1267 1343
5429 4 2 1 1 1242 1342 1317 1343
5430 4 2 1 1 1242 1267 1342 1343
5431 4 2 1 1 1243 1244 1269 1344
5432 4 2 1 1 1243 1244 1344 1319
5433 4 2 1 1 1243 1319 1344 1318
5434 4 2 1 1 1243 1269 1268 1344
5435 4 2 1 1 1243 1343 1318 1344
5436 4 2 1 1 1243 1268 1343 1344
5437 4 2 1 1 1244 1245 1270 1345
5438 4 2 1 1 1244 1245 1345 1320
5439 4 2 1 1 1244 1320 1345 1319
5440 4 2 1 1 1244 1270 1269 1345
5441 4 2 1 1 1244 1344 1319 1345
5442 4 2 1 1 1244 1269 1344 1345
5443 4 2 1 1 1245 1246 1271 1346
5444 4 2 1 1 1245 1246 1346 1321
5445 4 2 1 1 1245 1321 1346 1320
5446 4 2 1 1 1245 1271 1270 1346
5447 4 2 1 1 1245 1345 1320 1346
5448 4 2 1 1 1245 1270 1345 1346
5449 4 2 1 1 1246 1247 1272 1347
5450 4 2 1 1 1246 1247 1347 1322
5451 4 2 1 1 1246 1322 1347 1321
5452 4 2 1 1 1246 1272 1271 1347
5453 4 2 1 1 1246 1346 1321 1347
5454 4 2 1 1 1246 1271 1346 1347
5455 4 2 1 1 1247 1248 1273 1348
5456 4 2 1 1 1247 1248 1348 1323
5457 4 2 1 1 1247 1323 1348 1322
5458 4 2 1 1 1247 1273 1272 1348
5459 4 2 1 1 1247 1347 1322 1348
5460 4 2 1 1 1247 1272 1347 1348
5461 4 2 1 1 1248 1249 1274 1349
5462 4 2 1 1 1248 1249 1349 1324
5463 4 2 1 1 1248 1324 1349 1323
5464 4 2 1 1 1248 1274 1273 1349
5465 4 2 1 1 1248 1348 1323 1349
5466 4 2 1 1 1248 1273 1348 1349
5467 4 2 1 1 1249 1250 1275 1350
5468 4 2 1 1 1249 1250 1350 1325
5469 4 2 1 1 1249 1325 1350 1324
5470 4 2 1 1 1249 1275 1274 1350
5471 4 2 1 1 1249 1349 1324 1350
5472 4 2 1 1 1249 1274 1349 1350
5473 4 2 1 1 1276 1277 1302 1377
5474 4 2 1 1 1276 1277 1377 1352
5475 4 2 1 1 1276 1352 1377 1351
5476 4 2 1 1 1276 1302 1301 1377
5477 4 2 1 1 1276 1376 1351 1377
5478 4 2 1 1 1276 1301 1376 1377
5479 4 2 1 1 1277 1278 1303 1378
5480 4 2 1 1 1277 1278 1378 1353
5481 4 2 1 1 1277 1353 1378 1352
5482 4 2 1 1 1277 1303 1302 1378
5483 4 2 1 1 1277 1377 1352 1378
5484 4 2 1 1 1277 1302 1377 1378
5485 4 2 1 1 1278 1279 1304 1379
5486 4 2 1 1 1278 1279 1379 1354
5487 4 2 1 1 1278 1354 1379 1353
5488 4 2 1 1 1278 1304 1303 1379
5489 4 2 1 1 1278 1378 1353 1379
5490 4 2 1 1 1278 1303 1378 1379
5491 4 2 1 1 1279 1280 1305 1380
5492 4 2 1 1 1279 1280 1380 1355
5493 4 2 1 1 1279 1355 1380 1354
5494 4 2 1 1 1279 1305 1304 1380
5495 4 2 1 1 1279 1379 1354 1380
5496 4 2 1 1 1279 1304 1379 1380
5497 4 2 1 1 1280 1281 1306 1381
5498 4 2 1 1 1280 1281 1381 1356
5499 4 2 1 1 1280 1356 1381 1355
5500 4 2 1 1 1280 1306 1305 1381
5501 4 2 1 1 1280 1380 1355 1381
5502 4 2 1 1 1280 1305 1380 1381
5503 4 2 1 1 1281 1282 1307 1382
5504 4 2 1 1 1281 1282 1382 1357
5505 4 2 1 1 1281 1357 1382 1356
5506 4 2 1 1 1281 1307 1306 1382
5507 4 2 1 1 1281 1381 1356 1382
5508 4 2 1 1 1281 1306 1381 1382
5509 4 2 1 1 1282 1283 1308 1383
5510 4 2 1 1 1282 1283 1383 1358
5511 4 2 1 1 1282 1358 1383 1357
5512 4 2 1 1 1282 1308 1307 1383
5513 4 2 1 1 1282 1382 1357 1383
5514 4 2 1 1 1282 1307 1382 1383
5515 4 2 1 1 1283 1284 1309 1384
5516 4 2 1 1 1283 1284 1384 1359
5517 4 2 1 1 1283 1359 1384 1358
5518 4 2 1 1 1283 1309 1308 1384
5519 4 2 1 1 1283 1383 1358 1384
5520 4 2 1 1 1283 1308 1383 1384
5521 4 2 1 1 1284 1285 1310 1385
5522 4 2 1 1 1284 1285 1385 1360
5523 4 2 1 1 1284 1360 1385 1359
5524 4 2 1 1 1284 1310 1309 1385
5525 4 2 1 1 1284 1384 1359 1385
5526 4 2 1 1 1284 1309 1384 1385
5527 4 2 1 1 1285 1286 1311 1386
5528 4 2 1 1 1285 1286 1386 1361
5529 4 2 1 1 1285 1361 1386 1360
5530 4 2 1 1 1285 1311 1310 1386
5531 4 2 1 1 1285 1385 1360 1386
5532 4 2 1 1 1285 1310 1385 1386
5533 4 2 1 1 1286 1287 1312 1387
5534 4 2 1 1 1286 1287 1387 1362
5535 4 2 1 1 1286 1362 1387 1361
5536 4 2 1 1 1286 1312 1311 1387
5537 4 2 1 1 1286 1386 1361 1387
5538 4 2 1 1 1286 1311 1386 1387
5539 4 2 1 1 1287 1288 1313 1388
5540 4 2 1 1 1287 1288 1388 1363
5541 4 2 1 1 1287 1363 1388 1362
5542 4 2 1 1 1287 1313 1312 1388
5543 4 2 1 1 1287 1387 1362 1388
5544 4 2 1 1 1287 1312 1387 1388
5545 4 2 1 1 1288 1289 1314 1389
5546 4 2 1 1 1288 1289 1389 1364
5547 4 2 1 1 1288 1364 1389 1363
5548 4 2 1 1 1288 1314 1313 1389
5549 4 2 1 1 1288 1388 1363 1389
5550 4 2 1 1 1288 1313 1388 1389
5551 4 2 1 1 1289 1290 1315 1390
5552 4 2 1 1 1289 1290 1390 1365
5553 4 2 1 1 1289 1365 1390 1364
5554 4 2 1 1 1289 1315 1314 1390
5555 4 2 1 1 1289 1389 1364 1390
5556 4 2 1 1 1289 1314 1389 1390
5557 4 2 1 1 1290 1291 1316 1391
5558 4 2 1 1 1290 1291 1391 1366
5559 4 2 1 1 1290 1366 1391 1365
5560 4 2 1 1 1290 1316 1315 1391
5561 4 2 1 1 1290 1390 1365 1391
5562 4 2 1 1 1290 1315 1390 1391
5563 4 2 1 1 1291 1292 1317 1392
5564 4 2 1 1 1291 1292 1392 1367
5565 4 2 1 1 1291 1367 1392 1366
5566 4 2 1 1 1291 1317 1316 1392
5567 4 2 1 1 1291 1391 1366 1392
5568 4 2 1 1 1291 1316 1391 1392
5569 4 2 1 1 1292 1293 1318 1393
5570 4 2 1 1 1292 1293 1393 1368
5571 4 2 1 1 1292 1368 1393 1367
5572 4 2 1 1 1292 1318 1317 1393
5573 4 2 1 1 1292 1392 1367 1393
5574 4 2 1 1 1292 1317 1392 1393
5575 4 2 1 1 1293 1294 1319 1394
5576 4 2 1 1 1293 1294 1394 1369
5577 4 2 1 1 1293 1369 1394 1368
5578 4 2 1 1 1293 1319 1318 1394
5579 4 2 1 1 1293 1393 1368 1394
5580 4 2 1 1 1293 1318 1393 1394
5581 4 2 1 1 1294 1295 1320 1395
5582 4 2 1 1 1294 1295 1395 1370
5583 4 2 1 1 1294 1370 1395 1369
5584 4 2 1 1 1294 1320 1319 1395
5585 4 2 1 1 1294 1394 1369 1395
5586 4 2 1 1 1294 1319 1394 1395
5587 4 2 1 1 1295 1296 1321 1396
5588 4 2 1 1 1295 1296 1396 1371
5589 4 2 1 1 1295 1371 1396 1370
5590 4 2 1 1 1295 1321 1320 1396
5591 4 2 1 1 1295 1395 1370 1396
5592 4 2 1 1 1295 1320 1395 1396
5593 4 2 1 1 1296 1297 1322 1397
5594 4 2 1 1 1296 1297 1397 1372
5595 4 2 1 1 1296 1372 1397 1371
5596 4 2 1 1 1296 1322 1321 1397
5597 4 2 1 1 1296 1396 1371 1397
5598 4 2 1 1 1296 1321 1396 1397
5599 4 2 1 1 1297 1298 1323 1398
5600 4 2 1 1 1297 1298 1398 1373
5601 4 2 1 1 1297 1373 1398 1372
5602 4 2 1 1 1297 1323 1322 1398
5603 4 2 1 1 1297 1397 1372 1398
5604 4 2 1 1 1297 1322 1397 1398
5605 4 2 1 1 1298 1299 1324 1399
5606 4 2 1 1 1298 1299 1399 1374
5607 4 2 1 1 1298 1374 1399 1373
5608 4 2 1 1 1298 1324 1323 1399
5609 4 2 1 1 1298 1398 1373 1399
5610 4 2 1 1 1298 1323 1398 1399
5611 4 2 1 1 1299 1300 1325 1400
5612 4 2 1 1 1299 1300 1400 1375
5613 4 2 1 1 1299 1375 1400 1374
5614 4 2 1 1 1299 1325 1324 1400
5615 4 2 1 1 1299 1399 1374 1400
5616 4 2 1 1 1299 1324 1399 1400
5617 4 2 1 1 1301 1302 1327 1402
5618 4 2 1 1 1301 1302 1402 1377
5619 4 2 1 1 1301 1377 1402 1376
5620 4 2 1 1 1301 1327 1326 1402
5621 4 2 1 1 1301 1401 1376 1402
5622 4 2 1 1 1301 1326 1401 1402
5623 4 2 1 1 1302 1303 1328 1403
5624 4 2 1 1 1302 1303 1403 1378
5625 4 2 1 1 1302 1378 1403 1377
5626 4 2 1 1 1302 1328 1327 1403
5627 4 2 1 1 1302 1402 1377 1403
5628 4 2 1 1 1302 1327 1402 1403
5629 4 2 1 1 1303 1304 1329 1404
5630 4 2 1 1 1303 1304 1404 1379
5631 4 2 1 1 1303 1379 1404 1378
5632 4 2 1 1 1303 1329 1328 1404
5633 4 2 1 1 1303 1403 1378 1404
5634 4 2 1 1 1303 1328 1403 1404
5635 4 2 1 1 1304 1305 1330 1405
5636 4 2 1 1 1304 1305 1405 1380
5637 4 2 1 1 1304 1380 1405 1379
5638 4 2 1 1 1304 1330 1329 1405
5639 4 2 1 1 1304 1404 1379 1405
5640 4 2 1 1 1304 1329 1404 1405
5641 4 2 1 1 1305 1306 1331 1406
5642 4 2 1 1 1305 1306 1406 1381
5643 4 2 1 1 1305 1381 1406 1380
5644 4 2 1 1 1305 1331 1330 1406
5645 4 2 1 1 1305 1405 1380 1406
5646 4 2 1 1 1305 1330 1405 1406
5647 4 2 1 1 1306 1307 1332 1407
5648 4 2 1 1 1306 1307 1407 1382
5649 4 2 1 1 1306 1382 1407 1381
5650 4 2 1 1 1306 1332 1331 1407
5651 4 2 1 1 1306 1406 1381 1407
5652 4 2 1 1 1306 1331 1406 1407
5653 4 2 1 1 1307 1308 1333 1408
5654 4 2 1 1 1307 1308 1408 1383
5655 4 2 1 1 1307 1383 1408 1382
5656 4 2 1 1 1307 1333 1332 1408
5657 4 2 1 1 1307 1407 1382 1408
5658 4 2 1 1 1307 1332 1407 1408
5659 4 2 1 1 1308 1309 1334 1409
5660 4 2 1 1 1308 1309 1409 1384
5661 4 2 1 1 1308 1384 1409 1383
5662 4 2 1 1 1308 1334 1333 1409
5663 4 2 1 1 1308 1408 1383 1409
5664 4 2 1 1 1308 1333 1408 1409
5665 4 2 1 1 1309 1310 1335 1410
5666 4 2 1 1 1309 1310 1410 1385
5667 4 2 1 1 1309 1385 1410 1384
5668 4 2 1 1 1309 1335 1334 1410
5669 4 2 1 1 1309 1409 1384 1410
5670 4 2 1 1 1309 1334 1409 1410
5671 4 2 1 1 1310 1311 1336 1411
5672 4 2 1 1 1310 1311 1411 1386
5673 4 2 1 1 1310 1386 1411 1385
5674 4 2 1 1 1310 1336 1335 1411
5675 4 2 1 1 1310 1410 1385 1411
5676 4 2 1 1 1310 1335 1410 1411
5677 4 2 1 1 1311 1312 1337 1412
5678 4 2 1 1 1311 1312 1412 1387
5679 4 2 1 1 1311 1387 1412 1386
5680 4 2 1 1 1311 1337 1336 1412
5681 4 2 1 1 1311 1411 1386 1412
5682 4 2 1 1 1311 1336 1411 1412
5683 4 2 1 1 1312 1313 1338 1413
5684 4 2 1 1 1312 1313 1413 1388
5685 4 2 1 1 1312 1388 1413 1387
5686 4 2 1 1 1312 1338 1337 1413
5687 4 2 1 1 1312 1412 1387 1413
5688 4 2 1 1 1312 1337 1412 1413
5689 4 2 1 1 1313 1314 1339 1414
5690 4 2 1 1 1313 1314 1414 1389
5691 4 2 1 1 1313 1389 1414 1388
5692 4 2 1 1 1313 1339 1338 1414
5693 4 2 1 1 1313 1413 1388 1414
5694 4 2 1 1 1313 1338 1413 1414
5695 4 2 1 1 1314 1315 1340 1415
5696 4 2 1 1 1314 1315 1415 1390
5697 4 2 1 1 1314 1390 1415 1389
5698 4 2 1 1 1314 1340 1339 1415
5699 4 2 1 1 1314 1414 1389 1415
5700 4 2 1 1 1314 1339 1414 1415
5701 4 2 1 1 1315 1316 1341 1416
5702 4 2 1 1 1315 1316 1416 1391
5703 4 2 1 1 1315 1391 1416 1390
5704 4 2 1 1 1315 1341 1340 1416
5705 4 2 1 1 1315 1415 1390 1416
5706 4 2 1 1 1315 1340 1415 1416
5707 4 2 1 1 1316 1317 1342 1417
5708 4 2 1 1 1316 1317 1417 1392
5709 4 2 1 1 1316 1392 1417 1391
5710 4 2 1 1 1316 1342 1341 1417
5711 4 2 1 1 1316 1416 1391 1417
5712 4 2 1 1 1316 1341 1416 1417
5713 4 2 1 1 1317 1318 1343 1418
5714 4 2 1 1 1317 1318 1418 1393
5715 4 2 1 1 1317 1393 1418 1392
5716 4 2 1 1 1317 1343 1342 1418
5717 4 2 1 1 1317 1417 1392 1418
5718 4 2 1 1 1317 1342 1417 1418
5719 4 2 1 1 1318 1319 1344 1419
5720 4 2 1 1 1318 1319 1419 1394
5721 4 2 1 1 1318 1394 1419 1393
5722 4 2 1 1 1318 1344 1343 1419
5723 4 2 1 1 1318 1418 1393 1419
5724 4 2 1 1 1318 1343 1418 1419
5725 4 2 1 1 1319 1320 1345 1420
5726 4 2 1 1 1319 1320 1420 1395
5727 4 2 1 1 1319 1395 1420 1394
5728 4 2 1 1 1319 1345 1344 1420
5729 4 2 1 1 1319 1419 1394 1420
5730 4 2 1 1 1319 1344 1419 1420
5731 4 2 1 1 1320 1321 1346 1421
5732 4 2 1 1 1320 1321 1421 1396
5733 4 2 1 1 1320 1396 1421 1395
5734 4 2 1 1 1320 1346 1345 1421
5735 4 2 1 1 1320 1420 1395 1421
5736 4 2 1 1 1320 1345 1420 1421
5737 4 2 1 1 1321 1322 1347 1422
5738 4 2 1 1 1321 1322 1422 1397
5739 4 2 1 1 1321 1397 1422 1396
5740 4 2 1 1 1321 1347 1346 1422
5741 4 2 1 1 1321 1421 1396 1422
5742 4 2 1 1 1321 1346 1421 1422
5743 4 2 1 1 1322 1323 1348 1423
5744 4 2 1 1 1322 1323 1423 1398
5745 4 2 1 1 1322 1398 1423 1397
5746 4 2 1 1 1322 1348 1347 1423
5747 4 2 1 1 1322 1422 1397 1423
5748 4 2 1 1 1322 1347 1422 1423
5749 4 2 1 1 1323 1324 1349 1424
5750 4 2 1 1 1323 1324 1424 1399
5751 4 2 1 1 1323 1399 1424 1398
5752 4 2 1 1 1323 1349 1348 1424
5753 4 2 1 1 1323 1423 1398 1424
5754 4 2 1 1 1323 1348 1423 1424
5755 4 2 1 1 1324 1325 1350 1425
5756 4 2 1 1 1324 1325 1425 1400
5757 4 2 1 1 1324 1400 1425 1399
5758 4 2 1 1 1324 1350 1349 1425
5759 4 2 1 1 1324 1424 1399 1425
5760 4 2 1 1 1324 1349 1424 1425
5761 4 2 1 1 1351 1352 1377 1452
5762 4 2 1 1 1351 1352 1452 1427
5763 4 2 1 1 1351 1427 1452 1426
5764 4 2 1 1 1351 1377 1376 1452
5765 4 2 1 1 1351 1451 1426 1452
5766 4 2 1 1 1351 1376 1451 1452
5767 4 2 1 1 1352 1353 1378 1453
5768 4 2 1 1 1352 1353 1453 1428
5769 4 2 1 1 1352 1428 1453 1427
5770 4 2 1 1 1352 1378 1377 1453
5771 4 2 1 1 1352 1452 1427 1453
5772 4 2 1 1 1352 1377 1452 1453
5773 4 2 1 1 1353 1354 1379 1454
5774 4 2 1 1 1353 1354 1454 1429
5775 4 2 1 1 1353 1429 1454 1428
5776 4 2 1 1 1353 1379 1378 1454
5777 4 2 1 1 1353 1453 1428 1454
5778 4 2 1 1 1353 1378 1453 1454
5779 4 2 1 1 1354 1355 1380 1455
5780 4 2 1 1 1354 1355 1455 1430
5781 4 2 1 1 1354 1430 1455 1429
5782 4 2 1 1 1354 1380 1379 1455
5783 4 2 1 1 1354 1454 1429 1455
5784 4 2 1 1 1354 1379 1454 1455
5785 4 2 1 1 1355 1356 1381 1456
5786 4 2 1 1 1355 1356 1456 1431
5787 4 2 1 1 1355 1431 1456 1430
5788 4 2 1 1 1355 1381 1380 1456
5789 4 2 1 1 1355 1455 1430 1456
5790 4 2 1 1 1355 1380 1455 1456
5791 4 2 1 1 1356 1357 1382 1457
5792 4 2 1 1 1356 1357 1457 1432
5793 4 2 1 1 1356 1432 1457 1431
5794 4 2 1 1 1356 1382 1381 1457
5795 4 2 1 1 1356 1456 1431 1457
5796 4 2 1 1 1356 1381 1456 1457
5797 4 2 1 1 1357 1358 1383 1458
5798 4 2 1 1 1357 1358 1458 1433
5799 4 2 1 1 1357 1433 1458 1432
5800 4 2 1 1 1357 1383 1382 1458
5801 4 2 1 1 1357 1457 1432 1458
5802 4 2 1 1 1357 1382 1457 1458
5803 4 2 1 1 1358 1359 1384 1459
5804 4 2 1 1 1358 1359 1459 1434
5805 4 2 1 1 1358 1434 1459 1433
5806 4 2 1 1 1358 1384 1383 1459
5807 4 2 1 1 1358 1458 1433 1459
5808 4 2 1 1 1358 1383 1458 1459
5809 4 2 1 1 1359 1360 1385 1460
5810 4 2 1 1 1359 1360 1460 1435
5811 4 2 1 1 1359 1435 1460 1434
5812 4 2 1 1 1359 1385 1384 1460
5813 4 2 1 1 1359 1459 1434 1460
5814 4 2 1 1 1359 1384 1459 1460
5815 4 2 1 1 1360 1361 1386 1461
5816 4 2 1 1 1360 1361 1461 1436
5817 4 2 1 1 1360 1436 1461 1435
5818 4 2 1 1 1360 1386 1385 1461
5819 4 2 1 1 1360 1460 1435 1461
5820 4 2 1 1 1360 1385 1460 1461
5821 4 2 1 1 1361 1362 1387 1462
5822 4 2 1 1 1361 1362 1462 1437
5823 4 2 1 1 1361 1437 1462 1436
5824 4 2 1 1 1361 1387 1386 1462
5825 4 2 1 1 1361 1461 1436 1462
5826 4 2 1 1 1361 1386 1461 1462
5827 4 2 1 1 1362 1363 1388 1463
5828 4 2 1 1 1362 1363 1463 1438
5829 4 2 1 1 1362 1438 1463 1437
5830 4 2 1 1 1362 1388 1387 1463
5831 4 2 1 1 1362 1462 1437 1463
5832 4 2 1 1 1362 1387 1462 1463
5833 4 2 1 1 1363 1364 1389 1464
5834 4 2 1 1 1363 1364 1464 1439
5835 4 2 1 1 1363 1439 1464 1438
5836 4 2 1 1 1363 1389 1388 1464
5837 4 2 1 1 1363 1463 1438 1464
5838 4 2 1 1 1363 1388 1463 1464
5839 4 2 1 1 1364 1365 1390 1465
5840 4 2 1 1 1364 1365 1465 1440
5841 4 2 1 1 1364 1440 1465 1439
5842 4 2 1 1 1364 1390 1389 1465
5843 4 2 1 1 1364 1464 1439 1465
5844 4 2 1 1 1364 1389 1464 1465
5845 4 2 1 1 1365 1366 1391 1466
5846 4 2 1 1 1365 1366 1466 1441
5847 4 2 1 1 1365 1441 1466 1440
5848 4 2 1 1 1365 1391 1390 1466
5849 4 2 1 1 1365 1465 1440 1466
5850 4 2 1 1 1365 1390 1465 1466
5851 4 2 1 1 1366 1367 1392 1467
5852 4 2 1 1 1366 1367 1467 1442
5853 4 2 1 1 1366 1442 1467 1441
5854 4 2 1 1 1366 1392 1391 1467
5855 4 2 1 1 1366 1466 1441 1467
5856 4 2 1 1 1366 1391 1466 1467
5857 4 2 1 1 1367 1368 1393 1468
5858 4 2 1 1 1367 1368 1468 1443
5859 4 2 1 1 1367 1443 1468 1442
5860 4 2 1 1 1367 1393 1392 1468
5861 4 2 1 1 1367 1467 1442 1468
5862 4 2 1 1 1367 1392 1467 1468
5863 4 2 1 1 1368 1369 1394 1469
5864 4 2 1 1 1368 1369 1469 1444
5865 4 2 1 1 1368 1444 1469 1443
5866 4 2 1 1 1368 1394 1393 1469
5867 4 2 1 1 1368 1468 1443 1469
5868 4 2 1 1 1368 1393 1468 1469
5869 4 2 1 1 1369 1370 1395 1470
5870 4 2 1 1 1369 1370 1470 1445
5871 4 2 1 1 1369 1445 1470 1444
5872 4 2 1 1 1369 1395 1394 1470
5873 4 2 1 1 1369 1469 1444 1470
5874 4 2 1 1 1369 1394 1469 1470
5875 4 2 1 1 1370 1371 1396 1471
5876 4 2 1 1 1370 1371 1471 1446
5877 4 2 1 1 1370 1446 1471 1445
5878 4 2 1 1 1370 1396 1395 1471
5879 4 2 1 1 1370 1470 1445 1471
5880 4 2 1 1 1370 1395 1470 1471
5881 4 2 1 1 1371 1372 1397 1472
5882 4 2 1 1 1371 1372 1472 1447
5883 4 2 1 1 1371 1447 1472 1446
5884 4 2 1 1 1371 1397 1396 1472
5885 4 2 1 1 1371 1471 1446 1472
5886 4 2 1 1 1371 1396 1471 1472
5887 4 2 1 1 1372 1373 1398 1473
5888 4 2 1 1 1372 1373 1473 1448
5889 4 2 1 1 1372 1448 1473 1447
5890 4 2 1 1 1372 1398 1397 1473
5891 4 2 1 1 1372 1472 1447 1473
5892 4 2 1 1 1372 1397 1472 1473
5893 4 2 1 1 1373 1374 1399 1474
5894 4 2 1 1 1373 1374 1474 1449
5895 4 2 1 1 1373 1449 1474 1448
5896 4 2 1 1 1373 1399 1398 1474
5897 4 2 1 1 1373 1473 1448 1474
5898 4 2 1 1 1373 1398 1473 1474
5899 4 2 1 1 1374 1375 1400 1475
5900 4 2 1 1 1374 1375 1475 1450
5901 4 2 1 1 1374 1450 1475 1449
5902 4 2 1 1 1374 1400 1399 1475
5903 4 2 1 1 1374 1474 1449 1475
5904 4 2 1 1 1374 1399 1474 1475
5905 4 2 1 1 1376 1377 1402 1477
5906 4 2 1 1 1376 1377 1477 1452
5907 4 2 1 1 1376 1452 1477 1451
5908 4 2 1 1 1376 1402 1401 1477
5909 4 2 1 1 1376 1476 1451 1477
5910 4 2 1 1 1376 1401 1476 1477
5911 4 2 1 1 1377 1378 1403 1478
5912 4 2 1 1 1377 1378 1478 1453
5913 4 2 1 1 1377 1453 1478 1452
5914 4 2 1 1 1377 1403 1402 1478
5915 4 2 1 1 1377 1477 1452 1478
5916 4 2 1 1 1377 1402 1477 1478
5917 4 2 1 1 1378 1379 1404 1479
5918 4 2 1 1 1378 1379 1479 1454
5919 4 2 1 1 1378 1454 1479 1453
5920 4 2 1 1 1378 1404 1403 1479
5921 4 2 1 1 1378 1478 1453 1479
5922 4 2 1 1 1378 1403 1478 1479
5923 4 2 1 1 1379 1380 1405 1480
5924 4 2 1 1 1379 1380 1480 1455
5925 4 2 1 1 1379 1455 1480 1454
5926 4 2 1 1 1379 1405 1404 1480
5927 4 2 1 1 1379 1479 1454 1480
5928 4 2 1 1 1379 1404 1479 1480
5929 4 2 1 1 1380 1381 1406 1481
5930 4 2 1 1 1380 1381 1481 1456
5931 4 2 1 1 1380 1456 1481 1455
5932 4 2 1 1 1380 1406 1405 1481
5933 4 2 1 1 1380 1480 1455 1481
5934 4 2 1 1 1380 1405 1480 1481
5935 4 2 1 1 1381 1382 1407 1482
5936 4 2 1 1 1381 1382 1482 1457
5937 4 2 1 1 1381 1457 1482 1456
5938 4 2 1 1 1381 1407 1406 1482
5939 4 2 1 1 1381 1481 1456 1482
5940 4 2 1 1 1381 1406 1481 1482
5941 4 2 1 1 1382 1383 1408 1483
5942 4 2 1 1 1382 1383 1483 1458
5943 4 2 1 1 1382 1458 1483 1457
5944 4 2 1 1 1382 1408 1407 1483
5945 4 2 1 1 1382 1482 1457 1483
5946 4 2 1 1 1382 1407 1482 1483
5947 4 2 1 1 1383 1384 1409 1484
5948 4 2 1 1 1383 1384 1484 1459
5949 4 2 1 1 1383 1459 1484 1458
5950 4 2 1 1 1383 1409 1408 1484
5951 4 2 1 1 1383 1483 1458 1484
5952 4 2 1 1 1383 1408 1483 1484
5953 4 2 1 1 1384 1385 1410 1485
5954 4 2 1 1 1384 1385 1485 1460
5955 4 2 1 1 1384 1460 1485 1459
5956 4 2 1 1 1384 1410 1409 1485
5957 4 2 1 1 1384 1484 1459 1485
5958 4 2 1 1 1384 1409 1484 1485
5959 4 2 1 1 1385 1386 1411 1486
5960 4 2 1 1 1385 1386 1486 1461
5961 4 2 1 1 1385 1461 1486 1460
5962 4 2 1 1 1385 1411 1410 1486
5963 4 2 1 1 1385 1485 1460 1486
5964 4 2 1 1 1385 1410 1485 1486
5965 4 2 1 1 1386 1387 1412 1487
5966 4 2 1 1 1386 1387 1487 1462
5967 4 2 1 1 1386 1462 1487 1461
5968 4 2 1 1 1386 1412 1411 1487
5969 4 2 1 1 1386 1486 1461 1487
5970 4 2 1 1 1386 1411 1486 1487
5971 4 2 1 1 1387 1388 1413 1488
5972 4 2 1 1 1387 1388 1488 1463
5973 4 2 1 1 1387 1463 1488 1462
5974 4 2 1 1 1387 1413 1412 1488
5975 4 2 1 1 1387 1487 1462 1488
5976 4 2 1 1 1387 1412 1487 1488
5977 4 2 1 1 1388 1389 1414 1489
5978 4 2 1 1 1388 1389 1489 1464
5979 4 2 1 1 1388 1464 1489 1463
5980 4 2 1 1 1388 1414 1413 1489
5981 4 2 1 1 1388 1488 1463 1489
5982 4 2 1 1 1388 1413 1488 1489
5983 4 2 1 1 1389 1390 1415 1490
5984 4 2 1 1 1389 1390 1490 1465
5985 4 2 1 1 1389 1465 1490 1464
5986 4 2 1 1 1389 1415 1414 1490
5987 4 2 1 1 1389 1489 1464 1490
5988 4 2 1 1 1389 1414 1489 1490
5989 4 2 1 1 1390 1391 1416 1491
5990 4 2 1 1 1390 1391 1491 1466
5991 4 2 1 1 1390 1466 1491 1465
5992 4 2 1 1 1390 1416 1415 1491
5993 4 2 1 1 1390 1490 1465 1491
5994 4 2 1 1 1390 1415 1490 1491
5995 4 2 1 1 1391 1392 1417 1492
5996 4 2 1 1 1391 1392 1492 1467
5997 4 2 1 1 1391 1467 1492 1466
5998 4 2 1 1 1391 1417 1416 1492
5999 4 2 1 1 1391 1491 1466 1492
6000 4 2 1 1 1391 1416 1491 1492
6001 4 2 1 1 1392 1393 1418 1493
6002 4 2 1 1 1392 1393 1493 1468
6003 4 2 1 1 1392 1468 1493 1467
6004 4 2 1 1 1392 1418 1417 1493
6005 4 2 1 1 1392 1492 1467 1493
6006 4 2 1 1 1392 1417 1492 1493
6007 4 2 1 1 1393 1394 1419 1494
6008 4 2 1 1 1393 1394 1494 1469
6009 4 2 1 1 1393 1469 1494 1468
6010 4 2 1 1 1393 1419 1418 1494
6011 4 2 1 1 1393 1493 1468 1494
6012 4 2 1 1 1393 1418 1493 1494
6013 4 2 1 1 1394 1395 1420 1495
6014 4 2 1 1 1394 1395 1495 1470
6015 4 2 1 1 1394 1470 1495 1469
6016 4 2 1 1 1394 1420 1419 1495
6017 4 2 1 1 1394 1494 1469 1495
6018 4 2 1 1 1394 1419 1494 1495
6019 4 2 1 1 1395 1396 1421 1496
6020 4 2 1 1 1395 1396 1496 1471
6021 4 2 1 1 1395 1471 1496 1470
6022 4 2 1 1 1395 1421 1420 1496
6023 4 2 1 1 1395 1495 1470 1496
6024 4 2 1 1 1395 1420 1495 1496
6025 4 2 1 1 1396 1397 1422 1497
6026 4 2 1 1 1396 1397 1497 1472
6027 4 2 1 1 1396 1472 1497 1471
6028 4 2 1 1 1396 1422 1421 1497
6029 4 2 1 1 1396 1496 1471 1497
6030 4 2 1 1 1396 1421 1496 1497
6031 4 2 1 1 1397 1398 1423 1498
6032 4 2 1 1 1397 1398 1498 1473
6033 4 2 1 1 1397 1473 1498 1472
6034 4 2 1 1 1397 1423 1422 1498
6035 4 2 1 1 1397 1497 1472 1498
6036 4 2 1 1 1397 1422 1497 1498
6037 4 2 1 1 1398 1399 1424 1499
6038 4 2 1 1 1398 1399 1499 1474
6039 4 2 1 1 1398 1474 1499 1473
6040 4 2 1 1 1398 1424 1423 1499
6041 4 2 1 1 1398 1498 1473 1499
6042 4 2 1 1 1398 1423 1498 1499
6043 4 2 1 1 1399 1400 1425 1500
6044 4 2 1 1 1399 1400 1500 1475
6045 4 2 1 1 1399 1475 1500 1474
6046 4 2 1 1 1399 1425 1424 1500
6047 4 2 1 1 1399 1499 1474 1500
6048 4 2 1 1 1399 1424 1499 1500
6049 4 2 1 1 1426 1427 1452 1527
6050 4 2 1 1 1426 1427 1527 1502
6051 4 2 1 1 1426 1502 1527 1501
6052 4 2 1 1 1426 1452 1451 1527
6053 4 2 1 1 1426 1526 1501 1527
6054 4 2 1 1 1426 1451 1526 1527
6055 4 2 1 1 1427 1428 1453 1528
6056 4 2 1 1 1427 1428 1528 1503
6057 4 2 1 1 1427 1503 1528 1502
6058 4 2 1 1 1427 1453 1452 1528
6059 4 2 1 1 1427 1527 1502 1528
6060 4 2 1 1 1427 1452 1527 1528
6061 4 2 1 1 1428 1429 1454 1529
6062 4 2 1 1 1428 1429 1529 1504
6063 4 2 1 1 1428 1504 1529 1503
6064 4 2 1 1 1428 1454 1453 1529
6065 4 2 1 1 1428 1528 1503 1529
6066 4 2 1 1 1428 1453 1528 1529
6067 4 2 1 1 1429 1430 1455 1530
6068 4 2 1 1 1429 1430 1530 1505
6069 4 2 1 1 1429 1505 1530 1504
6070 4 2 1 1 1429 1455 1454 1530
6071 4 2 1 1 1429 1529 1504 1530
6072 4 2 1 1 1429 1454 1529 1530
6073 4 2 1 1 1430 1431 1456 1531
6074 4 2 1 1 1430 1431 1531 1506
6075 4 2 1 1 1430 1506 1531 1505
6076 4 2 1 1 1430 1456 1455 1531
6077 4 2 1 1 1430 1530 1505 1531
6078 4 2 1 1 1430 1455 1530 1531
6079 4 2 1 1 1431 1432 1457 1532
6080 4 2 1 1 1431 1432 1532 1507
6081 4 2 1 1 1431 1507 1532 1506
6082 4 2 1 1 1431 1457 1456 1532
6083 4 2 1 1 1431 1531 1506 1532
6084 4 2 1 1 1431 1456 1531 1532
6085 4 2 1 1 1432 1433 1458 1533
6086 4 2 1 1 1432 1433 1533 1508
6087 4 2 1 1 1432 1508 1533 1507
6088 4 2 1 1 1432 1458 1457 1533
6089 4 2 1 1 1432 1532 1507 1533
6090 4 2 1 1 1432 1457 1532 1533
6091 4 2 1 1 1433 1434 1459 1534
6092 4 2 1 1 1433 1434 1534 1509
6093 4 2 1 1 1433 1509 1534 1508
6094 4 2 1 1 1433 1459 1458 1534
6095 4 2 1 1 1433 1533 1508 1534
6096 4 2 1 1 1433 1458 1533 1534
6097 4 2 1 1 1434 1435 1460 1535
6098 4 2 1 1 1434 1435 1535 1510
6099 4 2 1 1 1434 1510 1535 1509
6100 4 2 1 1 1434 1460 1459 1535
6101 4 2 1 1 1434 1534 1509 1535
6102 4 2 1 1 1434 1459 1534 1535
6103 4 2 1 1 1435 1436 1461 1536
6104 4 2 1 1 1435 1436 1536 1511
6105 4 2 1 1 1435 1511 1536 1510
6106 4 2 1 1 1435 1461 1460 1536
6107 4 2 1 1 1435 1535 1510 1536
6108 4 2 1 1 1435 1460 1535 1536
6109 4 2 1 1 1436 1437 1462 1537
6110 4 2 1 1 1436 1437 1537 1512
6111 4 2 1 1 1436 1512 1537 1511
6112 4 2 1 1 1436 1462 1461 1537
6113 4 2 1 1 1436 1536 1511 1537
6114 4 2 1 1 1436 1461 1536 1537
6115 4 2 1 1 1437 1438 1463 1538
6116 4 2 1 1 1437 1438 1538 1513
6117 4 2 1 1 1437 1513 1538 1512
6118 4 2 1 1 1437 1463 1462 1538
6119 4 2 1 1 1437 1537 1512 1538
6120 4 2 1 1 1437 1462 1537 1538
6121 4 2 1 1 1438 1439 1464 1539
6122 4 2 1 1 1438 1439 1539 1514
6123 4 2 1 1 1438 1514 1539 1513
6124 4 2 1 1 1438 1464 1463 1539
6125 4 2 1 1 1438 1538 1513 1539
6126 4 2 1 1 1438 1463 1538 1539
6127 4 2 1 1 1439 1440 1465 1540
6128 4 2 1 1 1439 1440 1540 1515
6129 4 2 1 1 1439 1515 1540 1514
6130 4 2 1 1 1439 1465 1464 1540
6131 4 2 1 1 1439 1539 1514 1540
6132 4 2 1 1 1439 1464 1539 1540
6133 4 2 1 1 1440 1441 1466 1541
6134 4 2 1 1 1440 1441 1541 1516
6135 4 2 1 1 1440 1516 1541 1515
6136 4 2 1 1 1440 1466 1465 1541
6137 4 2 1 1 1440 1540 1515 1541
6138 4 2 1 1 1440 1465 1540 1541
6139 4 2 1 1 1441 1442 1467 1542
6140 4 2 1 1 1441 1442 1542 1517
6141 4 2 1 1 1441 1517 1542 1516
6142 4 2 1 1 1441 1467 1466 1542
6143 4 2 1 1 1441 1541 1516 1542
6144 4 2 1 1 1441 1466 1541 1542
6145 4 2 1 1 1442 1443 1468 1543
6146 4 2 1 1 1442 1443 1543 1518
6147 4 2 1 1 1442 1518 1543 1517
6148 4 2 1 1 1442 1468 1467 1543
6149 4 2 1 1 1442 1542 1517 1543
6150 4 2 1 1 1442 1467 1542 1543
6151 4 2 1 1 1443 1444 1469 1544
6152 4 2 1 1 1443 1444 1544 1519
6153 4 2 1 1 1443 1519 1544 1518
6154 4 2 1 1 1443 1469 1468 1544
6155 4 2 1 1 1443 1543 1518 1544
6156 4 2 1 1 1443 1468 1543 1544
6157 4 2 1 1 1444 1445 1470 1545
6158 4 2 1 1 1444 1445 1545 1520
6159 4 2 1 1 1444 1520 1545 1519
6160 4 2 1 1 1444 1470 1469 1545
6161 4 2 1 1 1444 1544 1519 1545
6162 4 2 1 1 1444 1469 1544 1545
6163 4 2 1 1 1445 1446 1471 1546
6164 4 2 1 1 1445 1446 1546 1521
6165 4 2 1 1 1445 1521 1546 1520
6166 4 2 1 1 1445 1471 1470 1546
6167 4 2 1 1 1445 1545 1520 1546
6168 4 2 1 1 1445 1470 1545 1546
6169 4 2 1 1 1446 1447 1472 1547
6170 4 2 1 1 1446 1447 1547 1522
6171 4 2 1 1 1446 1522 1547 1521
6172 4 2 1 1 1446 1472 1471 1547
6173 4 2 1 1 1446 1546 1521 1547
6174 4 2 1 1 1446 1471 1546 1547
6175 4 2 1 1 1447 1448 1473 1548
6176 4 2 1 1 1447 1448 1548 1523
6177 4 2 1 1 1447 1523 1548 1522
6178 4 2 1 1 1447 1473 1472 1548
6179 4 2 1 1 1447 1547 1522 1548
6180 4 2 1 1 1447 1472 1547 1548
6181 4 2 1 1 1448 1449 1474 1549
6182 4 2 1 1 1448 1449 1549 1524
6183 4 2 1 1 1448 1524 1549 1523
6184 4 2 1 1 1448 1474 1473 1549
6185 4 2 1 1 1448 1548 1523 1549
6186 4 2 1 1 1448 1473 1548 1549
6187 4 2 1 1 1449 1450 1475 1550
6188 4 2 1 1 1449 1450 1550 1525
6189 4 2 1 1 1449 1525 1550 1524
6190 4 2 1 1 1449 1475 1474 1550
6191 4 2 1 1 1449 1549 1524 1550
6192 4 2 1 1 1449 1474 1549 1550
6193 4 2 1 1 1451 1452 1477 1552
6194 4 2 1 1 1451 1452 1552 1527
6195 4 2 1 1 1451 1527 1552 1526
6196 4 2 1 1 1451 1477 1476 1552
6197 4 2 1 1 1451 1551 1526 1552
6198 4 2 1 1 1451 1476 1551 1552
6199 4 2 1 1 1452 1453 1478 1553
6200 4 2 1 1 1452 1453 1553 1528
6201 4 2 1 1 1452 1528 1553 1527
6202 4 2 1 1 1452 1478 1477 1553
6203 4 2 1 1 1452 1552 1527 1553
6204 4 2 1 1 1452 1477 1552 1553
6205 4 2 1 1 1453 1454 1479 1554
6206 4 2 1 1 1453 1454 1554 1529
6207 4 2 1 1 1453 1529 1554 1528
6208 4 2 1 1 1453 1479 1478 1554
6209 4 2 1 1 1453 1553 1528 1554
6210 4 2 1 1 1453 1478 1553 1554
6211 4 2 1 1 1454 1455 1480 1555
6212 4 2 1 1 1454 1455 1555 1530
6213 4 2 1 1 1454 1530 1555 1529
6214 4 2 1 1 1454 1480 1479 1555
6215 4 2 1 1 1454 1554 1529 1555
6216 4 2 1 1 1454 1479 1554 1555
6217 4 2 1 1 1455 1456 1481 1556
6218 4 2 1 1 1455 1456 1556 1531
6219 4 2 1 1 1455 1531 1556 1530
6220 4 2 1 1 1455 1481 1480 1556
6221 4 2 1 1 1455 1555 1530 1556
6222 4 2 1 1 1455 1480 1555 1556
6223 4 2 1 1 1456 1457 1482 1557
6224 4 2 1 1 1456 1457 1557 1532
6225 4 2 1 1 1456 1532 1557 1531
6226 4 2 1 1 1456 1482 1481 1557
6227 4 2 1 1 1456 1556 1531 1557
6228 4 2 1 1 1456 1481 1556 1557
6229 4 2 1 1 1457 1458 1483 1558
6230 4 2 1 1 1457 1458 1558 1533
6231 4 2 1 1 1457 1533 1558 1532
6232 4 2 1 1 1457 1483 1482 1558
6233 4 2 1 1 1457 1557 1532 1558
6234 4 2 1 1 1457 1482 1557 1558
6235 4 2 1 1 1458 1459 1484 1559
6236 4 2 1 1 1458 1459 1559 1534
6237 4 2 1 1 1458 1534 1559 1533
6238 4 2 1 1 1458 1484 1483 1559
6239 4 2 1 1 1458 1558 1533 1559
6240 4 2 1 1 1458 1483 1558 1559
6241 4 2 1 1 1459 1460 1485 1560
6242 4 2 1 1 1459 1460 1560 1535
6243 4 2 1 1 1459 1535 1560 1534
6244 4 2 1 1 1459 1485 1484 1560
6245 4 2 1 1 1459 1559 1534 1560
6246 4 2 1 1 1459 1484 1559 1560
6247 4 2 1 1 1460 1461 1486 1561
6248 4 2 1 1 1460 1461 1561 1536
6249 4 2 1 1 1460 1536 1561 1535
6250 4 2 1 1 1460 1486 1485 1561
6251 4 2 1 1 1460 1560 1535 1561
6252 4 2 1 1 1460 1485 1560 1561
6253 4 2 1 1 1461 1462 1487 1562
6254 4 2 1 1 1461 1462 1562 1537
6255 4 2 1 1 1461 1537 1562 1536
6256 4 2 1 1 1461 1487 1486 1562
6257 4 2 1 1 1461 1561 1536 1562
6258 4 2 1 1 1461 1486 1561 1562
6259 4 2 1 1 1462 1463 1488 1563
6260 4 2 1 1 1462 1463 1563 1538
6261 4 2 1 1 1462 1538 1563 1537
6262 4 2 1 1 1462 1488 1487 1563
6263 4 2 1 1 1462 1562 1537 1563
6264 4 2 1 1 1462 1487 1562 1563
6265 4 2 1 1 1463 1464 1489 1564
6266 4 2 1 1 1463 1464 1564 1539
6267 4 2 1 1 1463 1539 1564 1538
6268 4 2 1 1 1463 1489 1488 1564
6269 4 2 1 1 1463 1563 1538 1564
6270 4 2 1 1 1463 1488 1563 1564
6271 4 2 1 1 1464 1465 1490 1565
6272 4 2 1 1 1464 1465 1565 1540
6273 4 2 1 1 1464 1540 1565 1539
6274 4 2 1 1 1464 1490 1489 1565
6275 4 2 1 1 1464 1564 1539 1565
6276 4 2 1 1 1464 1489 1564 1565
6277 4 2 1 1 1465 1466 1491 1566
6278 4 2 1 1 1465 1466 1566 1541
6279 4 2 1 1 1465 1541 1566 1540
6280 4 2 1 1 1465 1491 1490 1566
6281 4 2 1 1 1465 1565 1540 1566
6282 4 2 1 1 1465 1490 1565 1566
6283 4 2 1 1 1466 1467 1492 1567
6284 4 2 1 1 1466 1467 1567 1542
6285 4 2 1 1 1466 1542 1567 1541
6286 4 2 1 1 1466 1492 1491 1567
6287 4 2 1 1 1466 1566 1541 1567
6288 4 2 1 1 1466 1491 1566 1567
6289 4 2 1 1 1467 1468 1493 1568
6290 4 2 1 1 1467 1468 1568 1543
6291 4 2 1 1 1467 1543 1568 1542
6292 4 2 1 1 1467 1493 1492 1568
6293 4 2 1 1 1467 1567 1542 1568
6294 4 2 1 1 1467 1492 1567 1568
6295 4 2 1 1 1468 1469 1494 1569
6296 4 2 1 1 1468 1469 1569 1544
6297 4 2 1 1 1468 1544 1569 1543
6298 4 2 1 1 1468 1494 1493 1569
6299 4 2 1 1 1468 1568 1543 1569
6300 4 2 1 1 1468 1493 1568 1569
6301 4 2 1 1 1469 1470 1495 1570
6302 4 2 1 1 1469 1470 1570 1545
6303 4 2 1 1 1469 1545 1570 1544
6304 4 2 1 1 1469 1495 1494 1570
6305 4 2 1 1 1469 1569 1544 1570
6306 4 2 1 1 1469 1494 1569 1570
6307 4 2 1 1 1470 1471 1496 1571
6308 4 2 1 1 1470 1471 1571 1546
6309 4 2 1 1 1470 1546 1571 1545
6310 4 2 1 1 1470 1496 1495 1571
6311 4 2 1 1 1470 1570 1545 1571
6312 4 2 1 1 1470 1495 1570 1571
6313 4 2 1 1 1471 1472 1497 1572
6314 4 2 1 1 1471 1472 1572 1547
6315 4 2 1 1 1471 1547 1572 1546
6316 4 2 1 1 1471 1497 1496 1572
6317 4 2 1 1 1471 1571 1546 1572
6318 4 2 1 1 1471 1496 1571 1572
6319 4 2 1 1 1472 1473 1498 1573
6320 4 2 1 1 1472 1473 1573 1548
6321 4 2 1 1 1472 1548 1573 1547
6322 4 2 1 1 1472 1498 1497 1573
6323 4 2 1 1 1472 1572 1547 1573
6324 4 2 1 1 1472 1497 1572 1573
6325 4 2 1 1 1473 1474 1499 1574
6326 4 2 1 1 1473 1474 1574 1549
6327 4 2 1 1 1473 1549 1574 1548
6328 4 2 1 1 1473 1499 1498 1574
6329 4 2 1 1 1473 1573 1548 1574
6330 4 2 1 1 1473 1498 1573 1574
6331 4 2 1 1 1474 1475 1500 1575
6332 4 2 1 1 1474 1475 1575 1550
6333 4 2 1 1 1474 1550 1575 1549
6334 4 2 1 1 1474 1500 1499 1575
6335 4 2 1 1 1474 1574 1549 1575
6336 4 2 1 1 1474 1499 1574 1575
6337 4 2 1 1 1501 1502 1527 1602
6338 4 2 1 1 1501 1502 1602 1577
6339 4 2 1 1 1501 1577 1602 1576
6340 4 2 1 1 1501 1527 1526 1602
6341 4 2 1 1 1501 1601 1576 1602
6342 4 2 1 1 1501 1526 1601 1602
6343 4 2 1 1 1502 1503 1528 1603
6344 4 2 1 1 1502 1503 1603 1578
6345 4 2 1 1 1502 1578 1603 1577
6346 4 2 1 1 1502 1528 1527 1603
6347 4 2 1 1 1502 1602 1577 1603
6348 4 2 1 1 1502 1527 1602 1603
6349 4 2 1 1 1503 1504 1529 1604
6350 4 2 1 1 1503 1504 1604 1579
6351 4 2 1 1 1503 1579 1604 1578
6352 4 2 1 1 1503 1529 1528 1604
6353 4 2 1 1 1503 1603 1578 1604
6354 4 2 1 1 1503 1528 1603 1604
6355 4 2 1 1 1504 1505 1530 1605
6356 4 2 1 1 1504 1505 1605 1580
6357 4 2 1 1 1504 1580 1605 1579
6358 4 2 1 1 1504 1530 1529 1605
6359 4 2 1 1 1504 1604 1579 1605
6360 4 2 1 1 1504 1529 1604 1605
6361 4 2 1 1 1505 1506 1531 1606
6362 4 2 1 1 1505 1506 1606 1581
6363 4 2 1 1 1505 1581 1606 1580
6364 4 2 1 1 1505 1531 1530 1606
6365 4 2 1 1 1505 1605 1580 1606
6366 4 2 1 1 1505 1530 1605 1606
6367 4 2 1 1 1506 1507 1532 1607
6368 4 2 1 1 1506 1507 1607 1582
6369 4 2 1 1 1506 1582 1607 1581
6370 4 2 1 1 1506 1532 1531 1607
6371 4 2 1 1 1506 1606 1581 1607
6372 4 2 1 1 1506 1531 1606 1607
6373 4 2 1 1 1507 1508 1533 1608
6374 4 2 1 1 1507 1508 1608 1583
6375 4 2 1 1 1507 1583 1608 1582
6376 4 2 1 1 1507 1533 1532 1608
6377 4 2 1 1 1507 1607 1582 1608
6378 4 2 1 1 1507 1532 1607 1608
6379 4 2 1 1 1508 1509 1534 1609
6380 4 2 1 1 1508 1509 1609 1584
6381 4 2 1 1 1508 1584 1609 1583
6382 4 2 1 1 1508 1534 1533 1609
6383 4 2 1 1 1508 1608 1583 1609
6384 4 2 1 1 1508 1533 1608 1609
6385 4 2 1 1 1509 1510 1535 1610
6386 4 2 1 1 1509 1510 1610 1585
6387 4 2 1 1 1509 1585 1610 1584
6388 4 2 1 1 1509 1535 1534 1610
6389 4 2 1 1 1509 1609 1584 1610
6390 4 2 1 1 1509 1534 1609 1610
6391 4 2 1 1 1510 1511 1536 1611
6392 4 2 1 1 1510 1511 1611 1586
6393 4 2 1 1 1510 1586 1611 1585
6394 4 2 1 1 1510 1536 1535 1611
6395 4 2 1 1 1510 1610 1585 1611
6396 4 2 1 1 1510 1535 1610 1611
6397 4 2 1 1 1511 1512 1537 1612
6398 4 2 1 1 1511 1512 1612 1587
6399 4 2 1 1 1511 1587 1612 1586
6400 4 2 1 1 1511 1537 1536 1612
6401 4 2 1 1 1511 1611 1586 1612
6402 4 2 1 1 1511 1536 1611 1612
6403 4 2 1 1 1512 1513 1538 1613
6404 4 2 1 1 1512 1513 1613 1588
6405 4 2 1 1 1512 1588 1613 1587
6406 4 2 1 1 1512 1538 1537 1613
6407 4 2 1 1 1512 1612 1587 1613
6408 4 2 1 1 1512 1537 1612 1613
6409 4 2 1 1 1513 1514 1539 1614
6410 4 2 1 1 1513 1514 1614 1589
6411 4 2 1 1 1513 1589 1614 1588
6412 4 2 1 1 1513 1539 1538 1614
6413 4 2 1 1 1513 1613 1588 1614
6414 4 2 1 1 1513 1538 1613 1614
6415 4 2 1 1 1514 1515 1540 1615
6416 4 2 1 1 1514 1515 1615 1590
6417 4 2 1 1 1514 1590 1615 1589
6418 4 2 1 1 1514 1540 1539 1615
6419 4 2 1 1 1514 1614 1589 1615
6420 4 2 1 1 1514 1539 1614 1615
6421 4 2 1 1 1515 1516 1541 1616
6422 4 2 1 1 1515 1516 1616 1591
6423 4 2 1 1 1515 1591 1616 1590
6424 4 2 1 1 1515 1541 1540 1616
6425 4 2 1 1 1515 1615 1590 1616
6426 4 2 1 1 1515 1540 1615 1616
6427 4 2 1 1 1516 1517 1542 1617
6428 4 2 1 1 1516 1517 1617 1592
6429 4 2 1 1 1516 1592 1617 1591
6430 4 2 1 1 1516 1542 1541 1617
6431 4 2 1 1 1516 1616 1591 1617
6432 4 2 1 1 1516 1541 1616 1617
6433 4 2 1 1 1517 1518 1543 1618
6434 4 2 1 1 1517 1518 1618 1593
6435 4 2 1 1 1517 1593 1618 1592
6436 4 2 1 1 1517 1543 1542 1618
6437 4 2 1 1 1517 1617 1592 1618
6438 4 2 1 1 1517 1542 1617 1618
6439 4 2 1 1 1518 1519 1544 1619
6440 4 2 1 1 1518 1519 1619 1594
6441 4 2 1 1 1518 1594 1619 1593
6442 4 2 1 1 1518 1544 1543 1619
6443 4 2 1 1 1518 1618 1593 1619
6444 4 2 1 1 1518 1543 1618 1619
6445 4 2 1 1 1519 1520 1545 1620
6446 4 2 1 1 1519 1520 1620 1595
6447 4 2 1 1 1519 1595 1620 1594
6448 4 2 1 1 1519 1545 1544 1620
6449 4 2 1 1 1519 1619 1594 1620
6450 4 2 1 1 1519 1544 1619 1620
6451 4 2 1 1 1520 1521 1546 1621
6452 4 2 1 1 1520 1521 1621 1596
6453 4 2 1 1 1520 1596 1621 1595
6454 4 2 1 1 1520 1546 1545 1621
6455 4 2 1 1 1520 1620 1595 1621
6456 4 2 1 1 1520 1545 1620 1621
6457 4 2 1 1 1521 1522 1547 1622
6458 4 2 1 1 1521 1522 1622 1597
6459 4 2 1 1 1521 1597 1622 1596
6460 4 2 1 1 1521 1547 1546 1622
6461 4 2 1 1 1521 1621 1596 1622
6462 4 2 1 1 1521 1546 1621 1622
6463 4 2 1 1 1522 1523 1548 1623
6464 4 2 1 1 1522 1523 1623 1598
6465 4 2 1 1 1522 1598 1623 1597
6466 4 2 1 1 1522 1548 1547 1623
6467 4 2 1 1 1522 1622 1597 1623
6468 4 2 1 1 1522 1547 1622 1623
6469 4 2 1 1 1523 1524 1549 1624
6470 4 2 1 1 1523 1524 1624 1599
6471 4 2 1 1 1523 1599 1624 1598
6472 4 2 1 1 1523 1549 1548 1624
6473 4 2 1 1 1523 1623 1598 1624
6474 4 2 1 1 1523 1548 1623 1624
6475 4 2 1 1 1524 1525 1550 1625
6476 4 2 1 1 1524 1525 1625 1600
6477 4 2 1 1 1524 1600 1625 1599
6478 4 2 1 1 1524 1550 1549 1625
6479 4 2 1 1 1524 1624 1599 1625
6480 4 2 1 1 1524 1549 1624 1625
6481 4 2 1 1 1526 1527 1552 1627
6482 4 2 1 1 1526 1527 1627 1602
6483 4 2 1 1 1526 1602 1627 1601
6484 4 2 1 1 1526 1552 1551 1627
6485 4 2 1 1 1526 1626 1601 1627
6486 4 2 1 1 1526 1551 1626 1627
6487 4 2 1 1 1527 1528 1553 1628
6488 4 2 1 1 1527 1528 1628 1603
6489 4 2 1 1 1527 1603 1628 1602
6490 4 2 1 1 1527 1553 1552 1628
6491 4 2 1 1 1527 1627 1602 1628
6492 4 2 1 1 1527 1552 1627 1628
6493 4 2 1 1 1528 1529 1554 1629
6494 4 2 1 1 1528 1529 1629 1604
6495 4 2 1 1 1528 1604 1629 1603
6496 4 2 1 1 1528 1554 1553 1629
6497 4 2 1 1 1528 1628 1603 1629
6498 4 2 1 1 1528 1553 1628 1629
6499 4 2 1 1 1529 1530 1555 1630
6500 4 2 1 1 1529 1530 1630 1605
6501 4 2 1 1 1529 1605 1630 1604
6502 4 2 1 1 1529 1555 1554 1630
6503 4 2 1 1 1529 1629 1604 1630
6504 4 2 1 1 1529 1554 1629 1630
6505 4 2 1 1 1530 1531 1556 1631
6506 4 2 1 1 1530 1531 1631 1606
6507 4 2 1 1 1530 1606 1631 1605
6508 4 2 1 1 1530 1556 1555 1631
6509 4 2 1 1 1530 1630 1605 1631
6510 4 2 1 1 1530 1555 1630 1631
6511 4 2 1 1 1531 1532 1557 1632
6512 4 2 1 1 1531 1532 1632 1607
6513 4 2 1 1 1531 1607 1632 1606
6514 4 2 1 1 1531 1557 1556 1632
6515 4 2 1 1 1531 1631 1606 1632
6516 4 2 1 1 1531 1556 1631 1632
6517 4 2 1 1 1532 1533 1558 1633
6518 4 2 1 1 1532 1533 1633 1608
6519 4 2 1 1 1532 1608 1633 1607
6520 4 2 1 1 1532 1558 1557 1633
6521 4 2 1 1 1532 1632 1607 1633
6522 4 2 1 1 1532 1557 1632 1633
6523 4 2 1 1 1533 1534 1559 1634
6524 4 2 1 1 1533 1534 1634 1609
6525 4 2 1 1 1533 1609 1634 1608
6526 4 2 1 1 1533 1559 1558 1634
6527 4 2 1 1 1533 1633 1608 1634
6528 4 2 1 1 1533 1558 1633 1634
6529 4 2 1 1 1534 1535 1560 1635
6530 4 2 1 1 1534 1535 1635 1610
6531 4 2 1 1 1534 1610 1635 1609
6532 4 2 1 1 1534 1560 1559 1635
6533 4 2 1 1 1534 1634 1609 1635
6534 4 2 1 1 1534 1559 1634 1635
6535 4 2 1 1 1535 1536 1561 1636
6536 4 2 1 1 1535 1536 1636 1611
6537 4 2 1 1 1535 1611 1636 1610
6538 4 2 1 1 1535 1561 1560 1636
6539 4 2 1 1 1535 1635 1610 1636
6540 4 2 1 1 1535 1560 1635 1636
6541 4 2 1 1 1536 1537 1562 1637
6542 4 2 1 1 1536 1537 1637 1612
6543 4 2 1 1 1536 1612 1637 1611
6544 4 2 1 1 1536 1562 1561 1637
6545 4 2 1 1 1536 1636 1611 1637
6546 4 2 1 1 1536 1561 1636 1637
6547 4 2 1 1 1537 1538 1563 1638
6548 4 2 1 1 1537 1538 1638 1613
6549 4 2 1 1 1537 1613 1638 1612
6550 4 2 1 1 1537 1563 1562 1638
6551 4 2 1 1 1537 1637 1612 1638
6552 4 2 1 1 1537 1562 1637 1638
6553 4 2 1 1 1538 1539 1564 1639
6554 4 2 1 1 1538 1539 1639 1614
6555 4 2 1 1 1538 1614 1639 1613
6556 4 2 1 1 1538 1564 1563 1639
6557 4 2 1 1 1538 1638 1613 1639
6558 4 2 1 1 1538 1563 1638 1639
6559 4 2 1 1 1539 1540 1565 1640
6560 4 2 1 1 1539 1540 1640 1615
6561 4 2 1 1 1539 1615 1640 1614
6562 4 2 1 1 1539 1565 1564 1640
6563 4 2 1 1 1539 1639 1614 1640
6564 4 2 1 1 1539 1564 1639 1640
6565 4 2 1 1 1540 1541 1566 1641
6566 4 2 1 1 1540 1541 1641 1616
6567 4 2 1 1 1540 1616 1641 1615
6568 4 2 1 1 1540 1566 1565 1641
6569 4 2 1 1 1540 1640 1615 1641
6570 4 2 1 1 1540 1565 1640 1641
6571 4 2 1 1 1541 1542 1567 1642
6572 4 2 1 1 1541 1542 1642 1617
6573 4 2 1 1 1541 1617 1642 1616
6574 4 2 1 1 1541 1567 1566 1642
6575 4 2 1 1 1541 1641 1616 1642
6576 4 2 1 1 1541 1566 1641 1642
6577 4 2 1 1 1542 1543 1568 1643
6578 4 2 1 1 1542 1543 1643 1618
6579 4 2 1 1 1542 1618 1643 1617
6580 4 2 1 1 1542 1568 1567 1643
6581 4 2 1 1 1542 1642 1617 1643
6582 4 2 1 1 1542 1567 1642 1643
6583 4 2 1 1 1543 1544 1569 1644
6584 4 2 1 1 1543 1544 1644 1619
6585 4 2 1 1 1543 1619 1644 1618
6586 4 2 1 1 1543 1569 1568 1644
6587 4 2 1 1 1543 1643 1618 1644
6588 4 2 1 1 1543 1568 1643 1644
6589 4 2 1 1 1544 1545 1570 1645
6590 4 2 1 1 1544 1545 1645 1620
6591 4 2 1 1 1544 1620 1645 1619
6592 4 2 1 1 1544 1570 1569 1645
6593 4 2 1 1 1544 1644 1619 1645
6594 4 2 1 1 1544 1569 1644 1645
6595 4 2 1 1 1545 1546 1571 1646
6596 4 2 1 1 1545 1546 1646 1621
6597 4 2 1 1 1545 1621 1646 1620
6598 4 2 1 1 1545 1571 1570 1646
6599 4 2 1 1 1545 1645 1620 1646
6600 4 2 1 1 1545 1570 1645 1646
6601 4 2 1 1 1546 1547 1572 1647
6602 4 2 1 1 1546 1547 1647 1622
6603 4 2 1 1 1546 1622 1647 1621
6604 4 2 1 1 1546 1572 1571 1647
6605 4 2 1 1 1546 1646 1621 1647
6606 4 2 1 1 1546 1571 1646 1647
6607 4 2 1 1 1547 1548 1573 1648
6608 4 2 1 1 1547 1548 1648 1623
6609 4 2 1 1 1547 1623 1648 1622
6610 4 2 1 1 1547 1573 1572 1648
6611 4 2 1 1 1547 1647 1622 1648
6612 4 2 1 1 1547 1572 1647 1648
6613 4 2 1 1 1548 1549 1574 1649
6614 4 2 1 1 1548 1549 1649 1624
6615 4 2 1 1 1548 1624 1649 1623
6616 4 2 1 1 1548 1574 1573 1649
6617 4 2 1 1 1548 1648 1623 1649
6618 4 2 1 1 1548 1573 1648 1649
6619 4 2 1 1 1549 1550 1575 1650
6620 4 2 1 1 1549 1550 1650 1625
6621 4 2 1 1 1549 1625 1650 1624
6622 4 2 1 1 1549 1575 1574 1650
6623 4 2 1 1 1549 1649 1624 1650
6624 4 2 1 1 1549 1574 1649 1650
6625 4 2 1 1 1576 1577 1602 1677
6626 4 2 1 1 1576 1577 1677 1652
6627 4 2 1 1 1576 1652 1677 1651
6628 4 2 1 1 1576 1602 1601 1677
6629 4 2 1 1 1576 1676 1651 1677
6630 4 2 1 1 1576 1601 1676 1677
6631 4 2 1 1 1577 1578 1603 1678
6632 4 2 1 1 1577 1578 1678 1653
6633 4 2 1 1 1577 1653 1678 1652
6634 4 2 1 1 1577 1603 1602 1678
6635 4 2 1 1 1577 1677 1652 1678
6636 4 2 1 1 1577 1602 1677 1678
6637 4 2 1 1 1578 1579 1604 1679
6638 4 2 1 1 1578 1579 1679 1654
6639 4 2 1 1 1578 1654 1679 1653
6640 4 2 1 1 1578 1604 1603 1679
6641 4 2 1 1 1578 1678 1653 1679
6642 4 2 1 1 1578 1603 1678 1679
6643 4 2 1 1 1579 1580 1605 1680
6644 4 2 1 1 1579 1580 1680 1655
6645 4 2 1 1 1579 1655 1680 1654
6646 4 2 1 1 1579 1605 1604 1680
6647 4 2 1 1 1579 1679 1654 1680
6648 4 2 1 1 1579 1604 1679 1680
6649 4 2 1 1 1580 1581 1606 1681
6650 4 2 1 1 1580 1581 1681 1656
6651 4 2 1 1 1580 1656 1681 1655
6652 4 2 1 1 1580 1606 1605 1681
6653 4 2 1 1 1580 1680 1655 1681
6654 4 2 1 1 1580 1605 1680 1681
6655 4 2 1 1 1581 1582 1607 1682
6656 4 2 1 1 1581 1582 1682 1657
6657 4 2 1 1 1581 1657 1682 1656
6658 4 2 1 1 1581 1607 1606 1682
6659 4 2 1 1 1581 1681 1656 1682
6660 4 2 1 1 1581 1606 1681 1682
6661 4 2 1 1 1582 1583 1608 1683
6662 4 2 1 1 1582 1583 1683 1658
6663 4 2 1 1 1582 1658 1683 1657
6664 4 2 1 1 1582 1608 1607 1683
6665 4 2 1 1 1582 1682 1657 1683
6666 4 2 1 1 1582 1607 1682 1683
6667 4 2 1 1 1583 1584 1609 1684
6668 4 2 1 1 1583 1584 1684 1659
6669 4 2 1 1 1583 1659 1684 1658
6670 4 2 1 1 1583 1609 1608 1684
6671 4 2 1 1 1583 1683 1658 1684
6672 4 2 1 1 1583 1608 1683 1684
6673 4 2 1 1 1584 1585 1610 1685
6674 4 2 1 1 1584 1585 1685 1660
6675 4 2 1 1 1584 1660 1685 1659
6676 4 2 1 1 1584 1610 1609 1685
6677 4 2 1 1 1584 1684 1659 1685
6678 4 2 1 1 1584 1609 1684 1685
6679 4 2 1 1 1585 1586 1611 1686
6680 4 2 1 1 1585 1586 1686 1661
6681 4 2 1 1 1585 1661 1686 1660
6682 4 2 1 1 1585 1611 1610 1686
6683 4 2 1 1 1585 1685 1660 1686
6684 4 2 1 1 1585 1610 1685 1686
6685 4 2 1 1 1586 1587 1612 1687
6686 4 2 1 1 1586 1587 1687 1662
6687 4 2 1 1 1586 1662 1687 1661
6688 4 2 1 1 1586 1612 1611 1687
6689 4 2 1 1 1586 1686 1661 1687
6690 4 2 1 1 1586 1611 1686 1687
6691 4 2 1 1 1587 1588 1613 1688
6692 4 2 1 1 1587 1588 1688 1663
6693 4 2 1 1 1587 1663 1688 1662
6694 4 2 1 1 1587 1613 1612 1688
6695 4 2 1 1 1587 1687 1662 1688
6696 4 2 1 1 1587 1612 1687 1688
6697 4 2 1 1 1588 1589 1614 1689
6698 4 2 1 1 1588 1589 1689 1664
6699 4 2 1 1 1588 1664 1689 1663
6700 4 2 1 1 1588 1614 1613 1689
6701 4 2 1 1 1588 1688 1663 1689
6702 4 2 1 1 1588 1613 1688 1689
6703 4 2 1 1 1589 1590 1615 1690
6704 4 2 1 1 1589 1590 1690 1665
6705 4 2 1 1 1589 1665 1690 1664
6706 4 2 1 1 1589 1615 1614 1690
6707 4 2 1 1 1589 1689 1664 1690
6708 4 2 1 1 1589 1614 1689 1690
6709 4 2 1 1 1590 1591 1616 1691
6710 4 2 1 1 1590 1591 1691 1666
6711 4 2 1 1 1590 1666 1691 1665
6712 4 2 1 1 1590 1616 1615 1691
6713 4 2 1 1 1590 1690 1665 1691
6714 4 2 1 1 1590 1615 1690 1691
6715 4 2 1 1 1591 1592 1617 1692
6716 4 2 1 1 1591 1592 1692 1667
6717 4 2 1 1 1591 1667 1692 1666
6718 4 2 1 1 1591 1617 1616 1692
6719 4 2 1 1 1591 1691 1666 1692
6720 4 2 1 1 1591 1616 1691 1692
6721 4 2 1 1 1592 1593 1618 1693
6722 4 2 1 1 1592 1593 1693 1668
6723 4 2 1 1 1592 1668 1693 1667
6724 4 2 1 1 1592 1618 1617 1693
6725 4 2 1 1 1592 1692 1667 1693
6726 4 2 1 1 1592 1617 1692 1693
6727 4 2 1 1 1593 1594 1619 1694
6728 4 2 1 1 1593 1594 1694 1669
6729 4 2 1 1 1593 1669 1694 1668
6730 4 2 1 1 1593 1619 1618 1694
6731 4 2 1 1 1593 1693 1668 1694
6732 4 2 1 1 1593 1618 1693 1694
6733 4 2 1 1 1594 1595 1620 1695
6734 4 2 1 1 1594 1595 1695 1670
6735 4 2 1 1 1594 1670 1695 1669
6736 4 2 1 1 1594 1620 1619 1695
6737 4 2 1 1 1594 1694 1669 1695
6738 4 2 1 1 1594 1619 1694 1695
6739 4 2 1 1 1595 1596 1621 1696
6740 4 2 1 1 1595 1596 1696 1671
6741 4 2 1 1 1595 1671 1696 1670
6742 4 2 1 1 1595 1621 1620 1696
6743 4 2 1 1 1595 1695 1670 1696
6744 4 2 1 1 1595 1620 1695 1696
6745 4 2 1 1 1596 1597 1622 1697
6746 4 2 1 1 1596 1597 1697 1672
6747 4 2 1 1 1596 1672 1697 1671
6748 4 2 1 1 1596 1622 1621 1697
6749 4 2 1 1 1596 1696 1671 1697
6750 4 2 1 1 1596 1621 1696 1697
6751 4 2 1 1 1597 1598 1623 1698
6752 4 2 1 1 1597 1598 1698 1673
6753 4 2 1 1 1597 1673 1698 1672
6754 4 2 1 1 1597 1623 1622 1698
6755 4 2 1 1 1597 1697 1672 1698
6756 4 2 1 1 1597 1622 1697 1698
6757 4 2 1 1 1598 1599 1624 1699
6758 4 2 1 1 1598 1599 1699 1674
6759 4 2 1 1 1598 1674 1699 1673
6760 4 2 1 1 1598 1624 1623 1699
6761 4 2 1 1 1598 1698 1673 1699
6762 4 2 1 1 1598 1623 1698 1699
6763 4 2 1 1 1599 1600 1625 1700
6764 4 2 1 1 1599 1600 1700 1675
6765 4 2 1 1 1599 1675 1700 1674
6766 4 2 1 1 1599 1625 1624 1700
6767 4 2 1 1 1599 1699 1674 1700
6768 4 2 1 1 1599 1624 1699 1700
6769 4 2 1 1 1601 1602 1627 1702
6770 4 2 1 1 1601 1602 1702 1677
6771 4 2 1 1 1601 1677 1702 1676
6772 4 2 1 1 1601 1627 1626 1702
6773 4 2 1 1 1601 1701 1676 1702
6774 4 2 1 1 1601 1626 1701 1702
6775 4 2 1 1 1602 1603 1628 1703
6776 4 2 1 1 1602 1603 1703 1678
6777 4 2 1 1 1602 1678 1703 1677
6778 4 2 1 1 1602 1628 1627 1703
6779 4 2 1 1 1602 1702 1677 1703
6780 4 2 1 1 1602 1627 1702 1703
6781 4 2 1 1 1603 1604 1629 1704
6782 4 2 1 1 1603 1604 1704 1679
6783 4 2 1 1 1603 1679 1704 1678
6784 4 2 1 1 1603 1629 1628 1704
6785 4 2 1 1 1603 1703 1678 1704
6786 4 2 1 1 1603 1628 1703 1704
6787 4 2 1 1 1604 1605 1630 1705
6788 4 2 1 1 1604 1605 1705 1680
6789 4 2 1 1 1604 1680 1705 1679
6790 4 2 1 1 1604 1630 1629 1705
6791 4 2 1 1 1604 1704 1679 1705
6792 4 2 1 1 1604 1629 1704 1705
6793 4 2 1 1 1605 1606 1631 1706
6794 4 2 1 1 1605 1606 1706 1681
6795 4 2 1 1 1605 1681 1706 1680
6796 4 2 1 1 1605 1631 1630 1706
6797 4 2 1 1 1605 1705 1680 1706
6798 4 2 1 1 1605 1630 1705 1706
6799 4 2 1 1 1606 1607 1632 1707
6800 4 2 1 1 1606 1607 1707 1682
6801 4 2 1 1 1606 1682 1707 1681
6802 4 2 1 1 1606 1632 1631 1707
6803 4 2 1 1 1606 1706 1681 1707
6804 4 2 1 1 1606 1631 1706 1707
6805 4 2 1 1 1607 1608 1633 1708
6806 4 2 1 1 1607 1608 1708 1683
6807 4 2 1 1 1607 1683 1708 1682
6808 4 2 1 1 1607 1633 1632 1708
6809 4 2 1 1 1607 1707 1682 1708
6810 4 2 1 1 1607 1632 1707 1708
6811 4 2 1 1 1608 1609 1634 1709
6812 4 2 1 1 1608 1609 1709 1684
6813 4 2 1 1 1608 1684 1709 1683
6814 4 2 1 1 1608 1634 1633 1709
6815 4 2 1 1 1608 1708 1683 1709
6816 4 2 1 1 1608 1633 1708 1709
6817 4 2 1 1 1609 1610 1635 1710
6818 4 2 1 1 1609 1610 1710 1685
6819 4 2 1 1 1609 1685 1710 1684
6820 4 2 1 1 1609 1635 1634 1710
6821 4 2 1 1 1609 1709 1684 1710
6822 4 2 1 1 1609 1634 1709 1710
6823 4 2 1 1 1610 1611 1636 1711
6824 4 2 1 1 1610 1611 1711 1686
6825 4 2 1 1 1610 1686 1711 1685
6826 4 2 1 1 1610 1636 1635 1711
6827 4 2 1 1 1610 1710 1685 1711
6828 4 2 1 1 1610 1635 1710 1711
6829 4 2 1 1 1611 1612 1637 1712
6830 4 2 1 1 1611 1612 1712 1687
6831 4 2 1 1 1611 1687 1712 1686
6832 4 2 1 1 1611 1637 1636 1712
6833 4 2 1 1 1611 1711 1686 1712
6834 4 2 1 1 1611 1636 1711 1712
6835 4 2 1 1 1612 1613 1638 1713
6836 4 2 1 1 1612 1613 1713 1688
6837 4 2 1 1 1612 1688 1713 1687
6838 4 2 1 1 1612 1638 1637 1713
6839 4 2 1 1 1612 1712 1687 1713
6840 4 2 1 1 1612 1637 1712 1713
6841 4 2 1 1 1613 1614 1639 1714
6842 4 2 1 1 1613 1614 1714 1689
6843 4 2 1 1 1613 1689 1714 1688
6844 4 2 1 1 1613 1639 1638 1714
6845 4 2 1 1 1613 1713 1688 1714
6846 4 2 1 1 1613 1638 1713 1714
6847 4 2 1 1 1614 1615 1640 1715
6848 4 2 1 1 1614 1615 1715 1690
6849 4 2 1 1 1614 1690 1715 1689
6850 4 2 1 1 1614 1640 1639 1715
6851 4 2 1 1 1614 1714 1689 1715
6852 4 2 1 1 1614 1639 1714 1715
6853 4 2 1 1 1615 1616 1641 1716
6854 4 2 1 1 1615 1616 1716 1691
6855 4 2 1 1 1615 1691 1716 1690
6856 4 2 1 1 1615 1641 1640 1716
6857 4 2 1 1 1615 1715 1690 1716
6858 4 2 1 1 1615 1640 1715 1716
6859 4 2 1 1 1616 1617 1642 1717
6860 4 2 1 1 1616 1617 1717 1692
6861 4 2 1 1 1616 1692 1717 1691
6862 4 2 1 1 1616 1642 1641 1717
6863 4 2 1 1 1616 1716 1691 1717
6864 4 2 1 1 1616 1641 1716 1717
6865 4 2 1 1 1617 1618 1643 1718
6866 4 2 1 1 1617 1618 1718 1693
6867 4 2 1 1 1617 1693 1718 1692
6868 4 2 1 1 1617 1643 1642 1718
6869 4 2 1 1 1617 1717 1692 1718
6870 4 2 1 1 1617 1642 1717 1718
6871 4 2 1 1 1618 1619 1644 1719
6872 4 2 1 1 1618 1619 1719 1694
6873 4 2 1 1 1618 1694 1719 1693
6874 4 2 1 1 1618 1644 1643 1719
6875 4 2 1 1 1618 1718 1693 1719
6876 4 2 1 1 1618 1643 1718 1719
6877 4 2 1 1 1619 1620 1645 1720
6878 4 2 1 1 1619 1620 1720 1695
6879 4 2 1 1 1619 1695 1720 1694
6880 4 2 1 1 1619 1645 1644 1720
6881 4 2 1 1 1619 1719 1694 1720
6882 4 2 1 1 1619 1644 1719 1720
6883 4 2 1 1 1620 1621 1646 1721
6884 4 2 1 1 1620 1621 1721 1696
6885 4 2 1 1 1620 1696 1721 1695
6886 4 2 1 1 1620 1646 1645 1721
6887 4 2 1 1 1620 1720 1695 1721
6888 4 2 1 1 1620 1645 1720 1721
6889 4 2 1 1 1621 1622 1647 1722
6890 4 2 1 1 1621 1622 1722 1697
6891 4 2 1 1 1621 1697 1722 1696
6892 4 2 1 1 1621 1647 1646 1722
6893 4 2 1 1 1621 1721 1696 1722
6894 4 2 1 1 1621 1646 1721 1722
6895 4 2 1 1 1622 1623 1648 1723
6896 4 2 1 1 1622 1623 1723 1698
6897 4 2 1 1 1622 1698 1723 1697
6898 4 2 1 1 1622 1648 1647 1723
6899 4 2 1 1 1622 1722 1697 1723
6900 4 2 1 1 1622 1647 1722 1723
6901 4 2 1 1 1623 1624 1649 1724
6902 4 2 1 1 1623 1624 1724 1699
6903 4 2 1 1 1623 1699 1724 1698
6904 4 2 1 1 1623 1649 1648 1724
6905 4 2 1 1 1623 1723 1698 1724
6906 4 2 1 1 1623 1648 1723 1724
6907 4 2 1 1 1624 1625 1650 1725
6908 4 2 1 1 1624 1625 1725 1700
6909 4 2 1 1 1624 1700 1725 1699
6910 4 2 1 1 1624 1650 1649 1725
6911 4 2 1 1 1624 1724 1699 1725
6912 4 2 1 1 1624 1649 1724 1725
6913 4 2 1 1 1651 1652 1677 1752
6914 4 2 1 1 1651 1652 1752 1727
6915 4 2 1 1 1651 1727 1752 1726
6916 4 2 1 1 1651 1677 1676 1752
6917 4 2 1 1 1651 1751 1726 1752
6918 4 2 1 1 1651 1676 1751 1752
6919 4 2 1 1 1652 1653 1678 1753
6920 4 2 1 1 1652 1653 1753 1728
6921 4 2 1 1 1652 1728 1753 1727
6922 4 2 1 1 1652 1678 1677 1753
6923 4 2 1 1 1652 1752 1727 1753
6924 4 2 1 1 1652 1677 1752 1753
6925 4 2 1 1 1653 1654 1679 1754
6926 4 2 1 1 1653 1654 1754 1729
6927 4 2 1 1 1653 1729 1754 1728
6928 4 2 1 1 1653 1679 1678 1754
6929 4 2 1 1 1653 1753 1728 1754
6930 4 2 1 1 1653 1678 1753 1754
6931 4 2 1 1 1654 1655 1680 1755
6932 4 2 1 1 1654 1655 1755 1730
6933 4 2 1 1 1654 1730 1755 1729
6934 4 2 1 1 1654 1680 1679 1755
6935 4 2 1 1 1654 1754 1729 1755
6936 4 2 1 1 1654 1679 1754 1755
6937 4 2 1 1 1655 1656 1681 1756
6938 4 2 1 1 1655 1656 1756 1731
6939 4 2 1 1 1655 1731 1756 1730
6940 4 2 1 1 1655 1681 1680 1756
6941 4 2 1 1 1655 1755 1730 1756
6942 4 2 1 1 1655 1680 1755 1756
6943 4 2 1 1 1656 1657 1682 1757
6944 4 2 1 1 1656 1657 1757 1732
6945 4 2 1 1 1656 1732 1757 1731
6946 4 2 1 1 1656 1682 1681 1757
6947 4 2 1 1 1656 1756 1731 1757
6948 4 2 1 1 1656 1681 1756 1757
6949 4 2 1 1 1657 1658 1683 1758
6950 4 2 1 1 1657 1658 1758 1733
6951 4 2 1 1 1657 1733 1758 1732
6952 4 2 1 1 1657 1683 1682 1758
6953 4 2 1 1 1657 1757 1732 1758
6954 4 2 1 1 1657 1682 1757 1758
6955 4 2 1 1 1658 1659 1684 1759
6956 4 2 1 1 1658 1659 1759 1734
6957 4 2 1 1 1658 1734 1759 1733
6958 4 2 1 1 1658 1684 1683 1759
6959 4 2 1 1 1658 1758 1733 1759
6960 4 2 1 1 1658 1683 1758 1759
6961 4 2 1 1 1659 1660 1685 1760
6962 4 2 1 1 1659 1660 1760 1735
6963 4 2 1 1 1659 1735 1760 1734
6964 4 2 1 1 1659 1685 1684 1760
6965 4 2 1 1 1659 1759 1734 1760
6966 4 2 1 1 1659 1684 1759 1760
6967 4 2 1 1 1660 1661 1686 1761
6968 4 2 1 1 1660 1661 1761 1736
6969 4 2 1 1 1660 1736 1761 1735
6970 4 2 1 1 1660 1686 1685 1761
6971 4 2 1 1 1660 1760 1735 1761
6972 4 2 1 1 1660 1685 1760 1761
6973 4 2 1 1 1661 1662 1687 1762
6974 4 2 1 1 1661 1662 1762 1737
6975 4 2 1 1 1661 1737 1762 1736
6976 4 2 1 1 1661 1687 1686 1762
6977 4 2 1 1 1661 1761 1736 1762
6978 4 2 1 1 1661 1686 1761 1762
6979 4 2 1 1 1662 1663 1688 1763
6980 4 2 1 1 1662 1663 1763 1738
6981 4 2 1 1 1662 1738 1763 1737
6982 4 2 1 1 1662 1688 1687 1763
6983 4 2 1 1 1662 1762 1737 1763
6984 4 2 1 1 1662 1687 1762 1763
6985 4 2 1 1 1663 1664 1689 1764
6986 4 2 1 1 1663 1664 1764 1739
6987 4 2 1 1 1663 1739 1764 1738
6988 4 2 1 1 1663 1689 1688 1764
6989 4 2 1 1 1663 1763 1738 1764
6990 4 2 1 1 1663 1688 1763 1764
6991 4 2 1 1 1664 1665 1690 1765
6992 4 2 1 1 1664 1665 1765 1740
6993 4 2 1 1 1664 1740 1765 1739
6994 4 2 1 1 1664 1690 1689 1765
6995 4 2 1 1 1664 1764 1739 1765
6996 4 2 1 1 1664 1689 1764 1765
6997 4 2 1 1 1665 1666 1691 1766
6998 4 2 1 1 1665 1666 1766 1741
6999 4 2 1 1 1665 1741 1766 1740
7000 4 2 1 1 1665 1691 1690 1766
7001 4 2 1 1 1665 1765 1740 1766
7002 4 2 1 1 1665 1690 1765 1766
7003 4 2 1 1 1666 1667 1692 1767
7004 4 2 1 1 1666 1667 1767 1742
7005 4 2 1 1 1666 1742 1767 1741
7006 4 2 1 1 1666 1692 1691 1767
7007 4 2 1 1 1666 1766 1741 1767
7008 4 2 1 1 1666 1691 1766 1767
7009 4 2 1 1 1667 1668 1693 1768
7010 4 2 1 1 1667 1668 1768 1743
7011 4 2 1 1 1667 1743 1768 1742
7012 4 2 1 1 1667 1693 1692 1768
7013 4 2 1 1 1667 1767 1742 1768
7014 4 2 1 1 1667 1692 1767 1768
7015 4 2 1 1 1668 1669 1694 1769
7016 4 2 1 1 1668 1669 1769 1744
7017 4 2 1 1 1668 1744 1769 1743
7018 4 2 1 1 1668 1694 1693 1769
7019 4 2 1 1 1668 1768 1743 1769
7020 4 2 1 1 1668 1693 1768 1769
7021 4 2 1 1 1669 1670 1695 1770
7022 4 2 1 1 1669 1670 1770 1745
7023 4 2 1 1 1669 1745 1770 1744
7024 4 2 1 1 1669 1695 1694 1770
7025 4 2 1 1 1669 1769 1744 1770
7026 4 2 1 1 1669 1694 1769 1770
7027 4 2 1 1 1670 1671 1696 1771
7028 4 2 1 1 1670 1671 1771 1746
7029 4 2 1 1 1670 1746 1771 1745
7030 4 2 1 1 1670 1696 1695 1771
7031 4 2 1 1 1670 1770 1745 1771
7032 4 2 1 1 1670 1695 1770 1771
7033 4 2 1 1 1671 1672 1697 1772
7034 4 2 1 1 1671 1672 1772 1747
7035 4 2 1 1 1671 1747 1772 1746
7036 4 2 1 1 1671 1697 1696 1772
7037 4 2 1 1 1671 1771 1746 1772
7038 4 2 1 1 1671 1696 1771 1772
7039 4 2 1 1 1672 1673 1698 1773
7040 4 2 1 1 1672 1673 1773 1748
7041 4 2 1 1 1672 1748 1773 1747
7042 4 2 1 1 1672 1698 1697 1773
7043 4 2 1 1 1672 1772 1747 1773
7044 4 2 1 1 1672 1697 1772 1773
7045 4 2 1 1 1673 1674 1699 1774
7046 4 2 1 1 1673 1674 1774 1749
7047 4 2 1 1 1673 1749 1774 1748
7048 4 2 1 1 1673 1699 1698 1774
7049 4 2 1 1 1673 1773 1748 1774
7050 4 2 1 1 1673 1698 1773 1774
7051 4 2 1 1 1674 1675 1700 1775
7052 4 2 1 1 1674 1675 1775 1750
7053 4 2 1 1 1674 1750 1775 1749
7054 4 2 1 1 1674 1700 1699 1775
7055 4 2 1 1 1674 1774 1749 1775
7056 4 2 1 1 1674 1699 1774 1775
7057 4 2 1 1 1676 1677 1702 1777
7058 4 2 1 1 1676 1677 1777 1752
7059 4 2 1 1 1676 1752 1777 1751
7060 4 2 1 1 1676 1702 1701 1777
7061 4 2 1 1 1676 1776 1751 1777
7062 4 2 1 1 1676 1701 1776 1777
7063 4 2 1 1 1677 1678 1703 1778
7064 4 2 1 1 1677 1678 1778 1753
7065 4 2 1 1 1677 1753 1778 1752
7066 4 2 1 1 1677 1703 1702 1778
7067 4 2 1 1 1677 1777 1752 1778
7068 4 2 1 1 1677 1702 1777 1778
7069 4 2 1 1 1678 1679 1704 1779
7070 4 2 1 1 1678 1679 1779 1754
7071 4 2 1 1 1678 1754 1779 1753
7072 4 2 1 1 1678 1704 1703 1779
7073 4 2 1 1 1678 1778 1753 1779
7074 4 2 1 1 1678 1703 1778 1779
7075 4 2 1 1 1679 1680 1705 1780
7076 4 2 1 1 1679 1680 1780 1755
7077 4 2 1 1 1679 1755 1780 1754
7078 4 2 1 1 1679 1705 1704 1780
7079 4 2 1 1 1679 1779 1754 1780
7080 4 2 1 1 1679 1704 1779 1780
7081 4 2 1 1 1680 1681 1706 1781
7082 4 2 1 1 1680 1681 1781 1756
7083 4 2 1 1 1680 1756 1781 1755
7084 4 2 1 1 1680 1706 1705 1781
7085 4 2 1 1 1680 1780 1755 1781
7086 4 2 1 1 1680 1705 1780 1781
7087 4 2 1 1 1681 1682 1707 1782
7088 4 2 1 1 1681 1682 1782 1757
7089 4 2 1 1 1681 1757 1782 1756
7090 4 2 1 1 1681 1707 1706 1782
7091 4 2 1 1 1681 1781 1756 1782
7092 4 2 1 1 1681 1706 1781 1782
7093 4 2 1 1 1682 1683 1708 1783
7094 4 2 1 1 1682 1683 1783 1758
7095 4 2 1 1 1682 1758 1783 1757
7096 4 2 1 1 1682 1708 1707 1783
7097 4 2 1 1 1682 1782 1757 1783
7098 4 2 1 1 1682 1707 1782 1783
7099 4 2 1 1 1683 1684 1709 1784
7100 4 2 1 1 1683 1684 1784 1759
7101 4 2 1 1 1683 1759 1784 1758
7102 4 2 1 1 1683 1709 1708 1784
7103 4 2 1 1 1683 1783 1758 1784
7104 4 2 1 1 1683 1708 1783 1784
7105 4 2 1 1 1684 1685 1710 1785
7106 4 2 1 1 1684 1685 1785 1760
7107 4 2 1 1 1684 1760 1785 1759
7108 4 2 1 1 1684 1710 1709 1785
7109 4 2 1 1 1684 1784 1759 1785
7110 4 2 1 1 1684 1709 1784 1785
7111 4 2 1 1 1685 1686 1711 1786
7112 4 2 1 1 1685 1686 1786 1761
7113 4 2 1 1 1685 1761 1786 1760
7114 4 2 1 1 1685 1711 1710 1786
7115 4 2 1 1 1685 1785 1760 1786
7116 4 2 1 1 1685 1710 1785 1786
7117 4 2 1 1 1686 1687 1712 1787
7118 4 2 1 1 1686 1687 1787 1762
7119 4 2 1 1 1686 1762 1787 1761
7120 4 2 1 1 1686 1712 1711 1787
7121 4 2 1 1 1686 1786 1761 1787
7122 4 2 1 1 1686 1711 1786 1787
7123 4 2 1 1 1687 1688 1713 1788
7124 4 2 1 1 1687 1688 1788 1763
7125 4 2 1 1 1687 1763 1788 1762
7126 4 2 1 1 1687 1713 1712 1788
7127 4 2 1 1 1687 1787 1762 1788
7128 4 2 1 1 1687 1712 1787 1788
7129 4 2 1 1 1688 1689 1714 1789
7130 4 2 1 1 1688 1689 1789 1764
7131 4 2 1 1 1688 1764 1789 1763
7132 4 2 1 1 1688 1714 1713 1789
7133 4 2 1 1 1688 1788 1763 1789
7134 4 2 1 1 1688 1713 1788 1789
7135 4 2 1 1 1689 1690 1715 1790
7136 4 2 1 1 1689 1690 1790 1765
7137 4 2 1 1 1689 1765 1790 1764
7138 4 2 1 1 1689 1715 1714 1790
7139 4 2 1 1 1689 1789 1764 1790
7140 4 2 1 1 1689 1714 1789 1790
7141 4 2 1 1 1690 1691 1716 1791
7142 4 2 1 1 1690 1691 1791 1766
7143 4 2 1 1 1690 1766 1791 1765
7144 4 2 1 1 1690 1716 1715 1791
7145 4 2 1 1 1690 1790 1765 1791
7146 4 2 1 1 1690 1715 1790 1791
7147 4 2 1 1 1691 1692 1717 1792
7148 4 2 1 1 1691 1692 1792 1767
7149 4 2 1 1 1691 1767 1792 1766
7150 4 2 1 1 1691 1717 1716 1792
7151 4 2 1 1 1691 1791 1766 1792
7152 4 2 1 1 1691 1716 1791 1792
7153 4 2 1 1 1692 1693 1718 1793
7154 4 2 1 1 1692 1693 1793 1768
7155 4 2 1 1 1692 1768 1793 1767
7156 4 2 1 1 1692 1718 1717 1793
7157 4 2 1 1 1692 1792 1767 1793
7158 4 2 1 1 1692 1717 1792 1793
7159 4 2 1 1 1693 1694 1719 1794
7160 4 2 1 1 1693 1694 1794 1769
7161 4 2 1 1 1693 1769 1794 1768
7162 4 2 1 1 1693 1719 1718 1794
7163 4 2 1 1 1693 1793 1768 1794
7164 4 2 1 1 1693 1718 1793 1794
7165 4 2 1 1 1694 1695 1720 1795
7166 4 2 1 1 1694 1695 1795 1770
7167 4 2 1 1 1694 1770 1795 1769
7168 4 2 1 1 1694 1720 1719 1795
7169 4 2 1 1 1694 1794 1769 1795
7170 4 2 1 1 1694 1719 1794 1795
7171 4 2 1 1 1695 1696 1721 1796
7172 4 2 1 1 1695 1696 1796 1771
7173 4 2 1 1 1695 1771 1796 1770
7174 4 2 1 1 1695 1721 1720 1796
7175 4 2 1 1 1695 1795 1770 1796
7176 4 2 1 1 1695 1720 1795 1796
7177 4 2 1 1 1696 1697 1722 1797
7178 4 2 1 1 1696 1697 1797 1772
7179 4 2 1 1 1696 1772 1797 1771
7180 4 2 1 1 1696 1722 1721 1797
7181 4 2 1 1 1696 1796 1771 1797
7182 4 2 1 1 1696 1721 1796 1797
7183 4 2 1 1 1697 1698 1723 1798
7184 4 2 1 1 1697 1698 1798 1773
7185 4 2 1 1 1697 1773 1798 1772
7186 4 2 1 1 1697 1723 1722 1798
7187 4 2 1 1 1697 1797 1772 1798
7188 4 2 1 1 1697 1722 1797 1798
7189 4 2 1 1 1698 1699 1724 1799
7190 4 2 1 1 1698 1699 1799 1774
7191 4 2 1 1 1698 1774 1799 1773
7192 4 2 1 1 1698 1724 1723 1799
7193 4 2 1 1 1698 1798 1773 1799
7194 4 2 1 1 1698 1723 1798 1799
7195 4 2 1 1 1699 1700 1725 1800
7196 4 2 1 1 1699 1700 1800 1775
7197 4 2 1 1 1699 1775 1800 1774
7198 4 2 1 1 1699 1725 1724 1800
7199 4 2 1 1 1699 1799 1774 1800
7200 4 2 1 1 1699 1724 1799 1800
7201 4 2 1 1 1726 1727 1752 1827
7202 4 2 1 1 1726 1727 1827 1802
7203 4 2 1 1 1726 1802 1827 1801
7204 4 2 1 1 1726 1752 1751 1827
7205 4 2 1 1 1726 1826 1801 1827
7206 4 2 1 1 1726 1751 1826 1827
7207 4 2 1 1 1727 1728 1753 1828
7208 4 2 1 1 1727 1728 1828 1803
7209 4 2 1 1 1727 1803 1828 1802
7210 4 2 1 1 1727 1753 1752 1828
7211 4 2 1 1 1727 1827 1802 1828
7212 4 2 1 1 1727 1752 1827 1828
7213 4 2 1 1 1728 1729 1754 1829
7214 4 2 1 1 1728 1729 1829 1804
7215 4 2 1 1 1728 1804 1829 1803
7216 4 2 1 1 1728 1754 1753 1829
7217 4 2 1 1 1728 1828 1803 1829
7218 4 2 1 1 1728 1753 1828 1829
7219 4 2 1 1 1729 1730 1755 1830
7220 4 2 1 1 1729 1730 1830 1805
7221 4 2 1 1 1729 1805 1830 1804
7222 4 2 1 1 1729 1755 1754 1830
7223 4 2 1 1 1729 1829 1804 1830
7224 4 2 1 1 1729 1754 1829 1830
7225 4 2 1 1 1730 1731 1756 1831
7226 4 2 1 1 1730 1731 1831 1806
7227 4 2 1 1 1730 1806 1831 1805
7228 4 2 1 1 1730 1756 1755 1831
7229 4 2 1 1 1730 1830 1805 1831
7230 4 2 1 1 1730 1755 1830 1831
7231 4 2 1 1 1731 1732 1757 1832
7232 4 2 1 1 1731 1732 1832 1807
7233 4 2 1 1 1731 1807 1832 1806
7234 4 2 1 1 1731 1757 1756 1832
7235 4 2 1 1 1731 1831 1806 1832
7236 4 2 1 1 1731 1756 1831 1832
7237 4 2 1 1 1732 1733 1758 1833
7238 4 2 1 1 1732 1733 1833 1808
7239 4 2 1 1 1732 1808 1833 1807
7240 4 2 1 1 1732 1758 1757 1833
7241 4 2 1 1 1732 1832 1807 1833
7242 4 2 1 1 1732 1757 1832 1833
7243 4 2 1 1 1733 1734 1759 1834
7244 4 2 1 1 1733 1734 1834 1809
7245 4 2 1 1 1733 1809 1834 1808
7246 4 2 1 1 1733 1759 1758 1834
7247 4 2 1 1 1733 1833 1808 1834
7248 4 2 1 1 1733 1758 1833 1834
7249 4 2 1 1 1734 1735 1760 1835
7250 4 2 1 1 1734 1735 1835 1810
7251 4 2 1 1 1734 1810 1835 1809
7252 4 2 1 1 1734 1760 1759 1835
7253 4 2 1 1 1734 1834 1809 1835
7254 4 2 1 1 1734 1759 1834 1835
7255 4 2 1 1 1735 1736 1761 1836
7256 4 2 1 1 1735 1736 1836 1811
7257 4 2 1 1 1735 1811 1836 1810
7258 4 2 1 1 1735 1761 1760 1836
7259 4 2 1 1 1735 1835 1810 1836
7260 4 2 1 1 1735 1760 1835 1836
7261 4 2 1 1 1736 1737 1762 1837
7262 4 2 1 1 1736 1737 1837 1812
7263 4 2 1 1 1736 1812 1837 1811
7264 4 2 1 1 1736 1762 1761 1837
7265 4 2 1 1 1736 1836 1811 1837
7266 4 2 1 1 1736 1761 1836 1837
7267 4 2 1 1 1737 1738 1763 1838
7268 4 2 1 1 1737 1738 1838 1813
7269 4 2 1 1 1737 1813 1838 1812
7270 4 2 1 1 1737 1763 1762 1838
7271 4 2 1 1 1737 1837 1812 1838
7272 4 2 1 1 1737 1762 1837 1838
7273 4 2 1 1 1738 1739 1764 1839
7274 4 2 1 1 1738 1739 1839 1814
7275 4 2 1 1 1738 1814 1839 1813
7276 4 2 1 1 1738 1764 1763 1839
7277 4 2 1 1 1738 1838 1813 1839
7278 4 2 1 1 1738 1763 1838 1839
7279 4 2 1 1 1739 1740 1765 1840
7280 4 2 1 1 1739 1740 1840 1815
7281 4 2 1 1 1739 1815 1840 1814
7282 4 2 1 1 1739 1765 1764 1840
7283 4 2 1 1 1739 1839 1814 1840
7284 4 2 1 1 1739 1764 1839 1840
7285 4 2 1 1 1740 1741 1766 1841
7286 4 2 1 1 1740 1741 1841 1816
7287 4 2 1 1 1740 1816 1841 1815
7288 4 2 1 1 1740 1766 1765 1841
7289 4 2 1 1 1740 1840 1815 1841
7290 4 2 1 1 1740 1765 1840 1841
7291 4 2 1 1 1741 1742 1767 1842
7292 4 2 1 1 1741 1742 1842 1817
7293 4 2 1 1 1741 1817 1842 1816
7294 4 2 1 1 1741 1767 1766 1842
7295 4 2 1 1 1741 1841 1816 1842
7296 4 2 1 1 1741 1766 1841 1842
7297 4 2 1 1 1742 1743 1768 1843
7298 4 2 1 1 1742 1743 1843 1818
7299 4 2 1 1 1742 1818 1843 1817
7300 4 2 1 1 1742 1768 1767 1843
7301 4 2 1 1 1742 1842 1817 1843
7302 4 2 1 1 1742 1767 1842 1843
7303 4 2 1 1 1743 1744 1769 1844
7304 4 2 1 1 1743 1744 1844 1819
7305 4 2 1 1 1743 1819 1844 1818
7306 4 2 1 1 1743 1769 1768 1844
7307 4 2 1 1 1743 1843 1818 1844
7308 4 2 1 1 1743 1768 1843 1844
7309 4 2 1 1 1744 1745 1770 1845
7310 4 2 1 1 1744 1745 1845 1820
7311 4 2 1 1 1744 1820 1845 1819
7312 4 2 1 1 1744 1770 1769 1845
7313 4 2 1 1 1744 1844 1819 1845
7314 4 2 1 1 1744 1769 1844 1845
7315 4 2 1 1 1745 1746 1771 1846
7316 4 2 1 1 1745 1746 1846 1821
7317 4 2 1 1 1745 1821 1846 1820
7318 4 2 1 1 1745 1771 1770 1846
7319 4 2 1 1 1745 1845 1820 1846
7320 4 2 1 1 1745 1770 1845 1846
7321 4 2 1 1 1746 1747 1772 1847
7322 4 2 1 1 1746 1747 1847 1822
7323 4 2 1 1 1746 1822 1847 1821
7324 4 2 1 1 1746 1772 1771 1847
7325 4 2 1 1 1746 1846 1821 1847
7326 4 2 1 1 1746 1771 1846 1847
7327 4 2 1 1 1747 1748 1773 1848
7328 4 2 1 1 1747 1748 1848 1823
7329 4 2 1 1 1747 1823 1848 1822
7330 4 2 1 1 1747 1773 1772 1848
7331 4 2 1 1 1747 1847 1822 1848
7332 4 2 1 1 1747 1772 1847 1848
7333 4 2 1 1 1748 1749 1774 1849
7334 4 2 1 1 1748 1749 1849 1824
7335 4 2 1 1 1748 1824 1849 1823
7336 4 2 1 1 1748 1774 1773 1849
7337 4 2 1 1 1748 1848 1823 1849
7338 4 2 1 1 1748 1773 1848 1849
7339 4 2 1 1 1749 1750 1775 1850
7340 4 2 1 1 1749 1750 1850 1825
7341 4 2 1 1 1749 1825 1850 1824
7342 4 2 1 1 1749 1775 1774 1850
7343 4 2 1 1 1749 1849 1824 1850
7344 4 2 1 1 1749 1774 1849 1850
7345 4 2 1 1 1751 1752 1777 1852
7346 4 2 1 1 1751 1752 1852 1827
7347 4 2 1 1 1751 1827 1852 1826
7348 4 2 1 1 1751 1777 1776 1852
7349 4 2 1 1 1751 1851 1826 1852
7350 4 2 1 1 1751 1776 1851 1852
7351 4 2 1 1 1752 1753 1778 1853
7352 4 2 1 1 1752 1753 1853 1828
7353 4 2 1 1 1752 1828 1853 1827
7354 4 2 1 1 1752 1778 1777 1853
7355 4 2 1 1 1752 1852 1827 1853
7356 4 2 1 1 1752 1777 1852 1853
7357 4 2 1 1 1753 1754 1779 1854
7358 4 2 1 1 1753 1754 1854 1829
7359 4 2 1 1 1753 1829 1854 1828
7360 4 2 1 1 1753 1779 1778 1854
7361 4 2 1 1 1753 1853 1828 1854
7362 4 2 1 1 1753 1778 1853 1854
7363 4 2 1 1 1754 1755 1780 1855
7364 4 2 1 1 1754 1755 1855 1830
7365 4 2 1 1 1754 1830 1855 1829
7366 4 2 1 1 1754 1780 1779 1855
7367 4 2 1 1 1754 1854 1829 1855
7368 4 2 1 1 1754 1779 1854 1855
7369 4 2 1 1 1755 1756 1781 1856
7370 4 2 1 1 1755 1756 1856 1831
7371 4 2 1 1 1755 1831 1856 1830
7372 4 2 1 1 1755 1781 1780 1856
7373 4 2 1 1 1755 1855 1830 1856
7374 4 2 1 1 1755 1780 1855 1856
7375 4 2 1 1 1756 1757 1782 1857
7376 4 2 1 1 1756 1757 1857 1832
7377 4 2 1 1 1756 1832 1857 1831
7378 4 2 1 1 1756 1782 1781 1857
7379 4 2 1 1 1756 1856 1831 1857
7380 4 2 1 1 1756 1781 1856 1857
7381 4 2 1 1 1757 1758 1783 1858
7382 4 2 1 1 1757 1758 1858 1833
7383 4 2 1 1 1757 1833 1858 1832
7384 4 2 1 1 1757 1783 1782 1858
7385 4 2 1 1 1757 1857 1832 1858
7386 4 2 1 1 1757 1782 1857 1858
7387 4 2 1 1 1758 1759 1784 1859
7388 4 2 1 1 1758 1759 1859 1834
7389 4 2 1 1 1758 1834 1859 1833
7390 4 2 1 1 1758 1784 1783 1859
7391 4 2 1 1 1758 1858 1833 1859
7392 4 2 1 1 1758 1783 1858 1859
7393 4 2 1 1 1759 1760 1785 1860
7394 4 2 1 1 1759 1760 1860 1835
7395 4 2 1 1 1759 1835 1860 1834
7396 4 2 1 1 1759 1785 1784 1860
7397 4 2 1 1 1759 1859 1834 1860
7398 4 2 1 1 1759 1784 1859 1860
7399 4 2 1 1 1760 1761 1786 1861
7400 4 2 1 1 1760 1761 1861 1836
7401 4 2 1 1 1760 1836 1861 1835
7402 4 2 1 1 1760 1786 1785 1861
7403 4 2 1 1 1760 1860 1835 1861
7404 4 2 1 1 1760 1785 1860 1861
7405 4 2 1 1 1761 1762 1787 1862
7406 4 2 1 1 1761 1762 1862 1837
7407 4 2 1 1 1761 1837 1862 1836
7408 4 2 1 1 1761 1787 1786 1862
7409 4 2 1 1 1761 1861 1836 1862
7410 4 2 1 1 1761 1786 1861 1862
7411 4 2 1 1 1762 1763 1788 1863
7412 4 2 1 1 1762 1763 1863 1838
7413 4 2 1 1 1762 1838 1863 1837
7414 4 2 1 1 1762 1788 1787 1863
7415 4 2 1 1 1762 1862 1837 1863
7416 4 2 1 1 1762 1787 1862 1863
7417 4 2 1 1 1763 1764 1789 1864
7418 4 2 1 1 1763 1764 1864 1839
7419 4 2 1 1 1763 1839 1864 1838
7420 4 2 1 1 1763 1789 1788 1864
7421 4 2 1 1 1763 1863 1838 1864
7422 4 2 1 1 1763 1788 1863 1864
7423 4 2 1 1 1764 1765 1790 1865
7424 4 2 1 1 1764 1765 1865 1840
7425 4 2 1 1 1764 1840 1865 1839
7426 4 2 1 1 1764 1790 1789 1865
7427 4 2 1 1 1764 1864 1839 1865
7428 4 2 1 1 1764 1789 1864 1865
7429 4 2 1 1 1765 1766 1791 1866
7430 4 2 1 1 1765 1766 1866 1841
7431 4 2 1 1 1765 1841 1866 1840
7432 4 2 1 1 1765 1791 1790 1866
7433 4 2 1 1 1765 1865 1840 1866
7434 4 2 1 1 1765 1790 1865 1866
7435 4 2 1 1 1766 1767 1792 1867
7436 4 2 1 1 1766 1767 1867 1842
7437 4 2 1 1 1766 1842 1867 1841
7438 4 2 1 1 1766 1792 1791 1867
7439 4 2 1 1 1766 1866 1841 1867
7440 4 2 1 1 1766 1791 1866 1867
7441 4 2 1 1 1767 1768 1793 1868
7442 4 2 1 1 1767 1768 1868 1843
7443 4 2 1 1 1767 1843 1868 1842
7444 4 2 1 1 1767 1793 1792 1868
7445 4 2 1 1 1767 1867 1842 1868
7446 4 2 1 1 1767 1792 1867 1868
7447 4 2 1 1 1768 1769 1794 1869
7448 4 2 1 1 1768 1769 1869 1844
7449 4 2 1 1 1768 1844 1869 1843
7450 4 2 1 1 1768 1794 1793 1869
7451 4 2 1 1 1768 1868 1843 1869
7452 4 2 1 1 1768 1793 1868 1869
7453 4 2 1 1 1769 1770 1795 1870
7454 4 2 1 1 1769 1770 1870 1845
7455 4 2 1 1 1769 1845 1870 1844
7456 4 2 1 1 1769 1795 1794 1870
7457 4 2 1 1 1769 1869 1844 1870
7458 4 2 1 1 1769 1794 1869 1870
7459 4 2 1 1 1770 1771 1796 1871
7460 4 2 1 1 1770 1771 1871 1846
7461 4 2 1 1 1770 1846 1871 1845
7462 4 2 1 1 1770 1796 1795 1871
7463 4 2 1 1 1770 1870 1845 1871
7464 4 2 1 1 1770 1795 1870 1871
7465 4 2 1 1 1771 1772 1797 1872
7466 4 2 1 1 1771 1772 1872 1847
7467 4 2 1 1 1771 1847 1872 1846
7468 4 2 1 1 1771 1797 1796 1872
7469 4 2 1 1 1771 1871 1846 1872
7470 4 2 1 1 1771 1796 1871 1872
7471 4 2 1 1 1772 1773 1798 1873
7472 4 2 1 1 1772 1773 1873 1848
7473 4 2 1 1 1772 1848 1873 1847
7474 4 2 1 1 1772 1798 1797 1873
7475 4 2 1 1 1772 1872 1847 1873
7476 4 2 1 1 1772 1797 1872 1873
7477 4 2 1 1 1773 1774 1799 1874
7478 4 2 1 1 1773 1774 1874 1849
7479 4 2 1 1 1773 1849 1874 1848
7480 4 2 1 1 1773 1799 1798 1874
7481 4 2 1 1 1773 1873 1848 1874
7482 4 2 1 1 1773 1798 1873 1874
7483 4 2 1 1 1774 1775 1800 1875
7484 4 2 1 1 1774 1775 1875 1850
7485 4 2 1 1 1774 1850 1875 1849
7486 4 2 1 1 1774 1800 1799 1875
7487 4 2 1 1 1774 1874 1849 1875
7488 4 2 1 1 1774 1799 1874 1875
$EndElements
