$MeshFormat
2.2 0 8
$EndMeshFormat
$Nodes
2175
1 0 0 0
2 0 0 4.166666667e-05
3 0 0 8.333333333e-05
4 0 0 0.000125
5 0 0 0.0001666666667
6 0 0 0.0002083333333
7 0 0 0.00025
8 0 0 0.0002916666667
9 0 0 0.0003333333333
10 0 0 0.000375
11 0 0 0.0004166666667
12 0 0 0.0004583333333
13 0 0 0.0005
14 0 0 0.0005416666667
15 0 0 0.0005833333333
16 0 0 0.000625
17 0 0 0.0006666666667
18 0 0 0.0007083333333
19 0 0 0.00075
20 0 0 0.0007916666667
21 0 0 0.0008333333333
22 0 0 0.000875
23 0 0 0.0009166666667
24 0 0 0.0009583333333
25 0 0 0.001
26 0 0 0.001125
27 0 0 0.00125
28 0 0 0.001375
29 0 0 0.0015
30 0 0.000125 0
31 0 0.000125 4.166666667e-05
32 0 0.000125 8.333333333e-05
33 0 0.000125 0.000125
34 0 0.000125 0.0001666666667
35 0 0.000125 0.0002083333333
36 0 0.000125 0.00025
37 0 0.000125 0.0002916666667
38 0 0.000125 0.0003333333333
39 0 0.000125 0.000375
40 0 0.000125 0.0004166666667
41 0 0.000125 0.0004583333333
42 0 0.000125 0.0005
43 0 0.000125 0.0005416666667
44 0 0.000125 0.0005833333333
45 0 0.000125 0.000625
46 0 0.000125 0.0006666666667
47 0 0.000125 0.0007083333333
48 0 0.000125 0.00075
49 0 0.000125 0.0007916666667
50 0 0.000125 0.0008333333333
51 0 0.000125 0.000875
52 0 0.000125 0.0009166666667
53 0 0.000125 0.0009583333333
54 0 0.000125 0.001
55 0 0.000125 0.001125
56 0 0.000125 0.00125
57 0 0.000125 0.001375
58 0 0.000125 0.0015
59 0 0.00025 0
60 0 0.00025 4.166666667e-05
61 0 0.00025 8.333333333e-05
62 0 0.00025 0.000125
63 0 0.00025 0.0001666666667
64 0 0.00025 0.0002083333333
65 0 0.00025 0.00025
66 0 0.00025 0.0002916666667
67 0 0.00025 0.0003333333333
68 0 0.00025 0.000375
69 0 0.00025 0.0004166666667
70 0 0.00025 0.0004583333333
71 0 0.00025 0.0005
72 0 0.00025 0.0005416666667
73 0 0.00025 0.0005833333333
74 0 0.00025 0.000625
75 0 0.00025 0.0006666666667
76 0 0.00025 0.0007083333333
77 0 0.00025 0.00075
78 0 0.00025 0.0007916666667
79 0 0.00025 0.0008333333333
80 0 0.00025 0.000875
81 0 0.00025 0.0009166666667
82 0 0.00025 0.0009583333333
83 0 0.00025 0.001
84 0 0.00025 0.001125
85 0 0.00025 0.00125
86 0 0.00025 0.001375
87 0 0.00025 0.0015
88 8.333333333e-05 0 0
89 8.333333333e-05 0 4.166666667e-05
90 8.333333333e-05 0 8.333333333e-05
91 8.333333333e-05 0 0.000125
92 8.333333333e-05 0 0.0001666666667
93 8.333333333e-05 0 0.0002083333333
94 8.333333333e-05 0 0.00025
95 8.333333333e-05 0 0.0002916666667
96 8.333333333e-05 0 0.0003333333333
97 8.333333333e-05 0 0.000375
98 8.333333333e-05 0 0.0004166666667
99 8.333333333e-05 0 0.0004583333333
100 8.333333333e-05 0 0.0005
101 8.333333333e-05 0 0.0005416666667
102 8.333333333e-05 0 0.0005833333333
103 8.333333333e-05 0 0.000625
104 8.333333333e-05 0 0.0006666666667
105 8.333333333e-05 0 0.0007083333333
106 8.333333333e-05 0 0.00075
107 8.333333333e-05 0 0.0007916666667
108 8.333333333e-05 0 0.0008333333333
109 8.333333333e-05 0 0.000875
110 8.333333333e-05 0 0.0009166666667
111 8.333333333e-05 0 0.0009583333333
112 8.333333333e-05 0 0.001
113 8.333333333e-05 0 0.001125
114 8.333333333e-05 0 0.00125
115 8.333333333e-05 0 0.001375
116 8.333333333e-05 0 0.0015
117 8.333333333e-05 0.000125 0
118 8.333333333e-05 0.000125 4.166666667e-05
119 8.333333333e-05 0.000125 8.333333333e-05
120 8.333333333e-05 0.000125 0.000125
121 8.333333333e-05 0.000125 0.0001666666667
122 8.333333333e-05 0.000125 0.0002083333333
123 8.333333333e-05 0.000125 0.00025
124 8.333333333e-05 0.000125 0.0002916666667
125 8.333333333e-05 0.000125 0.0003333333333
126 8.333333333e-05 0.000125 0.000375
127 8.333333333e-05 0.000125 0.0004166666667
128 8.333333333e-05 0.000125 0.0004583333333
129 8.333333333e-05 0.000125 0.0005
130 8.333333333e-05 0.000125 0.0005416666667
131 8.333333333e-05 0.000125 0.0005833333333
132 8.333333333e-05 0.000125 0.000625
133 8.333333333e-05 0.000125 0.0006666666667
134 8.333333333e-05 0.000125 0.0007083333333
135 8.333333333e-05 0.000125 0.00075
136 8.333333333e-05 0.000125 0.0007916666667
137 8.333333333e-05 0.000125 0.0008333333333
138 8.333333333e-05 0.000125 0.000875
139 8.333333333e-05 0.000125 0.0009166666667
140 8.333333333e-05 0.000125 0.0009583333333
141 8.333333333e-05 0.000125 0.001
142 8.333333333e-05 0.000125 0.001125
143 8.333333333e-05 0.000125 0.00125
144 8.333333333e-05 0.000125 0.001375
145 8.333333333e-05 0.000125 0.0015
146 8.333333333e-05 0.00025 0
147 8.333333333e-05 0.00025 4.166666667e-05
148 8.333333333e-05 0.00025 8.333333333e-05
149 8.333333333e-05 0.00025 0.000125
150 8.333333333e-05 0.00025 0.0001666666667
151 8.333333333e-05 0.00025 0.0002083333333
152 8.333333333e-05 0.00025 0.00025
153 8.333333333e-05 0.00025 0.0002916666667
154 8.333333333e-05 0.00025 0.0003333333333
155 8.333333333e-05 0.00025 0.000375
156 8.333333333e-05 0.00025 0.0004166666667
157 8.333333333e-05 0.00025 0.0004583333333
158 8.333333333e-05 0.00025 0.0005
159 8.333333333e-05 0.00025 0.0005416666667
160 8.333333333e-05 0.00025 0.0005833333333
161 8.333333333e-05 0.00025 0.000625
162 8.333333333e-05 0.00025 0.0006666666667
163 8.333333333e-05 0.00025 0.0007083333333
164 8.333333333e-05 0.00025 0.00075
165 8.333333333e-05 0.00025 0.0007916666667
166 8.333333333e-05 0.00025 0.0008333333333
167 8.333333333e-05 0.00025 0.000875
168 8.333333333e-05 0.00025 0.0009166666667
169 8.333333333e-05 0.00025 0.0009583333333
170 8.333333333e-05 0.00025 0.001
171 8.333333333e-05 0.00025 0.001125
172 8.333333333e-05 0.00025 0.00125
173 8.333333333e-05 0.00025 0.001375
174 8.333333333e-05 0.00025 0.0015
175 0.0001666666667 0 0
176 0.0001666666667 0 4.166666667e-05
177 0.0001666666667 0 8.333333333e-05
178 0.0001666666667 0 0.000125
179 0.0001666666667 0 0.0001666666667
180 0.0001666666667 0 0.0002083333333
181 0.0001666666667 0 0.00025
182 0.0001666666667 0 0.0002916666667
183 0.0001666666667 0 0.0003333333333
184 0.0001666666667 0 0.000375
185 0.0001666666667 0 0.0004166666667
186 0.0001666666667 0 0.0004583333333
187 0.0001666666667 0 0.0005
188 0.0001666666667 0 0.0005416666667
189 0.0001666666667 0 0.0005833333333
190 0.0001666666667 0 0.000625
191 0.0001666666667 0 0.0006666666667
192 0.0001666666667 0 0.0007083333333
193 0.0001666666667 0 0.00075
194 0.0001666666667 0 0.0007916666667
195 0.0001666666667 0 0.0008333333333
196 0.0001666666667 0 0.000875
197 0.0001666666667 0 0.0009166666667
198 0.0001666666667 0 0.0009583333333
199 0.0001666666667 0 0.001
200 0.0001666666667 0 0.001125
201 0.0001666666667 0 0.00125
202 0.0001666666667 0 0.001375
203 0.0001666666667 0 0.0015
204 0.0001666666667 0.000125 0
205 0.0001666666667 0.000125 4.166666667e-05
206 0.0001666666667 0.000125 8.333333333e-05
207 0.0001666666667 0.000125 0.000125
208 0.0001666666667 0.000125 0.0001666666667
209 0.0001666666667 0.000125 0.0002083333333
210 0.0001666666667 0.000125 0.00025
211 0.0001666666667 0.000125 0.0002916666667
212 0.0001666666667 0.000125 0.0003333333333
213 0.0001666666667 0.000125 0.000375
214 0.0001666666667 0.000125 0.0004166666667
215 0.0001666666667 0.000125 0.0004583333333
216 0.0001666666667 0.000125 0.0005
217 0.0001666666667 0.000125 0.0005416666667
218 0.0001666666667 0.000125 0.0005833333333
219 0.0001666666667 0.000125 0.000625
220 0.0001666666667 0.000125 0.0006666666667
221 0.0001666666667 0.000125 0.0007083333333
222 0.0001666666667 0.000125 0.00075
223 0.0001666666667 0.000125 0.0007916666667
224 0.0001666666667 0.000125 0.0008333333333
225 0.0001666666667 0.000125 0.000875
226 0.0001666666667 0.000125 0.0009166666667
227 0.0001666666667 0.000125 0.0009583333333
228 0.0001666666667 0.000125 0.001
229 0.0001666666667 0.000125 0.001125
230 0.0001666666667 0.000125 0.00125
231 0.0001666666667 0.000125 0.001375
232 0.0001666666667 0.000125 0.0015
233 0.0001666666667 0.00025 0
234 0.0001666666667 0.00025 4.166666667e-05
235 0.0001666666667 0.00025 8.333333333e-05
236 0.0001666666667 0.00025 0.000125
237 0.0001666666667 0.00025 0.0001666666667
238 0.0001666666667 0.00025 0.0002083333333
239 0.0001666666667 0.00025 0.00025
240 0.0001666666667 0.00025 0.0002916666667
241 0.0001666666667 0.00025 0.0003333333333
242 0.0001666666667 0.00025 0.000375
243 0.0001666666667 0.00025 0.0004166666667
244 0.0001666666667 0.00025 0.0004583333333
245 0.0001666666667 0.00025 0.0005
246 0.0001666666667 0.00025 0.0005416666667
247 0.0001666666667 0.00025 0.0005833333333
248 0.0001666666667 0.00025 0.000625
249 0.0001666666667 0.00025 0.0006666666667
250 0.0001666666667 0.00025 0.0007083333333
251 0.0001666666667 0.00025 0.00075
252 0.0001666666667 0.00025 0.0007916666667
253 0.0001666666667 0.00025 0.0008333333333
254 0.0001666666667 0.00025 0.000875
255 0.0001666666667 0.00025 0.0009166666667
256 0.0001666666667 0.00025 0.0009583333333
257 0.0001666666667 0.00025 0.001
258 0.0001666666667 0.00025 0.001125
259 0.0001666666667 0.00025 0.00125
260 0.0001666666667 0.00025 0.001375
261 0.0001666666667 0.00025 0.0015
262 0.00025 0 0
263 0.00025 0 4.166666667e-05
264 0.00025 0 8.333333333e-05
265 0.00025 0 0.000125
266 0.00025 0 0.0001666666667
267 0.00025 0 0.0002083333333
268 0.00025 0 0.00025
269 0.00025 0 0.0002916666667
270 0.00025 0 0.0003333333333
271 0.00025 0 0.000375
272 0.00025 0 0.0004166666667
273 0.00025 0 0.0004583333333
274 0.00025 0 0.0005
275 0.00025 0 0.0005416666667
276 0.00025 0 0.0005833333333
277 0.00025 0 0.000625
278 0.00025 0 0.0006666666667
279 0.00025 0 0.0007083333333
280 0.00025 0 0.00075
281 0.00025 0 0.0007916666667
282 0.00025 0 0.0008333333333
283 0.00025 0 0.000875
284 0.00025 0 0.0009166666667
285 0.00025 0 0.0009583333333
286 0.00025 0 0.001
287 0.00025 0 0.001125
288 0.00025 0 0.00125
289 0.00025 0 0.001375
290 0.00025 0 0.0015
291 0.00025 0.000125 0
292 0.00025 0.000125 4.166666667e-05
293 0.00025 0.000125 8.333333333e-05
294 0.00025 0.000125 0.000125
295 0.00025 0.000125 0.0001666666667
296 0.00025 0.000125 0.0002083333333
297 0.00025 0.000125 0.00025
298 0.00025 0.000125 0.0002916666667
299 0.00025 0.000125 0.0003333333333
300 0.00025 0.000125 0.000375
301 0.00025 0.000125 0.0004166666667
302 0.00025 0.000125 0.0004583333333
303 0.00025 0.000125 0.0005
304 0.00025 0.000125 0.0005416666667
305 0.00025 0.000125 0.0005833333333
306 0.00025 0.000125 0.000625
307 0.00025 0.000125 0.0006666666667
308 0.00025 0.000125 0.0007083333333
309 0.00025 0.000125 0.00075
310 0.00025 0.000125 0.0007916666667
311 0.00025 0.000125 0.0008333333333
312 0.00025 0.000125 0.000875
313 0.00025 0.000125 0.0009166666667
314 0.00025 0.000125 0.0009583333333
315 0.00025 0.000125 0.001
316 0.00025 0.000125 0.001125
317 0.00025 0.000125 0.00125
318 0.00025 0.000125 0.001375
319 0.00025 0.000125 0.0015
320 0.00025 0.00025 0
321 0.00025 0.00025 4.166666667e-05
322 0.00025 0.00025 8.333333333e-05
323 0.00025 0.00025 0.000125
324 0.00025 0.00025 0.0001666666667
325 0.00025 0.00025 0.0002083333333
326 0.00025 0.00025 0.00025
327 0.00025 0.00025 0.0002916666667
328 0.00025 0.00025 0.0003333333333
329 0.00025 0.00025 0.000375
330 0.00025 0.00025 0.0004166666667
331 0.00025 0.00025 0.0004583333333
332 0.00025 0.00025 0.0005
333 0.00025 0.00025 0.0005416666667
334 0.00025 0.00025 0.0005833333333
335 0.00025 0.00025 0.000625
336 0.00025 0.00025 0.0006666666667
337 0.00025 0.00025 0.0007083333333
338 0.00025 0.00025 0.00075
339 0.00025 0.00025 0.0007916666667
340 0.00025 0.00025 0.0008333333333
341 0.00025 0.00025 0.000875
342 0.00025 0.00025 0.0009166666667
343 0.00025 0.00025 0.0009583333333
344 0.00025 0.00025 0.001
345 0.00025 0.00025 0.001125
346 0.00025 0.00025 0.00125
347 0.00025 0.00025 0.001375
348 0.00025 0.00025 0.0015
349 0.0003333333333 0 0
350 0.0003333333333 0 4.166666667e-05
351 0.0003333333333 0 8.333333333e-05
352 0.0003333333333 0 0.000125
353 0.0003333333333 0 0.0001666666667
354 0.0003333333333 0 0.0002083333333
355 0.0003333333333 0 0.00025
356 0.0003333333333 0 0.0002916666667
357 0.0003333333333 0 0.0003333333333
358 0.0003333333333 0 0.000375
359 0.0003333333333 0 0.0004166666667
360 0.0003333333333 0 0.0004583333333
361 0.0003333333333 0 0.0005
362 0.0003333333333 0 0.0005416666667
363 0.0003333333333 0 0.0005833333333
364 0.0003333333333 0 0.000625
365 0.0003333333333 0 0.0006666666667
366 0.0003333333333 0 0.0007083333333
367 0.0003333333333 0 0.00075
368 0.0003333333333 0 0.0007916666667
369 0.0003333333333 0 0.0008333333333
370 0.0003333333333 0 0.000875
371 0.0003333333333 0 0.0009166666667
372 0.0003333333333 0 0.0009583333333
373 0.0003333333333 0 0.001
374 0.0003333333333 0 0.001125
375 0.0003333333333 0 0.00125
376 0.0003333333333 0 0.001375
377 0.0003333333333 0 0.0015
378 0.0003333333333 0.000125 0
379 0.0003333333333 0.000125 4.166666667e-05
380 0.0003333333333 0.000125 8.333333333e-05
381 0.0003333333333 0.000125 0.000125
382 0.0003333333333 0.000125 0.0001666666667
383 0.0003333333333 0.000125 0.0002083333333
384 0.0003333333333 0.000125 0.00025
385 0.0003333333333 0.000125 0.0002916666667
386 0.0003333333333 0.000125 0.0003333333333
387 0.0003333333333 0.000125 0.000375
388 0.0003333333333 0.000125 0.0004166666667
389 0.0003333333333 0.000125 0.0004583333333
390 0.0003333333333 0.000125 0.0005
391 0.0003333333333 0.000125 0.0005416666667
392 0.0003333333333 0.000125 0.0005833333333
393 0.0003333333333 0.000125 0.000625
394 0.0003333333333 0.000125 0.0006666666667
395 0.0003333333333 0.000125 0.0007083333333
396 0.0003333333333 0.000125 0.00075
397 0.0003333333333 0.000125 0.0007916666667
398 0.0003333333333 0.000125 0.0008333333333
399 0.0003333333333 0.000125 0.000875
400 0.0003333333333 0.000125 0.0009166666667
401 0.0003333333333 0.000125 0.0009583333333
402 0.0003333333333 0.000125 0.001
403 0.0003333333333 0.000125 0.001125
404 0.0003333333333 0.000125 0.00125
405 0.0003333333333 0.000125 0.001375
406 0.0003333333333 0.000125 0.0015
407 0.0003333333333 0.00025 0
408 0.0003333333333 0.00025 4.166666667e-05
409 0.0003333333333 0.00025 8.333333333e-05
410 0.0003333333333 0.00025 0.000125
411 0.0003333333333 0.00025 0.0001666666667
412 0.0003333333333 0.00025 0.0002083333333
413 0.0003333333333 0.00025 0.00025
414 0.0003333333333 0.00025 0.0002916666667
415 0.0003333333333 0.00025 0.0003333333333
416 0.0003333333333 0.00025 0.000375
417 0.0003333333333 0.00025 0.0004166666667
418 0.0003333333333 0.00025 0.0004583333333
419 0.0003333333333 0.00025 0.0005
420 0.0003333333333 0.00025 0.0005416666667
421 0.0003333333333 0.00025 0.0005833333333
422 0.0003333333333 0.00025 0.000625
423 0.0003333333333 0.00025 0.0006666666667
424 0.0003333333333 0.00025 0.0007083333333
425 0.0003333333333 0.00025 0.00075
426 0.0003333333333 0.00025 0.0007916666667
427 0.0003333333333 0.00025 0.0008333333333
428 0.0003333333333 0.00025 0.000875
429 0.0003333333333 0.00025 0.0009166666667
430 0.0003333333333 0.00025 0.0009583333333
431 0.0003333333333 0.00025 0.001
432 0.0003333333333 0.00025 0.001125
433 0.0003333333333 0.00025 0.00125
434 0.0003333333333 0.00025 0.001375
435 0.0003333333333 0.00025 0.0015
436 0.0004166666667 0 0
437 0.0004166666667 0 4.166666667e-05
438 0.0004166666667 0 8.333333333e-05
439 0.0004166666667 0 0.000125
440 0.0004166666667 0 0.0001666666667
441 0.0004166666667 0 0.0002083333333
442 0.0004166666667 0 0.00025
443 0.0004166666667 0 0.0002916666667
444 0.0004166666667 0 0.0003333333333
445 0.0004166666667 0 0.000375
446 0.0004166666667 0 0.0004166666667
447 0.0004166666667 0 0.0004583333333
448 0.0004166666667 0 0.0005
449 0.0004166666667 0 0.0005416666667
450 0.0004166666667 0 0.0005833333333
451 0.0004166666667 0 0.000625
452 0.0004166666667 0 0.0006666666667
453 0.0004166666667 0 0.0007083333333
454 0.0004166666667 0 0.00075
455 0.0004166666667 0 0.0007916666667
456 0.0004166666667 0 0.0008333333333
457 0.0004166666667 0 0.000875
458 0.0004166666667 0 0.0009166666667
459 0.0004166666667 0 0.0009583333333
460 0.0004166666667 0 0.001
461 0.0004166666667 0 0.001125
462 0.0004166666667 0 0.00125
463 0.0004166666667 0 0.001375
464 0.0004166666667 0 0.0015
465 0.0004166666667 0.000125 0
466 0.0004166666667 0.000125 4.166666667e-05
467 0.0004166666667 0.000125 8.333333333e-05
468 0.0004166666667 0.000125 0.000125
469 0.0004166666667 0.000125 0.0001666666667
470 0.0004166666667 0.000125 0.0002083333333
471 0.0004166666667 0.000125 0.00025
472 0.0004166666667 0.000125 0.0002916666667
473 0.0004166666667 0.000125 0.0003333333333
474 0.0004166666667 0.000125 0.000375
475 0.0004166666667 0.000125 0.0004166666667
476 0.0004166666667 0.000125 0.0004583333333
477 0.0004166666667 0.000125 0.0005
478 0.0004166666667 0.000125 0.0005416666667
479 0.0004166666667 0.000125 0.0005833333333
480 0.0004166666667 0.000125 0.000625
481 0.0004166666667 0.000125 0.0006666666667
482 0.0004166666667 0.000125 0.0007083333333
483 0.0004166666667 0.000125 0.00075
484 0.0004166666667 0.000125 0.0007916666667
485 0.0004166666667 0.000125 0.0008333333333
486 0.0004166666667 0.000125 0.000875
487 0.0004166666667 0.000125 0.0009166666667
488 0.0004166666667 0.000125 0.0009583333333
489 0.0004166666667 0.000125 0.001
490 0.0004166666667 0.000125 0.001125
491 0.0004166666667 0.000125 0.00125
492 0.0004166666667 0.000125 0.001375
493 0.0004166666667 0.000125 0.0015
494 0.0004166666667 0.00025 0
495 0.0004166666667 0.00025 4.166666667e-05
496 0.0004166666667 0.00025 8.333333333e-05
497 0.0004166666667 0.00025 0.000125
498 0.0004166666667 0.00025 0.0001666666667
499 0.0004166666667 0.00025 0.0002083333333
500 0.0004166666667 0.00025 0.00025
501 0.0004166666667 0.00025 0.0002916666667
502 0.0004166666667 0.00025 0.0003333333333
503 0.0004166666667 0.00025 0.000375
504 0.0004166666667 0.00025 0.0004166666667
505 0.0004166666667 0.00025 0.0004583333333
506 0.0004166666667 0.00025 0.0005
507 0.0004166666667 0.00025 0.0005416666667
508 0.0004166666667 0.00025 0.0005833333333
509 0.0004166666667 0.00025 0.000625
510 0.0004166666667 0.00025 0.0006666666667
511 0.0004166666667 0.00025 0.0007083333333
512 0.0004166666667 0.00025 0.00075
513 0.0004166666667 0.00025 0.0007916666667
514 0.0004166666667 0.00025 0.0008333333333
515 0.0004166666667 0.00025 0.000875
516 0.0004166666667 0.00025 0.0009166666667
517 0.0004166666667 0.00025 0.0009583333333
518 0.0004166666667 0.00025 0.001
519 0.0004166666667 0.00025 0.001125
520 0.0004166666667 0.00025 0.00125
521 0.0004166666667 0.00025 0.001375
522 0.0004166666667 0.00025 0.0015
523 0.0005 0 0
524 0.0005 0 4.166666667e-05
525 0.0005 0 8.333333333e-05
526 0.0005 0 0.000125
527 0.0005 0 0.0001666666667
528 0.0005 0 0.0002083333333
529 0.0005 0 0.00025
530 0.0005 0 0.0002916666667
531 0.0005 0 0.0003333333333
532 0.0005 0 0.000375
533 0.0005 0 0.0004166666667
534 0.0005 0 0.0004583333333
535 0.0005 0 0.0005
536 0.0005 0 0.0005416666667
537 0.0005 0 0.0005833333333
538 0.0005 0 0.000625
539 0.0005 0 0.0006666666667
540 0.0005 0 0.0007083333333
541 0.0005 0 0.00075
542 0.0005 0 0.0007916666667
543 0.0005 0 0.0008333333333
544 0.0005 0 0.000875
545 0.0005 0 0.0009166666667
546 0.0005 0 0.0009583333333
547 0.0005 0 0.001
548 0.0005 0 0.001125
549 0.0005 0 0.00125
550 0.0005 0 0.001375
551 0.0005 0 0.0015
552 0.0005 0.000125 0
553 0.0005 0.000125 4.166666667e-05
554 0.0005 0.000125 8.333333333e-05
555 0.0005 0.000125 0.000125
556 0.0005 0.000125 0.0001666666667
557 0.0005 0.000125 0.0002083333333
558 0.0005 0.000125 0.00025
559 0.0005 0.000125 0.0002916666667
560 0.0005 0.000125 0.0003333333333
561 0.0005 0.000125 0.000375
562 0.0005 0.000125 0.0004166666667
563 0.0005 0.000125 0.0004583333333
564 0.0005 0.000125 0.0005
565 0.0005 0.000125 0.0005416666667
566 0.0005 0.000125 0.0005833333333
567 0.0005 0.000125 0.000625
568 0.0005 0.000125 0.0006666666667
569 0.0005 0.000125 0.0007083333333
570 0.0005 0.000125 0.00075
571 0.0005 0.000125 0.0007916666667
572 0.0005 0.000125 0.0008333333333
573 0.0005 0.000125 0.000875
574 0.0005 0.000125 0.0009166666667
575 0.0005 0.000125 0.0009583333333
576 0.0005 0.000125 0.001
577 0.0005 0.000125 0.001125
578 0.0005 0.000125 0.00125
579 0.0005 0.000125 0.001375
580 0.0005 0.000125 0.0015
581 0.0005 0.00025 0
582 0.0005 0.00025 4.166666667e-05
583 0.0005 0.00025 8.333333333e-05
584 0.0005 0.00025 0.000125
585 0.0005 0.00025 0.0001666666667
586 0.0005 0.00025 0.0002083333333
587 0.0005 0.00025 0.00025
588 0.0005 0.00025 0.0002916666667
589 0.0005 0.00025 0.0003333333333
590 0.0005 0.00025 0.000375
591 0.0005 0.00025 0.0004166666667
592 0.0005 0.00025 0.0004583333333
593 0.0005 0.00025 0.0005
594 0.0005 0.00025 0.0005416666667
595 0.0005 0.00025 0.0005833333333
596 0.0005 0.00025 0.000625
597 0.0005 0.00025 0.0006666666667
598 0.0005 0.00025 0.0007083333333
599 0.0005 0.00025 0.00075
600 0.0005 0.00025 0.0007916666667
601 0.0005 0.00025 0.0008333333333
602 0.0005 0.00025 0.000875
603 0.0005 0.00025 0.0009166666667
604 0.0005 0.00025 0.0009583333333
605 0.0005 0.00025 0.001
606 0.0005 0.00025 0.001125
607 0.0005 0.00025 0.00125
608 0.0005 0.00025 0.001375
609 0.0005 0.00025 0.0015
610 0.0005833333333 0 0
611 0.0005833333333 0 4.166666667e-05
612 0.0005833333333 0 8.333333333e-05
613 0.0005833333333 0 0.000125
614 0.0005833333333 0 0.0001666666667
615 0.0005833333333 0 0.0002083333333
616 0.0005833333333 0 0.00025
617 0.0005833333333 0 0.0002916666667
618 0.0005833333333 0 0.0003333333333
619 0.0005833333333 0 0.000375
620 0.0005833333333 0 0.0004166666667
621 0.0005833333333 0 0.0004583333333
622 0.0005833333333 0 0.0005
623 0.0005833333333 0 0.0005416666667
624 0.0005833333333 0 0.0005833333333
625 0.0005833333333 0 0.000625
626 0.0005833333333 0 0.0006666666667
627 0.0005833333333 0 0.0007083333333
628 0.0005833333333 0 0.00075
629 0.0005833333333 0 0.0007916666667
630 0.0005833333333 0 0.0008333333333
631 0.0005833333333 0 0.000875
632 0.0005833333333 0 0.0009166666667
633 0.0005833333333 0 0.0009583333333
634 0.0005833333333 0 0.001
635 0.0005833333333 0 0.001125
636 0.0005833333333 0 0.00125
637 0.0005833333333 0 0.001375
638 0.0005833333333 0 0.0015
639 0.0005833333333 0.000125 0
640 0.0005833333333 0.000125 4.166666667e-05
641 0.0005833333333 0.000125 8.333333333e-05
642 0.0005833333333 0.000125 0.000125
643 0.0005833333333 0.000125 0.0001666666667
644 0.0005833333333 0.000125 0.0002083333333
645 0.0005833333333 0.000125 0.00025
646 0.0005833333333 0.000125 0.0002916666667
647 0.0005833333333 0.000125 0.0003333333333
648 0.0005833333333 0.000125 0.000375
649 0.0005833333333 0.000125 0.0004166666667
650 0.0005833333333 0.000125 0.0004583333333
651 0.0005833333333 0.000125 0.0005
652 0.0005833333333 0.000125 0.0005416666667
653 0.0005833333333 0.000125 0.0005833333333
654 0.0005833333333 0.000125 0.000625
655 0.0005833333333 0.000125 0.0006666666667
656 0.0005833333333 0.000125 0.0007083333333
657 0.0005833333333 0.000125 0.00075
658 0.0005833333333 0.000125 0.0007916666667
659 0.0005833333333 0.000125 0.0008333333333
660 0.0005833333333 0.000125 0.000875
661 0.0005833333333 0.000125 0.0009166666667
662 0.0005833333333 0.000125 0.0009583333333
663 0.0005833333333 0.000125 0.001
664 0.0005833333333 0.000125 0.001125
665 0.0005833333333 0.000125 0.00125
666 0.0005833333333 0.000125 0.001375
667 0.0005833333333 0.000125 0.0015
668 0.0005833333333 0.00025 0
669 0.0005833333333 0.00025 4.166666667e-05
670 0.0005833333333 0.00025 8.333333333e-05
671 0.0005833333333 0.00025 0.000125
672 0.0005833333333 0.00025 0.0001666666667
673 0.0005833333333 0.00025 0.0002083333333
674 0.0005833333333 0.00025 0.00025
675 0.0005833333333 0.00025 0.0002916666667
676 0.0005833333333 0.00025 0.0003333333333
677 0.0005833333333 0.00025 0.000375
678 0.0005833333333 0.00025 0.0004166666667
679 0.0005833333333 0.00025 0.0004583333333
680 0.0005833333333 0.00025 0.0005
681 0.0005833333333 0.00025 0.0005416666667
682 0.0005833333333 0.00025 0.0005833333333
683 0.0005833333333 0.00025 0.000625
684 0.0005833333333 0.00025 0.0006666666667
685 0.0005833333333 0.00025 0.0007083333333
686 0.0005833333333 0.00025 0.00075
687 0.0005833333333 0.00025 0.0007916666667
688 0.0005833333333 0.00025 0.0008333333333
689 0.0005833333333 0.00025 0.000875
690 0.0005833333333 0.00025 0.0009166666667
691 0.0005833333333 0.00025 0.0009583333333
692 0.0005833333333 0.00025 0.001
693 0.0005833333333 0.00025 0.001125
694 0.0005833333333 0.00025 0.00125
695 0.0005833333333 0.00025 0.001375
696 0.0005833333333 0.00025 0.0015
697 0.0006666666667 0 0
698 0.0006666666667 0 4.166666667e-05
699 0.0006666666667 0 8.333333333e-05
700 0.0006666666667 0 0.000125
701 0.0006666666667 0 0.0001666666667
702 0.0006666666667 0 0.0002083333333
703 0.0006666666667 0 0.00025
704 0.0006666666667 0 0.0002916666667
705 0.0006666666667 0 0.0003333333333
706 0.0006666666667 0 0.000375
707 0.0006666666667 0 0.0004166666667
708 0.0006666666667 0 0.0004583333333
709 0.0006666666667 0 0.0005
710 0.0006666666667 0 0.0005416666667
711 0.0006666666667 0 0.0005833333333
712 0.0006666666667 0 0.000625
713 0.0006666666667 0 0.0006666666667
714 0.0006666666667 0 0.0007083333333
715 0.0006666666667 0 0.00075
716 0.0006666666667 0 0.0007916666667
717 0.0006666666667 0 0.0008333333333
718 0.0006666666667 0 0.000875
719 0.0006666666667 0 0.0009166666667
720 0.0006666666667 0 0.0009583333333
721 0.0006666666667 0 0.001
722 0.0006666666667 0 0.001125
723 0.0006666666667 0 0.00125
724 0.0006666666667 0 0.001375
725 0.0006666666667 0 0.0015
726 0.0006666666667 0.000125 0
727 0.0006666666667 0.000125 4.166666667e-05
728 0.0006666666667 0.000125 8.333333333e-05
729 0.0006666666667 0.000125 0.000125
730 0.0006666666667 0.000125 0.0001666666667
731 0.0006666666667 0.000125 0.0002083333333
732 0.0006666666667 0.000125 0.00025
733 0.0006666666667 0.000125 0.0002916666667
734 0.0006666666667 0.000125 0.0003333333333
735 0.0006666666667 0.000125 0.000375
736 0.0006666666667 0.000125 0.0004166666667
737 0.0006666666667 0.000125 0.0004583333333
738 0.0006666666667 0.000125 0.0005
739 0.0006666666667 0.000125 0.0005416666667
740 0.0006666666667 0.000125 0.0005833333333
741 0.0006666666667 0.000125 0.000625
742 0.0006666666667 0.000125 0.0006666666667
743 0.0006666666667 0.000125 0.0007083333333
744 0.0006666666667 0.000125 0.00075
745 0.0006666666667 0.000125 0.0007916666667
746 0.0006666666667 0.000125 0.0008333333333
747 0.0006666666667 0.000125 0.000875
748 0.0006666666667 0.000125 0.0009166666667
749 0.0006666666667 0.000125 0.0009583333333
750 0.0006666666667 0.000125 0.001
751 0.0006666666667 0.000125 0.001125
752 0.0006666666667 0.000125 0.00125
753 0.0006666666667 0.000125 0.001375
754 0.0006666666667 0.000125 0.0015
755 0.0006666666667 0.00025 0
756 0.0006666666667 0.00025 4.166666667e-05
757 0.0006666666667 0.00025 8.333333333e-05
758 0.0006666666667 0.00025 0.000125
759 0.0006666666667 0.00025 0.0001666666667
760 0.0006666666667 0.00025 0.0002083333333
761 0.0006666666667 0.00025 0.00025
762 0.0006666666667 0.00025 0.0002916666667
763 0.0006666666667 0.00025 0.0003333333333
764 0.0006666666667 0.00025 0.000375
765 0.0006666666667 0.00025 0.0004166666667
766 0.0006666666667 0.00025 0.0004583333333
767 0.0006666666667 0.00025 0.0005
768 0.0006666666667 0.00025 0.0005416666667
769 0.0006666666667 0.00025 0.0005833333333
770 0.0006666666667 0.00025 0.000625
771 0.0006666666667 0.00025 0.0006666666667
772 0.0006666666667 0.00025 0.0007083333333
773 0.0006666666667 0.00025 0.00075
774 0.0006666666667 0.00025 0.0007916666667
775 0.0006666666667 0.00025 0.0008333333333
776 0.0006666666667 0.00025 0.000875
777 0.0006666666667 0.00025 0.0009166666667
778 0.0006666666667 0.00025 0.0009583333333
779 0.0006666666667 0.00025 0.001
780 0.0006666666667 0.00025 0.001125
781 0.0006666666667 0.00025 0.00125
782 0.0006666666667 0.00025 0.001375
783 0.0006666666667 0.00025 0.0015
784 0.00075 0 0
785 0.00075 0 4.166666667e-05
786 0.00075 0 8.333333333e-05
787 0.00075 0 0.000125
788 0.00075 0 0.0001666666667
789 0.00075 0 0.0002083333333
790 0.00075 0 0.00025
791 0.00075 0 0.0002916666667
792 0.00075 0 0.0003333333333
793 0.00075 0 0.000375
794 0.00075 0 0.0004166666667
795 0.00075 0 0.0004583333333
796 0.00075 0 0.0005
797 0.00075 0 0.0005416666667
798 0.00075 0 0.0005833333333
799 0.00075 0 0.000625
800 0.00075 0 0.0006666666667
801 0.00075 0 0.0007083333333
802 0.00075 0 0.00075
803 0.00075 0 0.0007916666667
804 0.00075 0 0.0008333333333
805 0.00075 0 0.000875
806 0.00075 0 0.0009166666667
807 0.00075 0 0.0009583333333
808 0.00075 0 0.001
809 0.00075 0 0.001125
810 0.00075 0 0.00125
811 0.00075 0 0.001375
812 0.00075 0 0.0015
813 0.00075 0.000125 0
814 0.00075 0.000125 4.166666667e-05
815 0.00075 0.000125 8.333333333e-05
816 0.00075 0.000125 0.000125
817 0.00075 0.000125 0.0001666666667
818 0.00075 0.000125 0.0002083333333
819 0.00075 0.000125 0.00025
820 0.00075 0.000125 0.0002916666667
821 0.00075 0.000125 0.0003333333333
822 0.00075 0.000125 0.000375
823 0.00075 0.000125 0.0004166666667
824 0.00075 0.000125 0.0004583333333
825 0.00075 0.000125 0.0005
826 0.00075 0.000125 0.0005416666667
827 0.00075 0.000125 0.0005833333333
828 0.00075 0.000125 0.000625
829 0.00075 0.000125 0.0006666666667
830 0.00075 0.000125 0.0007083333333
831 0.00075 0.000125 0.00075
832 0.00075 0.000125 0.0007916666667
833 0.00075 0.000125 0.0008333333333
834 0.00075 0.000125 0.000875
835 0.00075 0.000125 0.0009166666667
836 0.00075 0.000125 0.0009583333333
837 0.00075 0.000125 0.001
838 0.00075 0.000125 0.001125
839 0.00075 0.000125 0.00125
840 0.00075 0.000125 0.001375
841 0.00075 0.000125 0.0015
842 0.00075 0.00025 0
843 0.00075 0.00025 4.166666667e-05
844 0.00075 0.00025 8.333333333e-05
845 0.00075 0.00025 0.000125
846 0.00075 0.00025 0.0001666666667
847 0.00075 0.00025 0.0002083333333
848 0.00075 0.00025 0.00025
849 0.00075 0.00025 0.0002916666667
850 0.00075 0.00025 0.0003333333333
851 0.00075 0.00025 0.000375
852 0.00075 0.00025 0.0004166666667
853 0.00075 0.00025 0.0004583333333
854 0.00075 0.00025 0.0005
855 0.00075 0.00025 0.0005416666667
856 0.00075 0.00025 0.0005833333333
857 0.00075 0.00025 0.000625
858 0.00075 0.00025 0.0006666666667
859 0.00075 0.00025 0.0007083333333
860 0.00075 0.00025 0.00075
861 0.00075 0.00025 0.0007916666667
862 0.00075 0.00025 0.0008333333333
863 0.00075 0.00025 0.000875
864 0.00075 0.00025 0.0009166666667
865 0.00075 0.00025 0.0009583333333
866 0.00075 0.00025 0.001
867 0.00075 0.00025 0.001125
868 0.00075 0.00025 0.00125
869 0.00075 0.00025 0.001375
870 0.00075 0.00025 0.0015
871 0.0008333333333 0 0
872 0.0008333333333 0 4.166666667e-05
873 0.0008333333333 0 8.333333333e-05
874 0.0008333333333 0 0.000125
875 0.0008333333333 0 0.0001666666667
876 0.0008333333333 0 0.0002083333333
877 0.0008333333333 0 0.00025
878 0.0008333333333 0 0.0002916666667
879 0.0008333333333 0 0.0003333333333
880 0.0008333333333 0 0.000375
881 0.0008333333333 0 0.0004166666667
882 0.0008333333333 0 0.0004583333333
883 0.0008333333333 0 0.0005
884 0.0008333333333 0 0.0005416666667
885 0.0008333333333 0 0.0005833333333
886 0.0008333333333 0 0.000625
887 0.0008333333333 0 0.0006666666667
888 0.0008333333333 0 0.0007083333333
889 0.0008333333333 0 0.00075
890 0.0008333333333 0 0.0007916666667
891 0.0008333333333 0 0.0008333333333
892 0.0008333333333 0 0.000875
893 0.0008333333333 0 0.0009166666667
894 0.0008333333333 0 0.0009583333333
895 0.0008333333333 0 0.001
896 0.0008333333333 0 0.001125
897 0.0008333333333 0 0.00125
898 0.0008333333333 0 0.001375
899 0.0008333333333 0 0.0015
900 0.0008333333333 0.000125 0
901 0.0008333333333 0.000125 4.166666667e-05
902 0.0008333333333 0.000125 8.333333333e-05
903 0.0008333333333 0.000125 0.000125
904 0.0008333333333 0.000125 0.0001666666667
905 0.0008333333333 0.000125 0.0002083333333
906 0.0008333333333 0.000125 0.00025
907 0.0008333333333 0.000125 0.0002916666667
908 0.0008333333333 0.000125 0.0003333333333
909 0.0008333333333 0.000125 0.000375
910 0.0008333333333 0.000125 0.0004166666667
911 0.0008333333333 0.000125 0.0004583333333
912 0.0008333333333 0.000125 0.0005
913 0.0008333333333 0.000125 0.0005416666667
914 0.0008333333333 0.000125 0.0005833333333
915 0.0008333333333 0.000125 0.000625
916 0.0008333333333 0.000125 0.0006666666667
917 0.0008333333333 0.000125 0.0007083333333
918 0.0008333333333 0.000125 0.00075
919 0.0008333333333 0.000125 0.0007916666667
920 0.0008333333333 0.000125 0.0008333333333
921 0.0008333333333 0.000125 0.000875
922 0.0008333333333 0.000125 0.0009166666667
923 0.0008333333333 0.000125 0.0009583333333
924 0.0008333333333 0.000125 0.001
925 0.0008333333333 0.000125 0.001125
926 0.0008333333333 0.000125 0.00125
927 0.0008333333333 0.000125 0.001375
928 0.0008333333333 0.000125 0.0015
929 0.0008333333333 0.00025 0
930 0.0008333333333 0.00025 4.166666667e-05
931 0.0008333333333 0.00025 8.333333333e-05
932 0.0008333333333 0.00025 0.000125
933 0.0008333333333 0.00025 0.0001666666667
934 0.0008333333333 0.00025 0.0002083333333
935 0.0008333333333 0.00025 0.00025
936 0.0008333333333 0.00025 0.0002916666667
937 0.0008333333333 0.00025 0.0003333333333
938 0.0008333333333 0.00025 0.000375
939 0.0008333333333 0.00025 0.0004166666667
940 0.0008333333333 0.00025 0.0004583333333
941 0.0008333333333 0.00025 0.0005
942 0.0008333333333 0.00025 0.0005416666667
943 0.0008333333333 0.00025 0.0005833333333
944 0.0008333333333 0.00025 0.000625
945 0.0008333333333 0.00025 0.0006666666667
946 0.0008333333333 0.00025 0.0007083333333
947 0.0008333333333 0.00025 0.00075
948 0.0008333333333 0.00025 0.0007916666667
949 0.0008333333333 0.00025 0.0008333333333
950 0.0008333333333 0.00025 0.000875
951 0.0008333333333 0.00025 0.0009166666667
952 0.0008333333333 0.00025 0.0009583333333
953 0.0008333333333 0.00025 0.001
954 0.0008333333333 0.00025 0.001125
955 0.0008333333333 0.00025 0.00125
956 0.0008333333333 0.00025 0.001375
957 0.0008333333333 0.00025 0.0015
958 0.0009166666667 0 0
959 0.0009166666667 0 4.166666667e-05
960 0.0009166666667 0 8.333333333e-05
961 0.0009166666667 0 0.000125
962 0.0009166666667 0 0.0001666666667
963 0.0009166666667 0 0.0002083333333
964 0.0009166666667 0 0.00025
965 0.0009166666667 0 0.0002916666667
966 0.0009166666667 0 0.0003333333333
967 0.0009166666667 0 0.000375
968 0.0009166666667 0 0.0004166666667
969 0.0009166666667 0 0.0004583333333
970 0.0009166666667 0 0.0005
971 0.0009166666667 0 0.0005416666667
972 0.0009166666667 0 0.0005833333333
973 0.0009166666667 0 0.000625
974 0.0009166666667 0 0.0006666666667
975 0.0009166666667 0 0.0007083333333
976 0.0009166666667 0 0.00075
977 0.0009166666667 0 0.0007916666667
978 0.0009166666667 0 0.0008333333333
979 0.0009166666667 0 0.000875
980 0.0009166666667 0 0.0009166666667
981 0.0009166666667 0 0.0009583333333
982 0.0009166666667 0 0.001
983 0.0009166666667 0 0.001125
984 0.0009166666667 0 0.00125
985 0.0009166666667 0 0.001375
986 0.0009166666667 0 0.0015
987 0.0009166666667 0.000125 0
988 0.0009166666667 0.000125 4.166666667e-05
989 0.0009166666667 0.000125 8.333333333e-05
990 0.0009166666667 0.000125 0.000125
991 0.0009166666667 0.000125 0.0001666666667
992 0.0009166666667 0.000125 0.0002083333333
993 0.0009166666667 0.000125 0.00025
994 0.0009166666667 0.000125 0.0002916666667
995 0.0009166666667 0.000125 0.0003333333333
996 0.0009166666667 0.000125 0.000375
997 0.0009166666667 0.000125 0.0004166666667
998 0.0009166666667 0.000125 0.0004583333333
999 0.0009166666667 0.000125 0.0005
1000 0.0009166666667 0.000125 0.0005416666667
1001 0.0009166666667 0.000125 0.0005833333333
1002 0.0009166666667 0.000125 0.000625
1003 0.0009166666667 0.000125 0.0006666666667
1004 0.0009166666667 0.000125 0.0007083333333
1005 0.0009166666667 0.000125 0.00075
1006 0.0009166666667 0.000125 0.0007916666667
1007 0.0009166666667 0.000125 0.0008333333333
1008 0.0009166666667 0.000125 0.000875
1009 0.0009166666667 0.000125 0.0009166666667
1010 0.0009166666667 0.000125 0.0009583333333
1011 0.0009166666667 0.000125 0.001
1012 0.0009166666667 0.000125 0.001125
1013 0.0009166666667 0.000125 0.00125
1014 0.0009166666667 0.000125 0.001375
1015 0.0009166666667 0.000125 0.0015
1016 0.0009166666667 0.00025 0
1017 0.0009166666667 0.00025 4.166666667e-05
1018 0.0009166666667 0.00025 8.333333333e-05
1019 0.0009166666667 0.00025 0.000125
1020 0.0009166666667 0.00025 0.0001666666667
1021 0.0009166666667 0.00025 0.0002083333333
1022 0.0009166666667 0.00025 0.00025
1023 0.0009166666667 0.00025 0.0002916666667
1024 0.0009166666667 0.00025 0.0003333333333
1025 0.0009166666667 0.00025 0.000375
1026 0.0009166666667 0.00025 0.0004166666667
1027 0.0009166666667 0.00025 0.0004583333333
1028 0.0009166666667 0.00025 0.0005
1029 0.0009166666667 0.00025 0.0005416666667
1030 0.0009166666667 0.00025 0.0005833333333
1031 0.0009166666667 0.00025 0.000625
1032 0.0009166666667 0.00025 0.0006666666667
1033 0.0009166666667 0.00025 0.0007083333333
1034 0.0009166666667 0.00025 0.00075
1035 0.0009166666667 0.00025 0.0007916666667
1036 0.0009166666667 0.00025 0.0008333333333
1037 0.0009166666667 0.00025 0.000875
1038 0.0009166666667 0.00025 0.0009166666667
1039 0.0009166666667 0.00025 0.0009583333333
1040 0.0009166666667 0.00025 0.001
1041 0.0009166666667 0.00025 0.001125
1042 0.0009166666667 0.00025 0.00125
1043 0.0009166666667 0.00025 0.001375
1044 0.0009166666667 0.00025 0.0015
1045 0.001 0 0
1046 0.001 0 4.166666667e-05
1047 0.001 0 8.333333333e-05
1048 0.001 0 0.000125
1049 0.001 0 0.0001666666667
1050 0.001 0 0.0002083333333
1051 0.001 0 0.00025
1052 0.001 0 0.0002916666667
1053 0.001 0 0.0003333333333
1054 0.001 0 0.000375
1055 0.001 0 0.0004166666667
1056 0.001 0 0.0004583333333
1057 0.001 0 0.0005
1058 0.001 0 0.0005416666667
1059 0.001 0 0.0005833333333
1060 0.001 0 0.000625
1061 0.001 0 0.0006666666667
1062 0.001 0 0.0007083333333
1063 0.001 0 0.00075
1064 0.001 0 0.0007916666667
1065 0.001 0 0.0008333333333
1066 0.001 0 0.000875
1067 0.001 0 0.0009166666667
1068 0.001 0 0.0009583333333
1069 0.001 0 0.001
1070 0.001 0 0.001125
1071 0.001 0 0.00125
1072 0.001 0 0.001375
1073 0.001 0 0.0015
1074 0.001 0.000125 0
1075 0.001 0.000125 4.166666667e-05
1076 0.001 0.000125 8.333333333e-05
1077 0.001 0.000125 0.000125
1078 0.001 0.000125 0.0001666666667
1079 0.001 0.000125 0.0002083333333
1080 0.001 0.000125 0.00025
1081 0.001 0.000125 0.0002916666667
1082 0.001 0.000125 0.0003333333333
1083 0.001 0.000125 0.000375
1084 0.001 0.000125 0.0004166666667
1085 0.001 0.000125 0.0004583333333
1086 0.001 0.000125 0.0005
1087 0.001 0.000125 0.0005416666667
1088 0.001 0.000125 0.0005833333333
1089 0.001 0.000125 0.000625
1090 0.001 0.000125 0.0006666666667
1091 0.001 0.000125 0.0007083333333
1092 0.001 0.000125 0.00075
1093 0.001 0.000125 0.0007916666667
1094 0.001 0.000125 0.0008333333333
1095 0.001 0.000125 0.000875
1096 0.001 0.000125 0.0009166666667
1097 0.001 0.000125 0.0009583333333
1098 0.001 0.000125 0.001
1099 0.001 0.000125 0.001125
1100 0.001 0.000125 0.00125
1101 0.001 0.000125 0.001375
1102 0.001 0.000125 0.0015
1103 0.001 0.00025 0
1104 0.001 0.00025 4.166666667e-05
1105 0.001 0.00025 8.333333333e-05
1106 0.001 0.00025 0.000125
1107 0.001 0.00025 0.0001666666667
1108 0.001 0.00025 0.0002083333333
1109 0.001 0.00025 0.00025
1110 0.001 0.00025 0.0002916666667
1111 0.001 0.00025 0.0003333333333
1112 0.001 0.00025 0.000375
1113 0.001 0.00025 0.0004166666667
1114 0.001 0.00025 0.0004583333333
1115 0.001 0.00025 0.0005
1116 0.001 0.00025 0.0005416666667
1117 0.001 0.00025 0.0005833333333
1118 0.001 0.00025 0.000625
1119 0.001 0.00025 0.0006666666667
1120 0.001 0.00025 0.0007083333333
1121 0.001 0.00025 0.00075
1122 0.001 0.00025 0.0007916666667
1123 0.001 0.00025 0.0008333333333
1124 0.001 0.00025 0.000875
1125 0.001 0.00025 0.0009166666667
1126 0.001 0.00025 0.0009583333333
1127 0.001 0.00025 0.001
1128 0.001 0.00025 0.001125
1129 0.001 0.00025 0.00125
1130 0.001 0.00025 0.001375
1131 0.001 0.00025 0.0015
1132 0.001083333333 0 0
1133 0.001083333333 0 4.166666667e-05
1134 0.001083333333 0 8.333333333e-05
1135 0.001083333333 0 0.000125
1136 0.001083333333 0 0.0001666666667
1137 0.001083333333 0 0.0002083333333
1138 0.001083333333 0 0.00025
1139 0.001083333333 0 0.0002916666667
1140 0.001083333333 0 0.0003333333333
1141 0.001083333333 0 0.000375
1142 0.001083333333 0 0.0004166666667
1143 0.001083333333 0 0.0004583333333
1144 0.001083333333 0 0.0005
1145 0.001083333333 0 0.0005416666667
1146 0.001083333333 0 0.0005833333333
1147 0.001083333333 0 0.000625
1148 0.001083333333 0 0.0006666666667
1149 0.001083333333 0 0.0007083333333
1150 0.001083333333 0 0.00075
1151 0.001083333333 0 0.0007916666667
1152 0.001083333333 0 0.0008333333333
1153 0.001083333333 0 0.000875
1154 0.001083333333 0 0.0009166666667
1155 0.001083333333 0 0.0009583333333
1156 0.001083333333 0 0.001
1157 0.001083333333 0 0.001125
1158 0.001083333333 0 0.00125
1159 0.001083333333 0 0.001375
1160 0.001083333333 0 0.0015
1161 0.001083333333 0.000125 0
1162 0.001083333333 0.000125 4.166666667e-05
1163 0.001083333333 0.000125 8.333333333e-05
1164 0.001083333333 0.000125 0.000125
1165 0.001083333333 0.000125 0.0001666666667
1166 0.001083333333 0.000125 0.0002083333333
1167 0.001083333333 0.000125 0.00025
1168 0.001083333333 0.000125 0.0002916666667
1169 0.001083333333 0.000125 0.0003333333333
1170 0.001083333333 0.000125 0.000375
1171 0.001083333333 0.000125 0.0004166666667
1172 0.001083333333 0.000125 0.0004583333333
1173 0.001083333333 0.000125 0.0005
1174 0.001083333333 0.000125 0.0005416666667
1175 0.001083333333 0.000125 0.0005833333333
1176 0.001083333333 0.000125 0.000625
1177 0.001083333333 0.000125 0.0006666666667
1178 0.001083333333 0.000125 0.0007083333333
1179 0.001083333333 0.000125 0.00075
1180 0.001083333333 0.000125 0.0007916666667
1181 0.001083333333 0.000125 0.0008333333333
1182 0.001083333333 0.000125 0.000875
1183 0.001083333333 0.000125 0.0009166666667
1184 0.001083333333 0.000125 0.0009583333333
1185 0.001083333333 0.000125 0.001
1186 0.001083333333 0.000125 0.001125
1187 0.001083333333 0.000125 0.00125
1188 0.001083333333 0.000125 0.001375
1189 0.001083333333 0.000125 0.0015
1190 0.001083333333 0.00025 0
1191 0.001083333333 0.00025 4.166666667e-05
1192 0.001083333333 0.00025 8.333333333e-05
1193 0.001083333333 0.00025 0.000125
1194 0.001083333333 0.00025 0.0001666666667
1195 0.001083333333 0.00025 0.0002083333333
1196 0.001083333333 0.00025 0.00025
1197 0.001083333333 0.00025 0.0002916666667
1198 0.001083333333 0.00025 0.0003333333333
1199 0.001083333333 0.00025 0.000375
1200 0.001083333333 0.00025 0.0004166666667
1201 0.001083333333 0.00025 0.0004583333333
1202 0.001083333333 0.00025 0.0005
1203 0.001083333333 0.00025 0.0005416666667
1204 0.001083333333 0.00025 0.0005833333333
1205 0.001083333333 0.00025 0.000625
1206 0.001083333333 0.00025 0.0006666666667
1207 0.001083333333 0.00025 0.0007083333333
1208 0.001083333333 0.00025 0.00075
1209 0.001083333333 0.00025 0.0007916666667
1210 0.001083333333 0.00025 0.0008333333333
1211 0.001083333333 0.00025 0.000875
1212 0.001083333333 0.00025 0.0009166666667
1213 0.001083333333 0.00025 0.0009583333333
1214 0.001083333333 0.00025 0.001
1215 0.001083333333 0.00025 0.001125
1216 0.001083333333 0.00025 0.00125
1217 0.001083333333 0.00025 0.001375
1218 0.001083333333 0.00025 0.0015
1219 0.001166666667 0 0
1220 0.001166666667 0 4.166666667e-05
1221 0.001166666667 0 8.333333333e-05
1222 0.001166666667 0 0.000125
1223 0.001166666667 0 0.0001666666667
1224 0.001166666667 0 0.0002083333333
1225 0.001166666667 0 0.00025
1226 0.001166666667 0 0.0002916666667
1227 0.001166666667 0 0.0003333333333
1228 0.001166666667 0 0.000375
1229 0.001166666667 0 0.0004166666667
1230 0.001166666667 0 0.0004583333333
1231 0.001166666667 0 0.0005
1232 0.001166666667 0 0.0005416666667
1233 0.001166666667 0 0.0005833333333
1234 0.001166666667 0 0.000625
1235 0.001166666667 0 0.0006666666667
1236 0.001166666667 0 0.0007083333333
1237 0.001166666667 0 0.00075
1238 0.001166666667 0 0.0007916666667
1239 0.001166666667 0 0.0008333333333
1240 0.001166666667 0 0.000875
1241 0.001166666667 0 0.0009166666667
1242 0.001166666667 0 0.0009583333333
1243 0.001166666667 0 0.001
1244 0.001166666667 0 0.001125
1245 0.001166666667 0 0.00125
1246 0.001166666667 0 0.001375
1247 0.001166666667 0 0.0015
1248 0.001166666667 0.000125 0
1249 0.001166666667 0.000125 4.166666667e-05
1250 0.001166666667 0.000125 8.333333333e-05
1251 0.001166666667 0.000125 0.000125
1252 0.001166666667 0.000125 0.0001666666667
1253 0.001166666667 0.000125 0.0002083333333
1254 0.001166666667 0.000125 0.00025
1255 0.001166666667 0.000125 0.0002916666667
1256 0.001166666667 0.000125 0.0003333333333
1257 0.001166666667 0.000125 0.000375
1258 0.001166666667 0.000125 0.0004166666667
1259 0.001166666667 0.000125 0.0004583333333
1260 0.001166666667 0.000125 0.0005
1261 0.001166666667 0.000125 0.0005416666667
1262 0.001166666667 0.000125 0.0005833333333
1263 0.001166666667 0.000125 0.000625
1264 0.001166666667 0.000125 0.0006666666667
1265 0.001166666667 0.000125 0.0007083333333
1266 0.001166666667 0.000125 0.00075
1267 0.001166666667 0.000125 0.0007916666667
1268 0.001166666667 0.000125 0.0008333333333
1269 0.001166666667 0.000125 0.000875
1270 0.001166666667 0.000125 0.0009166666667
1271 0.001166666667 0.000125 0.0009583333333
1272 0.001166666667 0.000125 0.001
1273 0.001166666667 0.000125 0.001125
1274 0.001166666667 0.000125 0.00125
1275 0.001166666667 0.000125 0.001375
1276 0.001166666667 0.000125 0.0015
1277 0.001166666667 0.00025 0
1278 0.001166666667 0.00025 4.166666667e-05
1279 0.001166666667 0.00025 8.333333333e-05
1280 0.001166666667 0.00025 0.000125
1281 0.001166666667 0.00025 0.0001666666667
1282 0.001166666667 0.00025 0.0002083333333
1283 0.001166666667 0.00025 0.00025
1284 0.001166666667 0.00025 0.0002916666667
1285 0.001166666667 0.00025 0.0003333333333
1286 0.001166666667 0.00025 0.000375
1287 0.001166666667 0.00025 0.0004166666667
1288 0.001166666667 0.00025 0.0004583333333
1289 0.001166666667 0.00025 0.0005
1290 0.001166666667 0.00025 0.0005416666667
1291 0.001166666667 0.00025 0.0005833333333
1292 0.001166666667 0.00025 0.000625
1293 0.001166666667 0.00025 0.0006666666667
1294 0.001166666667 0.00025 0.0007083333333
1295 0.001166666667 0.00025 0.00075
1296 0.001166666667 0.00025 0.0007916666667
1297 0.001166666667 0.00025 0.0008333333333
1298 0.001166666667 0.00025 0.000875
1299 0.001166666667 0.00025 0.0009166666667
1300 0.001166666667 0.00025 0.0009583333333
1301 0.001166666667 0.00025 0.001
1302 0.001166666667 0.00025 0.001125
1303 0.001166666667 0.00025 0.00125
1304 0.001166666667 0.00025 0.001375
1305 0.001166666667 0.00025 0.0015
1306 0.00125 0 0
1307 0.00125 0 4.166666667e-05
1308 0.00125 0 8.333333333e-05
1309 0.00125 0 0.000125
1310 0.00125 0 0.0001666666667
1311 0.00125 0 0.0002083333333
1312 0.00125 0 0.00025
1313 0.00125 0 0.0002916666667
1314 0.00125 0 0.0003333333333
1315 0.00125 0 0.000375
1316 0.00125 0 0.0004166666667
1317 0.00125 0 0.0004583333333
1318 0.00125 0 0.0005
1319 0.00125 0 0.0005416666667
1320 0.00125 0 0.0005833333333
1321 0.00125 0 0.000625
1322 0.00125 0 0.0006666666667
1323 0.00125 0 0.0007083333333
1324 0.00125 0 0.00075
1325 0.00125 0 0.0007916666667
1326 0.00125 0 0.0008333333333
1327 0.00125 0 0.000875
1328 0.00125 0 0.0009166666667
1329 0.00125 0 0.0009583333333
1330 0.00125 0 0.001
1331 0.00125 0 0.001125
1332 0.00125 0 0.00125
1333 0.00125 0 0.001375
1334 0.00125 0 0.0015
1335 0.00125 0.000125 0
1336 0.00125 0.000125 4.166666667e-05
1337 0.00125 0.000125 8.333333333e-05
1338 0.00125 0.000125 0.000125
1339 0.00125 0.000125 0.0001666666667
1340 0.00125 0.000125 0.0002083333333
1341 0.00125 0.000125 0.00025
1342 0.00125 0.000125 0.0002916666667
1343 0.00125 0.000125 0.0003333333333
1344 0.00125 0.000125 0.000375
1345 0.00125 0.000125 0.0004166666667
1346 0.00125 0.000125 0.0004583333333
1347 0.00125 0.000125 0.0005
1348 0.00125 0.000125 0.0005416666667
1349 0.00125 0.000125 0.0005833333333
1350 0.00125 0.000125 0.000625
1351 0.00125 0.000125 0.0006666666667
1352 0.00125 0.000125 0.0007083333333
1353 0.00125 0.000125 0.00075
1354 0.00125 0.000125 0.0007916666667
1355 0.00125 0.000125 0.0008333333333
1356 0.00125 0.000125 0.000875
1357 0.00125 0.000125 0.0009166666667
1358 0.00125 0.000125 0.0009583333333
1359 0.00125 0.000125 0.001
1360 0.00125 0.000125 0.001125
1361 0.00125 0.000125 0.00125
1362 0.00125 0.000125 0.001375
1363 0.00125 0.000125 0.0015
1364 0.00125 0.00025 0
1365 0.00125 0.00025 4.166666667e-05
1366 0.00125 0.00025 8.333333333e-05
1367 0.00125 0.00025 0.000125
1368 0.00125 0.00025 0.0001666666667
1369 0.00125 0.00025 0.0002083333333
1370 0.00125 0.00025 0.00025
1371 0.00125 0.00025 0.0002916666667
1372 0.00125 0.00025 0.0003333333333
1373 0.00125 0.00025 0.000375
1374 0.00125 0.00025 0.0004166666667
1375 0.00125 0.00025 0.0004583333333
1376 0.00125 0.00025 0.0005
1377 0.00125 0.00025 0.0005416666667
1378 0.00125 0.00025 0.0005833333333
1379 0.00125 0.00025 0.000625
1380 0.00125 0.00025 0.0006666666667
1381 0.00125 0.00025 0.0007083333333
1382 0.00125 0.00025 0.00075
1383 0.00125 0.00025 0.0007916666667
1384 0.00125 0.00025 0.0008333333333
1385 0.00125 0.00025 0.000875
1386 0.00125 0.00025 0.0009166666667
1387 0.00125 0.00025 0.0009583333333
1388 0.00125 0.00025 0.001
1389 0.00125 0.00025 0.001125
1390 0.00125 0.00025 0.00125
1391 0.00125 0.00025 0.001375
1392 0.00125 0.00025 0.0015
1393 0.001333333333 0 0
1394 0.001333333333 0 4.166666667e-05
1395 0.001333333333 0 8.333333333e-05
1396 0.001333333333 0 0.000125
1397 0.001333333333 0 0.0001666666667
1398 0.001333333333 0 0.0002083333333
1399 0.001333333333 0 0.00025
1400 0.001333333333 0 0.0002916666667
1401 0.001333333333 0 0.0003333333333
1402 0.001333333333 0 0.000375
1403 0.001333333333 0 0.0004166666667
1404 0.001333333333 0 0.0004583333333
1405 0.001333333333 0 0.0005
1406 0.001333333333 0 0.0005416666667
1407 0.001333333333 0 0.0005833333333
1408 0.001333333333 0 0.000625
1409 0.001333333333 0 0.0006666666667
1410 0.001333333333 0 0.0007083333333
1411 0.001333333333 0 0.00075
1412 0.001333333333 0 0.0007916666667
1413 0.001333333333 0 0.0008333333333
1414 0.001333333333 0 0.000875
1415 0.001333333333 0 0.0009166666667
1416 0.001333333333 0 0.0009583333333
1417 0.001333333333 0 0.001
1418 0.001333333333 0 0.001125
1419 0.001333333333 0 0.00125
1420 0.001333333333 0 0.001375
1421 0.001333333333 0 0.0015
1422 0.001333333333 0.000125 0
1423 0.001333333333 0.000125 4.166666667e-05
1424 0.001333333333 0.000125 8.333333333e-05
1425 0.001333333333 0.000125 0.000125
1426 0.001333333333 0.000125 0.0001666666667
1427 0.001333333333 0.000125 0.0002083333333
1428 0.001333333333 0.000125 0.00025
1429 0.001333333333 0.000125 0.0002916666667
1430 0.001333333333 0.000125 0.0003333333333
1431 0.001333333333 0.000125 0.000375
1432 0.001333333333 0.000125 0.0004166666667
1433 0.001333333333 0.000125 0.0004583333333
1434 0.001333333333 0.000125 0.0005
1435 0.001333333333 0.000125 0.0005416666667
1436 0.001333333333 0.000125 0.0005833333333
1437 0.001333333333 0.000125 0.000625
1438 0.001333333333 0.000125 0.0006666666667
1439 0.001333333333 0.000125 0.0007083333333
1440 0.001333333333 0.000125 0.00075
1441 0.001333333333 0.000125 0.0007916666667
1442 0.001333333333 0.000125 0.0008333333333
1443 0.001333333333 0.000125 0.000875
1444 0.001333333333 0.000125 0.0009166666667
1445 0.001333333333 0.000125 0.0009583333333
1446 0.001333333333 0.000125 0.001
1447 0.001333333333 0.000125 0.001125
1448 0.001333333333 0.000125 0.00125
1449 0.001333333333 0.000125 0.001375
1450 0.001333333333 0.000125 0.0015
1451 0.001333333333 0.00025 0
1452 0.001333333333 0.00025 4.166666667e-05
1453 0.001333333333 0.00025 8.333333333e-05
1454 0.001333333333 0.00025 0.000125
1455 0.001333333333 0.00025 0.0001666666667
1456 0.001333333333 0.00025 0.0002083333333
1457 0.001333333333 0.00025 0.00025
1458 0.001333333333 0.00025 0.0002916666667
1459 0.001333333333 0.00025 0.0003333333333
1460 0.001333333333 0.00025 0.000375
1461 0.001333333333 0.00025 0.0004166666667
1462 0.001333333333 0.00025 0.0004583333333
1463 0.001333333333 0.00025 0.0005
1464 0.001333333333 0.00025 0.0005416666667
1465 0.001333333333 0.00025 0.0005833333333
1466 0.001333333333 0.00025 0.000625
1467 0.001333333333 0.00025 0.0006666666667
1468 0.001333333333 0.00025 0.0007083333333
1469 0.001333333333 0.00025 0.00075
1470 0.001333333333 0.00025 0.0007916666667
1471 0.001333333333 0.00025 0.0008333333333
1472 0.001333333333 0.00025 0.000875
1473 0.001333333333 0.00025 0.0009166666667
1474 0.001333333333 0.00025 0.0009583333333
1475 0.001333333333 0.00025 0.001
1476 0.001333333333 0.00025 0.001125
1477 0.001333333333 0.00025 0.00125
1478 0.001333333333 0.00025 0.001375
1479 0.001333333333 0.00025 0.0015
1480 0.001416666667 0 0
1481 0.001416666667 0 4.166666667e-05
1482 0.001416666667 0 8.333333333e-05
1483 0.001416666667 0 0.000125
1484 0.001416666667 0 0.0001666666667
1485 0.001416666667 0 0.0002083333333
1486 0.001416666667 0 0.00025
1487 0.001416666667 0 0.0002916666667
1488 0.001416666667 0 0.0003333333333
1489 0.001416666667 0 0.000375
1490 0.001416666667 0 0.0004166666667
1491 0.001416666667 0 0.0004583333333
1492 0.001416666667 0 0.0005
1493 0.001416666667 0 0.0005416666667
1494 0.001416666667 0 0.0005833333333
1495 0.001416666667 0 0.000625
1496 0.001416666667 0 0.0006666666667
1497 0.001416666667 0 0.0007083333333
1498 0.001416666667 0 0.00075
1499 0.001416666667 0 0.0007916666667
1500 0.001416666667 0 0.0008333333333
1501 0.001416666667 0 0.000875
1502 0.001416666667 0 0.0009166666667
1503 0.001416666667 0 0.0009583333333
1504 0.001416666667 0 0.001
1505 0.001416666667 0 0.001125
1506 0.001416666667 0 0.00125
1507 0.001416666667 0 0.001375
1508 0.001416666667 0 0.0015
1509 0.001416666667 0.000125 0
1510 0.001416666667 0.000125 4.166666667e-05
1511 0.001416666667 0.000125 8.333333333e-05
1512 0.001416666667 0.000125 0.000125
1513 0.001416666667 0.000125 0.0001666666667
1514 0.001416666667 0.000125 0.0002083333333
1515 0.001416666667 0.000125 0.00025
1516 0.001416666667 0.000125 0.0002916666667
1517 0.001416666667 0.000125 0.0003333333333
1518 0.001416666667 0.000125 0.000375
1519 0.001416666667 0.000125 0.0004166666667
1520 0.001416666667 0.000125 0.0004583333333
1521 0.001416666667 0.000125 0.0005
1522 0.001416666667 0.000125 0.0005416666667
1523 0.001416666667 0.000125 0.0005833333333
1524 0.001416666667 0.000125 0.000625
1525 0.001416666667 0.000125 0.0006666666667
1526 0.001416666667 0.000125 0.0007083333333
1527 0.001416666667 0.000125 0.00075
1528 0.001416666667 0.000125 0.0007916666667
1529 0.001416666667 0.000125 0.0008333333333
1530 0.001416666667 0.000125 0.000875
1531 0.001416666667 0.000125 0.0009166666667
1532 0.001416666667 0.000125 0.0009583333333
1533 0.001416666667 0.000125 0.001
1534 0.001416666667 0.000125 0.001125
1535 0.001416666667 0.000125 0.00125
1536 0.001416666667 0.000125 0.001375
1537 0.001416666667 0.000125 0.0015
1538 0.001416666667 0.00025 0
1539 0.001416666667 0.00025 4.166666667e-05
1540 0.001416666667 0.00025 8.333333333e-05
1541 0.001416666667 0.00025 0.000125
1542 0.001416666667 0.00025 0.0001666666667
1543 0.001416666667 0.00025 0.0002083333333
1544 0.001416666667 0.00025 0.00025
1545 0.001416666667 0.00025 0.0002916666667
1546 0.001416666667 0.00025 0.0003333333333
1547 0.001416666667 0.00025 0.000375
1548 0.001416666667 0.00025 0.0004166666667
1549 0.001416666667 0.00025 0.0004583333333
1550 0.001416666667 0.00025 0.0005
1551 0.001416666667 0.00025 0.0005416666667
1552 0.001416666667 0.00025 0.0005833333333
1553 0.001416666667 0.00025 0.000625
1554 0.001416666667 0.00025 0.0006666666667
1555 0.001416666667 0.00025 0.0007083333333
1556 0.001416666667 0.00025 0.00075
1557 0.001416666667 0.00025 0.0007916666667
1558 0.001416666667 0.00025 0.0008333333333
1559 0.001416666667 0.00025 0.000875
1560 0.001416666667 0.00025 0.0009166666667
1561 0.001416666667 0.00025 0.0009583333333
1562 0.001416666667 0.00025 0.001
1563 0.001416666667 0.00025 0.001125
1564 0.001416666667 0.00025 0.00125
1565 0.001416666667 0.00025 0.001375
1566 0.001416666667 0.00025 0.0015
1567 0.0015 0 0
1568 0.0015 0 4.166666667e-05
1569 0.0015 0 8.333333333e-05
1570 0.0015 0 0.000125
1571 0.0015 0 0.0001666666667
1572 0.0015 0 0.0002083333333
1573 0.0015 0 0.00025
1574 0.0015 0 0.0002916666667
1575 0.0015 0 0.0003333333333
1576 0.0015 0 0.000375
1577 0.0015 0 0.0004166666667
1578 0.0015 0 0.0004583333333
1579 0.0015 0 0.0005
1580 0.0015 0 0.0005416666667
1581 0.0015 0 0.0005833333333
1582 0.0015 0 0.000625
1583 0.0015 0 0.0006666666667
1584 0.0015 0 0.0007083333333
1585 0.0015 0 0.00075
1586 0.0015 0 0.0007916666667
1587 0.0015 0 0.0008333333333
1588 0.0015 0 0.000875
1589 0.0015 0 0.0009166666667
1590 0.0015 0 0.0009583333333
1591 0.0015 0 0.001
1592 0.0015 0 0.001125
1593 0.0015 0 0.00125
1594 0.0015 0 0.001375
1595 0.0015 0 0.0015
1596 0.0015 0.000125 0
1597 0.0015 0.000125 4.166666667e-05
1598 0.0015 0.000125 8.333333333e-05
1599 0.0015 0.000125 0.000125
1600 0.0015 0.000125 0.0001666666667
1601 0.0015 0.000125 0.0002083333333
1602 0.0015 0.000125 0.00025
1603 0.0015 0.000125 0.0002916666667
1604 0.0015 0.000125 0.0003333333333
1605 0.0015 0.000125 0.000375
1606 0.0015 0.000125 0.0004166666667
1607 0.0015 0.000125 0.0004583333333
1608 0.0015 0.000125 0.0005
1609 0.0015 0.000125 0.0005416666667
1610 0.0015 0.000125 0.0005833333333
1611 0.0015 0.000125 0.000625
1612 0.0015 0.000125 0.0006666666667
1613 0.0015 0.000125 0.0007083333333
1614 0.0015 0.000125 0.00075
1615 0.0015 0.000125 0.0007916666667
1616 0.0015 0.000125 0.0008333333333
1617 0.0015 0.000125 0.000875
1618 0.0015 0.000125 0.0009166666667
1619 0.0015 0.000125 0.0009583333333
1620 0.0015 0.000125 0.001
1621 0.0015 0.000125 0.001125
1622 0.0015 0.000125 0.00125
1623 0.0015 0.000125 0.001375
1624 0.0015 0.000125 0.0015
1625 0.0015 0.00025 0
1626 0.0015 0.00025 4.166666667e-05
1627 0.0015 0.00025 8.333333333e-05
1628 0.0015 0.00025 0.000125
1629 0.0015 0.00025 0.0001666666667
1630 0.0015 0.00025 0.0002083333333
1631 0.0015 0.00025 0.00025
1632 0.0015 0.00025 0.0002916666667
1633 0.0015 0.00025 0.0003333333333
1634 0.0015 0.00025 0.000375
1635 0.0015 0.00025 0.0004166666667
1636 0.0015 0.00025 0.0004583333333
1637 0.0015 0.00025 0.0005
1638 0.0015 0.00025 0.0005416666667
1639 0.0015 0.00025 0.0005833333333
1640 0.0015 0.00025 0.000625
1641 0.0015 0.00025 0.0006666666667
1642 0.0015 0.00025 0.0007083333333
1643 0.0015 0.00025 0.00075
1644 0.0015 0.00025 0.0007916666667
1645 0.0015 0.00025 0.0008333333333
1646 0.0015 0.00025 0.000875
1647 0.0015 0.00025 0.0009166666667
1648 0.0015 0.00025 0.0009583333333
1649 0.0015 0.00025 0.001
1650 0.0015 0.00025 0.001125
1651 0.0015 0.00025 0.00125
1652 0.0015 0.00025 0.001375
1653 0.0015 0.00025 0.0015
1654 0.001583333333 0 0
1655 0.001583333333 0 4.166666667e-05
1656 0.001583333333 0 8.333333333e-05
1657 0.001583333333 0 0.000125
1658 0.001583333333 0 0.0001666666667
1659 0.001583333333 0 0.0002083333333
1660 0.001583333333 0 0.00025
1661 0.001583333333 0 0.0002916666667
1662 0.001583333333 0 0.0003333333333
1663 0.001583333333 0 0.000375
1664 0.001583333333 0 0.0004166666667
1665 0.001583333333 0 0.0004583333333
1666 0.001583333333 0 0.0005
1667 0.001583333333 0 0.0005416666667
1668 0.001583333333 0 0.0005833333333
1669 0.001583333333 0 0.000625
1670 0.001583333333 0 0.0006666666667
1671 0.001583333333 0 0.0007083333333
1672 0.001583333333 0 0.00075
1673 0.001583333333 0 0.0007916666667
1674 0.001583333333 0 0.0008333333333
1675 0.001583333333 0 0.000875
1676 0.001583333333 0 0.0009166666667
1677 0.001583333333 0 0.0009583333333
1678 0.001583333333 0 0.001
1679 0.001583333333 0 0.001125
1680 0.001583333333 0 0.00125
1681 0.001583333333 0 0.001375
1682 0.001583333333 0 0.0015
1683 0.001583333333 0.000125 0
1684 0.001583333333 0.000125 4.166666667e-05
1685 0.001583333333 0.000125 8.333333333e-05
1686 0.001583333333 0.000125 0.000125
1687 0.001583333333 0.000125 0.0001666666667
1688 0.001583333333 0.000125 0.0002083333333
1689 0.001583333333 0.000125 0.00025
1690 0.001583333333 0.000125 0.0002916666667
1691 0.001583333333 0.000125 0.0003333333333
1692 0.001583333333 0.000125 0.000375
1693 0.001583333333 0.000125 0.0004166666667
1694 0.001583333333 0.000125 0.0004583333333
1695 0.001583333333 0.000125 0.0005
1696 0.001583333333 0.000125 0.0005416666667
1697 0.001583333333 0.000125 0.0005833333333
1698 0.001583333333 0.000125 0.000625
1699 0.001583333333 0.000125 0.0006666666667
1700 0.001583333333 0.000125 0.0007083333333
1701 0.001583333333 0.000125 0.00075
1702 0.001583333333 0.000125 0.0007916666667
1703 0.001583333333 0.000125 0.0008333333333
1704 0.001583333333 0.000125 0.000875
1705 0.001583333333 0.000125 0.0009166666667
1706 0.001583333333 0.000125 0.0009583333333
1707 0.001583333333 0.000125 0.001
1708 0.001583333333 0.000125 0.001125
1709 0.001583333333 0.000125 0.00125
1710 0.001583333333 0.000125 0.001375
1711 0.001583333333 0.000125 0.0015
1712 0.001583333333 0.00025 0
1713 0.001583333333 0.00025 4.166666667e-05
1714 0.001583333333 0.00025 8.333333333e-05
1715 0.001583333333 0.00025 0.000125
1716 0.001583333333 0.00025 0.0001666666667
1717 0.001583333333 0.00025 0.0002083333333
1718 0.001583333333 0.00025 0.00025
1719 0.001583333333 0.00025 0.0002916666667
1720 0.001583333333 0.00025 0.0003333333333
1721 0.001583333333 0.00025 0.000375
1722 0.001583333333 0.00025 0.0004166666667
1723 0.001583333333 0.00025 0.0004583333333
1724 0.001583333333 0.00025 0.0005
1725 0.001583333333 0.00025 0.0005416666667
1726 0.001583333333 0.00025 0.0005833333333
1727 0.001583333333 0.00025 0.000625
1728 0.001583333333 0.00025 0.0006666666667
1729 0.001583333333 0.00025 0.0007083333333
1730 0.001583333333 0.00025 0.00075
1731 0.001583333333 0.00025 0.0007916666667
1732 0.001583333333 0.00025 0.0008333333333
1733 0.001583333333 0.00025 0.000875
1734 0.001583333333 0.00025 0.0009166666667
1735 0.001583333333 0.00025 0.0009583333333
1736 0.001583333333 0.00025 0.001
1737 0.001583333333 0.00025 0.001125
1738 0.001583333333 0.00025 0.00125
1739 0.001583333333 0.00025 0.001375
1740 0.001583333333 0.00025 0.0015
1741 0.001666666667 0 0
1742 0.001666666667 0 4.166666667e-05
1743 0.001666666667 0 8.333333333e-05
1744 0.001666666667 0 0.000125
1745 0.001666666667 0 0.0001666666667
1746 0.001666666667 0 0.0002083333333
1747 0.001666666667 0 0.00025
1748 0.001666666667 0 0.0002916666667
1749 0.001666666667 0 0.0003333333333
1750 0.001666666667 0 0.000375
1751 0.001666666667 0 0.0004166666667
1752 0.001666666667 0 0.0004583333333
1753 0.001666666667 0 0.0005
1754 0.001666666667 0 0.0005416666667
1755 0.001666666667 0 0.0005833333333
1756 0.001666666667 0 0.000625
1757 0.001666666667 0 0.0006666666667
1758 0.001666666667 0 0.0007083333333
1759 0.001666666667 0 0.00075
1760 0.001666666667 0 0.0007916666667
1761 0.001666666667 0 0.0008333333333
1762 0.001666666667 0 0.000875
1763 0.001666666667 0 0.0009166666667
1764 0.001666666667 0 0.0009583333333
1765 0.001666666667 0 0.001
1766 0.001666666667 0 0.001125
1767 0.001666666667 0 0.00125
1768 0.001666666667 0 0.001375
1769 0.001666666667 0 0.0015
1770 0.001666666667 0.000125 0
1771 0.001666666667 0.000125 4.166666667e-05
1772 0.001666666667 0.000125 8.333333333e-05
1773 0.001666666667 0.000125 0.000125
1774 0.001666666667 0.000125 0.0001666666667
1775 0.001666666667 0.000125 0.0002083333333
1776 0.001666666667 0.000125 0.00025
1777 0.001666666667 0.000125 0.0002916666667
1778 0.001666666667 0.000125 0.0003333333333
1779 0.001666666667 0.000125 0.000375
1780 0.001666666667 0.000125 0.0004166666667
1781 0.001666666667 0.000125 0.0004583333333
1782 0.001666666667 0.000125 0.0005
1783 0.001666666667 0.000125 0.0005416666667
1784 0.001666666667 0.000125 0.0005833333333
1785 0.001666666667 0.000125 0.000625
1786 0.001666666667 0.000125 0.0006666666667
1787 0.001666666667 0.000125 0.0007083333333
1788 0.001666666667 0.000125 0.00075
1789 0.001666666667 0.000125 0.0007916666667
1790 0.001666666667 0.000125 0.0008333333333
1791 0.001666666667 0.000125 0.000875
1792 0.001666666667 0.000125 0.0009166666667
1793 0.001666666667 0.000125 0.0009583333333
1794 0.001666666667 0.000125 0.001
1795 0.001666666667 0.000125 0.001125
1796 0.001666666667 0.000125 0.00125
1797 0.001666666667 0.000125 0.001375
1798 0.001666666667 0.000125 0.0015
1799 0.001666666667 0.00025 0
1800 0.001666666667 0.00025 4.166666667e-05
1801 0.001666666667 0.00025 8.333333333e-05
1802 0.001666666667 0.00025 0.000125
1803 0.001666666667 0.00025 0.0001666666667
1804 0.001666666667 0.00025 0.0002083333333
1805 0.001666666667 0.00025 0.00025
1806 0.001666666667 0.00025 0.0002916666667
1807 0.001666666667 0.00025 0.0003333333333
1808 0.001666666667 0.00025 0.000375
1809 0.001666666667 0.00025 0.0004166666667
1810 0.001666666667 0.00025 0.0004583333333
1811 0.001666666667 0.00025 0.0005
1812 0.001666666667 0.00025 0.0005416666667
1813 0.001666666667 0.00025 0.0005833333333
1814 0.001666666667 0.00025 0.000625
1815 0.001666666667 0.00025 0.0006666666667
1816 0.001666666667 0.00025 0.0007083333333
1817 0.001666666667 0.00025 0.00075
1818 0.001666666667 0.00025 0.0007916666667
1819 0.001666666667 0.00025 0.0008333333333
1820 0.001666666667 0.00025 0.000875
1821 0.001666666667 0.00025 0.0009166666667
1822 0.001666666667 0.00025 0.0009583333333
1823 0.001666666667 0.00025 0.001
1824 0.001666666667 0.00025 0.001125
1825 0.001666666667 0.00025 0.00125
1826 0.001666666667 0.00025 0.001375
1827 0.001666666667 0.00025 0.0015
1828 0.00175 0 0
1829 0.00175 0 4.166666667e-05
1830 0.00175 0 8.333333333e-05
1831 0.00175 0 0.000125
1832 0.00175 0 0.0001666666667
1833 0.00175 0 0.0002083333333
1834 0.00175 0 0.00025
1835 0.00175 0 0.0002916666667
1836 0.00175 0 0.0003333333333
1837 0.00175 0 0.000375
1838 0.00175 0 0.0004166666667
1839 0.00175 0 0.0004583333333
1840 0.00175 0 0.0005
1841 0.00175 0 0.0005416666667
1842 0.00175 0 0.0005833333333
1843 0.00175 0 0.000625
1844 0.00175 0 0.0006666666667
1845 0.00175 0 0.0007083333333
1846 0.00175 0 0.00075
1847 0.00175 0 0.0007916666667
1848 0.00175 0 0.0008333333333
1849 0.00175 0 0.000875
1850 0.00175 0 0.0009166666667
1851 0.00175 0 0.0009583333333
1852 0.00175 0 0.001
1853 0.00175 0 0.001125
1854 0.00175 0 0.00125
1855 0.00175 0 0.001375
1856 0.00175 0 0.0015
1857 0.00175 0.000125 0
1858 0.00175 0.000125 4.166666667e-05
1859 0.00175 0.000125 8.333333333e-05
1860 0.00175 0.000125 0.000125
1861 0.00175 0.000125 0.0001666666667
1862 0.00175 0.000125 0.0002083333333
1863 0.00175 0.000125 0.00025
1864 0.00175 0.000125 0.0002916666667
1865 0.00175 0.000125 0.0003333333333
1866 0.00175 0.000125 0.000375
1867 0.00175 0.000125 0.0004166666667
1868 0.00175 0.000125 0.0004583333333
1869 0.00175 0.000125 0.0005
1870 0.00175 0.000125 0.0005416666667
1871 0.00175 0.000125 0.0005833333333
1872 0.00175 0.000125 0.000625
1873 0.00175 0.000125 0.0006666666667
1874 0.00175 0.000125 0.0007083333333
1875 0.00175 0.000125 0.00075
1876 0.00175 0.000125 0.0007916666667
1877 0.00175 0.000125 0.0008333333333
1878 0.00175 0.000125 0.000875
1879 0.00175 0.000125 0.0009166666667
1880 0.00175 0.000125 0.0009583333333
1881 0.00175 0.000125 0.001
1882 0.00175 0.000125 0.001125
1883 0.00175 0.000125 0.00125
1884 0.00175 0.000125 0.001375
1885 0.00175 0.000125 0.0015
1886 0.00175 0.00025 0
1887 0.00175 0.00025 4.166666667e-05
1888 0.00175 0.00025 8.333333333e-05
1889 0.00175 0.00025 0.000125
1890 0.00175 0.00025 0.0001666666667
1891 0.00175 0.00025 0.0002083333333
1892 0.00175 0.00025 0.00025
1893 0.00175 0.00025 0.0002916666667
1894 0.00175 0.00025 0.0003333333333
1895 0.00175 0.00025 0.000375
1896 0.00175 0.00025 0.0004166666667
1897 0.00175 0.00025 0.0004583333333
1898 0.00175 0.00025 0.0005
1899 0.00175 0.00025 0.0005416666667
1900 0.00175 0.00025 0.0005833333333
1901 0.00175 0.00025 0.000625
1902 0.00175 0.00025 0.0006666666667
1903 0.00175 0.00025 0.0007083333333
1904 0.00175 0.00025 0.00075
1905 0.00175 0.00025 0.0007916666667
1906 0.00175 0.00025 0.0008333333333
1907 0.00175 0.00025 0.000875
1908 0.00175 0.00025 0.0009166666667
1909 0.00175 0.00025 0.0009583333333
1910 0.00175 0.00025 0.001
1911 0.00175 0.00025 0.001125
1912 0.00175 0.00025 0.00125
1913 0.00175 0.00025 0.001375
1914 0.00175 0.00025 0.0015
1915 0.001833333333 0 0
1916 0.001833333333 0 4.166666667e-05
1917 0.001833333333 0 8.333333333e-05
1918 0.001833333333 0 0.000125
1919 0.001833333333 0 0.0001666666667
1920 0.001833333333 0 0.0002083333333
1921 0.001833333333 0 0.00025
1922 0.001833333333 0 0.0002916666667
1923 0.001833333333 0 0.0003333333333
1924 0.001833333333 0 0.000375
1925 0.001833333333 0 0.0004166666667
1926 0.001833333333 0 0.0004583333333
1927 0.001833333333 0 0.0005
1928 0.001833333333 0 0.0005416666667
1929 0.001833333333 0 0.0005833333333
1930 0.001833333333 0 0.000625
1931 0.001833333333 0 0.0006666666667
1932 0.001833333333 0 0.0007083333333
1933 0.001833333333 0 0.00075
1934 0.001833333333 0 0.0007916666667
1935 0.001833333333 0 0.0008333333333
1936 0.001833333333 0 0.000875
1937 0.001833333333 0 0.0009166666667
1938 0.001833333333 0 0.0009583333333
1939 0.001833333333 0 0.001
1940 0.001833333333 0 0.001125
1941 0.001833333333 0 0.00125
1942 0.001833333333 0 0.001375
1943 0.001833333333 0 0.0015
1944 0.001833333333 0.000125 0
1945 0.001833333333 0.000125 4.166666667e-05
1946 0.001833333333 0.000125 8.333333333e-05
1947 0.001833333333 0.000125 0.000125
1948 0.001833333333 0.000125 0.0001666666667
1949 0.001833333333 0.000125 0.0002083333333
1950 0.001833333333 0.000125 0.00025
1951 0.001833333333 0.000125 0.0002916666667
1952 0.001833333333 0.000125 0.0003333333333
1953 0.001833333333 0.000125 0.000375
1954 0.001833333333 0.000125 0.0004166666667
1955 0.001833333333 0.000125 0.0004583333333
1956 0.001833333333 0.000125 0.0005
1957 0.001833333333 0.000125 0.0005416666667
1958 0.001833333333 0.000125 0.0005833333333
1959 0.001833333333 0.000125 0.000625
1960 0.001833333333 0.000125 0.0006666666667
1961 0.001833333333 0.000125 0.0007083333333
1962 0.001833333333 0.000125 0.00075
1963 0.001833333333 0.000125 0.0007916666667
1964 0.001833333333 0.000125 0.0008333333333
1965 0.001833333333 0.000125 0.000875
1966 0.001833333333 0.000125 0.0009166666667
1967 0.001833333333 0.000125 0.0009583333333
1968 0.001833333333 0.000125 0.001
1969 0.001833333333 0.000125 0.001125
1970 0.001833333333 0.000125 0.00125
1971 0.001833333333 0.000125 0.001375
1972 0.001833333333 0.000125 0.0015
1973 0.001833333333 0.00025 0
1974 0.001833333333 0.00025 4.166666667e-05
1975 0.001833333333 0.00025 8.333333333e-05
1976 0.001833333333 0.00025 0.000125
1977 0.001833333333 0.00025 0.0001666666667
1978 0.001833333333 0.00025 0.0002083333333
1979 0.001833333333 0.00025 0.00025
1980 0.001833333333 0.00025 0.0002916666667
1981 0.001833333333 0.00025 0.0003333333333
1982 0.001833333333 0.00025 0.000375
1983 0.001833333333 0.00025 0.0004166666667
1984 0.001833333333 0.00025 0.0004583333333
1985 0.001833333333 0.00025 0.0005
1986 0.001833333333 0.00025 0.0005416666667
1987 0.001833333333 0.00025 0.0005833333333
1988 0.001833333333 0.00025 0.000625
1989 0.001833333333 0.00025 0.0006666666667
1990 0.001833333333 0.00025 0.0007083333333
1991 0.001833333333 0.00025 0.00075
1992 0.001833333333 0.00025 0.0007916666667
1993 0.001833333333 0.00025 0.0008333333333
1994 0.001833333333 0.00025 0.000875
1995 0.001833333333 0.00025 0.0009166666667
1996 0.001833333333 0.00025 0.0009583333333
1997 0.001833333333 0.00025 0.001
1998 0.001833333333 0.00025 0.001125
1999 0.001833333333 0.00025 0.00125
2000 0.001833333333 0.00025 0.001375
2001 0.001833333333 0.00025 0.0015
2002 0.001916666667 0 0
2003 0.001916666667 0 4.166666667e-05
2004 0.001916666667 0 8.333333333e-05
2005 0.001916666667 0 0.000125
2006 0.001916666667 0 0.0001666666667
2007 0.001916666667 0 0.0002083333333
2008 0.001916666667 0 0.00025
2009 0.001916666667 0 0.0002916666667
2010 0.001916666667 0 0.0003333333333
2011 0.001916666667 0 0.000375
2012 0.001916666667 0 0.0004166666667
2013 0.001916666667 0 0.0004583333333
2014 0.001916666667 0 0.0005
2015 0.001916666667 0 0.0005416666667
2016 0.001916666667 0 0.0005833333333
2017 0.001916666667 0 0.000625
2018 0.001916666667 0 0.0006666666667
2019 0.001916666667 0 0.0007083333333
2020 0.001916666667 0 0.00075
2021 0.001916666667 0 0.0007916666667
2022 0.001916666667 0 0.0008333333333
2023 0.001916666667 0 0.000875
2024 0.001916666667 0 0.0009166666667
2025 0.001916666667 0 0.0009583333333
2026 0.001916666667 0 0.001
2027 0.001916666667 0 0.001125
2028 0.001916666667 0 0.00125
2029 0.001916666667 0 0.001375
2030 0.001916666667 0 0.0015
2031 0.001916666667 0.000125 0
2032 0.001916666667 0.000125 4.166666667e-05
2033 0.001916666667 0.000125 8.333333333e-05
2034 0.001916666667 0.000125 0.000125
2035 0.001916666667 0.000125 0.0001666666667
2036 0.001916666667 0.000125 0.0002083333333
2037 0.001916666667 0.000125 0.00025
2038 0.001916666667 0.000125 0.0002916666667
2039 0.001916666667 0.000125 0.0003333333333
2040 0.001916666667 0.000125 0.000375
2041 0.001916666667 0.000125 0.0004166666667
2042 0.001916666667 0.000125 0.0004583333333
2043 0.001916666667 0.000125 0.0005
2044 0.001916666667 0.000125 0.0005416666667
2045 0.001916666667 0.000125 0.0005833333333
2046 0.001916666667 0.000125 0.000625
2047 0.001916666667 0.000125 0.0006666666667
2048 0.001916666667 0.000125 0.0007083333333
2049 0.001916666667 0.000125 0.00075
2050 0.001916666667 0.000125 0.0007916666667
2051 0.001916666667 0.000125 0.0008333333333
2052 0.001916666667 0.000125 0.000875
2053 0.001916666667 0.000125 0.0009166666667
2054 0.001916666667 0.000125 0.0009583333333
2055 0.001916666667 0.000125 0.001
2056 0.001916666667 0.000125 0.001125
2057 0.001916666667 0.000125 0.00125
2058 0.001916666667 0.000125 0.001375
2059 0.001916666667 0.000125 0.0015
2060 0.001916666667 0.00025 0
2061 0.001916666667 0.00025 4.166666667e-05
2062 0.001916666667 0.00025 8.333333333e-05
2063 0.001916666667 0.00025 0.000125
2064 0.001916666667 0.00025 0.0001666666667
2065 0.001916666667 0.00025 0.0002083333333
2066 0.001916666667 0.00025 0.00025
2067 0.001916666667 0.00025 0.0002916666667
2068 0.001916666667 0.00025 0.0003333333333
2069 0.001916666667 0.00025 0.000375
2070 0.001916666667 0.00025 0.0004166666667
2071 0.001916666667 0.00025 0.0004583333333
2072 0.001916666667 0.00025 0.0005
2073 0.001916666667 0.00025 0.0005416666667
2074 0.001916666667 0.00025 0.0005833333333
2075 0.001916666667 0.00025 0.000625
2076 0.001916666667 0.00025 0.0006666666667
2077 0.001916666667 0.00025 0.0007083333333
2078 0.001916666667 0.00025 0.00075
2079 0.001916666667 0.00025 0.0007916666667
2080 0.001916666667 0.00025 0.0008333333333
2081 0.001916666667 0.00025 0.000875
2082 0.001916666667 0.00025 0.0009166666667
2083 0.001916666667 0.00025 0.0009583333333
2084 0.001916666667 0.00025 0.001
2085 0.001916666667 0.00025 0.001125
2086 0.001916666667 0.00025 0.00125
2087 0.001916666667 0.00025 0.001375
2088 0.001916666667 0.00025 0.0015
2089 0.002 0 0
2090 0.002 0 4.166666667e-05
2091 0.002 0 8.333333333e-05
2092 0.002 0 0.000125
2093 0.002 0 0.0001666666667
2094 0.002 0 0.0002083333333
2095 0.002 0 0.00025
2096 0.002 0 0.0002916666667
2097 0.002 0 0.0003333333333
2098 0.002 0 0.000375
2099 0.002 0 0.0004166666667
2100 0.002 0 0.0004583333333
2101 0.002 0 0.0005
2102 0.002 0 0.0005416666667
2103 0.002 0 0.0005833333333
2104 0.002 0 0.000625
2105 0.002 0 0.0006666666667
2106 0.002 0 0.0007083333333
2107 0.002 0 0.00075
2108 0.002 0 0.0007916666667
2109 0.002 0 0.0008333333333
2110 0.002 0 0.000875
2111 0.002 0 0.0009166666667
2112 0.002 0 0.0009583333333
2113 0.002 0 0.001
2114 0.002 0 0.001125
2115 0.002 0 0.00125
2116 0.002 0 0.001375
2117 0.002 0 0.0015
2118 0.002 0.000125 0
2119 0.002 0.000125 4.166666667e-05
2120 0.002 0.000125 8.333333333e-05
2121 0.002 0.000125 0.000125
2122 0.002 0.000125 0.0001666666667
2123 0.002 0.000125 0.0002083333333
2124 0.002 0.000125 0.00025
2125 0.002 0.000125 0.0002916666667
2126 0.002 0.000125 0.0003333333333
2127 0.002 0.000125 0.000375
2128 0.002 0.000125 0.0004166666667
2129 0.002 0.000125 0.0004583333333
2130 0.002 0.000125 0.0005
2131 0.002 0.000125 0.0005416666667
2132 0.002 0.000125 0.0005833333333
2133 0.002 0.000125 0.000625
2134 0.002 0.000125 0.0006666666667
2135 0.002 0.000125 0.0007083333333
2136 0.002 0.000125 0.00075
2137 0.002 0.000125 0.0007916666667
2138 0.002 0.000125 0.0008333333333
2139 0.002 0.000125 0.000875
2140 0.002 0.000125 0.0009166666667
2141 0.002 0.000125 0.0009583333333
2142 0.002 0.000125 0.001
2143 0.002 0.000125 0.001125
2144 0.002 0.000125 0.00125
2145 0.002 0.000125 0.001375
2146 0.002 0.000125 0.0015
2147 0.002 0.00025 0
2148 0.002 0.00025 4.166666667e-05
2149 0.002 0.00025 8.333333333e-05
2150 0.002 0.00025 0.000125
2151 0.002 0.00025 0.0001666666667
2152 0.002 0.00025 0.0002083333333
2153 0.002 0.00025 0.00025
2154 0.002 0.00025 0.0002916666667
2155 0.002 0.00025 0.0003333333333
2156 0.002 0.00025 0.000375
2157 0.002 0.00025 0.0004166666667
2158 0.002 0.00025 0.0004583333333
2159 0.002 0.00025 0.0005
2160 0.002 0.00025 0.0005416666667
2161 0.002 0.00025 0.0005833333333
2162 0.002 0.00025 0.000625
2163 0.002 0.00025 0.0006666666667
2164 0.002 0.00025 0.0007083333333
2165 0.002 0.00025 0.00075
2166 0.002 0.00025 0.0007916666667
2167 0.002 0.00025 0.0008333333333
2168 0.002 0.00025 0.000875
2169 0.002 0.00025 0.0009166666667
2170 0.002 0.00025 0.0009583333333
2171 0.002 0.00025 0.001
2172 0.002 0.00025 0.001125
2173 0.002 0.00025 0.00125
2174 0.002 0.00025 0.001375
2175 0.002 0.00025 0.0015
$EndNodes
$Elements
8672
1 2 2 20 20 1 88 117
2 2 2 20 20 1 117 30
3 2 2 20 20 29 116 145
4 2 2 20 20 29 145 58
5 2 2 20 20 30 117 146
6 2 2 20 20 30 146 59
7 2 2 20 20 58 145 174
8 2 2 20 20 58 174 87
9 2 2 20 20 88 175 204
10 2 2 20 20 88 204 117
11 2 2 20 20 116 203 232
12 2 2 20 20 116 232 145
13 2 2 20 20 117 204 233
14 2 2 20 20 117 233 146
15 2 2 20 20 145 232 261
16 2 2 20 20 145 261 174
17 2 2 20 20 175 262 291
18 2 2 20 20 175 291 204
19 2 2 20 20 203 290 319
20 2 2 20 20 203 319 232
21 2 2 20 20 204 291 320
22 2 2 20 20 204 320 233
23 2 2 20 20 232 319 348
24 2 2 20 20 232 348 261
25 2 2 20 20 262 349 378
26 2 2 20 20 262 378 291
27 2 2 20 20 290 377 406
28 2 2 20 20 290 406 319
29 2 2 20 20 291 378 407
30 2 2 20 20 291 407 320
31 2 2 20 20 319 406 435
32 2 2 20 20 319 435 348
33 2 2 20 20 349 436 465
34 2 2 20 20 349 465 378
35 2 2 20 20 377 464 493
36 2 2 20 20 377 493 406
37 2 2 20 20 378 465 494
38 2 2 20 20 378 494 407
39 2 2 20 20 406 493 522
40 2 2 20 20 406 522 435
41 2 2 20 20 436 523 552
42 2 2 20 20 436 552 465
43 2 2 20 20 464 551 580
44 2 2 20 20 464 580 493
45 2 2 20 20 465 552 581
46 2 2 20 20 465 581 494
47 2 2 20 20 493 580 609
48 2 2 20 20 493 609 522
49 2 2 20 20 523 610 639
50 2 2 20 20 523 639 552
51 2 2 20 20 551 638 667
52 2 2 20 20 551 667 580
53 2 2 20 20 552 639 668
54 2 2 20 20 552 668 581
55 2 2 20 20 580 667 696
56 2 2 20 20 580 696 609
57 2 2 20 20 610 697 726
58 2 2 20 20 610 726 639
59 2 2 20 20 638 725 754
60 2 2 20 20 638 754 667
61 2 2 20 20 639 726 755
62 2 2 20 20 639 755 668
63 2 2 20 20 667 754 783
64 2 2 20 20 667 783 696
65 2 2 20 20 697 784 813
66 2 2 20 20 697 813 726
67 2 2 20 20 725 812 841
68 2 2 20 20 725 841 754
69 2 2 20 20 726 813 842
70 2 2 20 20 726 842 755
71 2 2 20 20 754 841 870
72 2 2 20 20 754 870 783
73 2 2 20 20 784 871 900
74 2 2 20 20 784 900 813
75 2 2 20 20 812 899 928
76 2 2 20 20 812 928 841
77 2 2 20 20 813 900 929
78 2 2 20 20 813 929 842
79 2 2 20 20 841 928 957
80 2 2 20 20 841 957 870
81 2 2 20 20 871 958 987
82 2 2 20 20 871 987 900
83 2 2 20 20 899 986 1015
84 2 2 20 20 899 1015 928
85 2 2 20 20 900 987 1016
86 2 2 20 20 900 1016 929
87 2 2 20 20 928 1015 1044
88 2 2 20 20 928 1044 957
89 2 2 20 20 958 1045 1074
90 2 2 20 20 958 1074 987
91 2 2 20 20 986 1073 1102
92 2 2 20 20 986 1102 1015
93 2 2 20 20 987 1074 1103
94 2 2 20 20 987 1103 1016
95 2 2 20 20 1015 1102 1131
96 2 2 20 20 1015 1131 1044
97 2 2 20 20 1045 1132 1161
98 2 2 20 20 1045 1161 1074
99 2 2 20 20 1073 1160 1189
100 2 2 20 20 1073 1189 1102
101 2 2 20 20 1074 1161 1190
102 2 2 20 20 1074 1190 1103
103 2 2 20 20 1102 1189 1218
104 2 2 20 20 1102 1218 1131
105 2 2 20 20 1132 1219 1248
106 2 2 20 20 1132 1248 1161
107 2 2 20 20 1160 1247 1276
108 2 2 20 20 1160 1276 1189
109 2 2 20 20 1161 1248 1277
110 2 2 20 20 1161 1277 1190
111 2 2 20 20 1189 1276 1305
112 2 2 20 20 1189 1305 1218
113 2 2 20 20 1219 1306 1335
114 2 2 20 20 1219 1335 1248
115 2 2 20 20 1247 1334 1363
116 2 2 20 20 1247 1363 1276
117 2 2 20 20 1248 1335 1364
118 2 2 20 20 1248 1364 1277
119 2 2 20 20 1276 1363 1392
120 2 2 20 20 1276 1392 1305
121 2 2 20 20 1306 1393 1422
122 2 2 20 20 1306 1422 1335
123 2 2 20 20 1334 1421 1450
124 2 2 20 20 1334 1450 1363
125 2 2 20 20 1335 1422 1451
126 2 2 20 20 1335 1451 1364
127 2 2 20 20 1363 1450 1479
128 2 2 20 20 1363 1479 1392
129 2 2 20 20 1393 1480 1509
130 2 2 20 20 1393 1509 1422
131 2 2 20 20 1421 1508 1537
132 2 2 20 20 1421 1537 1450
133 2 2 20 20 1422 1509 1538
134 2 2 20 20 1422 1538 1451
135 2 2 20 20 1450 1537 1566
136 2 2 20 20 1450 1566 1479
137 2 2 20 20 1480 1567 1596
138 2 2 20 20 1480 1596 1509
139 2 2 20 20 1508 1595 1624
140 2 2 20 20 1508 1624 1537
141 2 2 20 20 1509 1596 1625
142 2 2 20 20 1509 1625 1538
143 2 2 20 20 1537 1624 1653
144 2 2 20 20 1537 1653 1566
145 2 2 20 20 1567 1654 1683
146 2 2 20 20 1567 1683 1596
147 2 2 20 20 1595 1682 1711
148 2 2 20 20 1595 1711 1624
149 2 2 20 20 1596 1683 1712
150 2 2 20 20 1596 1712 1625
151 2 2 20 20 1624 1711 1740
152 2 2 20 20 1624 1740 1653
153 2 2 20 20 1654 1741 1770
154 2 2 20 20 1654 1770 1683
155 2 2 20 20 1682 1769 1798
156 2 2 20 20 1682 1798 1711
157 2 2 20 20 1683 1770 1799
158 2 2 20 20 1683 1799 1712
159 2 2 20 20 1711 1798 1827
160 2 2 20 20 1711 1827 1740
161 2 2 20 20 1741 1828 1857
162 2 2 20 20 1741 1857 1770
163 2 2 20 20 1769 1856 1885
164 2 2 20 20 1769 1885 1798
165 2 2 20 20 1770 1857 1886
166 2 2 20 20 1770 1886 1799
167 2 2 20 20 1798 1885 1914
168 2 2 20 20 1798 1914 1827
169 2 2 20 20 1828 1915 1944
170 2 2 20 20 1828 1944 1857
171 2 2 20 20 1856 1943 1972
172 2 2 20 20 1856 1972 1885
173 2 2 20 20 1857 1944 1973
174 2 2 20 20 1857 1973 1886
175 2 2 20 20 1885 1972 2001
176 2 2 20 20 1885 2001 1914
177 2 2 20 20 1915 2002 2031
178 2 2 20 20 1915 2031 1944
179 2 2 20 20 1943 2030 2059
180 2 2 20 20 1943 2059 1972
181 2 2 20 20 1944 2031 2060
182 2 2 20 20 1944 2060 1973
183 2 2 20 20 1972 2059 2088
184 2 2 20 20 1972 2088 2001
185 2 2 20 20 2002 2089 2118
186 2 2 20 20 2002 2118 2031
187 2 2 20 20 2030 2117 2146
188 2 2 20 20 2030 2146 2059
189 2 2 20 20 2031 2118 2147
190 2 2 20 20 2031 2147 2060
191 2 2 20 20 2059 2146 2175
192 2 2 20 20 2059 2175 2088
193 2 2 20 20 1 30 31
194 2 2 20 20 1 31 2
195 2 2 10 10 1 30 31
196 2 2 10 10 1 31 2
197 2 2 20 20 2089 2118 2119
198 2 2 20 20 2089 2119 2090
199 2 2 11 11 2089 2118 2119
200 2 2 11 11 2089 2119 2090
201 2 2 20 20 2 31 32
202 2 2 20 20 2 32 3
203 2 2 10 10 2 31 32
204 2 2 10 10 2 32 3
205 2 2 20 20 2090 2119 2120
206 2 2 20 20 2090 2120 2091
207 2 2 11 11 2090 2119 2120
208 2 2 11 11 2090 2120 2091
209 2 2 20 20 3 32 33
210 2 2 20 20 3 33 4
211 2 2 10 10 3 32 33
212 2 2 10 10 3 33 4
213 2 2 20 20 2091 2120 2121
214 2 2 20 20 2091 2121 2092
215 2 2 11 11 2091 2120 2121
216 2 2 11 11 2091 2121 2092
217 2 2 20 20 4 33 34
218 2 2 20 20 4 34 5
219 2 2 10 10 4 33 34
220 2 2 10 10 4 34 5
221 2 2 20 20 2092 2121 2122
222 2 2 20 20 2092 2122 2093
223 2 2 11 11 2092 2121 2122
224 2 2 11 11 2092 2122 2093
225 2 2 20 20 5 34 35
226 2 2 20 20 5 35 6
227 2 2 10 10 5 34 35
228 2 2 10 10 5 35 6
229 2 2 20 20 2093 2122 2123
230 2 2 20 20 2093 2123 2094
231 2 2 11 11 2093 2122 2123
232 2 2 11 11 2093 2123 2094
233 2 2 20 20 6 35 36
234 2 2 20 20 6 36 7
235 2 2 10 10 6 35 36
236 2 2 10 10 6 36 7
237 2 2 20 20 2094 2123 2124
238 2 2 20 20 2094 2124 2095
239 2 2 11 11 2094 2123 2124
240 2 2 11 11 2094 2124 2095
241 2 2 20 20 7 36 37
242 2 2 20 20 7 37 8
243 2 2 10 10 7 36 37
244 2 2 10 10 7 37 8
245 2 2 20 20 2095 2124 2125
246 2 2 20 20 2095 2125 2096
247 2 2 11 11 2095 2124 2125
248 2 2 11 11 2095 2125 2096
249 2 2 20 20 8 37 38
250 2 2 20 20 8 38 9
251 2 2 10 10 8 37 38
252 2 2 10 10 8 38 9
253 2 2 20 20 2096 2125 2126
254 2 2 20 20 2096 2126 2097
255 2 2 11 11 2096 2125 2126
256 2 2 11 11 2096 2126 2097
257 2 2 20 20 9 38 39
258 2 2 20 20 9 39 10
259 2 2 10 10 9 38 39
260 2 2 10 10 9 39 10
261 2 2 20 20 2097 2126 2127
262 2 2 20 20 2097 2127 2098
263 2 2 11 11 2097 2126 2127
264 2 2 11 11 2097 2127 2098
265 2 2 20 20 10 39 40
266 2 2 20 20 10 40 11
267 2 2 10 10 10 39 40
268 2 2 10 10 10 40 11
269 2 2 20 20 2098 2127 2128
270 2 2 20 20 2098 2128 2099
271 2 2 11 11 2098 2127 2128
272 2 2 11 11 2098 2128 2099
273 2 2 20 20 11 40 41
274 2 2 20 20 11 41 12
275 2 2 10 10 11 40 41
276 2 2 10 10 11 41 12
277 2 2 20 20 2099 2128 2129
278 2 2 20 20 2099 2129 2100
279 2 2 11 11 2099 2128 2129
280 2 2 11 11 2099 2129 2100
281 2 2 20 20 12 41 42
282 2 2 20 20 12 42 13
283 2 2 10 10 12 41 42
284 2 2 10 10 12 42 13
285 2 2 20 20 2100 2129 2130
286 2 2 20 20 2100 2130 2101
287 2 2 11 11 2100 2129 2130
288 2 2 11 11 2100 2130 2101
289 2 2 20 20 13 42 43
290 2 2 20 20 13 43 14
291 2 2 10 10 13 42 43
292 2 2 10 10 13 43 14
293 2 2 20 20 2101 2130 2131
294 2 2 20 20 2101 2131 2102
295 2 2 11 11 2101 2130 2131
296 2 2 11 11 2101 2131 2102
297 2 2 20 20 14 43 44
298 2 2 20 20 14 44 15
299 2 2 10 10 14 43 44
300 2 2 10 10 14 44 15
301 2 2 20 20 2102 2131 2132
302 2 2 20 20 2102 2132 2103
303 2 2 11 11 2102 2131 2132
304 2 2 11 11 2102 2132 2103
305 2 2 20 20 15 44 45
306 2 2 20 20 15 45 16
307 2 2 10 10 15 44 45
308 2 2 10 10 15 45 16
309 2 2 20 20 2103 2132 2133
310 2 2 20 20 2103 2133 2104
311 2 2 11 11 2103 2132 2133
312 2 2 11 11 2103 2133 2104
313 2 2 20 20 16 45 46
314 2 2 20 20 16 46 17
315 2 2 10 10 16 45 46
316 2 2 10 10 16 46 17
317 2 2 20 20 2104 2133 2134
318 2 2 20 20 2104 2134 2105
319 2 2 11 11 2104 2133 2134
320 2 2 11 11 2104 2134 2105
321 2 2 20 20 17 46 47
322 2 2 20 20 17 47 18
323 2 2 10 10 17 46 47
324 2 2 10 10 17 47 18
325 2 2 20 20 2105 2134 2135
326 2 2 20 20 2105 2135 2106
327 2 2 11 11 2105 2134 2135
328 2 2 11 11 2105 2135 2106
329 2 2 20 20 18 47 48
330 2 2 20 20 18 48 19
331 2 2 10 10 18 47 48
332 2 2 10 10 18 48 19
333 2 2 20 20 2106 2135 2136
334 2 2 20 20 2106 2136 2107
335 2 2 11 11 2106 2135 2136
336 2 2 11 11 2106 2136 2107
337 2 2 20 20 19 48 49
338 2 2 20 20 19 49 20
339 2 2 10 10 19 48 49
340 2 2 10 10 19 49 20
341 2 2 20 20 2107 2136 2137
342 2 2 20 20 2107 2137 2108
343 2 2 11 11 2107 2136 2137
344 2 2 11 11 2107 2137 2108
345 2 2 20 20 20 49 50
346 2 2 20 20 20 50 21
347 2 2 10 10 20 49 50
348 2 2 10 10 20 50 21
349 2 2 20 20 2108 2137 2138
350 2 2 20 20 2108 2138 2109
351 2 2 11 11 2108 2137 2138
352 2 2 11 11 2108 2138 2109
353 2 2 20 20 21 50 51
354 2 2 20 20 21 51 22
355 2 2 10 10 21 50 51
356 2 2 10 10 21 51 22
357 2 2 20 20 2109 2138 2139
358 2 2 20 20 2109 2139 2110
359 2 2 11 11 2109 2138 2139
360 2 2 11 11 2109 2139 2110
361 2 2 20 20 22 51 52
362 2 2 20 20 22 52 23
363 2 2 10 10 22 51 52
364 2 2 10 10 22 52 23
365 2 2 20 20 2110 2139 2140
366 2 2 20 20 2110 2140 2111
367 2 2 11 11 2110 2139 2140
368 2 2 11 11 2110 2140 2111
369 2 2 20 20 23 52 53
370 2 2 20 20 23 53 24
371 2 2 10 10 23 52 53
372 2 2 10 10 23 53 24
373 2 2 20 20 2111 2140 2141
374 2 2 20 20 2111 2141 2112
375 2 2 11 11 2111 2140 2141
376 2 2 11 11 2111 2141 2112
377 2 2 20 20 24 53 54
378 2 2 20 20 24 54 25
379 2 2 10 10 24 53 54
380 2 2 10 10 24 54 25
381 2 2 20 20 2112 2141 2142
382 2 2 20 20 2112 2142 2113
383 2 2 11 11 2112 2141 2142
384 2 2 11 11 2112 2142 2113
385 2 2 20 20 25 54 55
386 2 2 20 20 25 55 26
387 2 2 20 20 2113 2142 2143
388 2 2 20 20 2113 2143 2114
389 2 2 20 20 26 55 56
390 2 2 20 20 26 56 27
391 2 2 20 20 2114 2143 2144
392 2 2 20 20 2114 2144 2115
393 2 2 20 20 27 56 57
394 2 2 20 20 27 57 28
395 2 2 20 20 2115 2144 2145
396 2 2 20 20 2115 2145 2116
397 2 2 20 20 28 57 58
398 2 2 20 20 28 58 29
399 2 2 20 20 2116 2145 2146
400 2 2 20 20 2116 2146 2117
401 2 2 20 20 30 59 60
402 2 2 20 20 30 60 31
403 2 2 10 10 30 59 60
404 2 2 10 10 30 60 31
405 2 2 20 20 2118 2147 2148
406 2 2 20 20 2118 2148 2119
407 2 2 11 11 2118 2147 2148
408 2 2 11 11 2118 2148 2119
409 2 2 20 20 31 60 61
410 2 2 20 20 31 61 32
411 2 2 10 10 31 60 61
412 2 2 10 10 31 61 32
413 2 2 20 20 2119 2148 2149
414 2 2 20 20 2119 2149 2120
415 2 2 11 11 2119 2148 2149
416 2 2 11 11 2119 2149 2120
417 2 2 20 20 32 61 62
418 2 2 20 20 32 62 33
419 2 2 10 10 32 61 62
420 2 2 10 10 32 62 33
421 2 2 20 20 2120 2149 2150
422 2 2 20 20 2120 2150 2121
423 2 2 11 11 2120 2149 2150
424 2 2 11 11 2120 2150 2121
425 2 2 20 20 33 62 63
426 2 2 20 20 33 63 34
427 2 2 10 10 33 62 63
428 2 2 10 10 33 63 34
429 2 2 20 20 2121 2150 2151
430 2 2 20 20 2121 2151 2122
431 2 2 11 11 2121 2150 2151
432 2 2 11 11 2121 2151 2122
433 2 2 20 20 34 63 64
434 2 2 20 20 34 64 35
435 2 2 10 10 34 63 64
436 2 2 10 10 34 64 35
437 2 2 20 20 2122 2151 2152
438 2 2 20 20 2122 2152 2123
439 2 2 11 11 2122 2151 2152
440 2 2 11 11 2122 2152 2123
441 2 2 20 20 35 64 65
442 2 2 20 20 35 65 36
443 2 2 10 10 35 64 65
444 2 2 10 10 35 65 36
445 2 2 20 20 2123 2152 2153
446 2 2 20 20 2123 2153 2124
447 2 2 11 11 2123 2152 2153
448 2 2 11 11 2123 2153 2124
449 2 2 20 20 36 65 66
450 2 2 20 20 36 66 37
451 2 2 10 10 36 65 66
452 2 2 10 10 36 66 37
453 2 2 20 20 2124 2153 2154
454 2 2 20 20 2124 2154 2125
455 2 2 11 11 2124 2153 2154
456 2 2 11 11 2124 2154 2125
457 2 2 20 20 37 66 67
458 2 2 20 20 37 67 38
459 2 2 10 10 37 66 67
460 2 2 10 10 37 67 38
461 2 2 20 20 2125 2154 2155
462 2 2 20 20 2125 2155 2126
463 2 2 11 11 2125 2154 2155
464 2 2 11 11 2125 2155 2126
465 2 2 20 20 38 67 68
466 2 2 20 20 38 68 39
467 2 2 10 10 38 67 68
468 2 2 10 10 38 68 39
469 2 2 20 20 2126 2155 2156
470 2 2 20 20 2126 2156 2127
471 2 2 11 11 2126 2155 2156
472 2 2 11 11 2126 2156 2127
473 2 2 20 20 39 68 69
474 2 2 20 20 39 69 40
475 2 2 10 10 39 68 69
476 2 2 10 10 39 69 40
477 2 2 20 20 2127 2156 2157
478 2 2 20 20 2127 2157 2128
479 2 2 11 11 2127 2156 2157
480 2 2 11 11 2127 2157 2128
481 2 2 20 20 40 69 70
482 2 2 20 20 40 70 41
483 2 2 10 10 40 69 70
484 2 2 10 10 40 70 41
485 2 2 20 20 2128 2157 2158
486 2 2 20 20 2128 2158 2129
487 2 2 11 11 2128 2157 2158
488 2 2 11 11 2128 2158 2129
489 2 2 20 20 41 70 71
490 2 2 20 20 41 71 42
491 2 2 10 10 41 70 71
492 2 2 10 10 41 71 42
493 2 2 20 20 2129 2158 2159
494 2 2 20 20 2129 2159 2130
495 2 2 11 11 2129 2158 2159
496 2 2 11 11 2129 2159 2130
497 2 2 20 20 42 71 72
498 2 2 20 20 42 72 43
499 2 2 10 10 42 71 72
500 2 2 10 10 42 72 43
501 2 2 20 20 2130 2159 2160
502 2 2 20 20 2130 2160 2131
503 2 2 11 11 2130 2159 2160
504 2 2 11 11 2130 2160 2131
505 2 2 20 20 43 72 73
506 2 2 20 20 43 73 44
507 2 2 10 10 43 72 73
508 2 2 10 10 43 73 44
509 2 2 20 20 2131 2160 2161
510 2 2 20 20 2131 2161 2132
511 2 2 11 11 2131 2160 2161
512 2 2 11 11 2131 2161 2132
513 2 2 20 20 44 73 74
514 2 2 20 20 44 74 45
515 2 2 10 10 44 73 74
516 2 2 10 10 44 74 45
517 2 2 20 20 2132 2161 2162
518 2 2 20 20 2132 2162 2133
519 2 2 11 11 2132 2161 2162
520 2 2 11 11 2132 2162 2133
521 2 2 20 20 45 74 75
522 2 2 20 20 45 75 46
523 2 2 10 10 45 74 75
524 2 2 10 10 45 75 46
525 2 2 20 20 2133 2162 2163
526 2 2 20 20 2133 2163 2134
527 2 2 11 11 2133 2162 2163
528 2 2 11 11 2133 2163 2134
529 2 2 20 20 46 75 76
530 2 2 20 20 46 76 47
531 2 2 10 10 46 75 76
532 2 2 10 10 46 76 47
533 2 2 20 20 2134 2163 2164
534 2 2 20 20 2134 2164 2135
535 2 2 11 11 2134 2163 2164
536 2 2 11 11 2134 2164 2135
537 2 2 20 20 47 76 77
538 2 2 20 20 47 77 48
539 2 2 10 10 47 76 77
540 2 2 10 10 47 77 48
541 2 2 20 20 2135 2164 2165
542 2 2 20 20 2135 2165 2136
543 2 2 11 11 2135 2164 2165
544 2 2 11 11 2135 2165 2136
545 2 2 20 20 48 77 78
546 2 2 20 20 48 78 49
547 2 2 10 10 48 77 78
548 2 2 10 10 48 78 49
549 2 2 20 20 2136 2165 2166
550 2 2 20 20 2136 2166 2137
551 2 2 11 11 2136 2165 2166
552 2 2 11 11 2136 2166 2137
553 2 2 20 20 49 78 79
554 2 2 20 20 49 79 50
555 2 2 10 10 49 78 79
556 2 2 10 10 49 79 50
557 2 2 20 20 2137 2166 2167
558 2 2 20 20 2137 2167 2138
559 2 2 11 11 2137 2166 2167
560 2 2 11 11 2137 2167 2138
561 2 2 20 20 50 79 80
562 2 2 20 20 50 80 51
563 2 2 10 10 50 79 80
564 2 2 10 10 50 80 51
565 2 2 20 20 2138 2167 2168
566 2 2 20 20 2138 2168 2139
567 2 2 11 11 2138 2167 2168
568 2 2 11 11 2138 2168 2139
569 2 2 20 20 51 80 81
570 2 2 20 20 51 81 52
571 2 2 10 10 51 80 81
572 2 2 10 10 51 81 52
573 2 2 20 20 2139 2168 2169
574 2 2 20 20 2139 2169 2140
575 2 2 11 11 2139 2168 2169
576 2 2 11 11 2139 2169 2140
577 2 2 20 20 52 81 82
578 2 2 20 20 52 82 53
579 2 2 10 10 52 81 82
580 2 2 10 10 52 82 53
581 2 2 20 20 2140 2169 2170
582 2 2 20 20 2140 2170 2141
583 2 2 11 11 2140 2169 2170
584 2 2 11 11 2140 2170 2141
585 2 2 20 20 53 82 83
586 2 2 20 20 53 83 54
587 2 2 10 10 53 82 83
588 2 2 10 10 53 83 54
589 2 2 20 20 2141 2170 2171
590 2 2 20 20 2141 2171 2142
591 2 2 11 11 2141 2170 2171
592 2 2 11 11 2141 2171 2142
593 2 2 20 20 54 83 84
594 2 2 20 20 54 84 55
595 2 2 20 20 2142 2171 2172
596 2 2 20 20 2142 2172 2143
597 2 2 20 20 55 84 85
598 2 2 20 20 55 85 56
599 2 2 20 20 2143 2172 2173
600 2 2 20 20 2143 2173 2144
601 2 2 20 20 56 85 86
602 2 2 20 20 56 86 57
603 2 2 20 20 2144 2173 2174
604 2 2 20 20 2144 2174 2145
605 2 2 20 20 57 86 87
606 2 2 20 20 57 87 58
607 2 2 20 20 2145 2174 2175
608 2 2 20 20 2145 2175 2146
609 4 2 1 1 1 2 31 118
610 4 2 1 1 1 2 118 89
611 4 2 1 1 1 89 118 88
612 4 2 1 1 1 31 30 118
613 4 2 1 1 1 117 88 118
614 4 2 1 1 1 30 117 118
615 4 2 1 1 2 3 32 119
616 4 2 1 1 2 3 119 90
617 4 2 1 1 2 90 119 89
618 4 2 1 1 2 32 31 119
619 4 2 1 1 2 118 89 119
620 4 2 1 1 2 31 118 119
621 4 2 1 1 3 4 33 120
622 4 2 1 1 3 4 120 91
623 4 2 1 1 3 91 120 90
624 4 2 1 1 3 33 32 120
625 4 2 1 1 3 119 90 120
626 4 2 1 1 3 32 119 120
627 4 2 1 1 4 5 34 121
628 4 2 1 1 4 5 121 92
629 4 2 1 1 4 92 121 91
630 4 2 1 1 4 34 33 121
631 4 2 1 1 4 120 91 121
632 4 2 1 1 4 33 120 121
633 4 2 1 1 5 6 35 122
634 4 2 1 1 5 6 122 93
635 4 2 1 1 5 93 122 92
636 4 2 1 1 5 35 34 122
637 4 2 1 1 5 121 92 122
638 4 2 1 1 5 34 121 122
639 4 2 1 1 6 7 36 123
640 4 2 1 1 6 7 123 94
641 4 2 1 1 6 94 123 93
642 4 2 1 1 6 36 35 123
643 4 2 1 1 6 122 93 123
644 4 2 1 1 6 35 122 123
645 4 2 1 1 7 8 37 124
646 4 2 1 1 7 8 124 95
647 4 2 1 1 7 95 124 94
648 4 2 1 1 7 37 36 124
649 4 2 1 1 7 123 94 124
650 4 2 1 1 7 36 123 124
651 4 2 1 1 8 9 38 125
652 4 2 1 1 8 9 125 96
653 4 2 1 1 8 96 125 95
654 4 2 1 1 8 38 37 125
655 4 2 1 1 8 124 95 125
656 4 2 1 1 8 37 124 125
657 4 2 1 1 9 10 39 126
658 4 2 1 1 9 10 126 97
659 4 2 1 1 9 97 126 96
660 4 2 1 1 9 39 38 126
661 4 2 1 1 9 125 96 126
662 4 2 1 1 9 38 125 126
663 4 2 1 1 10 11 40 127
664 4 2 1 1 10 11 127 98
665 4 2 1 1 10 98 127 97
666 4 2 1 1 10 40 39 127
667 4 2 1 1 10 126 97 127
668 4 2 1 1 10 39 126 127
669 4 2 1 1 11 12 41 128
670 4 2 1 1 11 12 128 99
671 4 2 1 1 11 99 128 98
672 4 2 1 1 11 41 40 128
673 4 2 1 1 11 127 98 128
674 4 2 1 1 11 40 127 128
675 4 2 1 1 12 13 42 129
676 4 2 1 1 12 13 129 100
677 4 2 1 1 12 100 129 99
678 4 2 1 1 12 42 41 129
679 4 2 1 1 12 128 99 129
680 4 2 1 1 12 41 128 129
681 4 2 1 1 13 14 43 130
682 4 2 1 1 13 14 130 101
683 4 2 1 1 13 101 130 100
684 4 2 1 1 13 43 42 130
685 4 2 1 1 13 129 100 130
686 4 2 1 1 13 42 129 130
687 4 2 1 1 14 15 44 131
688 4 2 1 1 14 15 131 102
689 4 2 1 1 14 102 131 101
690 4 2 1 1 14 44 43 131
691 4 2 1 1 14 130 101 131
692 4 2 1 1 14 43 130 131
693 4 2 1 1 15 16 45 132
694 4 2 1 1 15 16 132 103
695 4 2 1 1 15 103 132 102
696 4 2 1 1 15 45 44 132
697 4 2 1 1 15 131 102 132
698 4 2 1 1 15 44 131 132
699 4 2 1 1 16 17 46 133
700 4 2 1 1 16 17 133 104
701 4 2 1 1 16 104 133 103
702 4 2 1 1 16 46 45 133
703 4 2 1 1 16 132 103 133
704 4 2 1 1 16 45 132 133
705 4 2 1 1 17 18 47 134
706 4 2 1 1 17 18 134 105
707 4 2 1 1 17 105 134 104
708 4 2 1 1 17 47 46 134
709 4 2 1 1 17 133 104 134
710 4 2 1 1 17 46 133 134
711 4 2 1 1 18 19 48 135
712 4 2 1 1 18 19 135 106
713 4 2 1 1 18 106 135 105
714 4 2 1 1 18 48 47 135
715 4 2 1 1 18 134 105 135
716 4 2 1 1 18 47 134 135
717 4 2 1 1 19 20 49 136
718 4 2 1 1 19 20 136 107
719 4 2 1 1 19 107 136 106
720 4 2 1 1 19 49 48 136
721 4 2 1 1 19 135 106 136
722 4 2 1 1 19 48 135 136
723 4 2 1 1 20 21 50 137
724 4 2 1 1 20 21 137 108
725 4 2 1 1 20 108 137 107
726 4 2 1 1 20 50 49 137
727 4 2 1 1 20 136 107 137
728 4 2 1 1 20 49 136 137
729 4 2 1 1 21 22 51 138
730 4 2 1 1 21 22 138 109
731 4 2 1 1 21 109 138 108
732 4 2 1 1 21 51 50 138
733 4 2 1 1 21 137 108 138
734 4 2 1 1 21 50 137 138
735 4 2 1 1 22 23 52 139
736 4 2 1 1 22 23 139 110
737 4 2 1 1 22 110 139 109
738 4 2 1 1 22 52 51 139
739 4 2 1 1 22 138 109 139
740 4 2 1 1 22 51 138 139
741 4 2 1 1 23 24 53 140
742 4 2 1 1 23 24 140 111
743 4 2 1 1 23 111 140 110
744 4 2 1 1 23 53 52 140
745 4 2 1 1 23 139 110 140
746 4 2 1 1 23 52 139 140
747 4 2 1 1 24 25 54 141
748 4 2 1 1 24 25 141 112
749 4 2 1 1 24 112 141 111
750 4 2 1 1 24 54 53 141
751 4 2 1 1 24 140 111 141
752 4 2 1 1 24 53 140 141
753 4 2 2 2 25 26 55 142
754 4 2 2 2 25 26 142 113
755 4 2 2 2 25 113 142 112
756 4 2 2 2 25 55 54 142
757 4 2 2 2 25 141 112 142
758 4 2 2 2 25 54 141 142
759 4 2 2 2 26 27 56 143
760 4 2 2 2 26 27 143 114
761 4 2 2 2 26 114 143 113
762 4 2 2 2 26 56 55 143
763 4 2 2 2 26 142 113 143
764 4 2 2 2 26 55 142 143
765 4 2 2 2 27 28 57 144
766 4 2 2 2 27 28 144 115
767 4 2 2 2 27 115 144 114
768 4 2 2 2 27 57 56 144
769 4 2 2 2 27 143 114 144
770 4 2 2 2 27 56 143 144
771 4 2 2 2 28 29 58 145
772 4 2 2 2 28 29 145 116
773 4 2 2 2 28 116 145 115
774 4 2 2 2 28 58 57 145
775 4 2 2 2 28 144 115 145
776 4 2 2 2 28 57 144 145
777 4 2 1 1 30 31 60 147
778 4 2 1 1 30 31 147 118
779 4 2 1 1 30 118 147 117
780 4 2 1 1 30 60 59 147
781 4 2 1 1 30 146 117 147
782 4 2 1 1 30 59 146 147
783 4 2 1 1 31 32 61 148
784 4 2 1 1 31 32 148 119
785 4 2 1 1 31 119 148 118
786 4 2 1 1 31 61 60 148
787 4 2 1 1 31 147 118 148
788 4 2 1 1 31 60 147 148
789 4 2 1 1 32 33 62 149
790 4 2 1 1 32 33 149 120
791 4 2 1 1 32 120 149 119
792 4 2 1 1 32 62 61 149
793 4 2 1 1 32 148 119 149
794 4 2 1 1 32 61 148 149
795 4 2 1 1 33 34 63 150
796 4 2 1 1 33 34 150 121
797 4 2 1 1 33 121 150 120
798 4 2 1 1 33 63 62 150
799 4 2 1 1 33 149 120 150
800 4 2 1 1 33 62 149 150
801 4 2 1 1 34 35 64 151
802 4 2 1 1 34 35 151 122
803 4 2 1 1 34 122 151 121
804 4 2 1 1 34 64 63 151
805 4 2 1 1 34 150 121 151
806 4 2 1 1 34 63 150 151
807 4 2 1 1 35 36 65 152
808 4 2 1 1 35 36 152 123
809 4 2 1 1 35 123 152 122
810 4 2 1 1 35 65 64 152
811 4 2 1 1 35 151 122 152
812 4 2 1 1 35 64 151 152
813 4 2 1 1 36 37 66 153
814 4 2 1 1 36 37 153 124
815 4 2 1 1 36 124 153 123
816 4 2 1 1 36 66 65 153
817 4 2 1 1 36 152 123 153
818 4 2 1 1 36 65 152 153
819 4 2 1 1 37 38 67 154
820 4 2 1 1 37 38 154 125
821 4 2 1 1 37 125 154 124
822 4 2 1 1 37 67 66 154
823 4 2 1 1 37 153 124 154
824 4 2 1 1 37 66 153 154
825 4 2 1 1 38 39 68 155
826 4 2 1 1 38 39 155 126
827 4 2 1 1 38 126 155 125
828 4 2 1 1 38 68 67 155
829 4 2 1 1 38 154 125 155
830 4 2 1 1 38 67 154 155
831 4 2 1 1 39 40 69 156
832 4 2 1 1 39 40 156 127
833 4 2 1 1 39 127 156 126
834 4 2 1 1 39 69 68 156
835 4 2 1 1 39 155 126 156
836 4 2 1 1 39 68 155 156
837 4 2 1 1 40 41 70 157
838 4 2 1 1 40 41 157 128
839 4 2 1 1 40 128 157 127
840 4 2 1 1 40 70 69 157
841 4 2 1 1 40 156 127 157
842 4 2 1 1 40 69 156 157
843 4 2 1 1 41 42 71 158
844 4 2 1 1 41 42 158 129
845 4 2 1 1 41 129 158 128
846 4 2 1 1 41 71 70 158
847 4 2 1 1 41 157 128 158
848 4 2 1 1 41 70 157 158
849 4 2 1 1 42 43 72 159
850 4 2 1 1 42 43 159 130
851 4 2 1 1 42 130 159 129
852 4 2 1 1 42 72 71 159
853 4 2 1 1 42 158 129 159
854 4 2 1 1 42 71 158 159
855 4 2 1 1 43 44 73 160
856 4 2 1 1 43 44 160 131
857 4 2 1 1 43 131 160 130
858 4 2 1 1 43 73 72 160
859 4 2 1 1 43 159 130 160
860 4 2 1 1 43 72 159 160
861 4 2 1 1 44 45 74 161
862 4 2 1 1 44 45 161 132
863 4 2 1 1 44 132 161 131
864 4 2 1 1 44 74 73 161
865 4 2 1 1 44 160 131 161
866 4 2 1 1 44 73 160 161
867 4 2 1 1 45 46 75 162
868 4 2 1 1 45 46 162 133
869 4 2 1 1 45 133 162 132
870 4 2 1 1 45 75 74 162
871 4 2 1 1 45 161 132 162
872 4 2 1 1 45 74 161 162
873 4 2 1 1 46 47 76 163
874 4 2 1 1 46 47 163 134
875 4 2 1 1 46 134 163 133
876 4 2 1 1 46 76 75 163
877 4 2 1 1 46 162 133 163
878 4 2 1 1 46 75 162 163
879 4 2 1 1 47 48 77 164
880 4 2 1 1 47 48 164 135
881 4 2 1 1 47 135 164 134
882 4 2 1 1 47 77 76 164
883 4 2 1 1 47 163 134 164
884 4 2 1 1 47 76 163 164
885 4 2 1 1 48 49 78 165
886 4 2 1 1 48 49 165 136
887 4 2 1 1 48 136 165 135
888 4 2 1 1 48 78 77 165
889 4 2 1 1 48 164 135 165
890 4 2 1 1 48 77 164 165
891 4 2 1 1 49 50 79 166
892 4 2 1 1 49 50 166 137
893 4 2 1 1 49 137 166 136
894 4 2 1 1 49 79 78 166
895 4 2 1 1 49 165 136 166
896 4 2 1 1 49 78 165 166
897 4 2 1 1 50 51 80 167
898 4 2 1 1 50 51 167 138
899 4 2 1 1 50 138 167 137
900 4 2 1 1 50 80 79 167
901 4 2 1 1 50 166 137 167
902 4 2 1 1 50 79 166 167
903 4 2 1 1 51 52 81 168
904 4 2 1 1 51 52 168 139
905 4 2 1 1 51 139 168 138
906 4 2 1 1 51 81 80 168
907 4 2 1 1 51 167 138 168
908 4 2 1 1 51 80 167 168
909 4 2 1 1 52 53 82 169
910 4 2 1 1 52 53 169 140
911 4 2 1 1 52 140 169 139
912 4 2 1 1 52 82 81 169
913 4 2 1 1 52 168 139 169
914 4 2 1 1 52 81 168 169
915 4 2 1 1 53 54 83 170
916 4 2 1 1 53 54 170 141
917 4 2 1 1 53 141 170 140
918 4 2 1 1 53 83 82 170
919 4 2 1 1 53 169 140 170
920 4 2 1 1 53 82 169 170
921 4 2 2 2 54 55 84 171
922 4 2 2 2 54 55 171 142
923 4 2 2 2 54 142 171 141
924 4 2 2 2 54 84 83 171
925 4 2 2 2 54 170 141 171
926 4 2 2 2 54 83 170 171
927 4 2 2 2 55 56 85 172
928 4 2 2 2 55 56 172 143
929 4 2 2 2 55 143 172 142
930 4 2 2 2 55 85 84 172
931 4 2 2 2 55 171 142 172
932 4 2 2 2 55 84 171 172
933 4 2 2 2 56 57 86 173
934 4 2 2 2 56 57 173 144
935 4 2 2 2 56 144 173 143
936 4 2 2 2 56 86 85 173
937 4 2 2 2 56 172 143 173
938 4 2 2 2 56 85 172 173
939 4 2 2 2 57 58 87 174
940 4 2 2 2 57 58 174 145
941 4 2 2 2 57 145 174 144
942 4 2 2 2 57 87 86 174
943 4 2 2 2 57 173 144 174
944 4 2 2 2 57 86 173 174
945 4 2 1 1 88 89 118 205
946 4 2 1 1 88 89 205 176
947 4 2 1 1 88 176 205 175
948 4 2 1 1 88 118 117 205
949 4 2 1 1 88 204 175 205
950 4 2 1 1 88 117 204 205
951 4 2 1 1 89 90 119 206
952 4 2 1 1 89 90 206 177
953 4 2 1 1 89 177 206 176
954 4 2 1 1 89 119 118 206
955 4 2 1 1 89 205 176 206
956 4 2 1 1 89 118 205 206
957 4 2 1 1 90 91 120 207
958 4 2 1 1 90 91 207 178
959 4 2 1 1 90 178 207 177
960 4 2 1 1 90 120 119 207
961 4 2 1 1 90 206 177 207
962 4 2 1 1 90 119 206 207
963 4 2 1 1 91 92 121 208
964 4 2 1 1 91 92 208 179
965 4 2 1 1 91 179 208 178
966 4 2 1 1 91 121 120 208
967 4 2 1 1 91 207 178 208
968 4 2 1 1 91 120 207 208
969 4 2 1 1 92 93 122 209
970 4 2 1 1 92 93 209 180
971 4 2 1 1 92 180 209 179
972 4 2 1 1 92 122 121 209
973 4 2 1 1 92 208 179 209
974 4 2 1 1 92 121 208 209
975 4 2 1 1 93 94 123 210
976 4 2 1 1 93 94 210 181
977 4 2 1 1 93 181 210 180
978 4 2 1 1 93 123 122 210
979 4 2 1 1 93 209 180 210
980 4 2 1 1 93 122 209 210
981 4 2 1 1 94 95 124 211
982 4 2 1 1 94 95 211 182
983 4 2 1 1 94 182 211 181
984 4 2 1 1 94 124 123 211
985 4 2 1 1 94 210 181 211
986 4 2 1 1 94 123 210 211
987 4 2 1 1 95 96 125 212
988 4 2 1 1 95 96 212 183
989 4 2 1 1 95 183 212 182
990 4 2 1 1 95 125 124 212
991 4 2 1 1 95 211 182 212
992 4 2 1 1 95 124 211 212
993 4 2 1 1 96 97 126 213
994 4 2 1 1 96 97 213 184
995 4 2 1 1 96 184 213 183
996 4 2 1 1 96 126 125 213
997 4 2 1 1 96 212 183 213
998 4 2 1 1 96 125 212 213
999 4 2 1 1 97 98 127 214
1000 4 2 1 1 97 98 214 185
1001 4 2 1 1 97 185 214 184
1002 4 2 1 1 97 127 126 214
1003 4 2 1 1 97 213 184 214
1004 4 2 1 1 97 126 213 214
1005 4 2 1 1 98 99 128 215
1006 4 2 1 1 98 99 215 186
1007 4 2 1 1 98 186 215 185
1008 4 2 1 1 98 128 127 215
1009 4 2 1 1 98 214 185 215
1010 4 2 1 1 98 127 214 215
1011 4 2 1 1 99 100 129 216
1012 4 2 1 1 99 100 216 187
1013 4 2 1 1 99 187 216 186
1014 4 2 1 1 99 129 128 216
1015 4 2 1 1 99 215 186 216
1016 4 2 1 1 99 128 215 216
1017 4 2 1 1 100 101 130 217
1018 4 2 1 1 100 101 217 188
1019 4 2 1 1 100 188 217 187
1020 4 2 1 1 100 130 129 217
1021 4 2 1 1 100 216 187 217
1022 4 2 1 1 100 129 216 217
1023 4 2 1 1 101 102 131 218
1024 4 2 1 1 101 102 218 189
1025 4 2 1 1 101 189 218 188
1026 4 2 1 1 101 131 130 218
1027 4 2 1 1 101 217 188 218
1028 4 2 1 1 101 130 217 218
1029 4 2 1 1 102 103 132 219
1030 4 2 1 1 102 103 219 190
1031 4 2 1 1 102 190 219 189
1032 4 2 1 1 102 132 131 219
1033 4 2 1 1 102 218 189 219
1034 4 2 1 1 102 131 218 219
1035 4 2 1 1 103 104 133 220
1036 4 2 1 1 103 104 220 191
1037 4 2 1 1 103 191 220 190
1038 4 2 1 1 103 133 132 220
1039 4 2 1 1 103 219 190 220
1040 4 2 1 1 103 132 219 220
1041 4 2 1 1 104 105 134 221
1042 4 2 1 1 104 105 221 192
1043 4 2 1 1 104 192 221 191
1044 4 2 1 1 104 134 133 221
1045 4 2 1 1 104 220 191 221
1046 4 2 1 1 104 133 220 221
1047 4 2 1 1 105 106 135 222
1048 4 2 1 1 105 106 222 193
1049 4 2 1 1 105 193 222 192
1050 4 2 1 1 105 135 134 222
1051 4 2 1 1 105 221 192 222
1052 4 2 1 1 105 134 221 222
1053 4 2 1 1 106 107 136 223
1054 4 2 1 1 106 107 223 194
1055 4 2 1 1 106 194 223 193
1056 4 2 1 1 106 136 135 223
1057 4 2 1 1 106 222 193 223
1058 4 2 1 1 106 135 222 223
1059 4 2 1 1 107 108 137 224
1060 4 2 1 1 107 108 224 195
1061 4 2 1 1 107 195 224 194
1062 4 2 1 1 107 137 136 224
1063 4 2 1 1 107 223 194 224
1064 4 2 1 1 107 136 223 224
1065 4 2 1 1 108 109 138 225
1066 4 2 1 1 108 109 225 196
1067 4 2 1 1 108 196 225 195
1068 4 2 1 1 108 138 137 225
1069 4 2 1 1 108 224 195 225
1070 4 2 1 1 108 137 224 225
1071 4 2 1 1 109 110 139 226
1072 4 2 1 1 109 110 226 197
1073 4 2 1 1 109 197 226 196
1074 4 2 1 1 109 139 138 226
1075 4 2 1 1 109 225 196 226
1076 4 2 1 1 109 138 225 226
1077 4 2 1 1 110 111 140 227
1078 4 2 1 1 110 111 227 198
1079 4 2 1 1 110 198 227 197
1080 4 2 1 1 110 140 139 227
1081 4 2 1 1 110 226 197 227
1082 4 2 1 1 110 139 226 227
1083 4 2 1 1 111 112 141 228
1084 4 2 1 1 111 112 228 199
1085 4 2 1 1 111 199 228 198
1086 4 2 1 1 111 141 140 228
1087 4 2 1 1 111 227 198 228
1088 4 2 1 1 111 140 227 228
1089 4 2 2 2 112 113 142 229
1090 4 2 2 2 112 113 229 200
1091 4 2 2 2 112 200 229 199
1092 4 2 2 2 112 142 141 229
1093 4 2 2 2 112 228 199 229
1094 4 2 2 2 112 141 228 229
1095 4 2 2 2 113 114 143 230
1096 4 2 2 2 113 114 230 201
1097 4 2 2 2 113 201 230 200
1098 4 2 2 2 113 143 142 230
1099 4 2 2 2 113 229 200 230
1100 4 2 2 2 113 142 229 230
1101 4 2 2 2 114 115 144 231
1102 4 2 2 2 114 115 231 202
1103 4 2 2 2 114 202 231 201
1104 4 2 2 2 114 144 143 231
1105 4 2 2 2 114 230 201 231
1106 4 2 2 2 114 143 230 231
1107 4 2 2 2 115 116 145 232
1108 4 2 2 2 115 116 232 203
1109 4 2 2 2 115 203 232 202
1110 4 2 2 2 115 145 144 232
1111 4 2 2 2 115 231 202 232
1112 4 2 2 2 115 144 231 232
1113 4 2 1 1 117 118 147 234
1114 4 2 1 1 117 118 234 205
1115 4 2 1 1 117 205 234 204
1116 4 2 1 1 117 147 146 234
1117 4 2 1 1 117 233 204 234
1118 4 2 1 1 117 146 233 234
1119 4 2 1 1 118 119 148 235
1120 4 2 1 1 118 119 235 206
1121 4 2 1 1 118 206 235 205
1122 4 2 1 1 118 148 147 235
1123 4 2 1 1 118 234 205 235
1124 4 2 1 1 118 147 234 235
1125 4 2 1 1 119 120 149 236
1126 4 2 1 1 119 120 236 207
1127 4 2 1 1 119 207 236 206
1128 4 2 1 1 119 149 148 236
1129 4 2 1 1 119 235 206 236
1130 4 2 1 1 119 148 235 236
1131 4 2 1 1 120 121 150 237
1132 4 2 1 1 120 121 237 208
1133 4 2 1 1 120 208 237 207
1134 4 2 1 1 120 150 149 237
1135 4 2 1 1 120 236 207 237
1136 4 2 1 1 120 149 236 237
1137 4 2 1 1 121 122 151 238
1138 4 2 1 1 121 122 238 209
1139 4 2 1 1 121 209 238 208
1140 4 2 1 1 121 151 150 238
1141 4 2 1 1 121 237 208 238
1142 4 2 1 1 121 150 237 238
1143 4 2 1 1 122 123 152 239
1144 4 2 1 1 122 123 239 210
1145 4 2 1 1 122 210 239 209
1146 4 2 1 1 122 152 151 239
1147 4 2 1 1 122 238 209 239
1148 4 2 1 1 122 151 238 239
1149 4 2 1 1 123 124 153 240
1150 4 2 1 1 123 124 240 211
1151 4 2 1 1 123 211 240 210
1152 4 2 1 1 123 153 152 240
1153 4 2 1 1 123 239 210 240
1154 4 2 1 1 123 152 239 240
1155 4 2 1 1 124 125 154 241
1156 4 2 1 1 124 125 241 212
1157 4 2 1 1 124 212 241 211
1158 4 2 1 1 124 154 153 241
1159 4 2 1 1 124 240 211 241
1160 4 2 1 1 124 153 240 241
1161 4 2 1 1 125 126 155 242
1162 4 2 1 1 125 126 242 213
1163 4 2 1 1 125 213 242 212
1164 4 2 1 1 125 155 154 242
1165 4 2 1 1 125 241 212 242
1166 4 2 1 1 125 154 241 242
1167 4 2 1 1 126 127 156 243
1168 4 2 1 1 126 127 243 214
1169 4 2 1 1 126 214 243 213
1170 4 2 1 1 126 156 155 243
1171 4 2 1 1 126 242 213 243
1172 4 2 1 1 126 155 242 243
1173 4 2 1 1 127 128 157 244
1174 4 2 1 1 127 128 244 215
1175 4 2 1 1 127 215 244 214
1176 4 2 1 1 127 157 156 244
1177 4 2 1 1 127 243 214 244
1178 4 2 1 1 127 156 243 244
1179 4 2 1 1 128 129 158 245
1180 4 2 1 1 128 129 245 216
1181 4 2 1 1 128 216 245 215
1182 4 2 1 1 128 158 157 245
1183 4 2 1 1 128 244 215 245
1184 4 2 1 1 128 157 244 245
1185 4 2 1 1 129 130 159 246
1186 4 2 1 1 129 130 246 217
1187 4 2 1 1 129 217 246 216
1188 4 2 1 1 129 159 158 246
1189 4 2 1 1 129 245 216 246
1190 4 2 1 1 129 158 245 246
1191 4 2 1 1 130 131 160 247
1192 4 2 1 1 130 131 247 218
1193 4 2 1 1 130 218 247 217
1194 4 2 1 1 130 160 159 247
1195 4 2 1 1 130 246 217 247
1196 4 2 1 1 130 159 246 247
1197 4 2 1 1 131 132 161 248
1198 4 2 1 1 131 132 248 219
1199 4 2 1 1 131 219 248 218
1200 4 2 1 1 131 161 160 248
1201 4 2 1 1 131 247 218 248
1202 4 2 1 1 131 160 247 248
1203 4 2 1 1 132 133 162 249
1204 4 2 1 1 132 133 249 220
1205 4 2 1 1 132 220 249 219
1206 4 2 1 1 132 162 161 249
1207 4 2 1 1 132 248 219 249
1208 4 2 1 1 132 161 248 249
1209 4 2 1 1 133 134 163 250
1210 4 2 1 1 133 134 250 221
1211 4 2 1 1 133 221 250 220
1212 4 2 1 1 133 163 162 250
1213 4 2 1 1 133 249 220 250
1214 4 2 1 1 133 162 249 250
1215 4 2 1 1 134 135 164 251
1216 4 2 1 1 134 135 251 222
1217 4 2 1 1 134 222 251 221
1218 4 2 1 1 134 164 163 251
1219 4 2 1 1 134 250 221 251
1220 4 2 1 1 134 163 250 251
1221 4 2 1 1 135 136 165 252
1222 4 2 1 1 135 136 252 223
1223 4 2 1 1 135 223 252 222
1224 4 2 1 1 135 165 164 252
1225 4 2 1 1 135 251 222 252
1226 4 2 1 1 135 164 251 252
1227 4 2 1 1 136 137 166 253
1228 4 2 1 1 136 137 253 224
1229 4 2 1 1 136 224 253 223
1230 4 2 1 1 136 166 165 253
1231 4 2 1 1 136 252 223 253
1232 4 2 1 1 136 165 252 253
1233 4 2 1 1 137 138 167 254
1234 4 2 1 1 137 138 254 225
1235 4 2 1 1 137 225 254 224
1236 4 2 1 1 137 167 166 254
1237 4 2 1 1 137 253 224 254
1238 4 2 1 1 137 166 253 254
1239 4 2 1 1 138 139 168 255
1240 4 2 1 1 138 139 255 226
1241 4 2 1 1 138 226 255 225
1242 4 2 1 1 138 168 167 255
1243 4 2 1 1 138 254 225 255
1244 4 2 1 1 138 167 254 255
1245 4 2 1 1 139 140 169 256
1246 4 2 1 1 139 140 256 227
1247 4 2 1 1 139 227 256 226
1248 4 2 1 1 139 169 168 256
1249 4 2 1 1 139 255 226 256
1250 4 2 1 1 139 168 255 256
1251 4 2 1 1 140 141 170 257
1252 4 2 1 1 140 141 257 228
1253 4 2 1 1 140 228 257 227
1254 4 2 1 1 140 170 169 257
1255 4 2 1 1 140 256 227 257
1256 4 2 1 1 140 169 256 257
1257 4 2 2 2 141 142 171 258
1258 4 2 2 2 141 142 258 229
1259 4 2 2 2 141 229 258 228
1260 4 2 2 2 141 171 170 258
1261 4 2 2 2 141 257 228 258
1262 4 2 2 2 141 170 257 258
1263 4 2 2 2 142 143 172 259
1264 4 2 2 2 142 143 259 230
1265 4 2 2 2 142 230 259 229
1266 4 2 2 2 142 172 171 259
1267 4 2 2 2 142 258 229 259
1268 4 2 2 2 142 171 258 259
1269 4 2 2 2 143 144 173 260
1270 4 2 2 2 143 144 260 231
1271 4 2 2 2 143 231 260 230
1272 4 2 2 2 143 173 172 260
1273 4 2 2 2 143 259 230 260
1274 4 2 2 2 143 172 259 260
1275 4 2 2 2 144 145 174 261
1276 4 2 2 2 144 145 261 232
1277 4 2 2 2 144 232 261 231
1278 4 2 2 2 144 174 173 261
1279 4 2 2 2 144 260 231 261
1280 4 2 2 2 144 173 260 261
1281 4 2 1 1 175 176 205 292
1282 4 2 1 1 175 176 292 263
1283 4 2 1 1 175 263 292 262
1284 4 2 1 1 175 205 204 292
1285 4 2 1 1 175 291 262 292
1286 4 2 1 1 175 204 291 292
1287 4 2 1 1 176 177 206 293
1288 4 2 1 1 176 177 293 264
1289 4 2 1 1 176 264 293 263
1290 4 2 1 1 176 206 205 293
1291 4 2 1 1 176 292 263 293
1292 4 2 1 1 176 205 292 293
1293 4 2 1 1 177 178 207 294
1294 4 2 1 1 177 178 294 265
1295 4 2 1 1 177 265 294 264
1296 4 2 1 1 177 207 206 294
1297 4 2 1 1 177 293 264 294
1298 4 2 1 1 177 206 293 294
1299 4 2 1 1 178 179 208 295
1300 4 2 1 1 178 179 295 266
1301 4 2 1 1 178 266 295 265
1302 4 2 1 1 178 208 207 295
1303 4 2 1 1 178 294 265 295
1304 4 2 1 1 178 207 294 295
1305 4 2 1 1 179 180 209 296
1306 4 2 1 1 179 180 296 267
1307 4 2 1 1 179 267 296 266
1308 4 2 1 1 179 209 208 296
1309 4 2 1 1 179 295 266 296
1310 4 2 1 1 179 208 295 296
1311 4 2 1 1 180 181 210 297
1312 4 2 1 1 180 181 297 268
1313 4 2 1 1 180 268 297 267
1314 4 2 1 1 180 210 209 297
1315 4 2 1 1 180 296 267 297
1316 4 2 1 1 180 209 296 297
1317 4 2 1 1 181 182 211 298
1318 4 2 1 1 181 182 298 269
1319 4 2 1 1 181 269 298 268
1320 4 2 1 1 181 211 210 298
1321 4 2 1 1 181 297 268 298
1322 4 2 1 1 181 210 297 298
1323 4 2 1 1 182 183 212 299
1324 4 2 1 1 182 183 299 270
1325 4 2 1 1 182 270 299 269
1326 4 2 1 1 182 212 211 299
1327 4 2 1 1 182 298 269 299
1328 4 2 1 1 182 211 298 299
1329 4 2 1 1 183 184 213 300
1330 4 2 1 1 183 184 300 271
1331 4 2 1 1 183 271 300 270
1332 4 2 1 1 183 213 212 300
1333 4 2 1 1 183 299 270 300
1334 4 2 1 1 183 212 299 300
1335 4 2 1 1 184 185 214 301
1336 4 2 1 1 184 185 301 272
1337 4 2 1 1 184 272 301 271
1338 4 2 1 1 184 214 213 301
1339 4 2 1 1 184 300 271 301
1340 4 2 1 1 184 213 300 301
1341 4 2 1 1 185 186 215 302
1342 4 2 1 1 185 186 302 273
1343 4 2 1 1 185 273 302 272
1344 4 2 1 1 185 215 214 302
1345 4 2 1 1 185 301 272 302
1346 4 2 1 1 185 214 301 302
1347 4 2 1 1 186 187 216 303
1348 4 2 1 1 186 187 303 274
1349 4 2 1 1 186 274 303 273
1350 4 2 1 1 186 216 215 303
1351 4 2 1 1 186 302 273 303
1352 4 2 1 1 186 215 302 303
1353 4 2 1 1 187 188 217 304
1354 4 2 1 1 187 188 304 275
1355 4 2 1 1 187 275 304 274
1356 4 2 1 1 187 217 216 304
1357 4 2 1 1 187 303 274 304
1358 4 2 1 1 187 216 303 304
1359 4 2 1 1 188 189 218 305
1360 4 2 1 1 188 189 305 276
1361 4 2 1 1 188 276 305 275
1362 4 2 1 1 188 218 217 305
1363 4 2 1 1 188 304 275 305
1364 4 2 1 1 188 217 304 305
1365 4 2 1 1 189 190 219 306
1366 4 2 1 1 189 190 306 277
1367 4 2 1 1 189 277 306 276
1368 4 2 1 1 189 219 218 306
1369 4 2 1 1 189 305 276 306
1370 4 2 1 1 189 218 305 306
1371 4 2 1 1 190 191 220 307
1372 4 2 1 1 190 191 307 278
1373 4 2 1 1 190 278 307 277
1374 4 2 1 1 190 220 219 307
1375 4 2 1 1 190 306 277 307
1376 4 2 1 1 190 219 306 307
1377 4 2 1 1 191 192 221 308
1378 4 2 1 1 191 192 308 279
1379 4 2 1 1 191 279 308 278
1380 4 2 1 1 191 221 220 308
1381 4 2 1 1 191 307 278 308
1382 4 2 1 1 191 220 307 308
1383 4 2 1 1 192 193 222 309
1384 4 2 1 1 192 193 309 280
1385 4 2 1 1 192 280 309 279
1386 4 2 1 1 192 222 221 309
1387 4 2 1 1 192 308 279 309
1388 4 2 1 1 192 221 308 309
1389 4 2 1 1 193 194 223 310
1390 4 2 1 1 193 194 310 281
1391 4 2 1 1 193 281 310 280
1392 4 2 1 1 193 223 222 310
1393 4 2 1 1 193 309 280 310
1394 4 2 1 1 193 222 309 310
1395 4 2 1 1 194 195 224 311
1396 4 2 1 1 194 195 311 282
1397 4 2 1 1 194 282 311 281
1398 4 2 1 1 194 224 223 311
1399 4 2 1 1 194 310 281 311
1400 4 2 1 1 194 223 310 311
1401 4 2 1 1 195 196 225 312
1402 4 2 1 1 195 196 312 283
1403 4 2 1 1 195 283 312 282
1404 4 2 1 1 195 225 224 312
1405 4 2 1 1 195 311 282 312
1406 4 2 1 1 195 224 311 312
1407 4 2 1 1 196 197 226 313
1408 4 2 1 1 196 197 313 284
1409 4 2 1 1 196 284 313 283
1410 4 2 1 1 196 226 225 313
1411 4 2 1 1 196 312 283 313
1412 4 2 1 1 196 225 312 313
1413 4 2 1 1 197 198 227 314
1414 4 2 1 1 197 198 314 285
1415 4 2 1 1 197 285 314 284
1416 4 2 1 1 197 227 226 314
1417 4 2 1 1 197 313 284 314
1418 4 2 1 1 197 226 313 314
1419 4 2 1 1 198 199 228 315
1420 4 2 1 1 198 199 315 286
1421 4 2 1 1 198 286 315 285
1422 4 2 1 1 198 228 227 315
1423 4 2 1 1 198 314 285 315
1424 4 2 1 1 198 227 314 315
1425 4 2 2 2 199 200 229 316
1426 4 2 2 2 199 200 316 287
1427 4 2 2 2 199 287 316 286
1428 4 2 2 2 199 229 228 316
1429 4 2 2 2 199 315 286 316
1430 4 2 2 2 199 228 315 316
1431 4 2 2 2 200 201 230 317
1432 4 2 2 2 200 201 317 288
1433 4 2 2 2 200 288 317 287
1434 4 2 2 2 200 230 229 317
1435 4 2 2 2 200 316 287 317
1436 4 2 2 2 200 229 316 317
1437 4 2 2 2 201 202 231 318
1438 4 2 2 2 201 202 318 289
1439 4 2 2 2 201 289 318 288
1440 4 2 2 2 201 231 230 318
1441 4 2 2 2 201 317 288 318
1442 4 2 2 2 201 230 317 318
1443 4 2 2 2 202 203 232 319
1444 4 2 2 2 202 203 319 290
1445 4 2 2 2 202 290 319 289
1446 4 2 2 2 202 232 231 319
1447 4 2 2 2 202 318 289 319
1448 4 2 2 2 202 231 318 319
1449 4 2 1 1 204 205 234 321
1450 4 2 1 1 204 205 321 292
1451 4 2 1 1 204 292 321 291
1452 4 2 1 1 204 234 233 321
1453 4 2 1 1 204 320 291 321
1454 4 2 1 1 204 233 320 321
1455 4 2 1 1 205 206 235 322
1456 4 2 1 1 205 206 322 293
1457 4 2 1 1 205 293 322 292
1458 4 2 1 1 205 235 234 322
1459 4 2 1 1 205 321 292 322
1460 4 2 1 1 205 234 321 322
1461 4 2 1 1 206 207 236 323
1462 4 2 1 1 206 207 323 294
1463 4 2 1 1 206 294 323 293
1464 4 2 1 1 206 236 235 323
1465 4 2 1 1 206 322 293 323
1466 4 2 1 1 206 235 322 323
1467 4 2 1 1 207 208 237 324
1468 4 2 1 1 207 208 324 295
1469 4 2 1 1 207 295 324 294
1470 4 2 1 1 207 237 236 324
1471 4 2 1 1 207 323 294 324
1472 4 2 1 1 207 236 323 324
1473 4 2 1 1 208 209 238 325
1474 4 2 1 1 208 209 325 296
1475 4 2 1 1 208 296 325 295
1476 4 2 1 1 208 238 237 325
1477 4 2 1 1 208 324 295 325
1478 4 2 1 1 208 237 324 325
1479 4 2 1 1 209 210 239 326
1480 4 2 1 1 209 210 326 297
1481 4 2 1 1 209 297 326 296
1482 4 2 1 1 209 239 238 326
1483 4 2 1 1 209 325 296 326
1484 4 2 1 1 209 238 325 326
1485 4 2 1 1 210 211 240 327
1486 4 2 1 1 210 211 327 298
1487 4 2 1 1 210 298 327 297
1488 4 2 1 1 210 240 239 327
1489 4 2 1 1 210 326 297 327
1490 4 2 1 1 210 239 326 327
1491 4 2 1 1 211 212 241 328
1492 4 2 1 1 211 212 328 299
1493 4 2 1 1 211 299 328 298
1494 4 2 1 1 211 241 240 328
1495 4 2 1 1 211 327 298 328
1496 4 2 1 1 211 240 327 328
1497 4 2 1 1 212 213 242 329
1498 4 2 1 1 212 213 329 300
1499 4 2 1 1 212 300 329 299
1500 4 2 1 1 212 242 241 329
1501 4 2 1 1 212 328 299 329
1502 4 2 1 1 212 241 328 329
1503 4 2 1 1 213 214 243 330
1504 4 2 1 1 213 214 330 301
1505 4 2 1 1 213 301 330 300
1506 4 2 1 1 213 243 242 330
1507 4 2 1 1 213 329 300 330
1508 4 2 1 1 213 242 329 330
1509 4 2 1 1 214 215 244 331
1510 4 2 1 1 214 215 331 302
1511 4 2 1 1 214 302 331 301
1512 4 2 1 1 214 244 243 331
1513 4 2 1 1 214 330 301 331
1514 4 2 1 1 214 243 330 331
1515 4 2 1 1 215 216 245 332
1516 4 2 1 1 215 216 332 303
1517 4 2 1 1 215 303 332 302
1518 4 2 1 1 215 245 244 332
1519 4 2 1 1 215 331 302 332
1520 4 2 1 1 215 244 331 332
1521 4 2 1 1 216 217 246 333
1522 4 2 1 1 216 217 333 304
1523 4 2 1 1 216 304 333 303
1524 4 2 1 1 216 246 245 333
1525 4 2 1 1 216 332 303 333
1526 4 2 1 1 216 245 332 333
1527 4 2 1 1 217 218 247 334
1528 4 2 1 1 217 218 334 305
1529 4 2 1 1 217 305 334 304
1530 4 2 1 1 217 247 246 334
1531 4 2 1 1 217 333 304 334
1532 4 2 1 1 217 246 333 334
1533 4 2 1 1 218 219 248 335
1534 4 2 1 1 218 219 335 306
1535 4 2 1 1 218 306 335 305
1536 4 2 1 1 218 248 247 335
1537 4 2 1 1 218 334 305 335
1538 4 2 1 1 218 247 334 335
1539 4 2 1 1 219 220 249 336
1540 4 2 1 1 219 220 336 307
1541 4 2 1 1 219 307 336 306
1542 4 2 1 1 219 249 248 336
1543 4 2 1 1 219 335 306 336
1544 4 2 1 1 219 248 335 336
1545 4 2 1 1 220 221 250 337
1546 4 2 1 1 220 221 337 308
1547 4 2 1 1 220 308 337 307
1548 4 2 1 1 220 250 249 337
1549 4 2 1 1 220 336 307 337
1550 4 2 1 1 220 249 336 337
1551 4 2 1 1 221 222 251 338
1552 4 2 1 1 221 222 338 309
1553 4 2 1 1 221 309 338 308
1554 4 2 1 1 221 251 250 338
1555 4 2 1 1 221 337 308 338
1556 4 2 1 1 221 250 337 338
1557 4 2 1 1 222 223 252 339
1558 4 2 1 1 222 223 339 310
1559 4 2 1 1 222 310 339 309
1560 4 2 1 1 222 252 251 339
1561 4 2 1 1 222 338 309 339
1562 4 2 1 1 222 251 338 339
1563 4 2 1 1 223 224 253 340
1564 4 2 1 1 223 224 340 311
1565 4 2 1 1 223 311 340 310
1566 4 2 1 1 223 253 252 340
1567 4 2 1 1 223 339 310 340
1568 4 2 1 1 223 252 339 340
1569 4 2 1 1 224 225 254 341
1570 4 2 1 1 224 225 341 312
1571 4 2 1 1 224 312 341 311
1572 4 2 1 1 224 254 253 341
1573 4 2 1 1 224 340 311 341
1574 4 2 1 1 224 253 340 341
1575 4 2 1 1 225 226 255 342
1576 4 2 1 1 225 226 342 313
1577 4 2 1 1 225 313 342 312
1578 4 2 1 1 225 255 254 342
1579 4 2 1 1 225 341 312 342
1580 4 2 1 1 225 254 341 342
1581 4 2 1 1 226 227 256 343
1582 4 2 1 1 226 227 343 314
1583 4 2 1 1 226 314 343 313
1584 4 2 1 1 226 256 255 343
1585 4 2 1 1 226 342 313 343
1586 4 2 1 1 226 255 342 343
1587 4 2 1 1 227 228 257 344
1588 4 2 1 1 227 228 344 315
1589 4 2 1 1 227 315 344 314
1590 4 2 1 1 227 257 256 344
1591 4 2 1 1 227 343 314 344
1592 4 2 1 1 227 256 343 344
1593 4 2 2 2 228 229 258 345
1594 4 2 2 2 228 229 345 316
1595 4 2 2 2 228 316 345 315
1596 4 2 2 2 228 258 257 345
1597 4 2 2 2 228 344 315 345
1598 4 2 2 2 228 257 344 345
1599 4 2 2 2 229 230 259 346
1600 4 2 2 2 229 230 346 317
1601 4 2 2 2 229 317 346 316
1602 4 2 2 2 229 259 258 346
1603 4 2 2 2 229 345 316 346
1604 4 2 2 2 229 258 345 346
1605 4 2 2 2 230 231 260 347
1606 4 2 2 2 230 231 347 318
1607 4 2 2 2 230 318 347 317
1608 4 2 2 2 230 260 259 347
1609 4 2 2 2 230 346 317 347
1610 4 2 2 2 230 259 346 347
1611 4 2 2 2 231 232 261 348
1612 4 2 2 2 231 232 348 319
1613 4 2 2 2 231 319 348 318
1614 4 2 2 2 231 261 260 348
1615 4 2 2 2 231 347 318 348
1616 4 2 2 2 231 260 347 348
1617 4 2 1 1 262 263 292 379
1618 4 2 1 1 262 263 379 350
1619 4 2 1 1 262 350 379 349
1620 4 2 1 1 262 292 291 379
1621 4 2 1 1 262 378 349 379
1622 4 2 1 1 262 291 378 379
1623 4 2 1 1 263 264 293 380
1624 4 2 1 1 263 264 380 351
1625 4 2 1 1 263 351 380 350
1626 4 2 1 1 263 293 292 380
1627 4 2 1 1 263 379 350 380
1628 4 2 1 1 263 292 379 380
1629 4 2 1 1 264 265 294 381
1630 4 2 1 1 264 265 381 352
1631 4 2 1 1 264 352 381 351
1632 4 2 1 1 264 294 293 381
1633 4 2 1 1 264 380 351 381
1634 4 2 1 1 264 293 380 381
1635 4 2 1 1 265 266 295 382
1636 4 2 1 1 265 266 382 353
1637 4 2 1 1 265 353 382 352
1638 4 2 1 1 265 295 294 382
1639 4 2 1 1 265 381 352 382
1640 4 2 1 1 265 294 381 382
1641 4 2 1 1 266 267 296 383
1642 4 2 1 1 266 267 383 354
1643 4 2 1 1 266 354 383 353
1644 4 2 1 1 266 296 295 383
1645 4 2 1 1 266 382 353 383
1646 4 2 1 1 266 295 382 383
1647 4 2 1 1 267 268 297 384
1648 4 2 1 1 267 268 384 355
1649 4 2 1 1 267 355 384 354
1650 4 2 1 1 267 297 296 384
1651 4 2 1 1 267 383 354 384
1652 4 2 1 1 267 296 383 384
1653 4 2 1 1 268 269 298 385
1654 4 2 1 1 268 269 385 356
1655 4 2 1 1 268 356 385 355
1656 4 2 1 1 268 298 297 385
1657 4 2 1 1 268 384 355 385
1658 4 2 1 1 268 297 384 385
1659 4 2 1 1 269 270 299 386
1660 4 2 1 1 269 270 386 357
1661 4 2 1 1 269 357 386 356
1662 4 2 1 1 269 299 298 386
1663 4 2 1 1 269 385 356 386
1664 4 2 1 1 269 298 385 386
1665 4 2 1 1 270 271 300 387
1666 4 2 1 1 270 271 387 358
1667 4 2 1 1 270 358 387 357
1668 4 2 1 1 270 300 299 387
1669 4 2 1 1 270 386 357 387
1670 4 2 1 1 270 299 386 387
1671 4 2 1 1 271 272 301 388
1672 4 2 1 1 271 272 388 359
1673 4 2 1 1 271 359 388 358
1674 4 2 1 1 271 301 300 388
1675 4 2 1 1 271 387 358 388
1676 4 2 1 1 271 300 387 388
1677 4 2 1 1 272 273 302 389
1678 4 2 1 1 272 273 389 360
1679 4 2 1 1 272 360 389 359
1680 4 2 1 1 272 302 301 389
1681 4 2 1 1 272 388 359 389
1682 4 2 1 1 272 301 388 389
1683 4 2 1 1 273 274 303 390
1684 4 2 1 1 273 274 390 361
1685 4 2 1 1 273 361 390 360
1686 4 2 1 1 273 303 302 390
1687 4 2 1 1 273 389 360 390
1688 4 2 1 1 273 302 389 390
1689 4 2 1 1 274 275 304 391
1690 4 2 1 1 274 275 391 362
1691 4 2 1 1 274 362 391 361
1692 4 2 1 1 274 304 303 391
1693 4 2 1 1 274 390 361 391
1694 4 2 1 1 274 303 390 391
1695 4 2 1 1 275 276 305 392
1696 4 2 1 1 275 276 392 363
1697 4 2 1 1 275 363 392 362
1698 4 2 1 1 275 305 304 392
1699 4 2 1 1 275 391 362 392
1700 4 2 1 1 275 304 391 392
1701 4 2 1 1 276 277 306 393
1702 4 2 1 1 276 277 393 364
1703 4 2 1 1 276 364 393 363
1704 4 2 1 1 276 306 305 393
1705 4 2 1 1 276 392 363 393
1706 4 2 1 1 276 305 392 393
1707 4 2 1 1 277 278 307 394
1708 4 2 1 1 277 278 394 365
1709 4 2 1 1 277 365 394 364
1710 4 2 1 1 277 307 306 394
1711 4 2 1 1 277 393 364 394
1712 4 2 1 1 277 306 393 394
1713 4 2 1 1 278 279 308 395
1714 4 2 1 1 278 279 395 366
1715 4 2 1 1 278 366 395 365
1716 4 2 1 1 278 308 307 395
1717 4 2 1 1 278 394 365 395
1718 4 2 1 1 278 307 394 395
1719 4 2 1 1 279 280 309 396
1720 4 2 1 1 279 280 396 367
1721 4 2 1 1 279 367 396 366
1722 4 2 1 1 279 309 308 396
1723 4 2 1 1 279 395 366 396
1724 4 2 1 1 279 308 395 396
1725 4 2 1 1 280 281 310 397
1726 4 2 1 1 280 281 397 368
1727 4 2 1 1 280 368 397 367
1728 4 2 1 1 280 310 309 397
1729 4 2 1 1 280 396 367 397
1730 4 2 1 1 280 309 396 397
1731 4 2 1 1 281 282 311 398
1732 4 2 1 1 281 282 398 369
1733 4 2 1 1 281 369 398 368
1734 4 2 1 1 281 311 310 398
1735 4 2 1 1 281 397 368 398
1736 4 2 1 1 281 310 397 398
1737 4 2 1 1 282 283 312 399
1738 4 2 1 1 282 283 399 370
1739 4 2 1 1 282 370 399 369
1740 4 2 1 1 282 312 311 399
1741 4 2 1 1 282 398 369 399
1742 4 2 1 1 282 311 398 399
1743 4 2 1 1 283 284 313 400
1744 4 2 1 1 283 284 400 371
1745 4 2 1 1 283 371 400 370
1746 4 2 1 1 283 313 312 400
1747 4 2 1 1 283 399 370 400
1748 4 2 1 1 283 312 399 400
1749 4 2 1 1 284 285 314 401
1750 4 2 1 1 284 285 401 372
1751 4 2 1 1 284 372 401 371
1752 4 2 1 1 284 314 313 401
1753 4 2 1 1 284 400 371 401
1754 4 2 1 1 284 313 400 401
1755 4 2 1 1 285 286 315 402
1756 4 2 1 1 285 286 402 373
1757 4 2 1 1 285 373 402 372
1758 4 2 1 1 285 315 314 402
1759 4 2 1 1 285 401 372 402
1760 4 2 1 1 285 314 401 402
1761 4 2 2 2 286 287 316 403
1762 4 2 2 2 286 287 403 374
1763 4 2 2 2 286 374 403 373
1764 4 2 2 2 286 316 315 403
1765 4 2 2 2 286 402 373 403
1766 4 2 2 2 286 315 402 403
1767 4 2 2 2 287 288 317 404
1768 4 2 2 2 287 288 404 375
1769 4 2 2 2 287 375 404 374
1770 4 2 2 2 287 317 316 404
1771 4 2 2 2 287 403 374 404
1772 4 2 2 2 287 316 403 404
1773 4 2 2 2 288 289 318 405
1774 4 2 2 2 288 289 405 376
1775 4 2 2 2 288 376 405 375
1776 4 2 2 2 288 318 317 405
1777 4 2 2 2 288 404 375 405
1778 4 2 2 2 288 317 404 405
1779 4 2 2 2 289 290 319 406
1780 4 2 2 2 289 290 406 377
1781 4 2 2 2 289 377 406 376
1782 4 2 2 2 289 319 318 406
1783 4 2 2 2 289 405 376 406
1784 4 2 2 2 289 318 405 406
1785 4 2 1 1 291 292 321 408
1786 4 2 1 1 291 292 408 379
1787 4 2 1 1 291 379 408 378
1788 4 2 1 1 291 321 320 408
1789 4 2 1 1 291 407 378 408
1790 4 2 1 1 291 320 407 408
1791 4 2 1 1 292 293 322 409
1792 4 2 1 1 292 293 409 380
1793 4 2 1 1 292 380 409 379
1794 4 2 1 1 292 322 321 409
1795 4 2 1 1 292 408 379 409
1796 4 2 1 1 292 321 408 409
1797 4 2 1 1 293 294 323 410
1798 4 2 1 1 293 294 410 381
1799 4 2 1 1 293 381 410 380
1800 4 2 1 1 293 323 322 410
1801 4 2 1 1 293 409 380 410
1802 4 2 1 1 293 322 409 410
1803 4 2 1 1 294 295 324 411
1804 4 2 1 1 294 295 411 382
1805 4 2 1 1 294 382 411 381
1806 4 2 1 1 294 324 323 411
1807 4 2 1 1 294 410 381 411
1808 4 2 1 1 294 323 410 411
1809 4 2 1 1 295 296 325 412
1810 4 2 1 1 295 296 412 383
1811 4 2 1 1 295 383 412 382
1812 4 2 1 1 295 325 324 412
1813 4 2 1 1 295 411 382 412
1814 4 2 1 1 295 324 411 412
1815 4 2 1 1 296 297 326 413
1816 4 2 1 1 296 297 413 384
1817 4 2 1 1 296 384 413 383
1818 4 2 1 1 296 326 325 413
1819 4 2 1 1 296 412 383 413
1820 4 2 1 1 296 325 412 413
1821 4 2 1 1 297 298 327 414
1822 4 2 1 1 297 298 414 385
1823 4 2 1 1 297 385 414 384
1824 4 2 1 1 297 327 326 414
1825 4 2 1 1 297 413 384 414
1826 4 2 1 1 297 326 413 414
1827 4 2 1 1 298 299 328 415
1828 4 2 1 1 298 299 415 386
1829 4 2 1 1 298 386 415 385
1830 4 2 1 1 298 328 327 415
1831 4 2 1 1 298 414 385 415
1832 4 2 1 1 298 327 414 415
1833 4 2 1 1 299 300 329 416
1834 4 2 1 1 299 300 416 387
1835 4 2 1 1 299 387 416 386
1836 4 2 1 1 299 329 328 416
1837 4 2 1 1 299 415 386 416
1838 4 2 1 1 299 328 415 416
1839 4 2 1 1 300 301 330 417
1840 4 2 1 1 300 301 417 388
1841 4 2 1 1 300 388 417 387
1842 4 2 1 1 300 330 329 417
1843 4 2 1 1 300 416 387 417
1844 4 2 1 1 300 329 416 417
1845 4 2 1 1 301 302 331 418
1846 4 2 1 1 301 302 418 389
1847 4 2 1 1 301 389 418 388
1848 4 2 1 1 301 331 330 418
1849 4 2 1 1 301 417 388 418
1850 4 2 1 1 301 330 417 418
1851 4 2 1 1 302 303 332 419
1852 4 2 1 1 302 303 419 390
1853 4 2 1 1 302 390 419 389
1854 4 2 1 1 302 332 331 419
1855 4 2 1 1 302 418 389 419
1856 4 2 1 1 302 331 418 419
1857 4 2 1 1 303 304 333 420
1858 4 2 1 1 303 304 420 391
1859 4 2 1 1 303 391 420 390
1860 4 2 1 1 303 333 332 420
1861 4 2 1 1 303 419 390 420
1862 4 2 1 1 303 332 419 420
1863 4 2 1 1 304 305 334 421
1864 4 2 1 1 304 305 421 392
1865 4 2 1 1 304 392 421 391
1866 4 2 1 1 304 334 333 421
1867 4 2 1 1 304 420 391 421
1868 4 2 1 1 304 333 420 421
1869 4 2 1 1 305 306 335 422
1870 4 2 1 1 305 306 422 393
1871 4 2 1 1 305 393 422 392
1872 4 2 1 1 305 335 334 422
1873 4 2 1 1 305 421 392 422
1874 4 2 1 1 305 334 421 422
1875 4 2 1 1 306 307 336 423
1876 4 2 1 1 306 307 423 394
1877 4 2 1 1 306 394 423 393
1878 4 2 1 1 306 336 335 423
1879 4 2 1 1 306 422 393 423
1880 4 2 1 1 306 335 422 423
1881 4 2 1 1 307 308 337 424
1882 4 2 1 1 307 308 424 395
1883 4 2 1 1 307 395 424 394
1884 4 2 1 1 307 337 336 424
1885 4 2 1 1 307 423 394 424
1886 4 2 1 1 307 336 423 424
1887 4 2 1 1 308 309 338 425
1888 4 2 1 1 308 309 425 396
1889 4 2 1 1 308 396 425 395
1890 4 2 1 1 308 338 337 425
1891 4 2 1 1 308 424 395 425
1892 4 2 1 1 308 337 424 425
1893 4 2 1 1 309 310 339 426
1894 4 2 1 1 309 310 426 397
1895 4 2 1 1 309 397 426 396
1896 4 2 1 1 309 339 338 426
1897 4 2 1 1 309 425 396 426
1898 4 2 1 1 309 338 425 426
1899 4 2 1 1 310 311 340 427
1900 4 2 1 1 310 311 427 398
1901 4 2 1 1 310 398 427 397
1902 4 2 1 1 310 340 339 427
1903 4 2 1 1 310 426 397 427
1904 4 2 1 1 310 339 426 427
1905 4 2 1 1 311 312 341 428
1906 4 2 1 1 311 312 428 399
1907 4 2 1 1 311 399 428 398
1908 4 2 1 1 311 341 340 428
1909 4 2 1 1 311 427 398 428
1910 4 2 1 1 311 340 427 428
1911 4 2 1 1 312 313 342 429
1912 4 2 1 1 312 313 429 400
1913 4 2 1 1 312 400 429 399
1914 4 2 1 1 312 342 341 429
1915 4 2 1 1 312 428 399 429
1916 4 2 1 1 312 341 428 429
1917 4 2 1 1 313 314 343 430
1918 4 2 1 1 313 314 430 401
1919 4 2 1 1 313 401 430 400
1920 4 2 1 1 313 343 342 430
1921 4 2 1 1 313 429 400 430
1922 4 2 1 1 313 342 429 430
1923 4 2 1 1 314 315 344 431
1924 4 2 1 1 314 315 431 402
1925 4 2 1 1 314 402 431 401
1926 4 2 1 1 314 344 343 431
1927 4 2 1 1 314 430 401 431
1928 4 2 1 1 314 343 430 431
1929 4 2 2 2 315 316 345 432
1930 4 2 2 2 315 316 432 403
1931 4 2 2 2 315 403 432 402
1932 4 2 2 2 315 345 344 432
1933 4 2 2 2 315 431 402 432
1934 4 2 2 2 315 344 431 432
1935 4 2 2 2 316 317 346 433
1936 4 2 2 2 316 317 433 404
1937 4 2 2 2 316 404 433 403
1938 4 2 2 2 316 346 345 433
1939 4 2 2 2 316 432 403 433
1940 4 2 2 2 316 345 432 433
1941 4 2 2 2 317 318 347 434
1942 4 2 2 2 317 318 434 405
1943 4 2 2 2 317 405 434 404
1944 4 2 2 2 317 347 346 434
1945 4 2 2 2 317 433 404 434
1946 4 2 2 2 317 346 433 434
1947 4 2 2 2 318 319 348 435
1948 4 2 2 2 318 319 435 406
1949 4 2 2 2 318 406 435 405
1950 4 2 2 2 318 348 347 435
1951 4 2 2 2 318 434 405 435
1952 4 2 2 2 318 347 434 435
1953 4 2 1 1 349 350 379 466
1954 4 2 1 1 349 350 466 437
1955 4 2 1 1 349 437 466 436
1956 4 2 1 1 349 379 378 466
1957 4 2 1 1 349 465 436 466
1958 4 2 1 1 349 378 465 466
1959 4 2 1 1 350 351 380 467
1960 4 2 1 1 350 351 467 438
1961 4 2 1 1 350 438 467 437
1962 4 2 1 1 350 380 379 467
1963 4 2 1 1 350 466 437 467
1964 4 2 1 1 350 379 466 467
1965 4 2 1 1 351 352 381 468
1966 4 2 1 1 351 352 468 439
1967 4 2 1 1 351 439 468 438
1968 4 2 1 1 351 381 380 468
1969 4 2 1 1 351 467 438 468
1970 4 2 1 1 351 380 467 468
1971 4 2 1 1 352 353 382 469
1972 4 2 1 1 352 353 469 440
1973 4 2 1 1 352 440 469 439
1974 4 2 1 1 352 382 381 469
1975 4 2 1 1 352 468 439 469
1976 4 2 1 1 352 381 468 469
1977 4 2 1 1 353 354 383 470
1978 4 2 1 1 353 354 470 441
1979 4 2 1 1 353 441 470 440
1980 4 2 1 1 353 383 382 470
1981 4 2 1 1 353 469 440 470
1982 4 2 1 1 353 382 469 470
1983 4 2 1 1 354 355 384 471
1984 4 2 1 1 354 355 471 442
1985 4 2 1 1 354 442 471 441
1986 4 2 1 1 354 384 383 471
1987 4 2 1 1 354 470 441 471
1988 4 2 1 1 354 383 470 471
1989 4 2 1 1 355 356 385 472
1990 4 2 1 1 355 356 472 443
1991 4 2 1 1 355 443 472 442
1992 4 2 1 1 355 385 384 472
1993 4 2 1 1 355 471 442 472
1994 4 2 1 1 355 384 471 472
1995 4 2 1 1 356 357 386 473
1996 4 2 1 1 356 357 473 444
1997 4 2 1 1 356 444 473 443
1998 4 2 1 1 356 386 385 473
1999 4 2 1 1 356 472 443 473
2000 4 2 1 1 356 385 472 473
2001 4 2 1 1 357 358 387 474
2002 4 2 1 1 357 358 474 445
2003 4 2 1 1 357 445 474 444
2004 4 2 1 1 357 387 386 474
2005 4 2 1 1 357 473 444 474
2006 4 2 1 1 357 386 473 474
2007 4 2 1 1 358 359 388 475
2008 4 2 1 1 358 359 475 446
2009 4 2 1 1 358 446 475 445
2010 4 2 1 1 358 388 387 475
2011 4 2 1 1 358 474 445 475
2012 4 2 1 1 358 387 474 475
2013 4 2 1 1 359 360 389 476
2014 4 2 1 1 359 360 476 447
2015 4 2 1 1 359 447 476 446
2016 4 2 1 1 359 389 388 476
2017 4 2 1 1 359 475 446 476
2018 4 2 1 1 359 388 475 476
2019 4 2 1 1 360 361 390 477
2020 4 2 1 1 360 361 477 448
2021 4 2 1 1 360 448 477 447
2022 4 2 1 1 360 390 389 477
2023 4 2 1 1 360 476 447 477
2024 4 2 1 1 360 389 476 477
2025 4 2 1 1 361 362 391 478
2026 4 2 1 1 361 362 478 449
2027 4 2 1 1 361 449 478 448
2028 4 2 1 1 361 391 390 478
2029 4 2 1 1 361 477 448 478
2030 4 2 1 1 361 390 477 478
2031 4 2 1 1 362 363 392 479
2032 4 2 1 1 362 363 479 450
2033 4 2 1 1 362 450 479 449
2034 4 2 1 1 362 392 391 479
2035 4 2 1 1 362 478 449 479
2036 4 2 1 1 362 391 478 479
2037 4 2 1 1 363 364 393 480
2038 4 2 1 1 363 364 480 451
2039 4 2 1 1 363 451 480 450
2040 4 2 1 1 363 393 392 480
2041 4 2 1 1 363 479 450 480
2042 4 2 1 1 363 392 479 480
2043 4 2 1 1 364 365 394 481
2044 4 2 1 1 364 365 481 452
2045 4 2 1 1 364 452 481 451
2046 4 2 1 1 364 394 393 481
2047 4 2 1 1 364 480 451 481
2048 4 2 1 1 364 393 480 481
2049 4 2 1 1 365 366 395 482
2050 4 2 1 1 365 366 482 453
2051 4 2 1 1 365 453 482 452
2052 4 2 1 1 365 395 394 482
2053 4 2 1 1 365 481 452 482
2054 4 2 1 1 365 394 481 482
2055 4 2 1 1 366 367 396 483
2056 4 2 1 1 366 367 483 454
2057 4 2 1 1 366 454 483 453
2058 4 2 1 1 366 396 395 483
2059 4 2 1 1 366 482 453 483
2060 4 2 1 1 366 395 482 483
2061 4 2 1 1 367 368 397 484
2062 4 2 1 1 367 368 484 455
2063 4 2 1 1 367 455 484 454
2064 4 2 1 1 367 397 396 484
2065 4 2 1 1 367 483 454 484
2066 4 2 1 1 367 396 483 484
2067 4 2 1 1 368 369 398 485
2068 4 2 1 1 368 369 485 456
2069 4 2 1 1 368 456 485 455
2070 4 2 1 1 368 398 397 485
2071 4 2 1 1 368 484 455 485
2072 4 2 1 1 368 397 484 485
2073 4 2 1 1 369 370 399 486
2074 4 2 1 1 369 370 486 457
2075 4 2 1 1 369 457 486 456
2076 4 2 1 1 369 399 398 486
2077 4 2 1 1 369 485 456 486
2078 4 2 1 1 369 398 485 486
2079 4 2 1 1 370 371 400 487
2080 4 2 1 1 370 371 487 458
2081 4 2 1 1 370 458 487 457
2082 4 2 1 1 370 400 399 487
2083 4 2 1 1 370 486 457 487
2084 4 2 1 1 370 399 486 487
2085 4 2 1 1 371 372 401 488
2086 4 2 1 1 371 372 488 459
2087 4 2 1 1 371 459 488 458
2088 4 2 1 1 371 401 400 488
2089 4 2 1 1 371 487 458 488
2090 4 2 1 1 371 400 487 488
2091 4 2 1 1 372 373 402 489
2092 4 2 1 1 372 373 489 460
2093 4 2 1 1 372 460 489 459
2094 4 2 1 1 372 402 401 489
2095 4 2 1 1 372 488 459 489
2096 4 2 1 1 372 401 488 489
2097 4 2 2 2 373 374 403 490
2098 4 2 2 2 373 374 490 461
2099 4 2 2 2 373 461 490 460
2100 4 2 2 2 373 403 402 490
2101 4 2 2 2 373 489 460 490
2102 4 2 2 2 373 402 489 490
2103 4 2 2 2 374 375 404 491
2104 4 2 2 2 374 375 491 462
2105 4 2 2 2 374 462 491 461
2106 4 2 2 2 374 404 403 491
2107 4 2 2 2 374 490 461 491
2108 4 2 2 2 374 403 490 491
2109 4 2 2 2 375 376 405 492
2110 4 2 2 2 375 376 492 463
2111 4 2 2 2 375 463 492 462
2112 4 2 2 2 375 405 404 492
2113 4 2 2 2 375 491 462 492
2114 4 2 2 2 375 404 491 492
2115 4 2 2 2 376 377 406 493
2116 4 2 2 2 376 377 493 464
2117 4 2 2 2 376 464 493 463
2118 4 2 2 2 376 406 405 493
2119 4 2 2 2 376 492 463 493
2120 4 2 2 2 376 405 492 493
2121 4 2 1 1 378 379 408 495
2122 4 2 1 1 378 379 495 466
2123 4 2 1 1 378 466 495 465
2124 4 2 1 1 378 408 407 495
2125 4 2 1 1 378 494 465 495
2126 4 2 1 1 378 407 494 495
2127 4 2 1 1 379 380 409 496
2128 4 2 1 1 379 380 496 467
2129 4 2 1 1 379 467 496 466
2130 4 2 1 1 379 409 408 496
2131 4 2 1 1 379 495 466 496
2132 4 2 1 1 379 408 495 496
2133 4 2 1 1 380 381 410 497
2134 4 2 1 1 380 381 497 468
2135 4 2 1 1 380 468 497 467
2136 4 2 1 1 380 410 409 497
2137 4 2 1 1 380 496 467 497
2138 4 2 1 1 380 409 496 497
2139 4 2 1 1 381 382 411 498
2140 4 2 1 1 381 382 498 469
2141 4 2 1 1 381 469 498 468
2142 4 2 1 1 381 411 410 498
2143 4 2 1 1 381 497 468 498
2144 4 2 1 1 381 410 497 498
2145 4 2 1 1 382 383 412 499
2146 4 2 1 1 382 383 499 470
2147 4 2 1 1 382 470 499 469
2148 4 2 1 1 382 412 411 499
2149 4 2 1 1 382 498 469 499
2150 4 2 1 1 382 411 498 499
2151 4 2 1 1 383 384 413 500
2152 4 2 1 1 383 384 500 471
2153 4 2 1 1 383 471 500 470
2154 4 2 1 1 383 413 412 500
2155 4 2 1 1 383 499 470 500
2156 4 2 1 1 383 412 499 500
2157 4 2 1 1 384 385 414 501
2158 4 2 1 1 384 385 501 472
2159 4 2 1 1 384 472 501 471
2160 4 2 1 1 384 414 413 501
2161 4 2 1 1 384 500 471 501
2162 4 2 1 1 384 413 500 501
2163 4 2 1 1 385 386 415 502
2164 4 2 1 1 385 386 502 473
2165 4 2 1 1 385 473 502 472
2166 4 2 1 1 385 415 414 502
2167 4 2 1 1 385 501 472 502
2168 4 2 1 1 385 414 501 502
2169 4 2 1 1 386 387 416 503
2170 4 2 1 1 386 387 503 474
2171 4 2 1 1 386 474 503 473
2172 4 2 1 1 386 416 415 503
2173 4 2 1 1 386 502 473 503
2174 4 2 1 1 386 415 502 503
2175 4 2 1 1 387 388 417 504
2176 4 2 1 1 387 388 504 475
2177 4 2 1 1 387 475 504 474
2178 4 2 1 1 387 417 416 504
2179 4 2 1 1 387 503 474 504
2180 4 2 1 1 387 416 503 504
2181 4 2 1 1 388 389 418 505
2182 4 2 1 1 388 389 505 476
2183 4 2 1 1 388 476 505 475
2184 4 2 1 1 388 418 417 505
2185 4 2 1 1 388 504 475 505
2186 4 2 1 1 388 417 504 505
2187 4 2 1 1 389 390 419 506
2188 4 2 1 1 389 390 506 477
2189 4 2 1 1 389 477 506 476
2190 4 2 1 1 389 419 418 506
2191 4 2 1 1 389 505 476 506
2192 4 2 1 1 389 418 505 506
2193 4 2 1 1 390 391 420 507
2194 4 2 1 1 390 391 507 478
2195 4 2 1 1 390 478 507 477
2196 4 2 1 1 390 420 419 507
2197 4 2 1 1 390 506 477 507
2198 4 2 1 1 390 419 506 507
2199 4 2 1 1 391 392 421 508
2200 4 2 1 1 391 392 508 479
2201 4 2 1 1 391 479 508 478
2202 4 2 1 1 391 421 420 508
2203 4 2 1 1 391 507 478 508
2204 4 2 1 1 391 420 507 508
2205 4 2 1 1 392 393 422 509
2206 4 2 1 1 392 393 509 480
2207 4 2 1 1 392 480 509 479
2208 4 2 1 1 392 422 421 509
2209 4 2 1 1 392 508 479 509
2210 4 2 1 1 392 421 508 509
2211 4 2 1 1 393 394 423 510
2212 4 2 1 1 393 394 510 481
2213 4 2 1 1 393 481 510 480
2214 4 2 1 1 393 423 422 510
2215 4 2 1 1 393 509 480 510
2216 4 2 1 1 393 422 509 510
2217 4 2 1 1 394 395 424 511
2218 4 2 1 1 394 395 511 482
2219 4 2 1 1 394 482 511 481
2220 4 2 1 1 394 424 423 511
2221 4 2 1 1 394 510 481 511
2222 4 2 1 1 394 423 510 511
2223 4 2 1 1 395 396 425 512
2224 4 2 1 1 395 396 512 483
2225 4 2 1 1 395 483 512 482
2226 4 2 1 1 395 425 424 512
2227 4 2 1 1 395 511 482 512
2228 4 2 1 1 395 424 511 512
2229 4 2 1 1 396 397 426 513
2230 4 2 1 1 396 397 513 484
2231 4 2 1 1 396 484 513 483
2232 4 2 1 1 396 426 425 513
2233 4 2 1 1 396 512 483 513
2234 4 2 1 1 396 425 512 513
2235 4 2 1 1 397 398 427 514
2236 4 2 1 1 397 398 514 485
2237 4 2 1 1 397 485 514 484
2238 4 2 1 1 397 427 426 514
2239 4 2 1 1 397 513 484 514
2240 4 2 1 1 397 426 513 514
2241 4 2 1 1 398 399 428 515
2242 4 2 1 1 398 399 515 486
2243 4 2 1 1 398 486 515 485
2244 4 2 1 1 398 428 427 515
2245 4 2 1 1 398 514 485 515
2246 4 2 1 1 398 427 514 515
2247 4 2 1 1 399 400 429 516
2248 4 2 1 1 399 400 516 487
2249 4 2 1 1 399 487 516 486
2250 4 2 1 1 399 429 428 516
2251 4 2 1 1 399 515 486 516
2252 4 2 1 1 399 428 515 516
2253 4 2 1 1 400 401 430 517
2254 4 2 1 1 400 401 517 488
2255 4 2 1 1 400 488 517 487
2256 4 2 1 1 400 430 429 517
2257 4 2 1 1 400 516 487 517
2258 4 2 1 1 400 429 516 517
2259 4 2 1 1 401 402 431 518
2260 4 2 1 1 401 402 518 489
2261 4 2 1 1 401 489 518 488
2262 4 2 1 1 401 431 430 518
2263 4 2 1 1 401 517 488 518
2264 4 2 1 1 401 430 517 518
2265 4 2 2 2 402 403 432 519
2266 4 2 2 2 402 403 519 490
2267 4 2 2 2 402 490 519 489
2268 4 2 2 2 402 432 431 519
2269 4 2 2 2 402 518 489 519
2270 4 2 2 2 402 431 518 519
2271 4 2 2 2 403 404 433 520
2272 4 2 2 2 403 404 520 491
2273 4 2 2 2 403 491 520 490
2274 4 2 2 2 403 433 432 520
2275 4 2 2 2 403 519 490 520
2276 4 2 2 2 403 432 519 520
2277 4 2 2 2 404 405 434 521
2278 4 2 2 2 404 405 521 492
2279 4 2 2 2 404 492 521 491
2280 4 2 2 2 404 434 433 521
2281 4 2 2 2 404 520 491 521
2282 4 2 2 2 404 433 520 521
2283 4 2 2 2 405 406 435 522
2284 4 2 2 2 405 406 522 493
2285 4 2 2 2 405 493 522 492
2286 4 2 2 2 405 435 434 522
2287 4 2 2 2 405 521 492 522
2288 4 2 2 2 405 434 521 522
2289 4 2 1 1 436 437 466 553
2290 4 2 1 1 436 437 553 524
2291 4 2 1 1 436 524 553 523
2292 4 2 1 1 436 466 465 553
2293 4 2 1 1 436 552 523 553
2294 4 2 1 1 436 465 552 553
2295 4 2 1 1 437 438 467 554
2296 4 2 1 1 437 438 554 525
2297 4 2 1 1 437 525 554 524
2298 4 2 1 1 437 467 466 554
2299 4 2 1 1 437 553 524 554
2300 4 2 1 1 437 466 553 554
2301 4 2 1 1 438 439 468 555
2302 4 2 1 1 438 439 555 526
2303 4 2 1 1 438 526 555 525
2304 4 2 1 1 438 468 467 555
2305 4 2 1 1 438 554 525 555
2306 4 2 1 1 438 467 554 555
2307 4 2 1 1 439 440 469 556
2308 4 2 1 1 439 440 556 527
2309 4 2 1 1 439 527 556 526
2310 4 2 1 1 439 469 468 556
2311 4 2 1 1 439 555 526 556
2312 4 2 1 1 439 468 555 556
2313 4 2 1 1 440 441 470 557
2314 4 2 1 1 440 441 557 528
2315 4 2 1 1 440 528 557 527
2316 4 2 1 1 440 470 469 557
2317 4 2 1 1 440 556 527 557
2318 4 2 1 1 440 469 556 557
2319 4 2 1 1 441 442 471 558
2320 4 2 1 1 441 442 558 529
2321 4 2 1 1 441 529 558 528
2322 4 2 1 1 441 471 470 558
2323 4 2 1 1 441 557 528 558
2324 4 2 1 1 441 470 557 558
2325 4 2 1 1 442 443 472 559
2326 4 2 1 1 442 443 559 530
2327 4 2 1 1 442 530 559 529
2328 4 2 1 1 442 472 471 559
2329 4 2 1 1 442 558 529 559
2330 4 2 1 1 442 471 558 559
2331 4 2 1 1 443 444 473 560
2332 4 2 1 1 443 444 560 531
2333 4 2 1 1 443 531 560 530
2334 4 2 1 1 443 473 472 560
2335 4 2 1 1 443 559 530 560
2336 4 2 1 1 443 472 559 560
2337 4 2 1 1 444 445 474 561
2338 4 2 1 1 444 445 561 532
2339 4 2 1 1 444 532 561 531
2340 4 2 1 1 444 474 473 561
2341 4 2 1 1 444 560 531 561
2342 4 2 1 1 444 473 560 561
2343 4 2 1 1 445 446 475 562
2344 4 2 1 1 445 446 562 533
2345 4 2 1 1 445 533 562 532
2346 4 2 1 1 445 475 474 562
2347 4 2 1 1 445 561 532 562
2348 4 2 1 1 445 474 561 562
2349 4 2 1 1 446 447 476 563
2350 4 2 1 1 446 447 563 534
2351 4 2 1 1 446 534 563 533
2352 4 2 1 1 446 476 475 563
2353 4 2 1 1 446 562 533 563
2354 4 2 1 1 446 475 562 563
2355 4 2 1 1 447 448 477 564
2356 4 2 1 1 447 448 564 535
2357 4 2 1 1 447 535 564 534
2358 4 2 1 1 447 477 476 564
2359 4 2 1 1 447 563 534 564
2360 4 2 1 1 447 476 563 564
2361 4 2 1 1 448 449 478 565
2362 4 2 1 1 448 449 565 536
2363 4 2 1 1 448 536 565 535
2364 4 2 1 1 448 478 477 565
2365 4 2 1 1 448 564 535 565
2366 4 2 1 1 448 477 564 565
2367 4 2 1 1 449 450 479 566
2368 4 2 1 1 449 450 566 537
2369 4 2 1 1 449 537 566 536
2370 4 2 1 1 449 479 478 566
2371 4 2 1 1 449 565 536 566
2372 4 2 1 1 449 478 565 566
2373 4 2 1 1 450 451 480 567
2374 4 2 1 1 450 451 567 538
2375 4 2 1 1 450 538 567 537
2376 4 2 1 1 450 480 479 567
2377 4 2 1 1 450 566 537 567
2378 4 2 1 1 450 479 566 567
2379 4 2 1 1 451 452 481 568
2380 4 2 1 1 451 452 568 539
2381 4 2 1 1 451 539 568 538
2382 4 2 1 1 451 481 480 568
2383 4 2 1 1 451 567 538 568
2384 4 2 1 1 451 480 567 568
2385 4 2 1 1 452 453 482 569
2386 4 2 1 1 452 453 569 540
2387 4 2 1 1 452 540 569 539
2388 4 2 1 1 452 482 481 569
2389 4 2 1 1 452 568 539 569
2390 4 2 1 1 452 481 568 569
2391 4 2 1 1 453 454 483 570
2392 4 2 1 1 453 454 570 541
2393 4 2 1 1 453 541 570 540
2394 4 2 1 1 453 483 482 570
2395 4 2 1 1 453 569 540 570
2396 4 2 1 1 453 482 569 570
2397 4 2 1 1 454 455 484 571
2398 4 2 1 1 454 455 571 542
2399 4 2 1 1 454 542 571 541
2400 4 2 1 1 454 484 483 571
2401 4 2 1 1 454 570 541 571
2402 4 2 1 1 454 483 570 571
2403 4 2 1 1 455 456 485 572
2404 4 2 1 1 455 456 572 543
2405 4 2 1 1 455 543 572 542
2406 4 2 1 1 455 485 484 572
2407 4 2 1 1 455 571 542 572
2408 4 2 1 1 455 484 571 572
2409 4 2 1 1 456 457 486 573
2410 4 2 1 1 456 457 573 544
2411 4 2 1 1 456 544 573 543
2412 4 2 1 1 456 486 485 573
2413 4 2 1 1 456 572 543 573
2414 4 2 1 1 456 485 572 573
2415 4 2 1 1 457 458 487 574
2416 4 2 1 1 457 458 574 545
2417 4 2 1 1 457 545 574 544
2418 4 2 1 1 457 487 486 574
2419 4 2 1 1 457 573 544 574
2420 4 2 1 1 457 486 573 574
2421 4 2 1 1 458 459 488 575
2422 4 2 1 1 458 459 575 546
2423 4 2 1 1 458 546 575 545
2424 4 2 1 1 458 488 487 575
2425 4 2 1 1 458 574 545 575
2426 4 2 1 1 458 487 574 575
2427 4 2 1 1 459 460 489 576
2428 4 2 1 1 459 460 576 547
2429 4 2 1 1 459 547 576 546
2430 4 2 1 1 459 489 488 576
2431 4 2 1 1 459 575 546 576
2432 4 2 1 1 459 488 575 576
2433 4 2 2 2 460 461 490 577
2434 4 2 2 2 460 461 577 548
2435 4 2 2 2 460 548 577 547
2436 4 2 2 2 460 490 489 577
2437 4 2 2 2 460 576 547 577
2438 4 2 2 2 460 489 576 577
2439 4 2 2 2 461 462 491 578
2440 4 2 2 2 461 462 578 549
2441 4 2 2 2 461 549 578 548
2442 4 2 2 2 461 491 490 578
2443 4 2 2 2 461 577 548 578
2444 4 2 2 2 461 490 577 578
2445 4 2 2 2 462 463 492 579
2446 4 2 2 2 462 463 579 550
2447 4 2 2 2 462 550 579 549
2448 4 2 2 2 462 492 491 579
2449 4 2 2 2 462 578 549 579
2450 4 2 2 2 462 491 578 579
2451 4 2 2 2 463 464 493 580
2452 4 2 2 2 463 464 580 551
2453 4 2 2 2 463 551 580 550
2454 4 2 2 2 463 493 492 580
2455 4 2 2 2 463 579 550 580
2456 4 2 2 2 463 492 579 580
2457 4 2 1 1 465 466 495 582
2458 4 2 1 1 465 466 582 553
2459 4 2 1 1 465 553 582 552
2460 4 2 1 1 465 495 494 582
2461 4 2 1 1 465 581 552 582
2462 4 2 1 1 465 494 581 582
2463 4 2 1 1 466 467 496 583
2464 4 2 1 1 466 467 583 554
2465 4 2 1 1 466 554 583 553
2466 4 2 1 1 466 496 495 583
2467 4 2 1 1 466 582 553 583
2468 4 2 1 1 466 495 582 583
2469 4 2 1 1 467 468 497 584
2470 4 2 1 1 467 468 584 555
2471 4 2 1 1 467 555 584 554
2472 4 2 1 1 467 497 496 584
2473 4 2 1 1 467 583 554 584
2474 4 2 1 1 467 496 583 584
2475 4 2 1 1 468 469 498 585
2476 4 2 1 1 468 469 585 556
2477 4 2 1 1 468 556 585 555
2478 4 2 1 1 468 498 497 585
2479 4 2 1 1 468 584 555 585
2480 4 2 1 1 468 497 584 585
2481 4 2 1 1 469 470 499 586
2482 4 2 1 1 469 470 586 557
2483 4 2 1 1 469 557 586 556
2484 4 2 1 1 469 499 498 586
2485 4 2 1 1 469 585 556 586
2486 4 2 1 1 469 498 585 586
2487 4 2 1 1 470 471 500 587
2488 4 2 1 1 470 471 587 558
2489 4 2 1 1 470 558 587 557
2490 4 2 1 1 470 500 499 587
2491 4 2 1 1 470 586 557 587
2492 4 2 1 1 470 499 586 587
2493 4 2 1 1 471 472 501 588
2494 4 2 1 1 471 472 588 559
2495 4 2 1 1 471 559 588 558
2496 4 2 1 1 471 501 500 588
2497 4 2 1 1 471 587 558 588
2498 4 2 1 1 471 500 587 588
2499 4 2 1 1 472 473 502 589
2500 4 2 1 1 472 473 589 560
2501 4 2 1 1 472 560 589 559
2502 4 2 1 1 472 502 501 589
2503 4 2 1 1 472 588 559 589
2504 4 2 1 1 472 501 588 589
2505 4 2 1 1 473 474 503 590
2506 4 2 1 1 473 474 590 561
2507 4 2 1 1 473 561 590 560
2508 4 2 1 1 473 503 502 590
2509 4 2 1 1 473 589 560 590
2510 4 2 1 1 473 502 589 590
2511 4 2 1 1 474 475 504 591
2512 4 2 1 1 474 475 591 562
2513 4 2 1 1 474 562 591 561
2514 4 2 1 1 474 504 503 591
2515 4 2 1 1 474 590 561 591
2516 4 2 1 1 474 503 590 591
2517 4 2 1 1 475 476 505 592
2518 4 2 1 1 475 476 592 563
2519 4 2 1 1 475 563 592 562
2520 4 2 1 1 475 505 504 592
2521 4 2 1 1 475 591 562 592
2522 4 2 1 1 475 504 591 592
2523 4 2 1 1 476 477 506 593
2524 4 2 1 1 476 477 593 564
2525 4 2 1 1 476 564 593 563
2526 4 2 1 1 476 506 505 593
2527 4 2 1 1 476 592 563 593
2528 4 2 1 1 476 505 592 593
2529 4 2 1 1 477 478 507 594
2530 4 2 1 1 477 478 594 565
2531 4 2 1 1 477 565 594 564
2532 4 2 1 1 477 507 506 594
2533 4 2 1 1 477 593 564 594
2534 4 2 1 1 477 506 593 594
2535 4 2 1 1 478 479 508 595
2536 4 2 1 1 478 479 595 566
2537 4 2 1 1 478 566 595 565
2538 4 2 1 1 478 508 507 595
2539 4 2 1 1 478 594 565 595
2540 4 2 1 1 478 507 594 595
2541 4 2 1 1 479 480 509 596
2542 4 2 1 1 479 480 596 567
2543 4 2 1 1 479 567 596 566
2544 4 2 1 1 479 509 508 596
2545 4 2 1 1 479 595 566 596
2546 4 2 1 1 479 508 595 596
2547 4 2 1 1 480 481 510 597
2548 4 2 1 1 480 481 597 568
2549 4 2 1 1 480 568 597 567
2550 4 2 1 1 480 510 509 597
2551 4 2 1 1 480 596 567 597
2552 4 2 1 1 480 509 596 597
2553 4 2 1 1 481 482 511 598
2554 4 2 1 1 481 482 598 569
2555 4 2 1 1 481 569 598 568
2556 4 2 1 1 481 511 510 598
2557 4 2 1 1 481 597 568 598
2558 4 2 1 1 481 510 597 598
2559 4 2 1 1 482 483 512 599
2560 4 2 1 1 482 483 599 570
2561 4 2 1 1 482 570 599 569
2562 4 2 1 1 482 512 511 599
2563 4 2 1 1 482 598 569 599
2564 4 2 1 1 482 511 598 599
2565 4 2 1 1 483 484 513 600
2566 4 2 1 1 483 484 600 571
2567 4 2 1 1 483 571 600 570
2568 4 2 1 1 483 513 512 600
2569 4 2 1 1 483 599 570 600
2570 4 2 1 1 483 512 599 600
2571 4 2 1 1 484 485 514 601
2572 4 2 1 1 484 485 601 572
2573 4 2 1 1 484 572 601 571
2574 4 2 1 1 484 514 513 601
2575 4 2 1 1 484 600 571 601
2576 4 2 1 1 484 513 600 601
2577 4 2 1 1 485 486 515 602
2578 4 2 1 1 485 486 602 573
2579 4 2 1 1 485 573 602 572
2580 4 2 1 1 485 515 514 602
2581 4 2 1 1 485 601 572 602
2582 4 2 1 1 485 514 601 602
2583 4 2 1 1 486 487 516 603
2584 4 2 1 1 486 487 603 574
2585 4 2 1 1 486 574 603 573
2586 4 2 1 1 486 516 515 603
2587 4 2 1 1 486 602 573 603
2588 4 2 1 1 486 515 602 603
2589 4 2 1 1 487 488 517 604
2590 4 2 1 1 487 488 604 575
2591 4 2 1 1 487 575 604 574
2592 4 2 1 1 487 517 516 604
2593 4 2 1 1 487 603 574 604
2594 4 2 1 1 487 516 603 604
2595 4 2 1 1 488 489 518 605
2596 4 2 1 1 488 489 605 576
2597 4 2 1 1 488 576 605 575
2598 4 2 1 1 488 518 517 605
2599 4 2 1 1 488 604 575 605
2600 4 2 1 1 488 517 604 605
2601 4 2 2 2 489 490 519 606
2602 4 2 2 2 489 490 606 577
2603 4 2 2 2 489 577 606 576
2604 4 2 2 2 489 519 518 606
2605 4 2 2 2 489 605 576 606
2606 4 2 2 2 489 518 605 606
2607 4 2 2 2 490 491 520 607
2608 4 2 2 2 490 491 607 578
2609 4 2 2 2 490 578 607 577
2610 4 2 2 2 490 520 519 607
2611 4 2 2 2 490 606 577 607
2612 4 2 2 2 490 519 606 607
2613 4 2 2 2 491 492 521 608
2614 4 2 2 2 491 492 608 579
2615 4 2 2 2 491 579 608 578
2616 4 2 2 2 491 521 520 608
2617 4 2 2 2 491 607 578 608
2618 4 2 2 2 491 520 607 608
2619 4 2 2 2 492 493 522 609
2620 4 2 2 2 492 493 609 580
2621 4 2 2 2 492 580 609 579
2622 4 2 2 2 492 522 521 609
2623 4 2 2 2 492 608 579 609
2624 4 2 2 2 492 521 608 609
2625 4 2 1 1 523 524 553 640
2626 4 2 1 1 523 524 640 611
2627 4 2 1 1 523 611 640 610
2628 4 2 1 1 523 553 552 640
2629 4 2 1 1 523 639 610 640
2630 4 2 1 1 523 552 639 640
2631 4 2 1 1 524 525 554 641
2632 4 2 1 1 524 525 641 612
2633 4 2 1 1 524 612 641 611
2634 4 2 1 1 524 554 553 641
2635 4 2 1 1 524 640 611 641
2636 4 2 1 1 524 553 640 641
2637 4 2 1 1 525 526 555 642
2638 4 2 1 1 525 526 642 613
2639 4 2 1 1 525 613 642 612
2640 4 2 1 1 525 555 554 642
2641 4 2 1 1 525 641 612 642
2642 4 2 1 1 525 554 641 642
2643 4 2 1 1 526 527 556 643
2644 4 2 1 1 526 527 643 614
2645 4 2 1 1 526 614 643 613
2646 4 2 1 1 526 556 555 643
2647 4 2 1 1 526 642 613 643
2648 4 2 1 1 526 555 642 643
2649 4 2 1 1 527 528 557 644
2650 4 2 1 1 527 528 644 615
2651 4 2 1 1 527 615 644 614
2652 4 2 1 1 527 557 556 644
2653 4 2 1 1 527 643 614 644
2654 4 2 1 1 527 556 643 644
2655 4 2 1 1 528 529 558 645
2656 4 2 1 1 528 529 645 616
2657 4 2 1 1 528 616 645 615
2658 4 2 1 1 528 558 557 645
2659 4 2 1 1 528 644 615 645
2660 4 2 1 1 528 557 644 645
2661 4 2 1 1 529 530 559 646
2662 4 2 1 1 529 530 646 617
2663 4 2 1 1 529 617 646 616
2664 4 2 1 1 529 559 558 646
2665 4 2 1 1 529 645 616 646
2666 4 2 1 1 529 558 645 646
2667 4 2 1 1 530 531 560 647
2668 4 2 1 1 530 531 647 618
2669 4 2 1 1 530 618 647 617
2670 4 2 1 1 530 560 559 647
2671 4 2 1 1 530 646 617 647
2672 4 2 1 1 530 559 646 647
2673 4 2 1 1 531 532 561 648
2674 4 2 1 1 531 532 648 619
2675 4 2 1 1 531 619 648 618
2676 4 2 1 1 531 561 560 648
2677 4 2 1 1 531 647 618 648
2678 4 2 1 1 531 560 647 648
2679 4 2 1 1 532 533 562 649
2680 4 2 1 1 532 533 649 620
2681 4 2 1 1 532 620 649 619
2682 4 2 1 1 532 562 561 649
2683 4 2 1 1 532 648 619 649
2684 4 2 1 1 532 561 648 649
2685 4 2 1 1 533 534 563 650
2686 4 2 1 1 533 534 650 621
2687 4 2 1 1 533 621 650 620
2688 4 2 1 1 533 563 562 650
2689 4 2 1 1 533 649 620 650
2690 4 2 1 1 533 562 649 650
2691 4 2 1 1 534 535 564 651
2692 4 2 1 1 534 535 651 622
2693 4 2 1 1 534 622 651 621
2694 4 2 1 1 534 564 563 651
2695 4 2 1 1 534 650 621 651
2696 4 2 1 1 534 563 650 651
2697 4 2 1 1 535 536 565 652
2698 4 2 1 1 535 536 652 623
2699 4 2 1 1 535 623 652 622
2700 4 2 1 1 535 565 564 652
2701 4 2 1 1 535 651 622 652
2702 4 2 1 1 535 564 651 652
2703 4 2 1 1 536 537 566 653
2704 4 2 1 1 536 537 653 624
2705 4 2 1 1 536 624 653 623
2706 4 2 1 1 536 566 565 653
2707 4 2 1 1 536 652 623 653
2708 4 2 1 1 536 565 652 653
2709 4 2 1 1 537 538 567 654
2710 4 2 1 1 537 538 654 625
2711 4 2 1 1 537 625 654 624
2712 4 2 1 1 537 567 566 654
2713 4 2 1 1 537 653 624 654
2714 4 2 1 1 537 566 653 654
2715 4 2 1 1 538 539 568 655
2716 4 2 1 1 538 539 655 626
2717 4 2 1 1 538 626 655 625
2718 4 2 1 1 538 568 567 655
2719 4 2 1 1 538 654 625 655
2720 4 2 1 1 538 567 654 655
2721 4 2 1 1 539 540 569 656
2722 4 2 1 1 539 540 656 627
2723 4 2 1 1 539 627 656 626
2724 4 2 1 1 539 569 568 656
2725 4 2 1 1 539 655 626 656
2726 4 2 1 1 539 568 655 656
2727 4 2 1 1 540 541 570 657
2728 4 2 1 1 540 541 657 628
2729 4 2 1 1 540 628 657 627
2730 4 2 1 1 540 570 569 657
2731 4 2 1 1 540 656 627 657
2732 4 2 1 1 540 569 656 657
2733 4 2 1 1 541 542 571 658
2734 4 2 1 1 541 542 658 629
2735 4 2 1 1 541 629 658 628
2736 4 2 1 1 541 571 570 658
2737 4 2 1 1 541 657 628 658
2738 4 2 1 1 541 570 657 658
2739 4 2 1 1 542 543 572 659
2740 4 2 1 1 542 543 659 630
2741 4 2 1 1 542 630 659 629
2742 4 2 1 1 542 572 571 659
2743 4 2 1 1 542 658 629 659
2744 4 2 1 1 542 571 658 659
2745 4 2 1 1 543 544 573 660
2746 4 2 1 1 543 544 660 631
2747 4 2 1 1 543 631 660 630
2748 4 2 1 1 543 573 572 660
2749 4 2 1 1 543 659 630 660
2750 4 2 1 1 543 572 659 660
2751 4 2 1 1 544 545 574 661
2752 4 2 1 1 544 545 661 632
2753 4 2 1 1 544 632 661 631
2754 4 2 1 1 544 574 573 661
2755 4 2 1 1 544 660 631 661
2756 4 2 1 1 544 573 660 661
2757 4 2 1 1 545 546 575 662
2758 4 2 1 1 545 546 662 633
2759 4 2 1 1 545 633 662 632
2760 4 2 1 1 545 575 574 662
2761 4 2 1 1 545 661 632 662
2762 4 2 1 1 545 574 661 662
2763 4 2 1 1 546 547 576 663
2764 4 2 1 1 546 547 663 634
2765 4 2 1 1 546 634 663 633
2766 4 2 1 1 546 576 575 663
2767 4 2 1 1 546 662 633 663
2768 4 2 1 1 546 575 662 663
2769 4 2 2 2 547 548 577 664
2770 4 2 2 2 547 548 664 635
2771 4 2 2 2 547 635 664 634
2772 4 2 2 2 547 577 576 664
2773 4 2 2 2 547 663 634 664
2774 4 2 2 2 547 576 663 664
2775 4 2 2 2 548 549 578 665
2776 4 2 2 2 548 549 665 636
2777 4 2 2 2 548 636 665 635
2778 4 2 2 2 548 578 577 665
2779 4 2 2 2 548 664 635 665
2780 4 2 2 2 548 577 664 665
2781 4 2 2 2 549 550 579 666
2782 4 2 2 2 549 550 666 637
2783 4 2 2 2 549 637 666 636
2784 4 2 2 2 549 579 578 666
2785 4 2 2 2 549 665 636 666
2786 4 2 2 2 549 578 665 666
2787 4 2 2 2 550 551 580 667
2788 4 2 2 2 550 551 667 638
2789 4 2 2 2 550 638 667 637
2790 4 2 2 2 550 580 579 667
2791 4 2 2 2 550 666 637 667
2792 4 2 2 2 550 579 666 667
2793 4 2 1 1 552 553 582 669
2794 4 2 1 1 552 553 669 640
2795 4 2 1 1 552 640 669 639
2796 4 2 1 1 552 582 581 669
2797 4 2 1 1 552 668 639 669
2798 4 2 1 1 552 581 668 669
2799 4 2 1 1 553 554 583 670
2800 4 2 1 1 553 554 670 641
2801 4 2 1 1 553 641 670 640
2802 4 2 1 1 553 583 582 670
2803 4 2 1 1 553 669 640 670
2804 4 2 1 1 553 582 669 670
2805 4 2 1 1 554 555 584 671
2806 4 2 1 1 554 555 671 642
2807 4 2 1 1 554 642 671 641
2808 4 2 1 1 554 584 583 671
2809 4 2 1 1 554 670 641 671
2810 4 2 1 1 554 583 670 671
2811 4 2 1 1 555 556 585 672
2812 4 2 1 1 555 556 672 643
2813 4 2 1 1 555 643 672 642
2814 4 2 1 1 555 585 584 672
2815 4 2 1 1 555 671 642 672
2816 4 2 1 1 555 584 671 672
2817 4 2 1 1 556 557 586 673
2818 4 2 1 1 556 557 673 644
2819 4 2 1 1 556 644 673 643
2820 4 2 1 1 556 586 585 673
2821 4 2 1 1 556 672 643 673
2822 4 2 1 1 556 585 672 673
2823 4 2 1 1 557 558 587 674
2824 4 2 1 1 557 558 674 645
2825 4 2 1 1 557 645 674 644
2826 4 2 1 1 557 587 586 674
2827 4 2 1 1 557 673 644 674
2828 4 2 1 1 557 586 673 674
2829 4 2 1 1 558 559 588 675
2830 4 2 1 1 558 559 675 646
2831 4 2 1 1 558 646 675 645
2832 4 2 1 1 558 588 587 675
2833 4 2 1 1 558 674 645 675
2834 4 2 1 1 558 587 674 675
2835 4 2 1 1 559 560 589 676
2836 4 2 1 1 559 560 676 647
2837 4 2 1 1 559 647 676 646
2838 4 2 1 1 559 589 588 676
2839 4 2 1 1 559 675 646 676
2840 4 2 1 1 559 588 675 676
2841 4 2 1 1 560 561 590 677
2842 4 2 1 1 560 561 677 648
2843 4 2 1 1 560 648 677 647
2844 4 2 1 1 560 590 589 677
2845 4 2 1 1 560 676 647 677
2846 4 2 1 1 560 589 676 677
2847 4 2 1 1 561 562 591 678
2848 4 2 1 1 561 562 678 649
2849 4 2 1 1 561 649 678 648
2850 4 2 1 1 561 591 590 678
2851 4 2 1 1 561 677 648 678
2852 4 2 1 1 561 590 677 678
2853 4 2 1 1 562 563 592 679
2854 4 2 1 1 562 563 679 650
2855 4 2 1 1 562 650 679 649
2856 4 2 1 1 562 592 591 679
2857 4 2 1 1 562 678 649 679
2858 4 2 1 1 562 591 678 679
2859 4 2 1 1 563 564 593 680
2860 4 2 1 1 563 564 680 651
2861 4 2 1 1 563 651 680 650
2862 4 2 1 1 563 593 592 680
2863 4 2 1 1 563 679 650 680
2864 4 2 1 1 563 592 679 680
2865 4 2 1 1 564 565 594 681
2866 4 2 1 1 564 565 681 652
2867 4 2 1 1 564 652 681 651
2868 4 2 1 1 564 594 593 681
2869 4 2 1 1 564 680 651 681
2870 4 2 1 1 564 593 680 681
2871 4 2 1 1 565 566 595 682
2872 4 2 1 1 565 566 682 653
2873 4 2 1 1 565 653 682 652
2874 4 2 1 1 565 595 594 682
2875 4 2 1 1 565 681 652 682
2876 4 2 1 1 565 594 681 682
2877 4 2 1 1 566 567 596 683
2878 4 2 1 1 566 567 683 654
2879 4 2 1 1 566 654 683 653
2880 4 2 1 1 566 596 595 683
2881 4 2 1 1 566 682 653 683
2882 4 2 1 1 566 595 682 683
2883 4 2 1 1 567 568 597 684
2884 4 2 1 1 567 568 684 655
2885 4 2 1 1 567 655 684 654
2886 4 2 1 1 567 597 596 684
2887 4 2 1 1 567 683 654 684
2888 4 2 1 1 567 596 683 684
2889 4 2 1 1 568 569 598 685
2890 4 2 1 1 568 569 685 656
2891 4 2 1 1 568 656 685 655
2892 4 2 1 1 568 598 597 685
2893 4 2 1 1 568 684 655 685
2894 4 2 1 1 568 597 684 685
2895 4 2 1 1 569 570 599 686
2896 4 2 1 1 569 570 686 657
2897 4 2 1 1 569 657 686 656
2898 4 2 1 1 569 599 598 686
2899 4 2 1 1 569 685 656 686
2900 4 2 1 1 569 598 685 686
2901 4 2 1 1 570 571 600 687
2902 4 2 1 1 570 571 687 658
2903 4 2 1 1 570 658 687 657
2904 4 2 1 1 570 600 599 687
2905 4 2 1 1 570 686 657 687
2906 4 2 1 1 570 599 686 687
2907 4 2 1 1 571 572 601 688
2908 4 2 1 1 571 572 688 659
2909 4 2 1 1 571 659 688 658
2910 4 2 1 1 571 601 600 688
2911 4 2 1 1 571 687 658 688
2912 4 2 1 1 571 600 687 688
2913 4 2 1 1 572 573 602 689
2914 4 2 1 1 572 573 689 660
2915 4 2 1 1 572 660 689 659
2916 4 2 1 1 572 602 601 689
2917 4 2 1 1 572 688 659 689
2918 4 2 1 1 572 601 688 689
2919 4 2 1 1 573 574 603 690
2920 4 2 1 1 573 574 690 661
2921 4 2 1 1 573 661 690 660
2922 4 2 1 1 573 603 602 690
2923 4 2 1 1 573 689 660 690
2924 4 2 1 1 573 602 689 690
2925 4 2 1 1 574 575 604 691
2926 4 2 1 1 574 575 691 662
2927 4 2 1 1 574 662 691 661
2928 4 2 1 1 574 604 603 691
2929 4 2 1 1 574 690 661 691
2930 4 2 1 1 574 603 690 691
2931 4 2 1 1 575 576 605 692
2932 4 2 1 1 575 576 692 663
2933 4 2 1 1 575 663 692 662
2934 4 2 1 1 575 605 604 692
2935 4 2 1 1 575 691 662 692
2936 4 2 1 1 575 604 691 692
2937 4 2 2 2 576 577 606 693
2938 4 2 2 2 576 577 693 664
2939 4 2 2 2 576 664 693 663
2940 4 2 2 2 576 606 605 693
2941 4 2 2 2 576 692 663 693
2942 4 2 2 2 576 605 692 693
2943 4 2 2 2 577 578 607 694
2944 4 2 2 2 577 578 694 665
2945 4 2 2 2 577 665 694 664
2946 4 2 2 2 577 607 606 694
2947 4 2 2 2 577 693 664 694
2948 4 2 2 2 577 606 693 694
2949 4 2 2 2 578 579 608 695
2950 4 2 2 2 578 579 695 666
2951 4 2 2 2 578 666 695 665
2952 4 2 2 2 578 608 607 695
2953 4 2 2 2 578 694 665 695
2954 4 2 2 2 578 607 694 695
2955 4 2 2 2 579 580 609 696
2956 4 2 2 2 579 580 696 667
2957 4 2 2 2 579 667 696 666
2958 4 2 2 2 579 609 608 696
2959 4 2 2 2 579 695 666 696
2960 4 2 2 2 579 608 695 696
2961 4 2 1 1 610 611 640 727
2962 4 2 1 1 610 611 727 698
2963 4 2 1 1 610 698 727 697
2964 4 2 1 1 610 640 639 727
2965 4 2 1 1 610 726 697 727
2966 4 2 1 1 610 639 726 727
2967 4 2 1 1 611 612 641 728
2968 4 2 1 1 611 612 728 699
2969 4 2 1 1 611 699 728 698
2970 4 2 1 1 611 641 640 728
2971 4 2 1 1 611 727 698 728
2972 4 2 1 1 611 640 727 728
2973 4 2 1 1 612 613 642 729
2974 4 2 1 1 612 613 729 700
2975 4 2 1 1 612 700 729 699
2976 4 2 1 1 612 642 641 729
2977 4 2 1 1 612 728 699 729
2978 4 2 1 1 612 641 728 729
2979 4 2 1 1 613 614 643 730
2980 4 2 1 1 613 614 730 701
2981 4 2 1 1 613 701 730 700
2982 4 2 1 1 613 643 642 730
2983 4 2 1 1 613 729 700 730
2984 4 2 1 1 613 642 729 730
2985 4 2 1 1 614 615 644 731
2986 4 2 1 1 614 615 731 702
2987 4 2 1 1 614 702 731 701
2988 4 2 1 1 614 644 643 731
2989 4 2 1 1 614 730 701 731
2990 4 2 1 1 614 643 730 731
2991 4 2 1 1 615 616 645 732
2992 4 2 1 1 615 616 732 703
2993 4 2 1 1 615 703 732 702
2994 4 2 1 1 615 645 644 732
2995 4 2 1 1 615 731 702 732
2996 4 2 1 1 615 644 731 732
2997 4 2 1 1 616 617 646 733
2998 4 2 1 1 616 617 733 704
2999 4 2 1 1 616 704 733 703
3000 4 2 1 1 616 646 645 733
3001 4 2 1 1 616 732 703 733
3002 4 2 1 1 616 645 732 733
3003 4 2 1 1 617 618 647 734
3004 4 2 1 1 617 618 734 705
3005 4 2 1 1 617 705 734 704
3006 4 2 1 1 617 647 646 734
3007 4 2 1 1 617 733 704 734
3008 4 2 1 1 617 646 733 734
3009 4 2 1 1 618 619 648 735
3010 4 2 1 1 618 619 735 706
3011 4 2 1 1 618 706 735 705
3012 4 2 1 1 618 648 647 735
3013 4 2 1 1 618 734 705 735
3014 4 2 1 1 618 647 734 735
3015 4 2 1 1 619 620 649 736
3016 4 2 1 1 619 620 736 707
3017 4 2 1 1 619 707 736 706
3018 4 2 1 1 619 649 648 736
3019 4 2 1 1 619 735 706 736
3020 4 2 1 1 619 648 735 736
3021 4 2 1 1 620 621 650 737
3022 4 2 1 1 620 621 737 708
3023 4 2 1 1 620 708 737 707
3024 4 2 1 1 620 650 649 737
3025 4 2 1 1 620 736 707 737
3026 4 2 1 1 620 649 736 737
3027 4 2 1 1 621 622 651 738
3028 4 2 1 1 621 622 738 709
3029 4 2 1 1 621 709 738 708
3030 4 2 1 1 621 651 650 738
3031 4 2 1 1 621 737 708 738
3032 4 2 1 1 621 650 737 738
3033 4 2 1 1 622 623 652 739
3034 4 2 1 1 622 623 739 710
3035 4 2 1 1 622 710 739 709
3036 4 2 1 1 622 652 651 739
3037 4 2 1 1 622 738 709 739
3038 4 2 1 1 622 651 738 739
3039 4 2 1 1 623 624 653 740
3040 4 2 1 1 623 624 740 711
3041 4 2 1 1 623 711 740 710
3042 4 2 1 1 623 653 652 740
3043 4 2 1 1 623 739 710 740
3044 4 2 1 1 623 652 739 740
3045 4 2 1 1 624 625 654 741
3046 4 2 1 1 624 625 741 712
3047 4 2 1 1 624 712 741 711
3048 4 2 1 1 624 654 653 741
3049 4 2 1 1 624 740 711 741
3050 4 2 1 1 624 653 740 741
3051 4 2 1 1 625 626 655 742
3052 4 2 1 1 625 626 742 713
3053 4 2 1 1 625 713 742 712
3054 4 2 1 1 625 655 654 742
3055 4 2 1 1 625 741 712 742
3056 4 2 1 1 625 654 741 742
3057 4 2 1 1 626 627 656 743
3058 4 2 1 1 626 627 743 714
3059 4 2 1 1 626 714 743 713
3060 4 2 1 1 626 656 655 743
3061 4 2 1 1 626 742 713 743
3062 4 2 1 1 626 655 742 743
3063 4 2 1 1 627 628 657 744
3064 4 2 1 1 627 628 744 715
3065 4 2 1 1 627 715 744 714
3066 4 2 1 1 627 657 656 744
3067 4 2 1 1 627 743 714 744
3068 4 2 1 1 627 656 743 744
3069 4 2 1 1 628 629 658 745
3070 4 2 1 1 628 629 745 716
3071 4 2 1 1 628 716 745 715
3072 4 2 1 1 628 658 657 745
3073 4 2 1 1 628 744 715 745
3074 4 2 1 1 628 657 744 745
3075 4 2 1 1 629 630 659 746
3076 4 2 1 1 629 630 746 717
3077 4 2 1 1 629 717 746 716
3078 4 2 1 1 629 659 658 746
3079 4 2 1 1 629 745 716 746
3080 4 2 1 1 629 658 745 746
3081 4 2 1 1 630 631 660 747
3082 4 2 1 1 630 631 747 718
3083 4 2 1 1 630 718 747 717
3084 4 2 1 1 630 660 659 747
3085 4 2 1 1 630 746 717 747
3086 4 2 1 1 630 659 746 747
3087 4 2 1 1 631 632 661 748
3088 4 2 1 1 631 632 748 719
3089 4 2 1 1 631 719 748 718
3090 4 2 1 1 631 661 660 748
3091 4 2 1 1 631 747 718 748
3092 4 2 1 1 631 660 747 748
3093 4 2 1 1 632 633 662 749
3094 4 2 1 1 632 633 749 720
3095 4 2 1 1 632 720 749 719
3096 4 2 1 1 632 662 661 749
3097 4 2 1 1 632 748 719 749
3098 4 2 1 1 632 661 748 749
3099 4 2 1 1 633 634 663 750
3100 4 2 1 1 633 634 750 721
3101 4 2 1 1 633 721 750 720
3102 4 2 1 1 633 663 662 750
3103 4 2 1 1 633 749 720 750
3104 4 2 1 1 633 662 749 750
3105 4 2 2 2 634 635 664 751
3106 4 2 2 2 634 635 751 722
3107 4 2 2 2 634 722 751 721
3108 4 2 2 2 634 664 663 751
3109 4 2 2 2 634 750 721 751
3110 4 2 2 2 634 663 750 751
3111 4 2 2 2 635 636 665 752
3112 4 2 2 2 635 636 752 723
3113 4 2 2 2 635 723 752 722
3114 4 2 2 2 635 665 664 752
3115 4 2 2 2 635 751 722 752
3116 4 2 2 2 635 664 751 752
3117 4 2 2 2 636 637 666 753
3118 4 2 2 2 636 637 753 724
3119 4 2 2 2 636 724 753 723
3120 4 2 2 2 636 666 665 753
3121 4 2 2 2 636 752 723 753
3122 4 2 2 2 636 665 752 753
3123 4 2 2 2 637 638 667 754
3124 4 2 2 2 637 638 754 725
3125 4 2 2 2 637 725 754 724
3126 4 2 2 2 637 667 666 754
3127 4 2 2 2 637 753 724 754
3128 4 2 2 2 637 666 753 754
3129 4 2 1 1 639 640 669 756
3130 4 2 1 1 639 640 756 727
3131 4 2 1 1 639 727 756 726
3132 4 2 1 1 639 669 668 756
3133 4 2 1 1 639 755 726 756
3134 4 2 1 1 639 668 755 756
3135 4 2 1 1 640 641 670 757
3136 4 2 1 1 640 641 757 728
3137 4 2 1 1 640 728 757 727
3138 4 2 1 1 640 670 669 757
3139 4 2 1 1 640 756 727 757
3140 4 2 1 1 640 669 756 757
3141 4 2 1 1 641 642 671 758
3142 4 2 1 1 641 642 758 729
3143 4 2 1 1 641 729 758 728
3144 4 2 1 1 641 671 670 758
3145 4 2 1 1 641 757 728 758
3146 4 2 1 1 641 670 757 758
3147 4 2 1 1 642 643 672 759
3148 4 2 1 1 642 643 759 730
3149 4 2 1 1 642 730 759 729
3150 4 2 1 1 642 672 671 759
3151 4 2 1 1 642 758 729 759
3152 4 2 1 1 642 671 758 759
3153 4 2 1 1 643 644 673 760
3154 4 2 1 1 643 644 760 731
3155 4 2 1 1 643 731 760 730
3156 4 2 1 1 643 673 672 760
3157 4 2 1 1 643 759 730 760
3158 4 2 1 1 643 672 759 760
3159 4 2 1 1 644 645 674 761
3160 4 2 1 1 644 645 761 732
3161 4 2 1 1 644 732 761 731
3162 4 2 1 1 644 674 673 761
3163 4 2 1 1 644 760 731 761
3164 4 2 1 1 644 673 760 761
3165 4 2 1 1 645 646 675 762
3166 4 2 1 1 645 646 762 733
3167 4 2 1 1 645 733 762 732
3168 4 2 1 1 645 675 674 762
3169 4 2 1 1 645 761 732 762
3170 4 2 1 1 645 674 761 762
3171 4 2 1 1 646 647 676 763
3172 4 2 1 1 646 647 763 734
3173 4 2 1 1 646 734 763 733
3174 4 2 1 1 646 676 675 763
3175 4 2 1 1 646 762 733 763
3176 4 2 1 1 646 675 762 763
3177 4 2 1 1 647 648 677 764
3178 4 2 1 1 647 648 764 735
3179 4 2 1 1 647 735 764 734
3180 4 2 1 1 647 677 676 764
3181 4 2 1 1 647 763 734 764
3182 4 2 1 1 647 676 763 764
3183 4 2 1 1 648 649 678 765
3184 4 2 1 1 648 649 765 736
3185 4 2 1 1 648 736 765 735
3186 4 2 1 1 648 678 677 765
3187 4 2 1 1 648 764 735 765
3188 4 2 1 1 648 677 764 765
3189 4 2 1 1 649 650 679 766
3190 4 2 1 1 649 650 766 737
3191 4 2 1 1 649 737 766 736
3192 4 2 1 1 649 679 678 766
3193 4 2 1 1 649 765 736 766
3194 4 2 1 1 649 678 765 766
3195 4 2 1 1 650 651 680 767
3196 4 2 1 1 650 651 767 738
3197 4 2 1 1 650 738 767 737
3198 4 2 1 1 650 680 679 767
3199 4 2 1 1 650 766 737 767
3200 4 2 1 1 650 679 766 767
3201 4 2 1 1 651 652 681 768
3202 4 2 1 1 651 652 768 739
3203 4 2 1 1 651 739 768 738
3204 4 2 1 1 651 681 680 768
3205 4 2 1 1 651 767 738 768
3206 4 2 1 1 651 680 767 768
3207 4 2 1 1 652 653 682 769
3208 4 2 1 1 652 653 769 740
3209 4 2 1 1 652 740 769 739
3210 4 2 1 1 652 682 681 769
3211 4 2 1 1 652 768 739 769
3212 4 2 1 1 652 681 768 769
3213 4 2 1 1 653 654 683 770
3214 4 2 1 1 653 654 770 741
3215 4 2 1 1 653 741 770 740
3216 4 2 1 1 653 683 682 770
3217 4 2 1 1 653 769 740 770
3218 4 2 1 1 653 682 769 770
3219 4 2 1 1 654 655 684 771
3220 4 2 1 1 654 655 771 742
3221 4 2 1 1 654 742 771 741
3222 4 2 1 1 654 684 683 771
3223 4 2 1 1 654 770 741 771
3224 4 2 1 1 654 683 770 771
3225 4 2 1 1 655 656 685 772
3226 4 2 1 1 655 656 772 743
3227 4 2 1 1 655 743 772 742
3228 4 2 1 1 655 685 684 772
3229 4 2 1 1 655 771 742 772
3230 4 2 1 1 655 684 771 772
3231 4 2 1 1 656 657 686 773
3232 4 2 1 1 656 657 773 744
3233 4 2 1 1 656 744 773 743
3234 4 2 1 1 656 686 685 773
3235 4 2 1 1 656 772 743 773
3236 4 2 1 1 656 685 772 773
3237 4 2 1 1 657 658 687 774
3238 4 2 1 1 657 658 774 745
3239 4 2 1 1 657 745 774 744
3240 4 2 1 1 657 687 686 774
3241 4 2 1 1 657 773 744 774
3242 4 2 1 1 657 686 773 774
3243 4 2 1 1 658 659 688 775
3244 4 2 1 1 658 659 775 746
3245 4 2 1 1 658 746 775 745
3246 4 2 1 1 658 688 687 775
3247 4 2 1 1 658 774 745 775
3248 4 2 1 1 658 687 774 775
3249 4 2 1 1 659 660 689 776
3250 4 2 1 1 659 660 776 747
3251 4 2 1 1 659 747 776 746
3252 4 2 1 1 659 689 688 776
3253 4 2 1 1 659 775 746 776
3254 4 2 1 1 659 688 775 776
3255 4 2 1 1 660 661 690 777
3256 4 2 1 1 660 661 777 748
3257 4 2 1 1 660 748 777 747
3258 4 2 1 1 660 690 689 777
3259 4 2 1 1 660 776 747 777
3260 4 2 1 1 660 689 776 777
3261 4 2 1 1 661 662 691 778
3262 4 2 1 1 661 662 778 749
3263 4 2 1 1 661 749 778 748
3264 4 2 1 1 661 691 690 778
3265 4 2 1 1 661 777 748 778
3266 4 2 1 1 661 690 777 778
3267 4 2 1 1 662 663 692 779
3268 4 2 1 1 662 663 779 750
3269 4 2 1 1 662 750 779 749
3270 4 2 1 1 662 692 691 779
3271 4 2 1 1 662 778 749 779
3272 4 2 1 1 662 691 778 779
3273 4 2 2 2 663 664 693 780
3274 4 2 2 2 663 664 780 751
3275 4 2 2 2 663 751 780 750
3276 4 2 2 2 663 693 692 780
3277 4 2 2 2 663 779 750 780
3278 4 2 2 2 663 692 779 780
3279 4 2 2 2 664 665 694 781
3280 4 2 2 2 664 665 781 752
3281 4 2 2 2 664 752 781 751
3282 4 2 2 2 664 694 693 781
3283 4 2 2 2 664 780 751 781
3284 4 2 2 2 664 693 780 781
3285 4 2 2 2 665 666 695 782
3286 4 2 2 2 665 666 782 753
3287 4 2 2 2 665 753 782 752
3288 4 2 2 2 665 695 694 782
3289 4 2 2 2 665 781 752 782
3290 4 2 2 2 665 694 781 782
3291 4 2 2 2 666 667 696 783
3292 4 2 2 2 666 667 783 754
3293 4 2 2 2 666 754 783 753
3294 4 2 2 2 666 696 695 783
3295 4 2 2 2 666 782 753 783
3296 4 2 2 2 666 695 782 783
3297 4 2 1 1 697 698 727 814
3298 4 2 1 1 697 698 814 785
3299 4 2 1 1 697 785 814 784
3300 4 2 1 1 697 727 726 814
3301 4 2 1 1 697 813 784 814
3302 4 2 1 1 697 726 813 814
3303 4 2 1 1 698 699 728 815
3304 4 2 1 1 698 699 815 786
3305 4 2 1 1 698 786 815 785
3306 4 2 1 1 698 728 727 815
3307 4 2 1 1 698 814 785 815
3308 4 2 1 1 698 727 814 815
3309 4 2 1 1 699 700 729 816
3310 4 2 1 1 699 700 816 787
3311 4 2 1 1 699 787 816 786
3312 4 2 1 1 699 729 728 816
3313 4 2 1 1 699 815 786 816
3314 4 2 1 1 699 728 815 816
3315 4 2 1 1 700 701 730 817
3316 4 2 1 1 700 701 817 788
3317 4 2 1 1 700 788 817 787
3318 4 2 1 1 700 730 729 817
3319 4 2 1 1 700 816 787 817
3320 4 2 1 1 700 729 816 817
3321 4 2 1 1 701 702 731 818
3322 4 2 1 1 701 702 818 789
3323 4 2 1 1 701 789 818 788
3324 4 2 1 1 701 731 730 818
3325 4 2 1 1 701 817 788 818
3326 4 2 1 1 701 730 817 818
3327 4 2 1 1 702 703 732 819
3328 4 2 1 1 702 703 819 790
3329 4 2 1 1 702 790 819 789
3330 4 2 1 1 702 732 731 819
3331 4 2 1 1 702 818 789 819
3332 4 2 1 1 702 731 818 819
3333 4 2 1 1 703 704 733 820
3334 4 2 1 1 703 704 820 791
3335 4 2 1 1 703 791 820 790
3336 4 2 1 1 703 733 732 820
3337 4 2 1 1 703 819 790 820
3338 4 2 1 1 703 732 819 820
3339 4 2 1 1 704 705 734 821
3340 4 2 1 1 704 705 821 792
3341 4 2 1 1 704 792 821 791
3342 4 2 1 1 704 734 733 821
3343 4 2 1 1 704 820 791 821
3344 4 2 1 1 704 733 820 821
3345 4 2 1 1 705 706 735 822
3346 4 2 1 1 705 706 822 793
3347 4 2 1 1 705 793 822 792
3348 4 2 1 1 705 735 734 822
3349 4 2 1 1 705 821 792 822
3350 4 2 1 1 705 734 821 822
3351 4 2 1 1 706 707 736 823
3352 4 2 1 1 706 707 823 794
3353 4 2 1 1 706 794 823 793
3354 4 2 1 1 706 736 735 823
3355 4 2 1 1 706 822 793 823
3356 4 2 1 1 706 735 822 823
3357 4 2 1 1 707 708 737 824
3358 4 2 1 1 707 708 824 795
3359 4 2 1 1 707 795 824 794
3360 4 2 1 1 707 737 736 824
3361 4 2 1 1 707 823 794 824
3362 4 2 1 1 707 736 823 824
3363 4 2 1 1 708 709 738 825
3364 4 2 1 1 708 709 825 796
3365 4 2 1 1 708 796 825 795
3366 4 2 1 1 708 738 737 825
3367 4 2 1 1 708 824 795 825
3368 4 2 1 1 708 737 824 825
3369 4 2 1 1 709 710 739 826
3370 4 2 1 1 709 710 826 797
3371 4 2 1 1 709 797 826 796
3372 4 2 1 1 709 739 738 826
3373 4 2 1 1 709 825 796 826
3374 4 2 1 1 709 738 825 826
3375 4 2 1 1 710 711 740 827
3376 4 2 1 1 710 711 827 798
3377 4 2 1 1 710 798 827 797
3378 4 2 1 1 710 740 739 827
3379 4 2 1 1 710 826 797 827
3380 4 2 1 1 710 739 826 827
3381 4 2 1 1 711 712 741 828
3382 4 2 1 1 711 712 828 799
3383 4 2 1 1 711 799 828 798
3384 4 2 1 1 711 741 740 828
3385 4 2 1 1 711 827 798 828
3386 4 2 1 1 711 740 827 828
3387 4 2 1 1 712 713 742 829
3388 4 2 1 1 712 713 829 800
3389 4 2 1 1 712 800 829 799
3390 4 2 1 1 712 742 741 829
3391 4 2 1 1 712 828 799 829
3392 4 2 1 1 712 741 828 829
3393 4 2 1 1 713 714 743 830
3394 4 2 1 1 713 714 830 801
3395 4 2 1 1 713 801 830 800
3396 4 2 1 1 713 743 742 830
3397 4 2 1 1 713 829 800 830
3398 4 2 1 1 713 742 829 830
3399 4 2 1 1 714 715 744 831
3400 4 2 1 1 714 715 831 802
3401 4 2 1 1 714 802 831 801
3402 4 2 1 1 714 744 743 831
3403 4 2 1 1 714 830 801 831
3404 4 2 1 1 714 743 830 831
3405 4 2 1 1 715 716 745 832
3406 4 2 1 1 715 716 832 803
3407 4 2 1 1 715 803 832 802
3408 4 2 1 1 715 745 744 832
3409 4 2 1 1 715 831 802 832
3410 4 2 1 1 715 744 831 832
3411 4 2 1 1 716 717 746 833
3412 4 2 1 1 716 717 833 804
3413 4 2 1 1 716 804 833 803
3414 4 2 1 1 716 746 745 833
3415 4 2 1 1 716 832 803 833
3416 4 2 1 1 716 745 832 833
3417 4 2 1 1 717 718 747 834
3418 4 2 1 1 717 718 834 805
3419 4 2 1 1 717 805 834 804
3420 4 2 1 1 717 747 746 834
3421 4 2 1 1 717 833 804 834
3422 4 2 1 1 717 746 833 834
3423 4 2 1 1 718 719 748 835
3424 4 2 1 1 718 719 835 806
3425 4 2 1 1 718 806 835 805
3426 4 2 1 1 718 748 747 835
3427 4 2 1 1 718 834 805 835
3428 4 2 1 1 718 747 834 835
3429 4 2 1 1 719 720 749 836
3430 4 2 1 1 719 720 836 807
3431 4 2 1 1 719 807 836 806
3432 4 2 1 1 719 749 748 836
3433 4 2 1 1 719 835 806 836
3434 4 2 1 1 719 748 835 836
3435 4 2 1 1 720 721 750 837
3436 4 2 1 1 720 721 837 808
3437 4 2 1 1 720 808 837 807
3438 4 2 1 1 720 750 749 837
3439 4 2 1 1 720 836 807 837
3440 4 2 1 1 720 749 836 837
3441 4 2 2 2 721 722 751 838
3442 4 2 2 2 721 722 838 809
3443 4 2 2 2 721 809 838 808
3444 4 2 2 2 721 751 750 838
3445 4 2 2 2 721 837 808 838
3446 4 2 2 2 721 750 837 838
3447 4 2 2 2 722 723 752 839
3448 4 2 2 2 722 723 839 810
3449 4 2 2 2 722 810 839 809
3450 4 2 2 2 722 752 751 839
3451 4 2 2 2 722 838 809 839
3452 4 2 2 2 722 751 838 839
3453 4 2 2 2 723 724 753 840
3454 4 2 2 2 723 724 840 811
3455 4 2 2 2 723 811 840 810
3456 4 2 2 2 723 753 752 840
3457 4 2 2 2 723 839 810 840
3458 4 2 2 2 723 752 839 840
3459 4 2 2 2 724 725 754 841
3460 4 2 2 2 724 725 841 812
3461 4 2 2 2 724 812 841 811
3462 4 2 2 2 724 754 753 841
3463 4 2 2 2 724 840 811 841
3464 4 2 2 2 724 753 840 841
3465 4 2 1 1 726 727 756 843
3466 4 2 1 1 726 727 843 814
3467 4 2 1 1 726 814 843 813
3468 4 2 1 1 726 756 755 843
3469 4 2 1 1 726 842 813 843
3470 4 2 1 1 726 755 842 843
3471 4 2 1 1 727 728 757 844
3472 4 2 1 1 727 728 844 815
3473 4 2 1 1 727 815 844 814
3474 4 2 1 1 727 757 756 844
3475 4 2 1 1 727 843 814 844
3476 4 2 1 1 727 756 843 844
3477 4 2 1 1 728 729 758 845
3478 4 2 1 1 728 729 845 816
3479 4 2 1 1 728 816 845 815
3480 4 2 1 1 728 758 757 845
3481 4 2 1 1 728 844 815 845
3482 4 2 1 1 728 757 844 845
3483 4 2 1 1 729 730 759 846
3484 4 2 1 1 729 730 846 817
3485 4 2 1 1 729 817 846 816
3486 4 2 1 1 729 759 758 846
3487 4 2 1 1 729 845 816 846
3488 4 2 1 1 729 758 845 846
3489 4 2 1 1 730 731 760 847
3490 4 2 1 1 730 731 847 818
3491 4 2 1 1 730 818 847 817
3492 4 2 1 1 730 760 759 847
3493 4 2 1 1 730 846 817 847
3494 4 2 1 1 730 759 846 847
3495 4 2 1 1 731 732 761 848
3496 4 2 1 1 731 732 848 819
3497 4 2 1 1 731 819 848 818
3498 4 2 1 1 731 761 760 848
3499 4 2 1 1 731 847 818 848
3500 4 2 1 1 731 760 847 848
3501 4 2 1 1 732 733 762 849
3502 4 2 1 1 732 733 849 820
3503 4 2 1 1 732 820 849 819
3504 4 2 1 1 732 762 761 849
3505 4 2 1 1 732 848 819 849
3506 4 2 1 1 732 761 848 849
3507 4 2 1 1 733 734 763 850
3508 4 2 1 1 733 734 850 821
3509 4 2 1 1 733 821 850 820
3510 4 2 1 1 733 763 762 850
3511 4 2 1 1 733 849 820 850
3512 4 2 1 1 733 762 849 850
3513 4 2 1 1 734 735 764 851
3514 4 2 1 1 734 735 851 822
3515 4 2 1 1 734 822 851 821
3516 4 2 1 1 734 764 763 851
3517 4 2 1 1 734 850 821 851
3518 4 2 1 1 734 763 850 851
3519 4 2 1 1 735 736 765 852
3520 4 2 1 1 735 736 852 823
3521 4 2 1 1 735 823 852 822
3522 4 2 1 1 735 765 764 852
3523 4 2 1 1 735 851 822 852
3524 4 2 1 1 735 764 851 852
3525 4 2 1 1 736 737 766 853
3526 4 2 1 1 736 737 853 824
3527 4 2 1 1 736 824 853 823
3528 4 2 1 1 736 766 765 853
3529 4 2 1 1 736 852 823 853
3530 4 2 1 1 736 765 852 853
3531 4 2 1 1 737 738 767 854
3532 4 2 1 1 737 738 854 825
3533 4 2 1 1 737 825 854 824
3534 4 2 1 1 737 767 766 854
3535 4 2 1 1 737 853 824 854
3536 4 2 1 1 737 766 853 854
3537 4 2 1 1 738 739 768 855
3538 4 2 1 1 738 739 855 826
3539 4 2 1 1 738 826 855 825
3540 4 2 1 1 738 768 767 855
3541 4 2 1 1 738 854 825 855
3542 4 2 1 1 738 767 854 855
3543 4 2 1 1 739 740 769 856
3544 4 2 1 1 739 740 856 827
3545 4 2 1 1 739 827 856 826
3546 4 2 1 1 739 769 768 856
3547 4 2 1 1 739 855 826 856
3548 4 2 1 1 739 768 855 856
3549 4 2 1 1 740 741 770 857
3550 4 2 1 1 740 741 857 828
3551 4 2 1 1 740 828 857 827
3552 4 2 1 1 740 770 769 857
3553 4 2 1 1 740 856 827 857
3554 4 2 1 1 740 769 856 857
3555 4 2 1 1 741 742 771 858
3556 4 2 1 1 741 742 858 829
3557 4 2 1 1 741 829 858 828
3558 4 2 1 1 741 771 770 858
3559 4 2 1 1 741 857 828 858
3560 4 2 1 1 741 770 857 858
3561 4 2 1 1 742 743 772 859
3562 4 2 1 1 742 743 859 830
3563 4 2 1 1 742 830 859 829
3564 4 2 1 1 742 772 771 859
3565 4 2 1 1 742 858 829 859
3566 4 2 1 1 742 771 858 859
3567 4 2 1 1 743 744 773 860
3568 4 2 1 1 743 744 860 831
3569 4 2 1 1 743 831 860 830
3570 4 2 1 1 743 773 772 860
3571 4 2 1 1 743 859 830 860
3572 4 2 1 1 743 772 859 860
3573 4 2 1 1 744 745 774 861
3574 4 2 1 1 744 745 861 832
3575 4 2 1 1 744 832 861 831
3576 4 2 1 1 744 774 773 861
3577 4 2 1 1 744 860 831 861
3578 4 2 1 1 744 773 860 861
3579 4 2 1 1 745 746 775 862
3580 4 2 1 1 745 746 862 833
3581 4 2 1 1 745 833 862 832
3582 4 2 1 1 745 775 774 862
3583 4 2 1 1 745 861 832 862
3584 4 2 1 1 745 774 861 862
3585 4 2 1 1 746 747 776 863
3586 4 2 1 1 746 747 863 834
3587 4 2 1 1 746 834 863 833
3588 4 2 1 1 746 776 775 863
3589 4 2 1 1 746 862 833 863
3590 4 2 1 1 746 775 862 863
3591 4 2 1 1 747 748 777 864
3592 4 2 1 1 747 748 864 835
3593 4 2 1 1 747 835 864 834
3594 4 2 1 1 747 777 776 864
3595 4 2 1 1 747 863 834 864
3596 4 2 1 1 747 776 863 864
3597 4 2 1 1 748 749 778 865
3598 4 2 1 1 748 749 865 836
3599 4 2 1 1 748 836 865 835
3600 4 2 1 1 748 778 777 865
3601 4 2 1 1 748 864 835 865
3602 4 2 1 1 748 777 864 865
3603 4 2 1 1 749 750 779 866
3604 4 2 1 1 749 750 866 837
3605 4 2 1 1 749 837 866 836
3606 4 2 1 1 749 779 778 866
3607 4 2 1 1 749 865 836 866
3608 4 2 1 1 749 778 865 866
3609 4 2 2 2 750 751 780 867
3610 4 2 2 2 750 751 867 838
3611 4 2 2 2 750 838 867 837
3612 4 2 2 2 750 780 779 867
3613 4 2 2 2 750 866 837 867
3614 4 2 2 2 750 779 866 867
3615 4 2 2 2 751 752 781 868
3616 4 2 2 2 751 752 868 839
3617 4 2 2 2 751 839 868 838
3618 4 2 2 2 751 781 780 868
3619 4 2 2 2 751 867 838 868
3620 4 2 2 2 751 780 867 868
3621 4 2 2 2 752 753 782 869
3622 4 2 2 2 752 753 869 840
3623 4 2 2 2 752 840 869 839
3624 4 2 2 2 752 782 781 869
3625 4 2 2 2 752 868 839 869
3626 4 2 2 2 752 781 868 869
3627 4 2 2 2 753 754 783 870
3628 4 2 2 2 753 754 870 841
3629 4 2 2 2 753 841 870 840
3630 4 2 2 2 753 783 782 870
3631 4 2 2 2 753 869 840 870
3632 4 2 2 2 753 782 869 870
3633 4 2 1 1 784 785 814 901
3634 4 2 1 1 784 785 901 872
3635 4 2 1 1 784 872 901 871
3636 4 2 1 1 784 814 813 901
3637 4 2 1 1 784 900 871 901
3638 4 2 1 1 784 813 900 901
3639 4 2 1 1 785 786 815 902
3640 4 2 1 1 785 786 902 873
3641 4 2 1 1 785 873 902 872
3642 4 2 1 1 785 815 814 902
3643 4 2 1 1 785 901 872 902
3644 4 2 1 1 785 814 901 902
3645 4 2 1 1 786 787 816 903
3646 4 2 1 1 786 787 903 874
3647 4 2 1 1 786 874 903 873
3648 4 2 1 1 786 816 815 903
3649 4 2 1 1 786 902 873 903
3650 4 2 1 1 786 815 902 903
3651 4 2 1 1 787 788 817 904
3652 4 2 1 1 787 788 904 875
3653 4 2 1 1 787 875 904 874
3654 4 2 1 1 787 817 816 904
3655 4 2 1 1 787 903 874 904
3656 4 2 1 1 787 816 903 904
3657 4 2 1 1 788 789 818 905
3658 4 2 1 1 788 789 905 876
3659 4 2 1 1 788 876 905 875
3660 4 2 1 1 788 818 817 905
3661 4 2 1 1 788 904 875 905
3662 4 2 1 1 788 817 904 905
3663 4 2 1 1 789 790 819 906
3664 4 2 1 1 789 790 906 877
3665 4 2 1 1 789 877 906 876
3666 4 2 1 1 789 819 818 906
3667 4 2 1 1 789 905 876 906
3668 4 2 1 1 789 818 905 906
3669 4 2 1 1 790 791 820 907
3670 4 2 1 1 790 791 907 878
3671 4 2 1 1 790 878 907 877
3672 4 2 1 1 790 820 819 907
3673 4 2 1 1 790 906 877 907
3674 4 2 1 1 790 819 906 907
3675 4 2 1 1 791 792 821 908
3676 4 2 1 1 791 792 908 879
3677 4 2 1 1 791 879 908 878
3678 4 2 1 1 791 821 820 908
3679 4 2 1 1 791 907 878 908
3680 4 2 1 1 791 820 907 908
3681 4 2 1 1 792 793 822 909
3682 4 2 1 1 792 793 909 880
3683 4 2 1 1 792 880 909 879
3684 4 2 1 1 792 822 821 909
3685 4 2 1 1 792 908 879 909
3686 4 2 1 1 792 821 908 909
3687 4 2 1 1 793 794 823 910
3688 4 2 1 1 793 794 910 881
3689 4 2 1 1 793 881 910 880
3690 4 2 1 1 793 823 822 910
3691 4 2 1 1 793 909 880 910
3692 4 2 1 1 793 822 909 910
3693 4 2 1 1 794 795 824 911
3694 4 2 1 1 794 795 911 882
3695 4 2 1 1 794 882 911 881
3696 4 2 1 1 794 824 823 911
3697 4 2 1 1 794 910 881 911
3698 4 2 1 1 794 823 910 911
3699 4 2 1 1 795 796 825 912
3700 4 2 1 1 795 796 912 883
3701 4 2 1 1 795 883 912 882
3702 4 2 1 1 795 825 824 912
3703 4 2 1 1 795 911 882 912
3704 4 2 1 1 795 824 911 912
3705 4 2 1 1 796 797 826 913
3706 4 2 1 1 796 797 913 884
3707 4 2 1 1 796 884 913 883
3708 4 2 1 1 796 826 825 913
3709 4 2 1 1 796 912 883 913
3710 4 2 1 1 796 825 912 913
3711 4 2 1 1 797 798 827 914
3712 4 2 1 1 797 798 914 885
3713 4 2 1 1 797 885 914 884
3714 4 2 1 1 797 827 826 914
3715 4 2 1 1 797 913 884 914
3716 4 2 1 1 797 826 913 914
3717 4 2 1 1 798 799 828 915
3718 4 2 1 1 798 799 915 886
3719 4 2 1 1 798 886 915 885
3720 4 2 1 1 798 828 827 915
3721 4 2 1 1 798 914 885 915
3722 4 2 1 1 798 827 914 915
3723 4 2 1 1 799 800 829 916
3724 4 2 1 1 799 800 916 887
3725 4 2 1 1 799 887 916 886
3726 4 2 1 1 799 829 828 916
3727 4 2 1 1 799 915 886 916
3728 4 2 1 1 799 828 915 916
3729 4 2 1 1 800 801 830 917
3730 4 2 1 1 800 801 917 888
3731 4 2 1 1 800 888 917 887
3732 4 2 1 1 800 830 829 917
3733 4 2 1 1 800 916 887 917
3734 4 2 1 1 800 829 916 917
3735 4 2 1 1 801 802 831 918
3736 4 2 1 1 801 802 918 889
3737 4 2 1 1 801 889 918 888
3738 4 2 1 1 801 831 830 918
3739 4 2 1 1 801 917 888 918
3740 4 2 1 1 801 830 917 918
3741 4 2 1 1 802 803 832 919
3742 4 2 1 1 802 803 919 890
3743 4 2 1 1 802 890 919 889
3744 4 2 1 1 802 832 831 919
3745 4 2 1 1 802 918 889 919
3746 4 2 1 1 802 831 918 919
3747 4 2 1 1 803 804 833 920
3748 4 2 1 1 803 804 920 891
3749 4 2 1 1 803 891 920 890
3750 4 2 1 1 803 833 832 920
3751 4 2 1 1 803 919 890 920
3752 4 2 1 1 803 832 919 920
3753 4 2 1 1 804 805 834 921
3754 4 2 1 1 804 805 921 892
3755 4 2 1 1 804 892 921 891
3756 4 2 1 1 804 834 833 921
3757 4 2 1 1 804 920 891 921
3758 4 2 1 1 804 833 920 921
3759 4 2 1 1 805 806 835 922
3760 4 2 1 1 805 806 922 893
3761 4 2 1 1 805 893 922 892
3762 4 2 1 1 805 835 834 922
3763 4 2 1 1 805 921 892 922
3764 4 2 1 1 805 834 921 922
3765 4 2 1 1 806 807 836 923
3766 4 2 1 1 806 807 923 894
3767 4 2 1 1 806 894 923 893
3768 4 2 1 1 806 836 835 923
3769 4 2 1 1 806 922 893 923
3770 4 2 1 1 806 835 922 923
3771 4 2 1 1 807 808 837 924
3772 4 2 1 1 807 808 924 895
3773 4 2 1 1 807 895 924 894
3774 4 2 1 1 807 837 836 924
3775 4 2 1 1 807 923 894 924
3776 4 2 1 1 807 836 923 924
3777 4 2 2 2 808 809 838 925
3778 4 2 2 2 808 809 925 896
3779 4 2 2 2 808 896 925 895
3780 4 2 2 2 808 838 837 925
3781 4 2 2 2 808 924 895 925
3782 4 2 2 2 808 837 924 925
3783 4 2 2 2 809 810 839 926
3784 4 2 2 2 809 810 926 897
3785 4 2 2 2 809 897 926 896
3786 4 2 2 2 809 839 838 926
3787 4 2 2 2 809 925 896 926
3788 4 2 2 2 809 838 925 926
3789 4 2 2 2 810 811 840 927
3790 4 2 2 2 810 811 927 898
3791 4 2 2 2 810 898 927 897
3792 4 2 2 2 810 840 839 927
3793 4 2 2 2 810 926 897 927
3794 4 2 2 2 810 839 926 927
3795 4 2 2 2 811 812 841 928
3796 4 2 2 2 811 812 928 899
3797 4 2 2 2 811 899 928 898
3798 4 2 2 2 811 841 840 928
3799 4 2 2 2 811 927 898 928
3800 4 2 2 2 811 840 927 928
3801 4 2 1 1 813 814 843 930
3802 4 2 1 1 813 814 930 901
3803 4 2 1 1 813 901 930 900
3804 4 2 1 1 813 843 842 930
3805 4 2 1 1 813 929 900 930
3806 4 2 1 1 813 842 929 930
3807 4 2 1 1 814 815 844 931
3808 4 2 1 1 814 815 931 902
3809 4 2 1 1 814 902 931 901
3810 4 2 1 1 814 844 843 931
3811 4 2 1 1 814 930 901 931
3812 4 2 1 1 814 843 930 931
3813 4 2 1 1 815 816 845 932
3814 4 2 1 1 815 816 932 903
3815 4 2 1 1 815 903 932 902
3816 4 2 1 1 815 845 844 932
3817 4 2 1 1 815 931 902 932
3818 4 2 1 1 815 844 931 932
3819 4 2 1 1 816 817 846 933
3820 4 2 1 1 816 817 933 904
3821 4 2 1 1 816 904 933 903
3822 4 2 1 1 816 846 845 933
3823 4 2 1 1 816 932 903 933
3824 4 2 1 1 816 845 932 933
3825 4 2 1 1 817 818 847 934
3826 4 2 1 1 817 818 934 905
3827 4 2 1 1 817 905 934 904
3828 4 2 1 1 817 847 846 934
3829 4 2 1 1 817 933 904 934
3830 4 2 1 1 817 846 933 934
3831 4 2 1 1 818 819 848 935
3832 4 2 1 1 818 819 935 906
3833 4 2 1 1 818 906 935 905
3834 4 2 1 1 818 848 847 935
3835 4 2 1 1 818 934 905 935
3836 4 2 1 1 818 847 934 935
3837 4 2 1 1 819 820 849 936
3838 4 2 1 1 819 820 936 907
3839 4 2 1 1 819 907 936 906
3840 4 2 1 1 819 849 848 936
3841 4 2 1 1 819 935 906 936
3842 4 2 1 1 819 848 935 936
3843 4 2 1 1 820 821 850 937
3844 4 2 1 1 820 821 937 908
3845 4 2 1 1 820 908 937 907
3846 4 2 1 1 820 850 849 937
3847 4 2 1 1 820 936 907 937
3848 4 2 1 1 820 849 936 937
3849 4 2 1 1 821 822 851 938
3850 4 2 1 1 821 822 938 909
3851 4 2 1 1 821 909 938 908
3852 4 2 1 1 821 851 850 938
3853 4 2 1 1 821 937 908 938
3854 4 2 1 1 821 850 937 938
3855 4 2 1 1 822 823 852 939
3856 4 2 1 1 822 823 939 910
3857 4 2 1 1 822 910 939 909
3858 4 2 1 1 822 852 851 939
3859 4 2 1 1 822 938 909 939
3860 4 2 1 1 822 851 938 939
3861 4 2 1 1 823 824 853 940
3862 4 2 1 1 823 824 940 911
3863 4 2 1 1 823 911 940 910
3864 4 2 1 1 823 853 852 940
3865 4 2 1 1 823 939 910 940
3866 4 2 1 1 823 852 939 940
3867 4 2 1 1 824 825 854 941
3868 4 2 1 1 824 825 941 912
3869 4 2 1 1 824 912 941 911
3870 4 2 1 1 824 854 853 941
3871 4 2 1 1 824 940 911 941
3872 4 2 1 1 824 853 940 941
3873 4 2 1 1 825 826 855 942
3874 4 2 1 1 825 826 942 913
3875 4 2 1 1 825 913 942 912
3876 4 2 1 1 825 855 854 942
3877 4 2 1 1 825 941 912 942
3878 4 2 1 1 825 854 941 942
3879 4 2 1 1 826 827 856 943
3880 4 2 1 1 826 827 943 914
3881 4 2 1 1 826 914 943 913
3882 4 2 1 1 826 856 855 943
3883 4 2 1 1 826 942 913 943
3884 4 2 1 1 826 855 942 943
3885 4 2 1 1 827 828 857 944
3886 4 2 1 1 827 828 944 915
3887 4 2 1 1 827 915 944 914
3888 4 2 1 1 827 857 856 944
3889 4 2 1 1 827 943 914 944
3890 4 2 1 1 827 856 943 944
3891 4 2 1 1 828 829 858 945
3892 4 2 1 1 828 829 945 916
3893 4 2 1 1 828 916 945 915
3894 4 2 1 1 828 858 857 945
3895 4 2 1 1 828 944 915 945
3896 4 2 1 1 828 857 944 945
3897 4 2 1 1 829 830 859 946
3898 4 2 1 1 829 830 946 917
3899 4 2 1 1 829 917 946 916
3900 4 2 1 1 829 859 858 946
3901 4 2 1 1 829 945 916 946
3902 4 2 1 1 829 858 945 946
3903 4 2 1 1 830 831 860 947
3904 4 2 1 1 830 831 947 918
3905 4 2 1 1 830 918 947 917
3906 4 2 1 1 830 860 859 947
3907 4 2 1 1 830 946 917 947
3908 4 2 1 1 830 859 946 947
3909 4 2 1 1 831 832 861 948
3910 4 2 1 1 831 832 948 919
3911 4 2 1 1 831 919 948 918
3912 4 2 1 1 831 861 860 948
3913 4 2 1 1 831 947 918 948
3914 4 2 1 1 831 860 947 948
3915 4 2 1 1 832 833 862 949
3916 4 2 1 1 832 833 949 920
3917 4 2 1 1 832 920 949 919
3918 4 2 1 1 832 862 861 949
3919 4 2 1 1 832 948 919 949
3920 4 2 1 1 832 861 948 949
3921 4 2 1 1 833 834 863 950
3922 4 2 1 1 833 834 950 921
3923 4 2 1 1 833 921 950 920
3924 4 2 1 1 833 863 862 950
3925 4 2 1 1 833 949 920 950
3926 4 2 1 1 833 862 949 950
3927 4 2 1 1 834 835 864 951
3928 4 2 1 1 834 835 951 922
3929 4 2 1 1 834 922 951 921
3930 4 2 1 1 834 864 863 951
3931 4 2 1 1 834 950 921 951
3932 4 2 1 1 834 863 950 951
3933 4 2 1 1 835 836 865 952
3934 4 2 1 1 835 836 952 923
3935 4 2 1 1 835 923 952 922
3936 4 2 1 1 835 865 864 952
3937 4 2 1 1 835 951 922 952
3938 4 2 1 1 835 864 951 952
3939 4 2 1 1 836 837 866 953
3940 4 2 1 1 836 837 953 924
3941 4 2 1 1 836 924 953 923
3942 4 2 1 1 836 866 865 953
3943 4 2 1 1 836 952 923 953
3944 4 2 1 1 836 865 952 953
3945 4 2 2 2 837 838 867 954
3946 4 2 2 2 837 838 954 925
3947 4 2 2 2 837 925 954 924
3948 4 2 2 2 837 867 866 954
3949 4 2 2 2 837 953 924 954
3950 4 2 2 2 837 866 953 954
3951 4 2 2 2 838 839 868 955
3952 4 2 2 2 838 839 955 926
3953 4 2 2 2 838 926 955 925
3954 4 2 2 2 838 868 867 955
3955 4 2 2 2 838 954 925 955
3956 4 2 2 2 838 867 954 955
3957 4 2 2 2 839 840 869 956
3958 4 2 2 2 839 840 956 927
3959 4 2 2 2 839 927 956 926
3960 4 2 2 2 839 869 868 956
3961 4 2 2 2 839 955 926 956
3962 4 2 2 2 839 868 955 956
3963 4 2 2 2 840 841 870 957
3964 4 2 2 2 840 841 957 928
3965 4 2 2 2 840 928 957 927
3966 4 2 2 2 840 870 869 957
3967 4 2 2 2 840 956 927 957
3968 4 2 2 2 840 869 956 957
3969 4 2 1 1 871 872 901 988
3970 4 2 1 1 871 872 988 959
3971 4 2 1 1 871 959 988 958
3972 4 2 1 1 871 901 900 988
3973 4 2 1 1 871 987 958 988
3974 4 2 1 1 871 900 987 988
3975 4 2 1 1 872 873 902 989
3976 4 2 1 1 872 873 989 960
3977 4 2 1 1 872 960 989 959
3978 4 2 1 1 872 902 901 989
3979 4 2 1 1 872 988 959 989
3980 4 2 1 1 872 901 988 989
3981 4 2 1 1 873 874 903 990
3982 4 2 1 1 873 874 990 961
3983 4 2 1 1 873 961 990 960
3984 4 2 1 1 873 903 902 990
3985 4 2 1 1 873 989 960 990
3986 4 2 1 1 873 902 989 990
3987 4 2 1 1 874 875 904 991
3988 4 2 1 1 874 875 991 962
3989 4 2 1 1 874 962 991 961
3990 4 2 1 1 874 904 903 991
3991 4 2 1 1 874 990 961 991
3992 4 2 1 1 874 903 990 991
3993 4 2 1 1 875 876 905 992
3994 4 2 1 1 875 876 992 963
3995 4 2 1 1 875 963 992 962
3996 4 2 1 1 875 905 904 992
3997 4 2 1 1 875 991 962 992
3998 4 2 1 1 875 904 991 992
3999 4 2 1 1 876 877 906 993
4000 4 2 1 1 876 877 993 964
4001 4 2 1 1 876 964 993 963
4002 4 2 1 1 876 906 905 993
4003 4 2 1 1 876 992 963 993
4004 4 2 1 1 876 905 992 993
4005 4 2 1 1 877 878 907 994
4006 4 2 1 1 877 878 994 965
4007 4 2 1 1 877 965 994 964
4008 4 2 1 1 877 907 906 994
4009 4 2 1 1 877 993 964 994
4010 4 2 1 1 877 906 993 994
4011 4 2 1 1 878 879 908 995
4012 4 2 1 1 878 879 995 966
4013 4 2 1 1 878 966 995 965
4014 4 2 1 1 878 908 907 995
4015 4 2 1 1 878 994 965 995
4016 4 2 1 1 878 907 994 995
4017 4 2 1 1 879 880 909 996
4018 4 2 1 1 879 880 996 967
4019 4 2 1 1 879 967 996 966
4020 4 2 1 1 879 909 908 996
4021 4 2 1 1 879 995 966 996
4022 4 2 1 1 879 908 995 996
4023 4 2 1 1 880 881 910 997
4024 4 2 1 1 880 881 997 968
4025 4 2 1 1 880 968 997 967
4026 4 2 1 1 880 910 909 997
4027 4 2 1 1 880 996 967 997
4028 4 2 1 1 880 909 996 997
4029 4 2 1 1 881 882 911 998
4030 4 2 1 1 881 882 998 969
4031 4 2 1 1 881 969 998 968
4032 4 2 1 1 881 911 910 998
4033 4 2 1 1 881 997 968 998
4034 4 2 1 1 881 910 997 998
4035 4 2 1 1 882 883 912 999
4036 4 2 1 1 882 883 999 970
4037 4 2 1 1 882 970 999 969
4038 4 2 1 1 882 912 911 999
4039 4 2 1 1 882 998 969 999
4040 4 2 1 1 882 911 998 999
4041 4 2 1 1 883 884 913 1000
4042 4 2 1 1 883 884 1000 971
4043 4 2 1 1 883 971 1000 970
4044 4 2 1 1 883 913 912 1000
4045 4 2 1 1 883 999 970 1000
4046 4 2 1 1 883 912 999 1000
4047 4 2 1 1 884 885 914 1001
4048 4 2 1 1 884 885 1001 972
4049 4 2 1 1 884 972 1001 971
4050 4 2 1 1 884 914 913 1001
4051 4 2 1 1 884 1000 971 1001
4052 4 2 1 1 884 913 1000 1001
4053 4 2 1 1 885 886 915 1002
4054 4 2 1 1 885 886 1002 973
4055 4 2 1 1 885 973 1002 972
4056 4 2 1 1 885 915 914 1002
4057 4 2 1 1 885 1001 972 1002
4058 4 2 1 1 885 914 1001 1002
4059 4 2 1 1 886 887 916 1003
4060 4 2 1 1 886 887 1003 974
4061 4 2 1 1 886 974 1003 973
4062 4 2 1 1 886 916 915 1003
4063 4 2 1 1 886 1002 973 1003
4064 4 2 1 1 886 915 1002 1003
4065 4 2 1 1 887 888 917 1004
4066 4 2 1 1 887 888 1004 975
4067 4 2 1 1 887 975 1004 974
4068 4 2 1 1 887 917 916 1004
4069 4 2 1 1 887 1003 974 1004
4070 4 2 1 1 887 916 1003 1004
4071 4 2 1 1 888 889 918 1005
4072 4 2 1 1 888 889 1005 976
4073 4 2 1 1 888 976 1005 975
4074 4 2 1 1 888 918 917 1005
4075 4 2 1 1 888 1004 975 1005
4076 4 2 1 1 888 917 1004 1005
4077 4 2 1 1 889 890 919 1006
4078 4 2 1 1 889 890 1006 977
4079 4 2 1 1 889 977 1006 976
4080 4 2 1 1 889 919 918 1006
4081 4 2 1 1 889 1005 976 1006
4082 4 2 1 1 889 918 1005 1006
4083 4 2 1 1 890 891 920 1007
4084 4 2 1 1 890 891 1007 978
4085 4 2 1 1 890 978 1007 977
4086 4 2 1 1 890 920 919 1007
4087 4 2 1 1 890 1006 977 1007
4088 4 2 1 1 890 919 1006 1007
4089 4 2 1 1 891 892 921 1008
4090 4 2 1 1 891 892 1008 979
4091 4 2 1 1 891 979 1008 978
4092 4 2 1 1 891 921 920 1008
4093 4 2 1 1 891 1007 978 1008
4094 4 2 1 1 891 920 1007 1008
4095 4 2 1 1 892 893 922 1009
4096 4 2 1 1 892 893 1009 980
4097 4 2 1 1 892 980 1009 979
4098 4 2 1 1 892 922 921 1009
4099 4 2 1 1 892 1008 979 1009
4100 4 2 1 1 892 921 1008 1009
4101 4 2 1 1 893 894 923 1010
4102 4 2 1 1 893 894 1010 981
4103 4 2 1 1 893 981 1010 980
4104 4 2 1 1 893 923 922 1010
4105 4 2 1 1 893 1009 980 1010
4106 4 2 1 1 893 922 1009 1010
4107 4 2 1 1 894 895 924 1011
4108 4 2 1 1 894 895 1011 982
4109 4 2 1 1 894 982 1011 981
4110 4 2 1 1 894 924 923 1011
4111 4 2 1 1 894 1010 981 1011
4112 4 2 1 1 894 923 1010 1011
4113 4 2 2 2 895 896 925 1012
4114 4 2 2 2 895 896 1012 983
4115 4 2 2 2 895 983 1012 982
4116 4 2 2 2 895 925 924 1012
4117 4 2 2 2 895 1011 982 1012
4118 4 2 2 2 895 924 1011 1012
4119 4 2 2 2 896 897 926 1013
4120 4 2 2 2 896 897 1013 984
4121 4 2 2 2 896 984 1013 983
4122 4 2 2 2 896 926 925 1013
4123 4 2 2 2 896 1012 983 1013
4124 4 2 2 2 896 925 1012 1013
4125 4 2 2 2 897 898 927 1014
4126 4 2 2 2 897 898 1014 985
4127 4 2 2 2 897 985 1014 984
4128 4 2 2 2 897 927 926 1014
4129 4 2 2 2 897 1013 984 1014
4130 4 2 2 2 897 926 1013 1014
4131 4 2 2 2 898 899 928 1015
4132 4 2 2 2 898 899 1015 986
4133 4 2 2 2 898 986 1015 985
4134 4 2 2 2 898 928 927 1015
4135 4 2 2 2 898 1014 985 1015
4136 4 2 2 2 898 927 1014 1015
4137 4 2 1 1 900 901 930 1017
4138 4 2 1 1 900 901 1017 988
4139 4 2 1 1 900 988 1017 987
4140 4 2 1 1 900 930 929 1017
4141 4 2 1 1 900 1016 987 1017
4142 4 2 1 1 900 929 1016 1017
4143 4 2 1 1 901 902 931 1018
4144 4 2 1 1 901 902 1018 989
4145 4 2 1 1 901 989 1018 988
4146 4 2 1 1 901 931 930 1018
4147 4 2 1 1 901 1017 988 1018
4148 4 2 1 1 901 930 1017 1018
4149 4 2 1 1 902 903 932 1019
4150 4 2 1 1 902 903 1019 990
4151 4 2 1 1 902 990 1019 989
4152 4 2 1 1 902 932 931 1019
4153 4 2 1 1 902 1018 989 1019
4154 4 2 1 1 902 931 1018 1019
4155 4 2 1 1 903 904 933 1020
4156 4 2 1 1 903 904 1020 991
4157 4 2 1 1 903 991 1020 990
4158 4 2 1 1 903 933 932 1020
4159 4 2 1 1 903 1019 990 1020
4160 4 2 1 1 903 932 1019 1020
4161 4 2 1 1 904 905 934 1021
4162 4 2 1 1 904 905 1021 992
4163 4 2 1 1 904 992 1021 991
4164 4 2 1 1 904 934 933 1021
4165 4 2 1 1 904 1020 991 1021
4166 4 2 1 1 904 933 1020 1021
4167 4 2 1 1 905 906 935 1022
4168 4 2 1 1 905 906 1022 993
4169 4 2 1 1 905 993 1022 992
4170 4 2 1 1 905 935 934 1022
4171 4 2 1 1 905 1021 992 1022
4172 4 2 1 1 905 934 1021 1022
4173 4 2 1 1 906 907 936 1023
4174 4 2 1 1 906 907 1023 994
4175 4 2 1 1 906 994 1023 993
4176 4 2 1 1 906 936 935 1023
4177 4 2 1 1 906 1022 993 1023
4178 4 2 1 1 906 935 1022 1023
4179 4 2 1 1 907 908 937 1024
4180 4 2 1 1 907 908 1024 995
4181 4 2 1 1 907 995 1024 994
4182 4 2 1 1 907 937 936 1024
4183 4 2 1 1 907 1023 994 1024
4184 4 2 1 1 907 936 1023 1024
4185 4 2 1 1 908 909 938 1025
4186 4 2 1 1 908 909 1025 996
4187 4 2 1 1 908 996 1025 995
4188 4 2 1 1 908 938 937 1025
4189 4 2 1 1 908 1024 995 1025
4190 4 2 1 1 908 937 1024 1025
4191 4 2 1 1 909 910 939 1026
4192 4 2 1 1 909 910 1026 997
4193 4 2 1 1 909 997 1026 996
4194 4 2 1 1 909 939 938 1026
4195 4 2 1 1 909 1025 996 1026
4196 4 2 1 1 909 938 1025 1026
4197 4 2 1 1 910 911 940 1027
4198 4 2 1 1 910 911 1027 998
4199 4 2 1 1 910 998 1027 997
4200 4 2 1 1 910 940 939 1027
4201 4 2 1 1 910 1026 997 1027
4202 4 2 1 1 910 939 1026 1027
4203 4 2 1 1 911 912 941 1028
4204 4 2 1 1 911 912 1028 999
4205 4 2 1 1 911 999 1028 998
4206 4 2 1 1 911 941 940 1028
4207 4 2 1 1 911 1027 998 1028
4208 4 2 1 1 911 940 1027 1028
4209 4 2 1 1 912 913 942 1029
4210 4 2 1 1 912 913 1029 1000
4211 4 2 1 1 912 1000 1029 999
4212 4 2 1 1 912 942 941 1029
4213 4 2 1 1 912 1028 999 1029
4214 4 2 1 1 912 941 1028 1029
4215 4 2 1 1 913 914 943 1030
4216 4 2 1 1 913 914 1030 1001
4217 4 2 1 1 913 1001 1030 1000
4218 4 2 1 1 913 943 942 1030
4219 4 2 1 1 913 1029 1000 1030
4220 4 2 1 1 913 942 1029 1030
4221 4 2 1 1 914 915 944 1031
4222 4 2 1 1 914 915 1031 1002
4223 4 2 1 1 914 1002 1031 1001
4224 4 2 1 1 914 944 943 1031
4225 4 2 1 1 914 1030 1001 1031
4226 4 2 1 1 914 943 1030 1031
4227 4 2 1 1 915 916 945 1032
4228 4 2 1 1 915 916 1032 1003
4229 4 2 1 1 915 1003 1032 1002
4230 4 2 1 1 915 945 944 1032
4231 4 2 1 1 915 1031 1002 1032
4232 4 2 1 1 915 944 1031 1032
4233 4 2 1 1 916 917 946 1033
4234 4 2 1 1 916 917 1033 1004
4235 4 2 1 1 916 1004 1033 1003
4236 4 2 1 1 916 946 945 1033
4237 4 2 1 1 916 1032 1003 1033
4238 4 2 1 1 916 945 1032 1033
4239 4 2 1 1 917 918 947 1034
4240 4 2 1 1 917 918 1034 1005
4241 4 2 1 1 917 1005 1034 1004
4242 4 2 1 1 917 947 946 1034
4243 4 2 1 1 917 1033 1004 1034
4244 4 2 1 1 917 946 1033 1034
4245 4 2 1 1 918 919 948 1035
4246 4 2 1 1 918 919 1035 1006
4247 4 2 1 1 918 1006 1035 1005
4248 4 2 1 1 918 948 947 1035
4249 4 2 1 1 918 1034 1005 1035
4250 4 2 1 1 918 947 1034 1035
4251 4 2 1 1 919 920 949 1036
4252 4 2 1 1 919 920 1036 1007
4253 4 2 1 1 919 1007 1036 1006
4254 4 2 1 1 919 949 948 1036
4255 4 2 1 1 919 1035 1006 1036
4256 4 2 1 1 919 948 1035 1036
4257 4 2 1 1 920 921 950 1037
4258 4 2 1 1 920 921 1037 1008
4259 4 2 1 1 920 1008 1037 1007
4260 4 2 1 1 920 950 949 1037
4261 4 2 1 1 920 1036 1007 1037
4262 4 2 1 1 920 949 1036 1037
4263 4 2 1 1 921 922 951 1038
4264 4 2 1 1 921 922 1038 1009
4265 4 2 1 1 921 1009 1038 1008
4266 4 2 1 1 921 951 950 1038
4267 4 2 1 1 921 1037 1008 1038
4268 4 2 1 1 921 950 1037 1038
4269 4 2 1 1 922 923 952 1039
4270 4 2 1 1 922 923 1039 1010
4271 4 2 1 1 922 1010 1039 1009
4272 4 2 1 1 922 952 951 1039
4273 4 2 1 1 922 1038 1009 1039
4274 4 2 1 1 922 951 1038 1039
4275 4 2 1 1 923 924 953 1040
4276 4 2 1 1 923 924 1040 1011
4277 4 2 1 1 923 1011 1040 1010
4278 4 2 1 1 923 953 952 1040
4279 4 2 1 1 923 1039 1010 1040
4280 4 2 1 1 923 952 1039 1040
4281 4 2 2 2 924 925 954 1041
4282 4 2 2 2 924 925 1041 1012
4283 4 2 2 2 924 1012 1041 1011
4284 4 2 2 2 924 954 953 1041
4285 4 2 2 2 924 1040 1011 1041
4286 4 2 2 2 924 953 1040 1041
4287 4 2 2 2 925 926 955 1042
4288 4 2 2 2 925 926 1042 1013
4289 4 2 2 2 925 1013 1042 1012
4290 4 2 2 2 925 955 954 1042
4291 4 2 2 2 925 1041 1012 1042
4292 4 2 2 2 925 954 1041 1042
4293 4 2 2 2 926 927 956 1043
4294 4 2 2 2 926 927 1043 1014
4295 4 2 2 2 926 1014 1043 1013
4296 4 2 2 2 926 956 955 1043
4297 4 2 2 2 926 1042 1013 1043
4298 4 2 2 2 926 955 1042 1043
4299 4 2 2 2 927 928 957 1044
4300 4 2 2 2 927 928 1044 1015
4301 4 2 2 2 927 1015 1044 1014
4302 4 2 2 2 927 957 956 1044
4303 4 2 2 2 927 1043 1014 1044
4304 4 2 2 2 927 956 1043 1044
4305 4 2 1 1 958 959 988 1075
4306 4 2 1 1 958 959 1075 1046
4307 4 2 1 1 958 1046 1075 1045
4308 4 2 1 1 958 988 987 1075
4309 4 2 1 1 958 1074 1045 1075
4310 4 2 1 1 958 987 1074 1075
4311 4 2 1 1 959 960 989 1076
4312 4 2 1 1 959 960 1076 1047
4313 4 2 1 1 959 1047 1076 1046
4314 4 2 1 1 959 989 988 1076
4315 4 2 1 1 959 1075 1046 1076
4316 4 2 1 1 959 988 1075 1076
4317 4 2 1 1 960 961 990 1077
4318 4 2 1 1 960 961 1077 1048
4319 4 2 1 1 960 1048 1077 1047
4320 4 2 1 1 960 990 989 1077
4321 4 2 1 1 960 1076 1047 1077
4322 4 2 1 1 960 989 1076 1077
4323 4 2 1 1 961 962 991 1078
4324 4 2 1 1 961 962 1078 1049
4325 4 2 1 1 961 1049 1078 1048
4326 4 2 1 1 961 991 990 1078
4327 4 2 1 1 961 1077 1048 1078
4328 4 2 1 1 961 990 1077 1078
4329 4 2 1 1 962 963 992 1079
4330 4 2 1 1 962 963 1079 1050
4331 4 2 1 1 962 1050 1079 1049
4332 4 2 1 1 962 992 991 1079
4333 4 2 1 1 962 1078 1049 1079
4334 4 2 1 1 962 991 1078 1079
4335 4 2 1 1 963 964 993 1080
4336 4 2 1 1 963 964 1080 1051
4337 4 2 1 1 963 1051 1080 1050
4338 4 2 1 1 963 993 992 1080
4339 4 2 1 1 963 1079 1050 1080
4340 4 2 1 1 963 992 1079 1080
4341 4 2 1 1 964 965 994 1081
4342 4 2 1 1 964 965 1081 1052
4343 4 2 1 1 964 1052 1081 1051
4344 4 2 1 1 964 994 993 1081
4345 4 2 1 1 964 1080 1051 1081
4346 4 2 1 1 964 993 1080 1081
4347 4 2 1 1 965 966 995 1082
4348 4 2 1 1 965 966 1082 1053
4349 4 2 1 1 965 1053 1082 1052
4350 4 2 1 1 965 995 994 1082
4351 4 2 1 1 965 1081 1052 1082
4352 4 2 1 1 965 994 1081 1082
4353 4 2 1 1 966 967 996 1083
4354 4 2 1 1 966 967 1083 1054
4355 4 2 1 1 966 1054 1083 1053
4356 4 2 1 1 966 996 995 1083
4357 4 2 1 1 966 1082 1053 1083
4358 4 2 1 1 966 995 1082 1083
4359 4 2 1 1 967 968 997 1084
4360 4 2 1 1 967 968 1084 1055
4361 4 2 1 1 967 1055 1084 1054
4362 4 2 1 1 967 997 996 1084
4363 4 2 1 1 967 1083 1054 1084
4364 4 2 1 1 967 996 1083 1084
4365 4 2 1 1 968 969 998 1085
4366 4 2 1 1 968 969 1085 1056
4367 4 2 1 1 968 1056 1085 1055
4368 4 2 1 1 968 998 997 1085
4369 4 2 1 1 968 1084 1055 1085
4370 4 2 1 1 968 997 1084 1085
4371 4 2 1 1 969 970 999 1086
4372 4 2 1 1 969 970 1086 1057
4373 4 2 1 1 969 1057 1086 1056
4374 4 2 1 1 969 999 998 1086
4375 4 2 1 1 969 1085 1056 1086
4376 4 2 1 1 969 998 1085 1086
4377 4 2 1 1 970 971 1000 1087
4378 4 2 1 1 970 971 1087 1058
4379 4 2 1 1 970 1058 1087 1057
4380 4 2 1 1 970 1000 999 1087
4381 4 2 1 1 970 1086 1057 1087
4382 4 2 1 1 970 999 1086 1087
4383 4 2 1 1 971 972 1001 1088
4384 4 2 1 1 971 972 1088 1059
4385 4 2 1 1 971 1059 1088 1058
4386 4 2 1 1 971 1001 1000 1088
4387 4 2 1 1 971 1087 1058 1088
4388 4 2 1 1 971 1000 1087 1088
4389 4 2 1 1 972 973 1002 1089
4390 4 2 1 1 972 973 1089 1060
4391 4 2 1 1 972 1060 1089 1059
4392 4 2 1 1 972 1002 1001 1089
4393 4 2 1 1 972 1088 1059 1089
4394 4 2 1 1 972 1001 1088 1089
4395 4 2 1 1 973 974 1003 1090
4396 4 2 1 1 973 974 1090 1061
4397 4 2 1 1 973 1061 1090 1060
4398 4 2 1 1 973 1003 1002 1090
4399 4 2 1 1 973 1089 1060 1090
4400 4 2 1 1 973 1002 1089 1090
4401 4 2 1 1 974 975 1004 1091
4402 4 2 1 1 974 975 1091 1062
4403 4 2 1 1 974 1062 1091 1061
4404 4 2 1 1 974 1004 1003 1091
4405 4 2 1 1 974 1090 1061 1091
4406 4 2 1 1 974 1003 1090 1091
4407 4 2 1 1 975 976 1005 1092
4408 4 2 1 1 975 976 1092 1063
4409 4 2 1 1 975 1063 1092 1062
4410 4 2 1 1 975 1005 1004 1092
4411 4 2 1 1 975 1091 1062 1092
4412 4 2 1 1 975 1004 1091 1092
4413 4 2 1 1 976 977 1006 1093
4414 4 2 1 1 976 977 1093 1064
4415 4 2 1 1 976 1064 1093 1063
4416 4 2 1 1 976 1006 1005 1093
4417 4 2 1 1 976 1092 1063 1093
4418 4 2 1 1 976 1005 1092 1093
4419 4 2 1 1 977 978 1007 1094
4420 4 2 1 1 977 978 1094 1065
4421 4 2 1 1 977 1065 1094 1064
4422 4 2 1 1 977 1007 1006 1094
4423 4 2 1 1 977 1093 1064 1094
4424 4 2 1 1 977 1006 1093 1094
4425 4 2 1 1 978 979 1008 1095
4426 4 2 1 1 978 979 1095 1066
4427 4 2 1 1 978 1066 1095 1065
4428 4 2 1 1 978 1008 1007 1095
4429 4 2 1 1 978 1094 1065 1095
4430 4 2 1 1 978 1007 1094 1095
4431 4 2 1 1 979 980 1009 1096
4432 4 2 1 1 979 980 1096 1067
4433 4 2 1 1 979 1067 1096 1066
4434 4 2 1 1 979 1009 1008 1096
4435 4 2 1 1 979 1095 1066 1096
4436 4 2 1 1 979 1008 1095 1096
4437 4 2 1 1 980 981 1010 1097
4438 4 2 1 1 980 981 1097 1068
4439 4 2 1 1 980 1068 1097 1067
4440 4 2 1 1 980 1010 1009 1097
4441 4 2 1 1 980 1096 1067 1097
4442 4 2 1 1 980 1009 1096 1097
4443 4 2 1 1 981 982 1011 1098
4444 4 2 1 1 981 982 1098 1069
4445 4 2 1 1 981 1069 1098 1068
4446 4 2 1 1 981 1011 1010 1098
4447 4 2 1 1 981 1097 1068 1098
4448 4 2 1 1 981 1010 1097 1098
4449 4 2 2 2 982 983 1012 1099
4450 4 2 2 2 982 983 1099 1070
4451 4 2 2 2 982 1070 1099 1069
4452 4 2 2 2 982 1012 1011 1099
4453 4 2 2 2 982 1098 1069 1099
4454 4 2 2 2 982 1011 1098 1099
4455 4 2 2 2 983 984 1013 1100
4456 4 2 2 2 983 984 1100 1071
4457 4 2 2 2 983 1071 1100 1070
4458 4 2 2 2 983 1013 1012 1100
4459 4 2 2 2 983 1099 1070 1100
4460 4 2 2 2 983 1012 1099 1100
4461 4 2 2 2 984 985 1014 1101
4462 4 2 2 2 984 985 1101 1072
4463 4 2 2 2 984 1072 1101 1071
4464 4 2 2 2 984 1014 1013 1101
4465 4 2 2 2 984 1100 1071 1101
4466 4 2 2 2 984 1013 1100 1101
4467 4 2 2 2 985 986 1015 1102
4468 4 2 2 2 985 986 1102 1073
4469 4 2 2 2 985 1073 1102 1072
4470 4 2 2 2 985 1015 1014 1102
4471 4 2 2 2 985 1101 1072 1102
4472 4 2 2 2 985 1014 1101 1102
4473 4 2 1 1 987 988 1017 1104
4474 4 2 1 1 987 988 1104 1075
4475 4 2 1 1 987 1075 1104 1074
4476 4 2 1 1 987 1017 1016 1104
4477 4 2 1 1 987 1103 1074 1104
4478 4 2 1 1 987 1016 1103 1104
4479 4 2 1 1 988 989 1018 1105
4480 4 2 1 1 988 989 1105 1076
4481 4 2 1 1 988 1076 1105 1075
4482 4 2 1 1 988 1018 1017 1105
4483 4 2 1 1 988 1104 1075 1105
4484 4 2 1 1 988 1017 1104 1105
4485 4 2 1 1 989 990 1019 1106
4486 4 2 1 1 989 990 1106 1077
4487 4 2 1 1 989 1077 1106 1076
4488 4 2 1 1 989 1019 1018 1106
4489 4 2 1 1 989 1105 1076 1106
4490 4 2 1 1 989 1018 1105 1106
4491 4 2 1 1 990 991 1020 1107
4492 4 2 1 1 990 991 1107 1078
4493 4 2 1 1 990 1078 1107 1077
4494 4 2 1 1 990 1020 1019 1107
4495 4 2 1 1 990 1106 1077 1107
4496 4 2 1 1 990 1019 1106 1107
4497 4 2 1 1 991 992 1021 1108
4498 4 2 1 1 991 992 1108 1079
4499 4 2 1 1 991 1079 1108 1078
4500 4 2 1 1 991 1021 1020 1108
4501 4 2 1 1 991 1107 1078 1108
4502 4 2 1 1 991 1020 1107 1108
4503 4 2 1 1 992 993 1022 1109
4504 4 2 1 1 992 993 1109 1080
4505 4 2 1 1 992 1080 1109 1079
4506 4 2 1 1 992 1022 1021 1109
4507 4 2 1 1 992 1108 1079 1109
4508 4 2 1 1 992 1021 1108 1109
4509 4 2 1 1 993 994 1023 1110
4510 4 2 1 1 993 994 1110 1081
4511 4 2 1 1 993 1081 1110 1080
4512 4 2 1 1 993 1023 1022 1110
4513 4 2 1 1 993 1109 1080 1110
4514 4 2 1 1 993 1022 1109 1110
4515 4 2 1 1 994 995 1024 1111
4516 4 2 1 1 994 995 1111 1082
4517 4 2 1 1 994 1082 1111 1081
4518 4 2 1 1 994 1024 1023 1111
4519 4 2 1 1 994 1110 1081 1111
4520 4 2 1 1 994 1023 1110 1111
4521 4 2 1 1 995 996 1025 1112
4522 4 2 1 1 995 996 1112 1083
4523 4 2 1 1 995 1083 1112 1082
4524 4 2 1 1 995 1025 1024 1112
4525 4 2 1 1 995 1111 1082 1112
4526 4 2 1 1 995 1024 1111 1112
4527 4 2 1 1 996 997 1026 1113
4528 4 2 1 1 996 997 1113 1084
4529 4 2 1 1 996 1084 1113 1083
4530 4 2 1 1 996 1026 1025 1113
4531 4 2 1 1 996 1112 1083 1113
4532 4 2 1 1 996 1025 1112 1113
4533 4 2 1 1 997 998 1027 1114
4534 4 2 1 1 997 998 1114 1085
4535 4 2 1 1 997 1085 1114 1084
4536 4 2 1 1 997 1027 1026 1114
4537 4 2 1 1 997 1113 1084 1114
4538 4 2 1 1 997 1026 1113 1114
4539 4 2 1 1 998 999 1028 1115
4540 4 2 1 1 998 999 1115 1086
4541 4 2 1 1 998 1086 1115 1085
4542 4 2 1 1 998 1028 1027 1115
4543 4 2 1 1 998 1114 1085 1115
4544 4 2 1 1 998 1027 1114 1115
4545 4 2 1 1 999 1000 1029 1116
4546 4 2 1 1 999 1000 1116 1087
4547 4 2 1 1 999 1087 1116 1086
4548 4 2 1 1 999 1029 1028 1116
4549 4 2 1 1 999 1115 1086 1116
4550 4 2 1 1 999 1028 1115 1116
4551 4 2 1 1 1000 1001 1030 1117
4552 4 2 1 1 1000 1001 1117 1088
4553 4 2 1 1 1000 1088 1117 1087
4554 4 2 1 1 1000 1030 1029 1117
4555 4 2 1 1 1000 1116 1087 1117
4556 4 2 1 1 1000 1029 1116 1117
4557 4 2 1 1 1001 1002 1031 1118
4558 4 2 1 1 1001 1002 1118 1089
4559 4 2 1 1 1001 1089 1118 1088
4560 4 2 1 1 1001 1031 1030 1118
4561 4 2 1 1 1001 1117 1088 1118
4562 4 2 1 1 1001 1030 1117 1118
4563 4 2 1 1 1002 1003 1032 1119
4564 4 2 1 1 1002 1003 1119 1090
4565 4 2 1 1 1002 1090 1119 1089
4566 4 2 1 1 1002 1032 1031 1119
4567 4 2 1 1 1002 1118 1089 1119
4568 4 2 1 1 1002 1031 1118 1119
4569 4 2 1 1 1003 1004 1033 1120
4570 4 2 1 1 1003 1004 1120 1091
4571 4 2 1 1 1003 1091 1120 1090
4572 4 2 1 1 1003 1033 1032 1120
4573 4 2 1 1 1003 1119 1090 1120
4574 4 2 1 1 1003 1032 1119 1120
4575 4 2 1 1 1004 1005 1034 1121
4576 4 2 1 1 1004 1005 1121 1092
4577 4 2 1 1 1004 1092 1121 1091
4578 4 2 1 1 1004 1034 1033 1121
4579 4 2 1 1 1004 1120 1091 1121
4580 4 2 1 1 1004 1033 1120 1121
4581 4 2 1 1 1005 1006 1035 1122
4582 4 2 1 1 1005 1006 1122 1093
4583 4 2 1 1 1005 1093 1122 1092
4584 4 2 1 1 1005 1035 1034 1122
4585 4 2 1 1 1005 1121 1092 1122
4586 4 2 1 1 1005 1034 1121 1122
4587 4 2 1 1 1006 1007 1036 1123
4588 4 2 1 1 1006 1007 1123 1094
4589 4 2 1 1 1006 1094 1123 1093
4590 4 2 1 1 1006 1036 1035 1123
4591 4 2 1 1 1006 1122 1093 1123
4592 4 2 1 1 1006 1035 1122 1123
4593 4 2 1 1 1007 1008 1037 1124
4594 4 2 1 1 1007 1008 1124 1095
4595 4 2 1 1 1007 1095 1124 1094
4596 4 2 1 1 1007 1037 1036 1124
4597 4 2 1 1 1007 1123 1094 1124
4598 4 2 1 1 1007 1036 1123 1124
4599 4 2 1 1 1008 1009 1038 1125
4600 4 2 1 1 1008 1009 1125 1096
4601 4 2 1 1 1008 1096 1125 1095
4602 4 2 1 1 1008 1038 1037 1125
4603 4 2 1 1 1008 1124 1095 1125
4604 4 2 1 1 1008 1037 1124 1125
4605 4 2 1 1 1009 1010 1039 1126
4606 4 2 1 1 1009 1010 1126 1097
4607 4 2 1 1 1009 1097 1126 1096
4608 4 2 1 1 1009 1039 1038 1126
4609 4 2 1 1 1009 1125 1096 1126
4610 4 2 1 1 1009 1038 1125 1126
4611 4 2 1 1 1010 1011 1040 1127
4612 4 2 1 1 1010 1011 1127 1098
4613 4 2 1 1 1010 1098 1127 1097
4614 4 2 1 1 1010 1040 1039 1127
4615 4 2 1 1 1010 1126 1097 1127
4616 4 2 1 1 1010 1039 1126 1127
4617 4 2 2 2 1011 1012 1041 1128
4618 4 2 2 2 1011 1012 1128 1099
4619 4 2 2 2 1011 1099 1128 1098
4620 4 2 2 2 1011 1041 1040 1128
4621 4 2 2 2 1011 1127 1098 1128
4622 4 2 2 2 1011 1040 1127 1128
4623 4 2 2 2 1012 1013 1042 1129
4624 4 2 2 2 1012 1013 1129 1100
4625 4 2 2 2 1012 1100 1129 1099
4626 4 2 2 2 1012 1042 1041 1129
4627 4 2 2 2 1012 1128 1099 1129
4628 4 2 2 2 1012 1041 1128 1129
4629 4 2 2 2 1013 1014 1043 1130
4630 4 2 2 2 1013 1014 1130 1101
4631 4 2 2 2 1013 1101 1130 1100
4632 4 2 2 2 1013 1043 1042 1130
4633 4 2 2 2 1013 1129 1100 1130
4634 4 2 2 2 1013 1042 1129 1130
4635 4 2 2 2 1014 1015 1044 1131
4636 4 2 2 2 1014 1015 1131 1102
4637 4 2 2 2 1014 1102 1131 1101
4638 4 2 2 2 1014 1044 1043 1131
4639 4 2 2 2 1014 1130 1101 1131
4640 4 2 2 2 1014 1043 1130 1131
4641 4 2 1 1 1045 1046 1075 1162
4642 4 2 1 1 1045 1046 1162 1133
4643 4 2 1 1 1045 1133 1162 1132
4644 4 2 1 1 1045 1075 1074 1162
4645 4 2 1 1 1045 1161 1132 1162
4646 4 2 1 1 1045 1074 1161 1162
4647 4 2 1 1 1046 1047 1076 1163
4648 4 2 1 1 1046 1047 1163 1134
4649 4 2 1 1 1046 1134 1163 1133
4650 4 2 1 1 1046 1076 1075 1163
4651 4 2 1 1 1046 1162 1133 1163
4652 4 2 1 1 1046 1075 1162 1163
4653 4 2 1 1 1047 1048 1077 1164
4654 4 2 1 1 1047 1048 1164 1135
4655 4 2 1 1 1047 1135 1164 1134
4656 4 2 1 1 1047 1077 1076 1164
4657 4 2 1 1 1047 1163 1134 1164
4658 4 2 1 1 1047 1076 1163 1164
4659 4 2 1 1 1048 1049 1078 1165
4660 4 2 1 1 1048 1049 1165 1136
4661 4 2 1 1 1048 1136 1165 1135
4662 4 2 1 1 1048 1078 1077 1165
4663 4 2 1 1 1048 1164 1135 1165
4664 4 2 1 1 1048 1077 1164 1165
4665 4 2 1 1 1049 1050 1079 1166
4666 4 2 1 1 1049 1050 1166 1137
4667 4 2 1 1 1049 1137 1166 1136
4668 4 2 1 1 1049 1079 1078 1166
4669 4 2 1 1 1049 1165 1136 1166
4670 4 2 1 1 1049 1078 1165 1166
4671 4 2 1 1 1050 1051 1080 1167
4672 4 2 1 1 1050 1051 1167 1138
4673 4 2 1 1 1050 1138 1167 1137
4674 4 2 1 1 1050 1080 1079 1167
4675 4 2 1 1 1050 1166 1137 1167
4676 4 2 1 1 1050 1079 1166 1167
4677 4 2 1 1 1051 1052 1081 1168
4678 4 2 1 1 1051 1052 1168 1139
4679 4 2 1 1 1051 1139 1168 1138
4680 4 2 1 1 1051 1081 1080 1168
4681 4 2 1 1 1051 1167 1138 1168
4682 4 2 1 1 1051 1080 1167 1168
4683 4 2 1 1 1052 1053 1082 1169
4684 4 2 1 1 1052 1053 1169 1140
4685 4 2 1 1 1052 1140 1169 1139
4686 4 2 1 1 1052 1082 1081 1169
4687 4 2 1 1 1052 1168 1139 1169
4688 4 2 1 1 1052 1081 1168 1169
4689 4 2 1 1 1053 1054 1083 1170
4690 4 2 1 1 1053 1054 1170 1141
4691 4 2 1 1 1053 1141 1170 1140
4692 4 2 1 1 1053 1083 1082 1170
4693 4 2 1 1 1053 1169 1140 1170
4694 4 2 1 1 1053 1082 1169 1170
4695 4 2 1 1 1054 1055 1084 1171
4696 4 2 1 1 1054 1055 1171 1142
4697 4 2 1 1 1054 1142 1171 1141
4698 4 2 1 1 1054 1084 1083 1171
4699 4 2 1 1 1054 1170 1141 1171
4700 4 2 1 1 1054 1083 1170 1171
4701 4 2 1 1 1055 1056 1085 1172
4702 4 2 1 1 1055 1056 1172 1143
4703 4 2 1 1 1055 1143 1172 1142
4704 4 2 1 1 1055 1085 1084 1172
4705 4 2 1 1 1055 1171 1142 1172
4706 4 2 1 1 1055 1084 1171 1172
4707 4 2 1 1 1056 1057 1086 1173
4708 4 2 1 1 1056 1057 1173 1144
4709 4 2 1 1 1056 1144 1173 1143
4710 4 2 1 1 1056 1086 1085 1173
4711 4 2 1 1 1056 1172 1143 1173
4712 4 2 1 1 1056 1085 1172 1173
4713 4 2 1 1 1057 1058 1087 1174
4714 4 2 1 1 1057 1058 1174 1145
4715 4 2 1 1 1057 1145 1174 1144
4716 4 2 1 1 1057 1087 1086 1174
4717 4 2 1 1 1057 1173 1144 1174
4718 4 2 1 1 1057 1086 1173 1174
4719 4 2 1 1 1058 1059 1088 1175
4720 4 2 1 1 1058 1059 1175 1146
4721 4 2 1 1 1058 1146 1175 1145
4722 4 2 1 1 1058 1088 1087 1175
4723 4 2 1 1 1058 1174 1145 1175
4724 4 2 1 1 1058 1087 1174 1175
4725 4 2 1 1 1059 1060 1089 1176
4726 4 2 1 1 1059 1060 1176 1147
4727 4 2 1 1 1059 1147 1176 1146
4728 4 2 1 1 1059 1089 1088 1176
4729 4 2 1 1 1059 1175 1146 1176
4730 4 2 1 1 1059 1088 1175 1176
4731 4 2 1 1 1060 1061 1090 1177
4732 4 2 1 1 1060 1061 1177 1148
4733 4 2 1 1 1060 1148 1177 1147
4734 4 2 1 1 1060 1090 1089 1177
4735 4 2 1 1 1060 1176 1147 1177
4736 4 2 1 1 1060 1089 1176 1177
4737 4 2 1 1 1061 1062 1091 1178
4738 4 2 1 1 1061 1062 1178 1149
4739 4 2 1 1 1061 1149 1178 1148
4740 4 2 1 1 1061 1091 1090 1178
4741 4 2 1 1 1061 1177 1148 1178
4742 4 2 1 1 1061 1090 1177 1178
4743 4 2 1 1 1062 1063 1092 1179
4744 4 2 1 1 1062 1063 1179 1150
4745 4 2 1 1 1062 1150 1179 1149
4746 4 2 1 1 1062 1092 1091 1179
4747 4 2 1 1 1062 1178 1149 1179
4748 4 2 1 1 1062 1091 1178 1179
4749 4 2 1 1 1063 1064 1093 1180
4750 4 2 1 1 1063 1064 1180 1151
4751 4 2 1 1 1063 1151 1180 1150
4752 4 2 1 1 1063 1093 1092 1180
4753 4 2 1 1 1063 1179 1150 1180
4754 4 2 1 1 1063 1092 1179 1180
4755 4 2 1 1 1064 1065 1094 1181
4756 4 2 1 1 1064 1065 1181 1152
4757 4 2 1 1 1064 1152 1181 1151
4758 4 2 1 1 1064 1094 1093 1181
4759 4 2 1 1 1064 1180 1151 1181
4760 4 2 1 1 1064 1093 1180 1181
4761 4 2 1 1 1065 1066 1095 1182
4762 4 2 1 1 1065 1066 1182 1153
4763 4 2 1 1 1065 1153 1182 1152
4764 4 2 1 1 1065 1095 1094 1182
4765 4 2 1 1 1065 1181 1152 1182
4766 4 2 1 1 1065 1094 1181 1182
4767 4 2 1 1 1066 1067 1096 1183
4768 4 2 1 1 1066 1067 1183 1154
4769 4 2 1 1 1066 1154 1183 1153
4770 4 2 1 1 1066 1096 1095 1183
4771 4 2 1 1 1066 1182 1153 1183
4772 4 2 1 1 1066 1095 1182 1183
4773 4 2 1 1 1067 1068 1097 1184
4774 4 2 1 1 1067 1068 1184 1155
4775 4 2 1 1 1067 1155 1184 1154
4776 4 2 1 1 1067 1097 1096 1184
4777 4 2 1 1 1067 1183 1154 1184
4778 4 2 1 1 1067 1096 1183 1184
4779 4 2 1 1 1068 1069 1098 1185
4780 4 2 1 1 1068 1069 1185 1156
4781 4 2 1 1 1068 1156 1185 1155
4782 4 2 1 1 1068 1098 1097 1185
4783 4 2 1 1 1068 1184 1155 1185
4784 4 2 1 1 1068 1097 1184 1185
4785 4 2 2 2 1069 1070 1099 1186
4786 4 2 2 2 1069 1070 1186 1157
4787 4 2 2 2 1069 1157 1186 1156
4788 4 2 2 2 1069 1099 1098 1186
4789 4 2 2 2 1069 1185 1156 1186
4790 4 2 2 2 1069 1098 1185 1186
4791 4 2 2 2 1070 1071 1100 1187
4792 4 2 2 2 1070 1071 1187 1158
4793 4 2 2 2 1070 1158 1187 1157
4794 4 2 2 2 1070 1100 1099 1187
4795 4 2 2 2 1070 1186 1157 1187
4796 4 2 2 2 1070 1099 1186 1187
4797 4 2 2 2 1071 1072 1101 1188
4798 4 2 2 2 1071 1072 1188 1159
4799 4 2 2 2 1071 1159 1188 1158
4800 4 2 2 2 1071 1101 1100 1188
4801 4 2 2 2 1071 1187 1158 1188
4802 4 2 2 2 1071 1100 1187 1188
4803 4 2 2 2 1072 1073 1102 1189
4804 4 2 2 2 1072 1073 1189 1160
4805 4 2 2 2 1072 1160 1189 1159
4806 4 2 2 2 1072 1102 1101 1189
4807 4 2 2 2 1072 1188 1159 1189
4808 4 2 2 2 1072 1101 1188 1189
4809 4 2 1 1 1074 1075 1104 1191
4810 4 2 1 1 1074 1075 1191 1162
4811 4 2 1 1 1074 1162 1191 1161
4812 4 2 1 1 1074 1104 1103 1191
4813 4 2 1 1 1074 1190 1161 1191
4814 4 2 1 1 1074 1103 1190 1191
4815 4 2 1 1 1075 1076 1105 1192
4816 4 2 1 1 1075 1076 1192 1163
4817 4 2 1 1 1075 1163 1192 1162
4818 4 2 1 1 1075 1105 1104 1192
4819 4 2 1 1 1075 1191 1162 1192
4820 4 2 1 1 1075 1104 1191 1192
4821 4 2 1 1 1076 1077 1106 1193
4822 4 2 1 1 1076 1077 1193 1164
4823 4 2 1 1 1076 1164 1193 1163
4824 4 2 1 1 1076 1106 1105 1193
4825 4 2 1 1 1076 1192 1163 1193
4826 4 2 1 1 1076 1105 1192 1193
4827 4 2 1 1 1077 1078 1107 1194
4828 4 2 1 1 1077 1078 1194 1165
4829 4 2 1 1 1077 1165 1194 1164
4830 4 2 1 1 1077 1107 1106 1194
4831 4 2 1 1 1077 1193 1164 1194
4832 4 2 1 1 1077 1106 1193 1194
4833 4 2 1 1 1078 1079 1108 1195
4834 4 2 1 1 1078 1079 1195 1166
4835 4 2 1 1 1078 1166 1195 1165
4836 4 2 1 1 1078 1108 1107 1195
4837 4 2 1 1 1078 1194 1165 1195
4838 4 2 1 1 1078 1107 1194 1195
4839 4 2 1 1 1079 1080 1109 1196
4840 4 2 1 1 1079 1080 1196 1167
4841 4 2 1 1 1079 1167 1196 1166
4842 4 2 1 1 1079 1109 1108 1196
4843 4 2 1 1 1079 1195 1166 1196
4844 4 2 1 1 1079 1108 1195 1196
4845 4 2 1 1 1080 1081 1110 1197
4846 4 2 1 1 1080 1081 1197 1168
4847 4 2 1 1 1080 1168 1197 1167
4848 4 2 1 1 1080 1110 1109 1197
4849 4 2 1 1 1080 1196 1167 1197
4850 4 2 1 1 1080 1109 1196 1197
4851 4 2 1 1 1081 1082 1111 1198
4852 4 2 1 1 1081 1082 1198 1169
4853 4 2 1 1 1081 1169 1198 1168
4854 4 2 1 1 1081 1111 1110 1198
4855 4 2 1 1 1081 1197 1168 1198
4856 4 2 1 1 1081 1110 1197 1198
4857 4 2 1 1 1082 1083 1112 1199
4858 4 2 1 1 1082 1083 1199 1170
4859 4 2 1 1 1082 1170 1199 1169
4860 4 2 1 1 1082 1112 1111 1199
4861 4 2 1 1 1082 1198 1169 1199
4862 4 2 1 1 1082 1111 1198 1199
4863 4 2 1 1 1083 1084 1113 1200
4864 4 2 1 1 1083 1084 1200 1171
4865 4 2 1 1 1083 1171 1200 1170
4866 4 2 1 1 1083 1113 1112 1200
4867 4 2 1 1 1083 1199 1170 1200
4868 4 2 1 1 1083 1112 1199 1200
4869 4 2 1 1 1084 1085 1114 1201
4870 4 2 1 1 1084 1085 1201 1172
4871 4 2 1 1 1084 1172 1201 1171
4872 4 2 1 1 1084 1114 1113 1201
4873 4 2 1 1 1084 1200 1171 1201
4874 4 2 1 1 1084 1113 1200 1201
4875 4 2 1 1 1085 1086 1115 1202
4876 4 2 1 1 1085 1086 1202 1173
4877 4 2 1 1 1085 1173 1202 1172
4878 4 2 1 1 1085 1115 1114 1202
4879 4 2 1 1 1085 1201 1172 1202
4880 4 2 1 1 1085 1114 1201 1202
4881 4 2 1 1 1086 1087 1116 1203
4882 4 2 1 1 1086 1087 1203 1174
4883 4 2 1 1 1086 1174 1203 1173
4884 4 2 1 1 1086 1116 1115 1203
4885 4 2 1 1 1086 1202 1173 1203
4886 4 2 1 1 1086 1115 1202 1203
4887 4 2 1 1 1087 1088 1117 1204
4888 4 2 1 1 1087 1088 1204 1175
4889 4 2 1 1 1087 1175 1204 1174
4890 4 2 1 1 1087 1117 1116 1204
4891 4 2 1 1 1087 1203 1174 1204
4892 4 2 1 1 1087 1116 1203 1204
4893 4 2 1 1 1088 1089 1118 1205
4894 4 2 1 1 1088 1089 1205 1176
4895 4 2 1 1 1088 1176 1205 1175
4896 4 2 1 1 1088 1118 1117 1205
4897 4 2 1 1 1088 1204 1175 1205
4898 4 2 1 1 1088 1117 1204 1205
4899 4 2 1 1 1089 1090 1119 1206
4900 4 2 1 1 1089 1090 1206 1177
4901 4 2 1 1 1089 1177 1206 1176
4902 4 2 1 1 1089 1119 1118 1206
4903 4 2 1 1 1089 1205 1176 1206
4904 4 2 1 1 1089 1118 1205 1206
4905 4 2 1 1 1090 1091 1120 1207
4906 4 2 1 1 1090 1091 1207 1178
4907 4 2 1 1 1090 1178 1207 1177
4908 4 2 1 1 1090 1120 1119 1207
4909 4 2 1 1 1090 1206 1177 1207
4910 4 2 1 1 1090 1119 1206 1207
4911 4 2 1 1 1091 1092 1121 1208
4912 4 2 1 1 1091 1092 1208 1179
4913 4 2 1 1 1091 1179 1208 1178
4914 4 2 1 1 1091 1121 1120 1208
4915 4 2 1 1 1091 1207 1178 1208
4916 4 2 1 1 1091 1120 1207 1208
4917 4 2 1 1 1092 1093 1122 1209
4918 4 2 1 1 1092 1093 1209 1180
4919 4 2 1 1 1092 1180 1209 1179
4920 4 2 1 1 1092 1122 1121 1209
4921 4 2 1 1 1092 1208 1179 1209
4922 4 2 1 1 1092 1121 1208 1209
4923 4 2 1 1 1093 1094 1123 1210
4924 4 2 1 1 1093 1094 1210 1181
4925 4 2 1 1 1093 1181 1210 1180
4926 4 2 1 1 1093 1123 1122 1210
4927 4 2 1 1 1093 1209 1180 1210
4928 4 2 1 1 1093 1122 1209 1210
4929 4 2 1 1 1094 1095 1124 1211
4930 4 2 1 1 1094 1095 1211 1182
4931 4 2 1 1 1094 1182 1211 1181
4932 4 2 1 1 1094 1124 1123 1211
4933 4 2 1 1 1094 1210 1181 1211
4934 4 2 1 1 1094 1123 1210 1211
4935 4 2 1 1 1095 1096 1125 1212
4936 4 2 1 1 1095 1096 1212 1183
4937 4 2 1 1 1095 1183 1212 1182
4938 4 2 1 1 1095 1125 1124 1212
4939 4 2 1 1 1095 1211 1182 1212
4940 4 2 1 1 1095 1124 1211 1212
4941 4 2 1 1 1096 1097 1126 1213
4942 4 2 1 1 1096 1097 1213 1184
4943 4 2 1 1 1096 1184 1213 1183
4944 4 2 1 1 1096 1126 1125 1213
4945 4 2 1 1 1096 1212 1183 1213
4946 4 2 1 1 1096 1125 1212 1213
4947 4 2 1 1 1097 1098 1127 1214
4948 4 2 1 1 1097 1098 1214 1185
4949 4 2 1 1 1097 1185 1214 1184
4950 4 2 1 1 1097 1127 1126 1214
4951 4 2 1 1 1097 1213 1184 1214
4952 4 2 1 1 1097 1126 1213 1214
4953 4 2 2 2 1098 1099 1128 1215
4954 4 2 2 2 1098 1099 1215 1186
4955 4 2 2 2 1098 1186 1215 1185
4956 4 2 2 2 1098 1128 1127 1215
4957 4 2 2 2 1098 1214 1185 1215
4958 4 2 2 2 1098 1127 1214 1215
4959 4 2 2 2 1099 1100 1129 1216
4960 4 2 2 2 1099 1100 1216 1187
4961 4 2 2 2 1099 1187 1216 1186
4962 4 2 2 2 1099 1129 1128 1216
4963 4 2 2 2 1099 1215 1186 1216
4964 4 2 2 2 1099 1128 1215 1216
4965 4 2 2 2 1100 1101 1130 1217
4966 4 2 2 2 1100 1101 1217 1188
4967 4 2 2 2 1100 1188 1217 1187
4968 4 2 2 2 1100 1130 1129 1217
4969 4 2 2 2 1100 1216 1187 1217
4970 4 2 2 2 1100 1129 1216 1217
4971 4 2 2 2 1101 1102 1131 1218
4972 4 2 2 2 1101 1102 1218 1189
4973 4 2 2 2 1101 1189 1218 1188
4974 4 2 2 2 1101 1131 1130 1218
4975 4 2 2 2 1101 1217 1188 1218
4976 4 2 2 2 1101 1130 1217 1218
4977 4 2 1 1 1132 1133 1162 1249
4978 4 2 1 1 1132 1133 1249 1220
4979 4 2 1 1 1132 1220 1249 1219
4980 4 2 1 1 1132 1162 1161 1249
4981 4 2 1 1 1132 1248 1219 1249
4982 4 2 1 1 1132 1161 1248 1249
4983 4 2 1 1 1133 1134 1163 1250
4984 4 2 1 1 1133 1134 1250 1221
4985 4 2 1 1 1133 1221 1250 1220
4986 4 2 1 1 1133 1163 1162 1250
4987 4 2 1 1 1133 1249 1220 1250
4988 4 2 1 1 1133 1162 1249 1250
4989 4 2 1 1 1134 1135 1164 1251
4990 4 2 1 1 1134 1135 1251 1222
4991 4 2 1 1 1134 1222 1251 1221
4992 4 2 1 1 1134 1164 1163 1251
4993 4 2 1 1 1134 1250 1221 1251
4994 4 2 1 1 1134 1163 1250 1251
4995 4 2 1 1 1135 1136 1165 1252
4996 4 2 1 1 1135 1136 1252 1223
4997 4 2 1 1 1135 1223 1252 1222
4998 4 2 1 1 1135 1165 1164 1252
4999 4 2 1 1 1135 1251 1222 1252
5000 4 2 1 1 1135 1164 1251 1252
5001 4 2 1 1 1136 1137 1166 1253
5002 4 2 1 1 1136 1137 1253 1224
5003 4 2 1 1 1136 1224 1253 1223
5004 4 2 1 1 1136 1166 1165 1253
5005 4 2 1 1 1136 1252 1223 1253
5006 4 2 1 1 1136 1165 1252 1253
5007 4 2 1 1 1137 1138 1167 1254
5008 4 2 1 1 1137 1138 1254 1225
5009 4 2 1 1 1137 1225 1254 1224
5010 4 2 1 1 1137 1167 1166 1254
5011 4 2 1 1 1137 1253 1224 1254
5012 4 2 1 1 1137 1166 1253 1254
5013 4 2 1 1 1138 1139 1168 1255
5014 4 2 1 1 1138 1139 1255 1226
5015 4 2 1 1 1138 1226 1255 1225
5016 4 2 1 1 1138 1168 1167 1255
5017 4 2 1 1 1138 1254 1225 1255
5018 4 2 1 1 1138 1167 1254 1255
5019 4 2 1 1 1139 1140 1169 1256
5020 4 2 1 1 1139 1140 1256 1227
5021 4 2 1 1 1139 1227 1256 1226
5022 4 2 1 1 1139 1169 1168 1256
5023 4 2 1 1 1139 1255 1226 1256
5024 4 2 1 1 1139 1168 1255 1256
5025 4 2 1 1 1140 1141 1170 1257
5026 4 2 1 1 1140 1141 1257 1228
5027 4 2 1 1 1140 1228 1257 1227
5028 4 2 1 1 1140 1170 1169 1257
5029 4 2 1 1 1140 1256 1227 1257
5030 4 2 1 1 1140 1169 1256 1257
5031 4 2 1 1 1141 1142 1171 1258
5032 4 2 1 1 1141 1142 1258 1229
5033 4 2 1 1 1141 1229 1258 1228
5034 4 2 1 1 1141 1171 1170 1258
5035 4 2 1 1 1141 1257 1228 1258
5036 4 2 1 1 1141 1170 1257 1258
5037 4 2 1 1 1142 1143 1172 1259
5038 4 2 1 1 1142 1143 1259 1230
5039 4 2 1 1 1142 1230 1259 1229
5040 4 2 1 1 1142 1172 1171 1259
5041 4 2 1 1 1142 1258 1229 1259
5042 4 2 1 1 1142 1171 1258 1259
5043 4 2 1 1 1143 1144 1173 1260
5044 4 2 1 1 1143 1144 1260 1231
5045 4 2 1 1 1143 1231 1260 1230
5046 4 2 1 1 1143 1173 1172 1260
5047 4 2 1 1 1143 1259 1230 1260
5048 4 2 1 1 1143 1172 1259 1260
5049 4 2 1 1 1144 1145 1174 1261
5050 4 2 1 1 1144 1145 1261 1232
5051 4 2 1 1 1144 1232 1261 1231
5052 4 2 1 1 1144 1174 1173 1261
5053 4 2 1 1 1144 1260 1231 1261
5054 4 2 1 1 1144 1173 1260 1261
5055 4 2 1 1 1145 1146 1175 1262
5056 4 2 1 1 1145 1146 1262 1233
5057 4 2 1 1 1145 1233 1262 1232
5058 4 2 1 1 1145 1175 1174 1262
5059 4 2 1 1 1145 1261 1232 1262
5060 4 2 1 1 1145 1174 1261 1262
5061 4 2 1 1 1146 1147 1176 1263
5062 4 2 1 1 1146 1147 1263 1234
5063 4 2 1 1 1146 1234 1263 1233
5064 4 2 1 1 1146 1176 1175 1263
5065 4 2 1 1 1146 1262 1233 1263
5066 4 2 1 1 1146 1175 1262 1263
5067 4 2 1 1 1147 1148 1177 1264
5068 4 2 1 1 1147 1148 1264 1235
5069 4 2 1 1 1147 1235 1264 1234
5070 4 2 1 1 1147 1177 1176 1264
5071 4 2 1 1 1147 1263 1234 1264
5072 4 2 1 1 1147 1176 1263 1264
5073 4 2 1 1 1148 1149 1178 1265
5074 4 2 1 1 1148 1149 1265 1236
5075 4 2 1 1 1148 1236 1265 1235
5076 4 2 1 1 1148 1178 1177 1265
5077 4 2 1 1 1148 1264 1235 1265
5078 4 2 1 1 1148 1177 1264 1265
5079 4 2 1 1 1149 1150 1179 1266
5080 4 2 1 1 1149 1150 1266 1237
5081 4 2 1 1 1149 1237 1266 1236
5082 4 2 1 1 1149 1179 1178 1266
5083 4 2 1 1 1149 1265 1236 1266
5084 4 2 1 1 1149 1178 1265 1266
5085 4 2 1 1 1150 1151 1180 1267
5086 4 2 1 1 1150 1151 1267 1238
5087 4 2 1 1 1150 1238 1267 1237
5088 4 2 1 1 1150 1180 1179 1267
5089 4 2 1 1 1150 1266 1237 1267
5090 4 2 1 1 1150 1179 1266 1267
5091 4 2 1 1 1151 1152 1181 1268
5092 4 2 1 1 1151 1152 1268 1239
5093 4 2 1 1 1151 1239 1268 1238
5094 4 2 1 1 1151 1181 1180 1268
5095 4 2 1 1 1151 1267 1238 1268
5096 4 2 1 1 1151 1180 1267 1268
5097 4 2 1 1 1152 1153 1182 1269
5098 4 2 1 1 1152 1153 1269 1240
5099 4 2 1 1 1152 1240 1269 1239
5100 4 2 1 1 1152 1182 1181 1269
5101 4 2 1 1 1152 1268 1239 1269
5102 4 2 1 1 1152 1181 1268 1269
5103 4 2 1 1 1153 1154 1183 1270
5104 4 2 1 1 1153 1154 1270 1241
5105 4 2 1 1 1153 1241 1270 1240
5106 4 2 1 1 1153 1183 1182 1270
5107 4 2 1 1 1153 1269 1240 1270
5108 4 2 1 1 1153 1182 1269 1270
5109 4 2 1 1 1154 1155 1184 1271
5110 4 2 1 1 1154 1155 1271 1242
5111 4 2 1 1 1154 1242 1271 1241
5112 4 2 1 1 1154 1184 1183 1271
5113 4 2 1 1 1154 1270 1241 1271
5114 4 2 1 1 1154 1183 1270 1271
5115 4 2 1 1 1155 1156 1185 1272
5116 4 2 1 1 1155 1156 1272 1243
5117 4 2 1 1 1155 1243 1272 1242
5118 4 2 1 1 1155 1185 1184 1272
5119 4 2 1 1 1155 1271 1242 1272
5120 4 2 1 1 1155 1184 1271 1272
5121 4 2 2 2 1156 1157 1186 1273
5122 4 2 2 2 1156 1157 1273 1244
5123 4 2 2 2 1156 1244 1273 1243
5124 4 2 2 2 1156 1186 1185 1273
5125 4 2 2 2 1156 1272 1243 1273
5126 4 2 2 2 1156 1185 1272 1273
5127 4 2 2 2 1157 1158 1187 1274
5128 4 2 2 2 1157 1158 1274 1245
5129 4 2 2 2 1157 1245 1274 1244
5130 4 2 2 2 1157 1187 1186 1274
5131 4 2 2 2 1157 1273 1244 1274
5132 4 2 2 2 1157 1186 1273 1274
5133 4 2 2 2 1158 1159 1188 1275
5134 4 2 2 2 1158 1159 1275 1246
5135 4 2 2 2 1158 1246 1275 1245
5136 4 2 2 2 1158 1188 1187 1275
5137 4 2 2 2 1158 1274 1245 1275
5138 4 2 2 2 1158 1187 1274 1275
5139 4 2 2 2 1159 1160 1189 1276
5140 4 2 2 2 1159 1160 1276 1247
5141 4 2 2 2 1159 1247 1276 1246
5142 4 2 2 2 1159 1189 1188 1276
5143 4 2 2 2 1159 1275 1246 1276
5144 4 2 2 2 1159 1188 1275 1276
5145 4 2 1 1 1161 1162 1191 1278
5146 4 2 1 1 1161 1162 1278 1249
5147 4 2 1 1 1161 1249 1278 1248
5148 4 2 1 1 1161 1191 1190 1278
5149 4 2 1 1 1161 1277 1248 1278
5150 4 2 1 1 1161 1190 1277 1278
5151 4 2 1 1 1162 1163 1192 1279
5152 4 2 1 1 1162 1163 1279 1250
5153 4 2 1 1 1162 1250 1279 1249
5154 4 2 1 1 1162 1192 1191 1279
5155 4 2 1 1 1162 1278 1249 1279
5156 4 2 1 1 1162 1191 1278 1279
5157 4 2 1 1 1163 1164 1193 1280
5158 4 2 1 1 1163 1164 1280 1251
5159 4 2 1 1 1163 1251 1280 1250
5160 4 2 1 1 1163 1193 1192 1280
5161 4 2 1 1 1163 1279 1250 1280
5162 4 2 1 1 1163 1192 1279 1280
5163 4 2 1 1 1164 1165 1194 1281
5164 4 2 1 1 1164 1165 1281 1252
5165 4 2 1 1 1164 1252 1281 1251
5166 4 2 1 1 1164 1194 1193 1281
5167 4 2 1 1 1164 1280 1251 1281
5168 4 2 1 1 1164 1193 1280 1281
5169 4 2 1 1 1165 1166 1195 1282
5170 4 2 1 1 1165 1166 1282 1253
5171 4 2 1 1 1165 1253 1282 1252
5172 4 2 1 1 1165 1195 1194 1282
5173 4 2 1 1 1165 1281 1252 1282
5174 4 2 1 1 1165 1194 1281 1282
5175 4 2 1 1 1166 1167 1196 1283
5176 4 2 1 1 1166 1167 1283 1254
5177 4 2 1 1 1166 1254 1283 1253
5178 4 2 1 1 1166 1196 1195 1283
5179 4 2 1 1 1166 1282 1253 1283
5180 4 2 1 1 1166 1195 1282 1283
5181 4 2 1 1 1167 1168 1197 1284
5182 4 2 1 1 1167 1168 1284 1255
5183 4 2 1 1 1167 1255 1284 1254
5184 4 2 1 1 1167 1197 1196 1284
5185 4 2 1 1 1167 1283 1254 1284
5186 4 2 1 1 1167 1196 1283 1284
5187 4 2 1 1 1168 1169 1198 1285
5188 4 2 1 1 1168 1169 1285 1256
5189 4 2 1 1 1168 1256 1285 1255
5190 4 2 1 1 1168 1198 1197 1285
5191 4 2 1 1 1168 1284 1255 1285
5192 4 2 1 1 1168 1197 1284 1285
5193 4 2 1 1 1169 1170 1199 1286
5194 4 2 1 1 1169 1170 1286 1257
5195 4 2 1 1 1169 1257 1286 1256
5196 4 2 1 1 1169 1199 1198 1286
5197 4 2 1 1 1169 1285 1256 1286
5198 4 2 1 1 1169 1198 1285 1286
5199 4 2 1 1 1170 1171 1200 1287
5200 4 2 1 1 1170 1171 1287 1258
5201 4 2 1 1 1170 1258 1287 1257
5202 4 2 1 1 1170 1200 1199 1287
5203 4 2 1 1 1170 1286 1257 1287
5204 4 2 1 1 1170 1199 1286 1287
5205 4 2 1 1 1171 1172 1201 1288
5206 4 2 1 1 1171 1172 1288 1259
5207 4 2 1 1 1171 1259 1288 1258
5208 4 2 1 1 1171 1201 1200 1288
5209 4 2 1 1 1171 1287 1258 1288
5210 4 2 1 1 1171 1200 1287 1288
5211 4 2 1 1 1172 1173 1202 1289
5212 4 2 1 1 1172 1173 1289 1260
5213 4 2 1 1 1172 1260 1289 1259
5214 4 2 1 1 1172 1202 1201 1289
5215 4 2 1 1 1172 1288 1259 1289
5216 4 2 1 1 1172 1201 1288 1289
5217 4 2 1 1 1173 1174 1203 1290
5218 4 2 1 1 1173 1174 1290 1261
5219 4 2 1 1 1173 1261 1290 1260
5220 4 2 1 1 1173 1203 1202 1290
5221 4 2 1 1 1173 1289 1260 1290
5222 4 2 1 1 1173 1202 1289 1290
5223 4 2 1 1 1174 1175 1204 1291
5224 4 2 1 1 1174 1175 1291 1262
5225 4 2 1 1 1174 1262 1291 1261
5226 4 2 1 1 1174 1204 1203 1291
5227 4 2 1 1 1174 1290 1261 1291
5228 4 2 1 1 1174 1203 1290 1291
5229 4 2 1 1 1175 1176 1205 1292
5230 4 2 1 1 1175 1176 1292 1263
5231 4 2 1 1 1175 1263 1292 1262
5232 4 2 1 1 1175 1205 1204 1292
5233 4 2 1 1 1175 1291 1262 1292
5234 4 2 1 1 1175 1204 1291 1292
5235 4 2 1 1 1176 1177 1206 1293
5236 4 2 1 1 1176 1177 1293 1264
5237 4 2 1 1 1176 1264 1293 1263
5238 4 2 1 1 1176 1206 1205 1293
5239 4 2 1 1 1176 1292 1263 1293
5240 4 2 1 1 1176 1205 1292 1293
5241 4 2 1 1 1177 1178 1207 1294
5242 4 2 1 1 1177 1178 1294 1265
5243 4 2 1 1 1177 1265 1294 1264
5244 4 2 1 1 1177 1207 1206 1294
5245 4 2 1 1 1177 1293 1264 1294
5246 4 2 1 1 1177 1206 1293 1294
5247 4 2 1 1 1178 1179 1208 1295
5248 4 2 1 1 1178 1179 1295 1266
5249 4 2 1 1 1178 1266 1295 1265
5250 4 2 1 1 1178 1208 1207 1295
5251 4 2 1 1 1178 1294 1265 1295
5252 4 2 1 1 1178 1207 1294 1295
5253 4 2 1 1 1179 1180 1209 1296
5254 4 2 1 1 1179 1180 1296 1267
5255 4 2 1 1 1179 1267 1296 1266
5256 4 2 1 1 1179 1209 1208 1296
5257 4 2 1 1 1179 1295 1266 1296
5258 4 2 1 1 1179 1208 1295 1296
5259 4 2 1 1 1180 1181 1210 1297
5260 4 2 1 1 1180 1181 1297 1268
5261 4 2 1 1 1180 1268 1297 1267
5262 4 2 1 1 1180 1210 1209 1297
5263 4 2 1 1 1180 1296 1267 1297
5264 4 2 1 1 1180 1209 1296 1297
5265 4 2 1 1 1181 1182 1211 1298
5266 4 2 1 1 1181 1182 1298 1269
5267 4 2 1 1 1181 1269 1298 1268
5268 4 2 1 1 1181 1211 1210 1298
5269 4 2 1 1 1181 1297 1268 1298
5270 4 2 1 1 1181 1210 1297 1298
5271 4 2 1 1 1182 1183 1212 1299
5272 4 2 1 1 1182 1183 1299 1270
5273 4 2 1 1 1182 1270 1299 1269
5274 4 2 1 1 1182 1212 1211 1299
5275 4 2 1 1 1182 1298 1269 1299
5276 4 2 1 1 1182 1211 1298 1299
5277 4 2 1 1 1183 1184 1213 1300
5278 4 2 1 1 1183 1184 1300 1271
5279 4 2 1 1 1183 1271 1300 1270
5280 4 2 1 1 1183 1213 1212 1300
5281 4 2 1 1 1183 1299 1270 1300
5282 4 2 1 1 1183 1212 1299 1300
5283 4 2 1 1 1184 1185 1214 1301
5284 4 2 1 1 1184 1185 1301 1272
5285 4 2 1 1 1184 1272 1301 1271
5286 4 2 1 1 1184 1214 1213 1301
5287 4 2 1 1 1184 1300 1271 1301
5288 4 2 1 1 1184 1213 1300 1301
5289 4 2 2 2 1185 1186 1215 1302
5290 4 2 2 2 1185 1186 1302 1273
5291 4 2 2 2 1185 1273 1302 1272
5292 4 2 2 2 1185 1215 1214 1302
5293 4 2 2 2 1185 1301 1272 1302
5294 4 2 2 2 1185 1214 1301 1302
5295 4 2 2 2 1186 1187 1216 1303
5296 4 2 2 2 1186 1187 1303 1274
5297 4 2 2 2 1186 1274 1303 1273
5298 4 2 2 2 1186 1216 1215 1303
5299 4 2 2 2 1186 1302 1273 1303
5300 4 2 2 2 1186 1215 1302 1303
5301 4 2 2 2 1187 1188 1217 1304
5302 4 2 2 2 1187 1188 1304 1275
5303 4 2 2 2 1187 1275 1304 1274
5304 4 2 2 2 1187 1217 1216 1304
5305 4 2 2 2 1187 1303 1274 1304
5306 4 2 2 2 1187 1216 1303 1304
5307 4 2 2 2 1188 1189 1218 1305
5308 4 2 2 2 1188 1189 1305 1276
5309 4 2 2 2 1188 1276 1305 1275
5310 4 2 2 2 1188 1218 1217 1305
5311 4 2 2 2 1188 1304 1275 1305
5312 4 2 2 2 1188 1217 1304 1305
5313 4 2 1 1 1219 1220 1249 1336
5314 4 2 1 1 1219 1220 1336 1307
5315 4 2 1 1 1219 1307 1336 1306
5316 4 2 1 1 1219 1249 1248 1336
5317 4 2 1 1 1219 1335 1306 1336
5318 4 2 1 1 1219 1248 1335 1336
5319 4 2 1 1 1220 1221 1250 1337
5320 4 2 1 1 1220 1221 1337 1308
5321 4 2 1 1 1220 1308 1337 1307
5322 4 2 1 1 1220 1250 1249 1337
5323 4 2 1 1 1220 1336 1307 1337
5324 4 2 1 1 1220 1249 1336 1337
5325 4 2 1 1 1221 1222 1251 1338
5326 4 2 1 1 1221 1222 1338 1309
5327 4 2 1 1 1221 1309 1338 1308
5328 4 2 1 1 1221 1251 1250 1338
5329 4 2 1 1 1221 1337 1308 1338
5330 4 2 1 1 1221 1250 1337 1338
5331 4 2 1 1 1222 1223 1252 1339
5332 4 2 1 1 1222 1223 1339 1310
5333 4 2 1 1 1222 1310 1339 1309
5334 4 2 1 1 1222 1252 1251 1339
5335 4 2 1 1 1222 1338 1309 1339
5336 4 2 1 1 1222 1251 1338 1339
5337 4 2 1 1 1223 1224 1253 1340
5338 4 2 1 1 1223 1224 1340 1311
5339 4 2 1 1 1223 1311 1340 1310
5340 4 2 1 1 1223 1253 1252 1340
5341 4 2 1 1 1223 1339 1310 1340
5342 4 2 1 1 1223 1252 1339 1340
5343 4 2 1 1 1224 1225 1254 1341
5344 4 2 1 1 1224 1225 1341 1312
5345 4 2 1 1 1224 1312 1341 1311
5346 4 2 1 1 1224 1254 1253 1341
5347 4 2 1 1 1224 1340 1311 1341
5348 4 2 1 1 1224 1253 1340 1341
5349 4 2 1 1 1225 1226 1255 1342
5350 4 2 1 1 1225 1226 1342 1313
5351 4 2 1 1 1225 1313 1342 1312
5352 4 2 1 1 1225 1255 1254 1342
5353 4 2 1 1 1225 1341 1312 1342
5354 4 2 1 1 1225 1254 1341 1342
5355 4 2 1 1 1226 1227 1256 1343
5356 4 2 1 1 1226 1227 1343 1314
5357 4 2 1 1 1226 1314 1343 1313
5358 4 2 1 1 1226 1256 1255 1343
5359 4 2 1 1 1226 1342 1313 1343
5360 4 2 1 1 1226 1255 1342 1343
5361 4 2 1 1 1227 1228 1257 1344
5362 4 2 1 1 1227 1228 1344 1315
5363 4 2 1 1 1227 1315 1344 1314
5364 4 2 1 1 1227 1257 1256 1344
5365 4 2 1 1 1227 1343 1314 1344
5366 4 2 1 1 1227 1256 1343 1344
5367 4 2 1 1 1228 1229 1258 1345
5368 4 2 1 1 1228 1229 1345 1316
5369 4 2 1 1 1228 1316 1345 1315
5370 4 2 1 1 1228 1258 1257 1345
5371 4 2 1 1 1228 1344 1315 1345
5372 4 2 1 1 1228 1257 1344 1345
5373 4 2 1 1 1229 1230 1259 1346
5374 4 2 1 1 1229 1230 1346 1317
5375 4 2 1 1 1229 1317 1346 1316
5376 4 2 1 1 1229 1259 1258 1346
5377 4 2 1 1 1229 1345 1316 1346
5378 4 2 1 1 1229 1258 1345 1346
5379 4 2 1 1 1230 1231 1260 1347
5380 4 2 1 1 1230 1231 1347 1318
5381 4 2 1 1 1230 1318 1347 1317
5382 4 2 1 1 1230 1260 1259 1347
5383 4 2 1 1 1230 1346 1317 1347
5384 4 2 1 1 1230 1259 1346 1347
5385 4 2 1 1 1231 1232 1261 1348
5386 4 2 1 1 1231 1232 1348 1319
5387 4 2 1 1 1231 1319 1348 1318
5388 4 2 1 1 1231 1261 1260 1348
5389 4 2 1 1 1231 1347 1318 1348
5390 4 2 1 1 1231 1260 1347 1348
5391 4 2 1 1 1232 1233 1262 1349
5392 4 2 1 1 1232 1233 1349 1320
5393 4 2 1 1 1232 1320 1349 1319
5394 4 2 1 1 1232 1262 1261 1349
5395 4 2 1 1 1232 1348 1319 1349
5396 4 2 1 1 1232 1261 1348 1349
5397 4 2 1 1 1233 1234 1263 1350
5398 4 2 1 1 1233 1234 1350 1321
5399 4 2 1 1 1233 1321 1350 1320
5400 4 2 1 1 1233 1263 1262 1350
5401 4 2 1 1 1233 1349 1320 1350
5402 4 2 1 1 1233 1262 1349 1350
5403 4 2 1 1 1234 1235 1264 1351
5404 4 2 1 1 1234 1235 1351 1322
5405 4 2 1 1 1234 1322 1351 1321
5406 4 2 1 1 1234 1264 1263 1351
5407 4 2 1 1 1234 1350 1321 1351
5408 4 2 1 1 1234 1263 1350 1351
5409 4 2 1 1 1235 1236 1265 1352
5410 4 2 1 1 1235 1236 1352 1323
5411 4 2 1 1 1235 1323 1352 1322
5412 4 2 1 1 1235 1265 1264 1352
5413 4 2 1 1 1235 1351 1322 1352
5414 4 2 1 1 1235 1264 1351 1352
5415 4 2 1 1 1236 1237 1266 1353
5416 4 2 1 1 1236 1237 1353 1324
5417 4 2 1 1 1236 1324 1353 1323
5418 4 2 1 1 1236 1266 1265 1353
5419 4 2 1 1 1236 1352 1323 1353
5420 4 2 1 1 1236 1265 1352 1353
5421 4 2 1 1 1237 1238 1267 1354
5422 4 2 1 1 1237 1238 1354 1325
5423 4 2 1 1 1237 1325 1354 1324
5424 4 2 1 1 1237 1267 1266 1354
5425 4 2 1 1 1237 1353 1324 1354
5426 4 2 1 1 1237 1266 1353 1354
5427 4 2 1 1 1238 1239 1268 1355
5428 4 2 1 1 1238 1239 1355 1326
5429 4 2 1 1 1238 1326 1355 1325
5430 4 2 1 1 1238 1268 1267 1355
5431 4 2 1 1 1238 1354 1325 1355
5432 4 2 1 1 1238 1267 1354 1355
5433 4 2 1 1 1239 1240 1269 1356
5434 4 2 1 1 1239 1240 1356 1327
5435 4 2 1 1 1239 1327 1356 1326
5436 4 2 1 1 1239 1269 1268 1356
5437 4 2 1 1 1239 1355 1326 1356
5438 4 2 1 1 1239 1268 1355 1356
5439 4 2 1 1 1240 1241 1270 1357
5440 4 2 1 1 1240 1241 1357 1328
5441 4 2 1 1 1240 1328 1357 1327
5442 4 2 1 1 1240 1270 1269 1357
5443 4 2 1 1 1240 1356 1327 1357
5444 4 2 1 1 1240 1269 1356 1357
5445 4 2 1 1 1241 1242 1271 1358
5446 4 2 1 1 1241 1242 1358 1329
5447 4 2 1 1 1241 1329 1358 1328
5448 4 2 1 1 1241 1271 1270 1358
5449 4 2 1 1 1241 1357 1328 1358
5450 4 2 1 1 1241 1270 1357 1358
5451 4 2 1 1 1242 1243 1272 1359
5452 4 2 1 1 1242 1243 1359 1330
5453 4 2 1 1 1242 1330 1359 1329
5454 4 2 1 1 1242 1272 1271 1359
5455 4 2 1 1 1242 1358 1329 1359
5456 4 2 1 1 1242 1271 1358 1359
5457 4 2 2 2 1243 1244 1273 1360
5458 4 2 2 2 1243 1244 1360 1331
5459 4 2 2 2 1243 1331 1360 1330
5460 4 2 2 2 1243 1273 1272 1360
5461 4 2 2 2 1243 1359 1330 1360
5462 4 2 2 2 1243 1272 1359 1360
5463 4 2 2 2 1244 1245 1274 1361
5464 4 2 2 2 1244 1245 1361 1332
5465 4 2 2 2 1244 1332 1361 1331
5466 4 2 2 2 1244 1274 1273 1361
5467 4 2 2 2 1244 1360 1331 1361
5468 4 2 2 2 1244 1273 1360 1361
5469 4 2 2 2 1245 1246 1275 1362
5470 4 2 2 2 1245 1246 1362 1333
5471 4 2 2 2 1245 1333 1362 1332
5472 4 2 2 2 1245 1275 1274 1362
5473 4 2 2 2 1245 1361 1332 1362
5474 4 2 2 2 1245 1274 1361 1362
5475 4 2 2 2 1246 1247 1276 1363
5476 4 2 2 2 1246 1247 1363 1334
5477 4 2 2 2 1246 1334 1363 1333
5478 4 2 2 2 1246 1276 1275 1363
5479 4 2 2 2 1246 1362 1333 1363
5480 4 2 2 2 1246 1275 1362 1363
5481 4 2 1 1 1248 1249 1278 1365
5482 4 2 1 1 1248 1249 1365 1336
5483 4 2 1 1 1248 1336 1365 1335
5484 4 2 1 1 1248 1278 1277 1365
5485 4 2 1 1 1248 1364 1335 1365
5486 4 2 1 1 1248 1277 1364 1365
5487 4 2 1 1 1249 1250 1279 1366
5488 4 2 1 1 1249 1250 1366 1337
5489 4 2 1 1 1249 1337 1366 1336
5490 4 2 1 1 1249 1279 1278 1366
5491 4 2 1 1 1249 1365 1336 1366
5492 4 2 1 1 1249 1278 1365 1366
5493 4 2 1 1 1250 1251 1280 1367
5494 4 2 1 1 1250 1251 1367 1338
5495 4 2 1 1 1250 1338 1367 1337
5496 4 2 1 1 1250 1280 1279 1367
5497 4 2 1 1 1250 1366 1337 1367
5498 4 2 1 1 1250 1279 1366 1367
5499 4 2 1 1 1251 1252 1281 1368
5500 4 2 1 1 1251 1252 1368 1339
5501 4 2 1 1 1251 1339 1368 1338
5502 4 2 1 1 1251 1281 1280 1368
5503 4 2 1 1 1251 1367 1338 1368
5504 4 2 1 1 1251 1280 1367 1368
5505 4 2 1 1 1252 1253 1282 1369
5506 4 2 1 1 1252 1253 1369 1340
5507 4 2 1 1 1252 1340 1369 1339
5508 4 2 1 1 1252 1282 1281 1369
5509 4 2 1 1 1252 1368 1339 1369
5510 4 2 1 1 1252 1281 1368 1369
5511 4 2 1 1 1253 1254 1283 1370
5512 4 2 1 1 1253 1254 1370 1341
5513 4 2 1 1 1253 1341 1370 1340
5514 4 2 1 1 1253 1283 1282 1370
5515 4 2 1 1 1253 1369 1340 1370
5516 4 2 1 1 1253 1282 1369 1370
5517 4 2 1 1 1254 1255 1284 1371
5518 4 2 1 1 1254 1255 1371 1342
5519 4 2 1 1 1254 1342 1371 1341
5520 4 2 1 1 1254 1284 1283 1371
5521 4 2 1 1 1254 1370 1341 1371
5522 4 2 1 1 1254 1283 1370 1371
5523 4 2 1 1 1255 1256 1285 1372
5524 4 2 1 1 1255 1256 1372 1343
5525 4 2 1 1 1255 1343 1372 1342
5526 4 2 1 1 1255 1285 1284 1372
5527 4 2 1 1 1255 1371 1342 1372
5528 4 2 1 1 1255 1284 1371 1372
5529 4 2 1 1 1256 1257 1286 1373
5530 4 2 1 1 1256 1257 1373 1344
5531 4 2 1 1 1256 1344 1373 1343
5532 4 2 1 1 1256 1286 1285 1373
5533 4 2 1 1 1256 1372 1343 1373
5534 4 2 1 1 1256 1285 1372 1373
5535 4 2 1 1 1257 1258 1287 1374
5536 4 2 1 1 1257 1258 1374 1345
5537 4 2 1 1 1257 1345 1374 1344
5538 4 2 1 1 1257 1287 1286 1374
5539 4 2 1 1 1257 1373 1344 1374
5540 4 2 1 1 1257 1286 1373 1374
5541 4 2 1 1 1258 1259 1288 1375
5542 4 2 1 1 1258 1259 1375 1346
5543 4 2 1 1 1258 1346 1375 1345
5544 4 2 1 1 1258 1288 1287 1375
5545 4 2 1 1 1258 1374 1345 1375
5546 4 2 1 1 1258 1287 1374 1375
5547 4 2 1 1 1259 1260 1289 1376
5548 4 2 1 1 1259 1260 1376 1347
5549 4 2 1 1 1259 1347 1376 1346
5550 4 2 1 1 1259 1289 1288 1376
5551 4 2 1 1 1259 1375 1346 1376
5552 4 2 1 1 1259 1288 1375 1376
5553 4 2 1 1 1260 1261 1290 1377
5554 4 2 1 1 1260 1261 1377 1348
5555 4 2 1 1 1260 1348 1377 1347
5556 4 2 1 1 1260 1290 1289 1377
5557 4 2 1 1 1260 1376 1347 1377
5558 4 2 1 1 1260 1289 1376 1377
5559 4 2 1 1 1261 1262 1291 1378
5560 4 2 1 1 1261 1262 1378 1349
5561 4 2 1 1 1261 1349 1378 1348
5562 4 2 1 1 1261 1291 1290 1378
5563 4 2 1 1 1261 1377 1348 1378
5564 4 2 1 1 1261 1290 1377 1378
5565 4 2 1 1 1262 1263 1292 1379
5566 4 2 1 1 1262 1263 1379 1350
5567 4 2 1 1 1262 1350 1379 1349
5568 4 2 1 1 1262 1292 1291 1379
5569 4 2 1 1 1262 1378 1349 1379
5570 4 2 1 1 1262 1291 1378 1379
5571 4 2 1 1 1263 1264 1293 1380
5572 4 2 1 1 1263 1264 1380 1351
5573 4 2 1 1 1263 1351 1380 1350
5574 4 2 1 1 1263 1293 1292 1380
5575 4 2 1 1 1263 1379 1350 1380
5576 4 2 1 1 1263 1292 1379 1380
5577 4 2 1 1 1264 1265 1294 1381
5578 4 2 1 1 1264 1265 1381 1352
5579 4 2 1 1 1264 1352 1381 1351
5580 4 2 1 1 1264 1294 1293 1381
5581 4 2 1 1 1264 1380 1351 1381
5582 4 2 1 1 1264 1293 1380 1381
5583 4 2 1 1 1265 1266 1295 1382
5584 4 2 1 1 1265 1266 1382 1353
5585 4 2 1 1 1265 1353 1382 1352
5586 4 2 1 1 1265 1295 1294 1382
5587 4 2 1 1 1265 1381 1352 1382
5588 4 2 1 1 1265 1294 1381 1382
5589 4 2 1 1 1266 1267 1296 1383
5590 4 2 1 1 1266 1267 1383 1354
5591 4 2 1 1 1266 1354 1383 1353
5592 4 2 1 1 1266 1296 1295 1383
5593 4 2 1 1 1266 1382 1353 1383
5594 4 2 1 1 1266 1295 1382 1383
5595 4 2 1 1 1267 1268 1297 1384
5596 4 2 1 1 1267 1268 1384 1355
5597 4 2 1 1 1267 1355 1384 1354
5598 4 2 1 1 1267 1297 1296 1384
5599 4 2 1 1 1267 1383 1354 1384
5600 4 2 1 1 1267 1296 1383 1384
5601 4 2 1 1 1268 1269 1298 1385
5602 4 2 1 1 1268 1269 1385 1356
5603 4 2 1 1 1268 1356 1385 1355
5604 4 2 1 1 1268 1298 1297 1385
5605 4 2 1 1 1268 1384 1355 1385
5606 4 2 1 1 1268 1297 1384 1385
5607 4 2 1 1 1269 1270 1299 1386
5608 4 2 1 1 1269 1270 1386 1357
5609 4 2 1 1 1269 1357 1386 1356
5610 4 2 1 1 1269 1299 1298 1386
5611 4 2 1 1 1269 1385 1356 1386
5612 4 2 1 1 1269 1298 1385 1386
5613 4 2 1 1 1270 1271 1300 1387
5614 4 2 1 1 1270 1271 1387 1358
5615 4 2 1 1 1270 1358 1387 1357
5616 4 2 1 1 1270 1300 1299 1387
5617 4 2 1 1 1270 1386 1357 1387
5618 4 2 1 1 1270 1299 1386 1387
5619 4 2 1 1 1271 1272 1301 1388
5620 4 2 1 1 1271 1272 1388 1359
5621 4 2 1 1 1271 1359 1388 1358
5622 4 2 1 1 1271 1301 1300 1388
5623 4 2 1 1 1271 1387 1358 1388
5624 4 2 1 1 1271 1300 1387 1388
5625 4 2 2 2 1272 1273 1302 1389
5626 4 2 2 2 1272 1273 1389 1360
5627 4 2 2 2 1272 1360 1389 1359
5628 4 2 2 2 1272 1302 1301 1389
5629 4 2 2 2 1272 1388 1359 1389
5630 4 2 2 2 1272 1301 1388 1389
5631 4 2 2 2 1273 1274 1303 1390
5632 4 2 2 2 1273 1274 1390 1361
5633 4 2 2 2 1273 1361 1390 1360
5634 4 2 2 2 1273 1303 1302 1390
5635 4 2 2 2 1273 1389 1360 1390
5636 4 2 2 2 1273 1302 1389 1390
5637 4 2 2 2 1274 1275 1304 1391
5638 4 2 2 2 1274 1275 1391 1362
5639 4 2 2 2 1274 1362 1391 1361
5640 4 2 2 2 1274 1304 1303 1391
5641 4 2 2 2 1274 1390 1361 1391
5642 4 2 2 2 1274 1303 1390 1391
5643 4 2 2 2 1275 1276 1305 1392
5644 4 2 2 2 1275 1276 1392 1363
5645 4 2 2 2 1275 1363 1392 1362
5646 4 2 2 2 1275 1305 1304 1392
5647 4 2 2 2 1275 1391 1362 1392
5648 4 2 2 2 1275 1304 1391 1392
5649 4 2 1 1 1306 1307 1336 1423
5650 4 2 1 1 1306 1307 1423 1394
5651 4 2 1 1 1306 1394 1423 1393
5652 4 2 1 1 1306 1336 1335 1423
5653 4 2 1 1 1306 1422 1393 1423
5654 4 2 1 1 1306 1335 1422 1423
5655 4 2 1 1 1307 1308 1337 1424
5656 4 2 1 1 1307 1308 1424 1395
5657 4 2 1 1 1307 1395 1424 1394
5658 4 2 1 1 1307 1337 1336 1424
5659 4 2 1 1 1307 1423 1394 1424
5660 4 2 1 1 1307 1336 1423 1424
5661 4 2 1 1 1308 1309 1338 1425
5662 4 2 1 1 1308 1309 1425 1396
5663 4 2 1 1 1308 1396 1425 1395
5664 4 2 1 1 1308 1338 1337 1425
5665 4 2 1 1 1308 1424 1395 1425
5666 4 2 1 1 1308 1337 1424 1425
5667 4 2 1 1 1309 1310 1339 1426
5668 4 2 1 1 1309 1310 1426 1397
5669 4 2 1 1 1309 1397 1426 1396
5670 4 2 1 1 1309 1339 1338 1426
5671 4 2 1 1 1309 1425 1396 1426
5672 4 2 1 1 1309 1338 1425 1426
5673 4 2 1 1 1310 1311 1340 1427
5674 4 2 1 1 1310 1311 1427 1398
5675 4 2 1 1 1310 1398 1427 1397
5676 4 2 1 1 1310 1340 1339 1427
5677 4 2 1 1 1310 1426 1397 1427
5678 4 2 1 1 1310 1339 1426 1427
5679 4 2 1 1 1311 1312 1341 1428
5680 4 2 1 1 1311 1312 1428 1399
5681 4 2 1 1 1311 1399 1428 1398
5682 4 2 1 1 1311 1341 1340 1428
5683 4 2 1 1 1311 1427 1398 1428
5684 4 2 1 1 1311 1340 1427 1428
5685 4 2 1 1 1312 1313 1342 1429
5686 4 2 1 1 1312 1313 1429 1400
5687 4 2 1 1 1312 1400 1429 1399
5688 4 2 1 1 1312 1342 1341 1429
5689 4 2 1 1 1312 1428 1399 1429
5690 4 2 1 1 1312 1341 1428 1429
5691 4 2 1 1 1313 1314 1343 1430
5692 4 2 1 1 1313 1314 1430 1401
5693 4 2 1 1 1313 1401 1430 1400
5694 4 2 1 1 1313 1343 1342 1430
5695 4 2 1 1 1313 1429 1400 1430
5696 4 2 1 1 1313 1342 1429 1430
5697 4 2 1 1 1314 1315 1344 1431
5698 4 2 1 1 1314 1315 1431 1402
5699 4 2 1 1 1314 1402 1431 1401
5700 4 2 1 1 1314 1344 1343 1431
5701 4 2 1 1 1314 1430 1401 1431
5702 4 2 1 1 1314 1343 1430 1431
5703 4 2 1 1 1315 1316 1345 1432
5704 4 2 1 1 1315 1316 1432 1403
5705 4 2 1 1 1315 1403 1432 1402
5706 4 2 1 1 1315 1345 1344 1432
5707 4 2 1 1 1315 1431 1402 1432
5708 4 2 1 1 1315 1344 1431 1432
5709 4 2 1 1 1316 1317 1346 1433
5710 4 2 1 1 1316 1317 1433 1404
5711 4 2 1 1 1316 1404 1433 1403
5712 4 2 1 1 1316 1346 1345 1433
5713 4 2 1 1 1316 1432 1403 1433
5714 4 2 1 1 1316 1345 1432 1433
5715 4 2 1 1 1317 1318 1347 1434
5716 4 2 1 1 1317 1318 1434 1405
5717 4 2 1 1 1317 1405 1434 1404
5718 4 2 1 1 1317 1347 1346 1434
5719 4 2 1 1 1317 1433 1404 1434
5720 4 2 1 1 1317 1346 1433 1434
5721 4 2 1 1 1318 1319 1348 1435
5722 4 2 1 1 1318 1319 1435 1406
5723 4 2 1 1 1318 1406 1435 1405
5724 4 2 1 1 1318 1348 1347 1435
5725 4 2 1 1 1318 1434 1405 1435
5726 4 2 1 1 1318 1347 1434 1435
5727 4 2 1 1 1319 1320 1349 1436
5728 4 2 1 1 1319 1320 1436 1407
5729 4 2 1 1 1319 1407 1436 1406
5730 4 2 1 1 1319 1349 1348 1436
5731 4 2 1 1 1319 1435 1406 1436
5732 4 2 1 1 1319 1348 1435 1436
5733 4 2 1 1 1320 1321 1350 1437
5734 4 2 1 1 1320 1321 1437 1408
5735 4 2 1 1 1320 1408 1437 1407
5736 4 2 1 1 1320 1350 1349 1437
5737 4 2 1 1 1320 1436 1407 1437
5738 4 2 1 1 1320 1349 1436 1437
5739 4 2 1 1 1321 1322 1351 1438
5740 4 2 1 1 1321 1322 1438 1409
5741 4 2 1 1 1321 1409 1438 1408
5742 4 2 1 1 1321 1351 1350 1438
5743 4 2 1 1 1321 1437 1408 1438
5744 4 2 1 1 1321 1350 1437 1438
5745 4 2 1 1 1322 1323 1352 1439
5746 4 2 1 1 1322 1323 1439 1410
5747 4 2 1 1 1322 1410 1439 1409
5748 4 2 1 1 1322 1352 1351 1439
5749 4 2 1 1 1322 1438 1409 1439
5750 4 2 1 1 1322 1351 1438 1439
5751 4 2 1 1 1323 1324 1353 1440
5752 4 2 1 1 1323 1324 1440 1411
5753 4 2 1 1 1323 1411 1440 1410
5754 4 2 1 1 1323 1353 1352 1440
5755 4 2 1 1 1323 1439 1410 1440
5756 4 2 1 1 1323 1352 1439 1440
5757 4 2 1 1 1324 1325 1354 1441
5758 4 2 1 1 1324 1325 1441 1412
5759 4 2 1 1 1324 1412 1441 1411
5760 4 2 1 1 1324 1354 1353 1441
5761 4 2 1 1 1324 1440 1411 1441
5762 4 2 1 1 1324 1353 1440 1441
5763 4 2 1 1 1325 1326 1355 1442
5764 4 2 1 1 1325 1326 1442 1413
5765 4 2 1 1 1325 1413 1442 1412
5766 4 2 1 1 1325 1355 1354 1442
5767 4 2 1 1 1325 1441 1412 1442
5768 4 2 1 1 1325 1354 1441 1442
5769 4 2 1 1 1326 1327 1356 1443
5770 4 2 1 1 1326 1327 1443 1414
5771 4 2 1 1 1326 1414 1443 1413
5772 4 2 1 1 1326 1356 1355 1443
5773 4 2 1 1 1326 1442 1413 1443
5774 4 2 1 1 1326 1355 1442 1443
5775 4 2 1 1 1327 1328 1357 1444
5776 4 2 1 1 1327 1328 1444 1415
5777 4 2 1 1 1327 1415 1444 1414
5778 4 2 1 1 1327 1357 1356 1444
5779 4 2 1 1 1327 1443 1414 1444
5780 4 2 1 1 1327 1356 1443 1444
5781 4 2 1 1 1328 1329 1358 1445
5782 4 2 1 1 1328 1329 1445 1416
5783 4 2 1 1 1328 1416 1445 1415
5784 4 2 1 1 1328 1358 1357 1445
5785 4 2 1 1 1328 1444 1415 1445
5786 4 2 1 1 1328 1357 1444 1445
5787 4 2 1 1 1329 1330 1359 1446
5788 4 2 1 1 1329 1330 1446 1417
5789 4 2 1 1 1329 1417 1446 1416
5790 4 2 1 1 1329 1359 1358 1446
5791 4 2 1 1 1329 1445 1416 1446
5792 4 2 1 1 1329 1358 1445 1446
5793 4 2 2 2 1330 1331 1360 1447
5794 4 2 2 2 1330 1331 1447 1418
5795 4 2 2 2 1330 1418 1447 1417
5796 4 2 2 2 1330 1360 1359 1447
5797 4 2 2 2 1330 1446 1417 1447
5798 4 2 2 2 1330 1359 1446 1447
5799 4 2 2 2 1331 1332 1361 1448
5800 4 2 2 2 1331 1332 1448 1419
5801 4 2 2 2 1331 1419 1448 1418
5802 4 2 2 2 1331 1361 1360 1448
5803 4 2 2 2 1331 1447 1418 1448
5804 4 2 2 2 1331 1360 1447 1448
5805 4 2 2 2 1332 1333 1362 1449
5806 4 2 2 2 1332 1333 1449 1420
5807 4 2 2 2 1332 1420 1449 1419
5808 4 2 2 2 1332 1362 1361 1449
5809 4 2 2 2 1332 1448 1419 1449
5810 4 2 2 2 1332 1361 1448 1449
5811 4 2 2 2 1333 1334 1363 1450
5812 4 2 2 2 1333 1334 1450 1421
5813 4 2 2 2 1333 1421 1450 1420
5814 4 2 2 2 1333 1363 1362 1450
5815 4 2 2 2 1333 1449 1420 1450
5816 4 2 2 2 1333 1362 1449 1450
5817 4 2 1 1 1335 1336 1365 1452
5818 4 2 1 1 1335 1336 1452 1423
5819 4 2 1 1 1335 1423 1452 1422
5820 4 2 1 1 1335 1365 1364 1452
5821 4 2 1 1 1335 1451 1422 1452
5822 4 2 1 1 1335 1364 1451 1452
5823 4 2 1 1 1336 1337 1366 1453
5824 4 2 1 1 1336 1337 1453 1424
5825 4 2 1 1 1336 1424 1453 1423
5826 4 2 1 1 1336 1366 1365 1453
5827 4 2 1 1 1336 1452 1423 1453
5828 4 2 1 1 1336 1365 1452 1453
5829 4 2 1 1 1337 1338 1367 1454
5830 4 2 1 1 1337 1338 1454 1425
5831 4 2 1 1 1337 1425 1454 1424
5832 4 2 1 1 1337 1367 1366 1454
5833 4 2 1 1 1337 1453 1424 1454
5834 4 2 1 1 1337 1366 1453 1454
5835 4 2 1 1 1338 1339 1368 1455
5836 4 2 1 1 1338 1339 1455 1426
5837 4 2 1 1 1338 1426 1455 1425
5838 4 2 1 1 1338 1368 1367 1455
5839 4 2 1 1 1338 1454 1425 1455
5840 4 2 1 1 1338 1367 1454 1455
5841 4 2 1 1 1339 1340 1369 1456
5842 4 2 1 1 1339 1340 1456 1427
5843 4 2 1 1 1339 1427 1456 1426
5844 4 2 1 1 1339 1369 1368 1456
5845 4 2 1 1 1339 1455 1426 1456
5846 4 2 1 1 1339 1368 1455 1456
5847 4 2 1 1 1340 1341 1370 1457
5848 4 2 1 1 1340 1341 1457 1428
5849 4 2 1 1 1340 1428 1457 1427
5850 4 2 1 1 1340 1370 1369 1457
5851 4 2 1 1 1340 1456 1427 1457
5852 4 2 1 1 1340 1369 1456 1457
5853 4 2 1 1 1341 1342 1371 1458
5854 4 2 1 1 1341 1342 1458 1429
5855 4 2 1 1 1341 1429 1458 1428
5856 4 2 1 1 1341 1371 1370 1458
5857 4 2 1 1 1341 1457 1428 1458
5858 4 2 1 1 1341 1370 1457 1458
5859 4 2 1 1 1342 1343 1372 1459
5860 4 2 1 1 1342 1343 1459 1430
5861 4 2 1 1 1342 1430 1459 1429
5862 4 2 1 1 1342 1372 1371 1459
5863 4 2 1 1 1342 1458 1429 1459
5864 4 2 1 1 1342 1371 1458 1459
5865 4 2 1 1 1343 1344 1373 1460
5866 4 2 1 1 1343 1344 1460 1431
5867 4 2 1 1 1343 1431 1460 1430
5868 4 2 1 1 1343 1373 1372 1460
5869 4 2 1 1 1343 1459 1430 1460
5870 4 2 1 1 1343 1372 1459 1460
5871 4 2 1 1 1344 1345 1374 1461
5872 4 2 1 1 1344 1345 1461 1432
5873 4 2 1 1 1344 1432 1461 1431
5874 4 2 1 1 1344 1374 1373 1461
5875 4 2 1 1 1344 1460 1431 1461
5876 4 2 1 1 1344 1373 1460 1461
5877 4 2 1 1 1345 1346 1375 1462
5878 4 2 1 1 1345 1346 1462 1433
5879 4 2 1 1 1345 1433 1462 1432
5880 4 2 1 1 1345 1375 1374 1462
5881 4 2 1 1 1345 1461 1432 1462
5882 4 2 1 1 1345 1374 1461 1462
5883 4 2 1 1 1346 1347 1376 1463
5884 4 2 1 1 1346 1347 1463 1434
5885 4 2 1 1 1346 1434 1463 1433
5886 4 2 1 1 1346 1376 1375 1463
5887 4 2 1 1 1346 1462 1433 1463
5888 4 2 1 1 1346 1375 1462 1463
5889 4 2 1 1 1347 1348 1377 1464
5890 4 2 1 1 1347 1348 1464 1435
5891 4 2 1 1 1347 1435 1464 1434
5892 4 2 1 1 1347 1377 1376 1464
5893 4 2 1 1 1347 1463 1434 1464
5894 4 2 1 1 1347 1376 1463 1464
5895 4 2 1 1 1348 1349 1378 1465
5896 4 2 1 1 1348 1349 1465 1436
5897 4 2 1 1 1348 1436 1465 1435
5898 4 2 1 1 1348 1378 1377 1465
5899 4 2 1 1 1348 1464 1435 1465
5900 4 2 1 1 1348 1377 1464 1465
5901 4 2 1 1 1349 1350 1379 1466
5902 4 2 1 1 1349 1350 1466 1437
5903 4 2 1 1 1349 1437 1466 1436
5904 4 2 1 1 1349 1379 1378 1466
5905 4 2 1 1 1349 1465 1436 1466
5906 4 2 1 1 1349 1378 1465 1466
5907 4 2 1 1 1350 1351 1380 1467
5908 4 2 1 1 1350 1351 1467 1438
5909 4 2 1 1 1350 1438 1467 1437
5910 4 2 1 1 1350 1380 1379 1467
5911 4 2 1 1 1350 1466 1437 1467
5912 4 2 1 1 1350 1379 1466 1467
5913 4 2 1 1 1351 1352 1381 1468
5914 4 2 1 1 1351 1352 1468 1439
5915 4 2 1 1 1351 1439 1468 1438
5916 4 2 1 1 1351 1381 1380 1468
5917 4 2 1 1 1351 1467 1438 1468
5918 4 2 1 1 1351 1380 1467 1468
5919 4 2 1 1 1352 1353 1382 1469
5920 4 2 1 1 1352 1353 1469 1440
5921 4 2 1 1 1352 1440 1469 1439
5922 4 2 1 1 1352 1382 1381 1469
5923 4 2 1 1 1352 1468 1439 1469
5924 4 2 1 1 1352 1381 1468 1469
5925 4 2 1 1 1353 1354 1383 1470
5926 4 2 1 1 1353 1354 1470 1441
5927 4 2 1 1 1353 1441 1470 1440
5928 4 2 1 1 1353 1383 1382 1470
5929 4 2 1 1 1353 1469 1440 1470
5930 4 2 1 1 1353 1382 1469 1470
5931 4 2 1 1 1354 1355 1384 1471
5932 4 2 1 1 1354 1355 1471 1442
5933 4 2 1 1 1354 1442 1471 1441
5934 4 2 1 1 1354 1384 1383 1471
5935 4 2 1 1 1354 1470 1441 1471
5936 4 2 1 1 1354 1383 1470 1471
5937 4 2 1 1 1355 1356 1385 1472
5938 4 2 1 1 1355 1356 1472 1443
5939 4 2 1 1 1355 1443 1472 1442
5940 4 2 1 1 1355 1385 1384 1472
5941 4 2 1 1 1355 1471 1442 1472
5942 4 2 1 1 1355 1384 1471 1472
5943 4 2 1 1 1356 1357 1386 1473
5944 4 2 1 1 1356 1357 1473 1444
5945 4 2 1 1 1356 1444 1473 1443
5946 4 2 1 1 1356 1386 1385 1473
5947 4 2 1 1 1356 1472 1443 1473
5948 4 2 1 1 1356 1385 1472 1473
5949 4 2 1 1 1357 1358 1387 1474
5950 4 2 1 1 1357 1358 1474 1445
5951 4 2 1 1 1357 1445 1474 1444
5952 4 2 1 1 1357 1387 1386 1474
5953 4 2 1 1 1357 1473 1444 1474
5954 4 2 1 1 1357 1386 1473 1474
5955 4 2 1 1 1358 1359 1388 1475
5956 4 2 1 1 1358 1359 1475 1446
5957 4 2 1 1 1358 1446 1475 1445
5958 4 2 1 1 1358 1388 1387 1475
5959 4 2 1 1 1358 1474 1445 1475
5960 4 2 1 1 1358 1387 1474 1475
5961 4 2 2 2 1359 1360 1389 1476
5962 4 2 2 2 1359 1360 1476 1447
5963 4 2 2 2 1359 1447 1476 1446
5964 4 2 2 2 1359 1389 1388 1476
5965 4 2 2 2 1359 1475 1446 1476
5966 4 2 2 2 1359 1388 1475 1476
5967 4 2 2 2 1360 1361 1390 1477
5968 4 2 2 2 1360 1361 1477 1448
5969 4 2 2 2 1360 1448 1477 1447
5970 4 2 2 2 1360 1390 1389 1477
5971 4 2 2 2 1360 1476 1447 1477
5972 4 2 2 2 1360 1389 1476 1477
5973 4 2 2 2 1361 1362 1391 1478
5974 4 2 2 2 1361 1362 1478 1449
5975 4 2 2 2 1361 1449 1478 1448
5976 4 2 2 2 1361 1391 1390 1478
5977 4 2 2 2 1361 1477 1448 1478
5978 4 2 2 2 1361 1390 1477 1478
5979 4 2 2 2 1362 1363 1392 1479
5980 4 2 2 2 1362 1363 1479 1450
5981 4 2 2 2 1362 1450 1479 1449
5982 4 2 2 2 1362 1392 1391 1479
5983 4 2 2 2 1362 1478 1449 1479
5984 4 2 2 2 1362 1391 1478 1479
5985 4 2 1 1 1393 1394 1423 1510
5986 4 2 1 1 1393 1394 1510 1481
5987 4 2 1 1 1393 1481 1510 1480
5988 4 2 1 1 1393 1423 1422 1510
5989 4 2 1 1 1393 1509 1480 1510
5990 4 2 1 1 1393 1422 1509 1510
5991 4 2 1 1 1394 1395 1424 1511
5992 4 2 1 1 1394 1395 1511 1482
5993 4 2 1 1 1394 1482 1511 1481
5994 4 2 1 1 1394 1424 1423 1511
5995 4 2 1 1 1394 1510 1481 1511
5996 4 2 1 1 1394 1423 1510 1511
5997 4 2 1 1 1395 1396 1425 1512
5998 4 2 1 1 1395 1396 1512 1483
5999 4 2 1 1 1395 1483 1512 1482
6000 4 2 1 1 1395 1425 1424 1512
6001 4 2 1 1 1395 1511 1482 1512
6002 4 2 1 1 1395 1424 1511 1512
6003 4 2 1 1 1396 1397 1426 1513
6004 4 2 1 1 1396 1397 1513 1484
6005 4 2 1 1 1396 1484 1513 1483
6006 4 2 1 1 1396 1426 1425 1513
6007 4 2 1 1 1396 1512 1483 1513
6008 4 2 1 1 1396 1425 1512 1513
6009 4 2 1 1 1397 1398 1427 1514
6010 4 2 1 1 1397 1398 1514 1485
6011 4 2 1 1 1397 1485 1514 1484
6012 4 2 1 1 1397 1427 1426 1514
6013 4 2 1 1 1397 1513 1484 1514
6014 4 2 1 1 1397 1426 1513 1514
6015 4 2 1 1 1398 1399 1428 1515
6016 4 2 1 1 1398 1399 1515 1486
6017 4 2 1 1 1398 1486 1515 1485
6018 4 2 1 1 1398 1428 1427 1515
6019 4 2 1 1 1398 1514 1485 1515
6020 4 2 1 1 1398 1427 1514 1515
6021 4 2 1 1 1399 1400 1429 1516
6022 4 2 1 1 1399 1400 1516 1487
6023 4 2 1 1 1399 1487 1516 1486
6024 4 2 1 1 1399 1429 1428 1516
6025 4 2 1 1 1399 1515 1486 1516
6026 4 2 1 1 1399 1428 1515 1516
6027 4 2 1 1 1400 1401 1430 1517
6028 4 2 1 1 1400 1401 1517 1488
6029 4 2 1 1 1400 1488 1517 1487
6030 4 2 1 1 1400 1430 1429 1517
6031 4 2 1 1 1400 1516 1487 1517
6032 4 2 1 1 1400 1429 1516 1517
6033 4 2 1 1 1401 1402 1431 1518
6034 4 2 1 1 1401 1402 1518 1489
6035 4 2 1 1 1401 1489 1518 1488
6036 4 2 1 1 1401 1431 1430 1518
6037 4 2 1 1 1401 1517 1488 1518
6038 4 2 1 1 1401 1430 1517 1518
6039 4 2 1 1 1402 1403 1432 1519
6040 4 2 1 1 1402 1403 1519 1490
6041 4 2 1 1 1402 1490 1519 1489
6042 4 2 1 1 1402 1432 1431 1519
6043 4 2 1 1 1402 1518 1489 1519
6044 4 2 1 1 1402 1431 1518 1519
6045 4 2 1 1 1403 1404 1433 1520
6046 4 2 1 1 1403 1404 1520 1491
6047 4 2 1 1 1403 1491 1520 1490
6048 4 2 1 1 1403 1433 1432 1520
6049 4 2 1 1 1403 1519 1490 1520
6050 4 2 1 1 1403 1432 1519 1520
6051 4 2 1 1 1404 1405 1434 1521
6052 4 2 1 1 1404 1405 1521 1492
6053 4 2 1 1 1404 1492 1521 1491
6054 4 2 1 1 1404 1434 1433 1521
6055 4 2 1 1 1404 1520 1491 1521
6056 4 2 1 1 1404 1433 1520 1521
6057 4 2 1 1 1405 1406 1435 1522
6058 4 2 1 1 1405 1406 1522 1493
6059 4 2 1 1 1405 1493 1522 1492
6060 4 2 1 1 1405 1435 1434 1522
6061 4 2 1 1 1405 1521 1492 1522
6062 4 2 1 1 1405 1434 1521 1522
6063 4 2 1 1 1406 1407 1436 1523
6064 4 2 1 1 1406 1407 1523 1494
6065 4 2 1 1 1406 1494 1523 1493
6066 4 2 1 1 1406 1436 1435 1523
6067 4 2 1 1 1406 1522 1493 1523
6068 4 2 1 1 1406 1435 1522 1523
6069 4 2 1 1 1407 1408 1437 1524
6070 4 2 1 1 1407 1408 1524 1495
6071 4 2 1 1 1407 1495 1524 1494
6072 4 2 1 1 1407 1437 1436 1524
6073 4 2 1 1 1407 1523 1494 1524
6074 4 2 1 1 1407 1436 1523 1524
6075 4 2 1 1 1408 1409 1438 1525
6076 4 2 1 1 1408 1409 1525 1496
6077 4 2 1 1 1408 1496 1525 1495
6078 4 2 1 1 1408 1438 1437 1525
6079 4 2 1 1 1408 1524 1495 1525
6080 4 2 1 1 1408 1437 1524 1525
6081 4 2 1 1 1409 1410 1439 1526
6082 4 2 1 1 1409 1410 1526 1497
6083 4 2 1 1 1409 1497 1526 1496
6084 4 2 1 1 1409 1439 1438 1526
6085 4 2 1 1 1409 1525 1496 1526
6086 4 2 1 1 1409 1438 1525 1526
6087 4 2 1 1 1410 1411 1440 1527
6088 4 2 1 1 1410 1411 1527 1498
6089 4 2 1 1 1410 1498 1527 1497
6090 4 2 1 1 1410 1440 1439 1527
6091 4 2 1 1 1410 1526 1497 1527
6092 4 2 1 1 1410 1439 1526 1527
6093 4 2 1 1 1411 1412 1441 1528
6094 4 2 1 1 1411 1412 1528 1499
6095 4 2 1 1 1411 1499 1528 1498
6096 4 2 1 1 1411 1441 1440 1528
6097 4 2 1 1 1411 1527 1498 1528
6098 4 2 1 1 1411 1440 1527 1528
6099 4 2 1 1 1412 1413 1442 1529
6100 4 2 1 1 1412 1413 1529 1500
6101 4 2 1 1 1412 1500 1529 1499
6102 4 2 1 1 1412 1442 1441 1529
6103 4 2 1 1 1412 1528 1499 1529
6104 4 2 1 1 1412 1441 1528 1529
6105 4 2 1 1 1413 1414 1443 1530
6106 4 2 1 1 1413 1414 1530 1501
6107 4 2 1 1 1413 1501 1530 1500
6108 4 2 1 1 1413 1443 1442 1530
6109 4 2 1 1 1413 1529 1500 1530
6110 4 2 1 1 1413 1442 1529 1530
6111 4 2 1 1 1414 1415 1444 1531
6112 4 2 1 1 1414 1415 1531 1502
6113 4 2 1 1 1414 1502 1531 1501
6114 4 2 1 1 1414 1444 1443 1531
6115 4 2 1 1 1414 1530 1501 1531
6116 4 2 1 1 1414 1443 1530 1531
6117 4 2 1 1 1415 1416 1445 1532
6118 4 2 1 1 1415 1416 1532 1503
6119 4 2 1 1 1415 1503 1532 1502
6120 4 2 1 1 1415 1445 1444 1532
6121 4 2 1 1 1415 1531 1502 1532
6122 4 2 1 1 1415 1444 1531 1532
6123 4 2 1 1 1416 1417 1446 1533
6124 4 2 1 1 1416 1417 1533 1504
6125 4 2 1 1 1416 1504 1533 1503
6126 4 2 1 1 1416 1446 1445 1533
6127 4 2 1 1 1416 1532 1503 1533
6128 4 2 1 1 1416 1445 1532 1533
6129 4 2 2 2 1417 1418 1447 1534
6130 4 2 2 2 1417 1418 1534 1505
6131 4 2 2 2 1417 1505 1534 1504
6132 4 2 2 2 1417 1447 1446 1534
6133 4 2 2 2 1417 1533 1504 1534
6134 4 2 2 2 1417 1446 1533 1534
6135 4 2 2 2 1418 1419 1448 1535
6136 4 2 2 2 1418 1419 1535 1506
6137 4 2 2 2 1418 1506 1535 1505
6138 4 2 2 2 1418 1448 1447 1535
6139 4 2 2 2 1418 1534 1505 1535
6140 4 2 2 2 1418 1447 1534 1535
6141 4 2 2 2 1419 1420 1449 1536
6142 4 2 2 2 1419 1420 1536 1507
6143 4 2 2 2 1419 1507 1536 1506
6144 4 2 2 2 1419 1449 1448 1536
6145 4 2 2 2 1419 1535 1506 1536
6146 4 2 2 2 1419 1448 1535 1536
6147 4 2 2 2 1420 1421 1450 1537
6148 4 2 2 2 1420 1421 1537 1508
6149 4 2 2 2 1420 1508 1537 1507
6150 4 2 2 2 1420 1450 1449 1537
6151 4 2 2 2 1420 1536 1507 1537
6152 4 2 2 2 1420 1449 1536 1537
6153 4 2 1 1 1422 1423 1452 1539
6154 4 2 1 1 1422 1423 1539 1510
6155 4 2 1 1 1422 1510 1539 1509
6156 4 2 1 1 1422 1452 1451 1539
6157 4 2 1 1 1422 1538 1509 1539
6158 4 2 1 1 1422 1451 1538 1539
6159 4 2 1 1 1423 1424 1453 1540
6160 4 2 1 1 1423 1424 1540 1511
6161 4 2 1 1 1423 1511 1540 1510
6162 4 2 1 1 1423 1453 1452 1540
6163 4 2 1 1 1423 1539 1510 1540
6164 4 2 1 1 1423 1452 1539 1540
6165 4 2 1 1 1424 1425 1454 1541
6166 4 2 1 1 1424 1425 1541 1512
6167 4 2 1 1 1424 1512 1541 1511
6168 4 2 1 1 1424 1454 1453 1541
6169 4 2 1 1 1424 1540 1511 1541
6170 4 2 1 1 1424 1453 1540 1541
6171 4 2 1 1 1425 1426 1455 1542
6172 4 2 1 1 1425 1426 1542 1513
6173 4 2 1 1 1425 1513 1542 1512
6174 4 2 1 1 1425 1455 1454 1542
6175 4 2 1 1 1425 1541 1512 1542
6176 4 2 1 1 1425 1454 1541 1542
6177 4 2 1 1 1426 1427 1456 1543
6178 4 2 1 1 1426 1427 1543 1514
6179 4 2 1 1 1426 1514 1543 1513
6180 4 2 1 1 1426 1456 1455 1543
6181 4 2 1 1 1426 1542 1513 1543
6182 4 2 1 1 1426 1455 1542 1543
6183 4 2 1 1 1427 1428 1457 1544
6184 4 2 1 1 1427 1428 1544 1515
6185 4 2 1 1 1427 1515 1544 1514
6186 4 2 1 1 1427 1457 1456 1544
6187 4 2 1 1 1427 1543 1514 1544
6188 4 2 1 1 1427 1456 1543 1544
6189 4 2 1 1 1428 1429 1458 1545
6190 4 2 1 1 1428 1429 1545 1516
6191 4 2 1 1 1428 1516 1545 1515
6192 4 2 1 1 1428 1458 1457 1545
6193 4 2 1 1 1428 1544 1515 1545
6194 4 2 1 1 1428 1457 1544 1545
6195 4 2 1 1 1429 1430 1459 1546
6196 4 2 1 1 1429 1430 1546 1517
6197 4 2 1 1 1429 1517 1546 1516
6198 4 2 1 1 1429 1459 1458 1546
6199 4 2 1 1 1429 1545 1516 1546
6200 4 2 1 1 1429 1458 1545 1546
6201 4 2 1 1 1430 1431 1460 1547
6202 4 2 1 1 1430 1431 1547 1518
6203 4 2 1 1 1430 1518 1547 1517
6204 4 2 1 1 1430 1460 1459 1547
6205 4 2 1 1 1430 1546 1517 1547
6206 4 2 1 1 1430 1459 1546 1547
6207 4 2 1 1 1431 1432 1461 1548
6208 4 2 1 1 1431 1432 1548 1519
6209 4 2 1 1 1431 1519 1548 1518
6210 4 2 1 1 1431 1461 1460 1548
6211 4 2 1 1 1431 1547 1518 1548
6212 4 2 1 1 1431 1460 1547 1548
6213 4 2 1 1 1432 1433 1462 1549
6214 4 2 1 1 1432 1433 1549 1520
6215 4 2 1 1 1432 1520 1549 1519
6216 4 2 1 1 1432 1462 1461 1549
6217 4 2 1 1 1432 1548 1519 1549
6218 4 2 1 1 1432 1461 1548 1549
6219 4 2 1 1 1433 1434 1463 1550
6220 4 2 1 1 1433 1434 1550 1521
6221 4 2 1 1 1433 1521 1550 1520
6222 4 2 1 1 1433 1463 1462 1550
6223 4 2 1 1 1433 1549 1520 1550
6224 4 2 1 1 1433 1462 1549 1550
6225 4 2 1 1 1434 1435 1464 1551
6226 4 2 1 1 1434 1435 1551 1522
6227 4 2 1 1 1434 1522 1551 1521
6228 4 2 1 1 1434 1464 1463 1551
6229 4 2 1 1 1434 1550 1521 1551
6230 4 2 1 1 1434 1463 1550 1551
6231 4 2 1 1 1435 1436 1465 1552
6232 4 2 1 1 1435 1436 1552 1523
6233 4 2 1 1 1435 1523 1552 1522
6234 4 2 1 1 1435 1465 1464 1552
6235 4 2 1 1 1435 1551 1522 1552
6236 4 2 1 1 1435 1464 1551 1552
6237 4 2 1 1 1436 1437 1466 1553
6238 4 2 1 1 1436 1437 1553 1524
6239 4 2 1 1 1436 1524 1553 1523
6240 4 2 1 1 1436 1466 1465 1553
6241 4 2 1 1 1436 1552 1523 1553
6242 4 2 1 1 1436 1465 1552 1553
6243 4 2 1 1 1437 1438 1467 1554
6244 4 2 1 1 1437 1438 1554 1525
6245 4 2 1 1 1437 1525 1554 1524
6246 4 2 1 1 1437 1467 1466 1554
6247 4 2 1 1 1437 1553 1524 1554
6248 4 2 1 1 1437 1466 1553 1554
6249 4 2 1 1 1438 1439 1468 1555
6250 4 2 1 1 1438 1439 1555 1526
6251 4 2 1 1 1438 1526 1555 1525
6252 4 2 1 1 1438 1468 1467 1555
6253 4 2 1 1 1438 1554 1525 1555
6254 4 2 1 1 1438 1467 1554 1555
6255 4 2 1 1 1439 1440 1469 1556
6256 4 2 1 1 1439 1440 1556 1527
6257 4 2 1 1 1439 1527 1556 1526
6258 4 2 1 1 1439 1469 1468 1556
6259 4 2 1 1 1439 1555 1526 1556
6260 4 2 1 1 1439 1468 1555 1556
6261 4 2 1 1 1440 1441 1470 1557
6262 4 2 1 1 1440 1441 1557 1528
6263 4 2 1 1 1440 1528 1557 1527
6264 4 2 1 1 1440 1470 1469 1557
6265 4 2 1 1 1440 1556 1527 1557
6266 4 2 1 1 1440 1469 1556 1557
6267 4 2 1 1 1441 1442 1471 1558
6268 4 2 1 1 1441 1442 1558 1529
6269 4 2 1 1 1441 1529 1558 1528
6270 4 2 1 1 1441 1471 1470 1558
6271 4 2 1 1 1441 1557 1528 1558
6272 4 2 1 1 1441 1470 1557 1558
6273 4 2 1 1 1442 1443 1472 1559
6274 4 2 1 1 1442 1443 1559 1530
6275 4 2 1 1 1442 1530 1559 1529
6276 4 2 1 1 1442 1472 1471 1559
6277 4 2 1 1 1442 1558 1529 1559
6278 4 2 1 1 1442 1471 1558 1559
6279 4 2 1 1 1443 1444 1473 1560
6280 4 2 1 1 1443 1444 1560 1531
6281 4 2 1 1 1443 1531 1560 1530
6282 4 2 1 1 1443 1473 1472 1560
6283 4 2 1 1 1443 1559 1530 1560
6284 4 2 1 1 1443 1472 1559 1560
6285 4 2 1 1 1444 1445 1474 1561
6286 4 2 1 1 1444 1445 1561 1532
6287 4 2 1 1 1444 1532 1561 1531
6288 4 2 1 1 1444 1474 1473 1561
6289 4 2 1 1 1444 1560 1531 1561
6290 4 2 1 1 1444 1473 1560 1561
6291 4 2 1 1 1445 1446 1475 1562
6292 4 2 1 1 1445 1446 1562 1533
6293 4 2 1 1 1445 1533 1562 1532
6294 4 2 1 1 1445 1475 1474 1562
6295 4 2 1 1 1445 1561 1532 1562
6296 4 2 1 1 1445 1474 1561 1562
6297 4 2 2 2 1446 1447 1476 1563
6298 4 2 2 2 1446 1447 1563 1534
6299 4 2 2 2 1446 1534 1563 1533
6300 4 2 2 2 1446 1476 1475 1563
6301 4 2 2 2 1446 1562 1533 1563
6302 4 2 2 2 1446 1475 1562 1563
6303 4 2 2 2 1447 1448 1477 1564
6304 4 2 2 2 1447 1448 1564 1535
6305 4 2 2 2 1447 1535 1564 1534
6306 4 2 2 2 1447 1477 1476 1564
6307 4 2 2 2 1447 1563 1534 1564
6308 4 2 2 2 1447 1476 1563 1564
6309 4 2 2 2 1448 1449 1478 1565
6310 4 2 2 2 1448 1449 1565 1536
6311 4 2 2 2 1448 1536 1565 1535
6312 4 2 2 2 1448 1478 1477 1565
6313 4 2 2 2 1448 1564 1535 1565
6314 4 2 2 2 1448 1477 1564 1565
6315 4 2 2 2 1449 1450 1479 1566
6316 4 2 2 2 1449 1450 1566 1537
6317 4 2 2 2 1449 1537 1566 1536
6318 4 2 2 2 1449 1479 1478 1566
6319 4 2 2 2 1449 1565 1536 1566
6320 4 2 2 2 1449 1478 1565 1566
6321 4 2 1 1 1480 1481 1510 1597
6322 4 2 1 1 1480 1481 1597 1568
6323 4 2 1 1 1480 1568 1597 1567
6324 4 2 1 1 1480 1510 1509 1597
6325 4 2 1 1 1480 1596 1567 1597
6326 4 2 1 1 1480 1509 1596 1597
6327 4 2 1 1 1481 1482 1511 1598
6328 4 2 1 1 1481 1482 1598 1569
6329 4 2 1 1 1481 1569 1598 1568
6330 4 2 1 1 1481 1511 1510 1598
6331 4 2 1 1 1481 1597 1568 1598
6332 4 2 1 1 1481 1510 1597 1598
6333 4 2 1 1 1482 1483 1512 1599
6334 4 2 1 1 1482 1483 1599 1570
6335 4 2 1 1 1482 1570 1599 1569
6336 4 2 1 1 1482 1512 1511 1599
6337 4 2 1 1 1482 1598 1569 1599
6338 4 2 1 1 1482 1511 1598 1599
6339 4 2 1 1 1483 1484 1513 1600
6340 4 2 1 1 1483 1484 1600 1571
6341 4 2 1 1 1483 1571 1600 1570
6342 4 2 1 1 1483 1513 1512 1600
6343 4 2 1 1 1483 1599 1570 1600
6344 4 2 1 1 1483 1512 1599 1600
6345 4 2 1 1 1484 1485 1514 1601
6346 4 2 1 1 1484 1485 1601 1572
6347 4 2 1 1 1484 1572 1601 1571
6348 4 2 1 1 1484 1514 1513 1601
6349 4 2 1 1 1484 1600 1571 1601
6350 4 2 1 1 1484 1513 1600 1601
6351 4 2 1 1 1485 1486 1515 1602
6352 4 2 1 1 1485 1486 1602 1573
6353 4 2 1 1 1485 1573 1602 1572
6354 4 2 1 1 1485 1515 1514 1602
6355 4 2 1 1 1485 1601 1572 1602
6356 4 2 1 1 1485 1514 1601 1602
6357 4 2 1 1 1486 1487 1516 1603
6358 4 2 1 1 1486 1487 1603 1574
6359 4 2 1 1 1486 1574 1603 1573
6360 4 2 1 1 1486 1516 1515 1603
6361 4 2 1 1 1486 1602 1573 1603
6362 4 2 1 1 1486 1515 1602 1603
6363 4 2 1 1 1487 1488 1517 1604
6364 4 2 1 1 1487 1488 1604 1575
6365 4 2 1 1 1487 1575 1604 1574
6366 4 2 1 1 1487 1517 1516 1604
6367 4 2 1 1 1487 1603 1574 1604
6368 4 2 1 1 1487 1516 1603 1604
6369 4 2 1 1 1488 1489 1518 1605
6370 4 2 1 1 1488 1489 1605 1576
6371 4 2 1 1 1488 1576 1605 1575
6372 4 2 1 1 1488 1518 1517 1605
6373 4 2 1 1 1488 1604 1575 1605
6374 4 2 1 1 1488 1517 1604 1605
6375 4 2 1 1 1489 1490 1519 1606
6376 4 2 1 1 1489 1490 1606 1577
6377 4 2 1 1 1489 1577 1606 1576
6378 4 2 1 1 1489 1519 1518 1606
6379 4 2 1 1 1489 1605 1576 1606
6380 4 2 1 1 1489 1518 1605 1606
6381 4 2 1 1 1490 1491 1520 1607
6382 4 2 1 1 1490 1491 1607 1578
6383 4 2 1 1 1490 1578 1607 1577
6384 4 2 1 1 1490 1520 1519 1607
6385 4 2 1 1 1490 1606 1577 1607
6386 4 2 1 1 1490 1519 1606 1607
6387 4 2 1 1 1491 1492 1521 1608
6388 4 2 1 1 1491 1492 1608 1579
6389 4 2 1 1 1491 1579 1608 1578
6390 4 2 1 1 1491 1521 1520 1608
6391 4 2 1 1 1491 1607 1578 1608
6392 4 2 1 1 1491 1520 1607 1608
6393 4 2 1 1 1492 1493 1522 1609
6394 4 2 1 1 1492 1493 1609 1580
6395 4 2 1 1 1492 1580 1609 1579
6396 4 2 1 1 1492 1522 1521 1609
6397 4 2 1 1 1492 1608 1579 1609
6398 4 2 1 1 1492 1521 1608 1609
6399 4 2 1 1 1493 1494 1523 1610
6400 4 2 1 1 1493 1494 1610 1581
6401 4 2 1 1 1493 1581 1610 1580
6402 4 2 1 1 1493 1523 1522 1610
6403 4 2 1 1 1493 1609 1580 1610
6404 4 2 1 1 1493 1522 1609 1610
6405 4 2 1 1 1494 1495 1524 1611
6406 4 2 1 1 1494 1495 1611 1582
6407 4 2 1 1 1494 1582 1611 1581
6408 4 2 1 1 1494 1524 1523 1611
6409 4 2 1 1 1494 1610 1581 1611
6410 4 2 1 1 1494 1523 1610 1611
6411 4 2 1 1 1495 1496 1525 1612
6412 4 2 1 1 1495 1496 1612 1583
6413 4 2 1 1 1495 1583 1612 1582
6414 4 2 1 1 1495 1525 1524 1612
6415 4 2 1 1 1495 1611 1582 1612
6416 4 2 1 1 1495 1524 1611 1612
6417 4 2 1 1 1496 1497 1526 1613
6418 4 2 1 1 1496 1497 1613 1584
6419 4 2 1 1 1496 1584 1613 1583
6420 4 2 1 1 1496 1526 1525 1613
6421 4 2 1 1 1496 1612 1583 1613
6422 4 2 1 1 1496 1525 1612 1613
6423 4 2 1 1 1497 1498 1527 1614
6424 4 2 1 1 1497 1498 1614 1585
6425 4 2 1 1 1497 1585 1614 1584
6426 4 2 1 1 1497 1527 1526 1614
6427 4 2 1 1 1497 1613 1584 1614
6428 4 2 1 1 1497 1526 1613 1614
6429 4 2 1 1 1498 1499 1528 1615
6430 4 2 1 1 1498 1499 1615 1586
6431 4 2 1 1 1498 1586 1615 1585
6432 4 2 1 1 1498 1528 1527 1615
6433 4 2 1 1 1498 1614 1585 1615
6434 4 2 1 1 1498 1527 1614 1615
6435 4 2 1 1 1499 1500 1529 1616
6436 4 2 1 1 1499 1500 1616 1587
6437 4 2 1 1 1499 1587 1616 1586
6438 4 2 1 1 1499 1529 1528 1616
6439 4 2 1 1 1499 1615 1586 1616
6440 4 2 1 1 1499 1528 1615 1616
6441 4 2 1 1 1500 1501 1530 1617
6442 4 2 1 1 1500 1501 1617 1588
6443 4 2 1 1 1500 1588 1617 1587
6444 4 2 1 1 1500 1530 1529 1617
6445 4 2 1 1 1500 1616 1587 1617
6446 4 2 1 1 1500 1529 1616 1617
6447 4 2 1 1 1501 1502 1531 1618
6448 4 2 1 1 1501 1502 1618 1589
6449 4 2 1 1 1501 1589 1618 1588
6450 4 2 1 1 1501 1531 1530 1618
6451 4 2 1 1 1501 1617 1588 1618
6452 4 2 1 1 1501 1530 1617 1618
6453 4 2 1 1 1502 1503 1532 1619
6454 4 2 1 1 1502 1503 1619 1590
6455 4 2 1 1 1502 1590 1619 1589
6456 4 2 1 1 1502 1532 1531 1619
6457 4 2 1 1 1502 1618 1589 1619
6458 4 2 1 1 1502 1531 1618 1619
6459 4 2 1 1 1503 1504 1533 1620
6460 4 2 1 1 1503 1504 1620 1591
6461 4 2 1 1 1503 1591 1620 1590
6462 4 2 1 1 1503 1533 1532 1620
6463 4 2 1 1 1503 1619 1590 1620
6464 4 2 1 1 1503 1532 1619 1620
6465 4 2 2 2 1504 1505 1534 1621
6466 4 2 2 2 1504 1505 1621 1592
6467 4 2 2 2 1504 1592 1621 1591
6468 4 2 2 2 1504 1534 1533 1621
6469 4 2 2 2 1504 1620 1591 1621
6470 4 2 2 2 1504 1533 1620 1621
6471 4 2 2 2 1505 1506 1535 1622
6472 4 2 2 2 1505 1506 1622 1593
6473 4 2 2 2 1505 1593 1622 1592
6474 4 2 2 2 1505 1535 1534 1622
6475 4 2 2 2 1505 1621 1592 1622
6476 4 2 2 2 1505 1534 1621 1622
6477 4 2 2 2 1506 1507 1536 1623
6478 4 2 2 2 1506 1507 1623 1594
6479 4 2 2 2 1506 1594 1623 1593
6480 4 2 2 2 1506 1536 1535 1623
6481 4 2 2 2 1506 1622 1593 1623
6482 4 2 2 2 1506 1535 1622 1623
6483 4 2 2 2 1507 1508 1537 1624
6484 4 2 2 2 1507 1508 1624 1595
6485 4 2 2 2 1507 1595 1624 1594
6486 4 2 2 2 1507 1537 1536 1624
6487 4 2 2 2 1507 1623 1594 1624
6488 4 2 2 2 1507 1536 1623 1624
6489 4 2 1 1 1509 1510 1539 1626
6490 4 2 1 1 1509 1510 1626 1597
6491 4 2 1 1 1509 1597 1626 1596
6492 4 2 1 1 1509 1539 1538 1626
6493 4 2 1 1 1509 1625 1596 1626
6494 4 2 1 1 1509 1538 1625 1626
6495 4 2 1 1 1510 1511 1540 1627
6496 4 2 1 1 1510 1511 1627 1598
6497 4 2 1 1 1510 1598 1627 1597
6498 4 2 1 1 1510 1540 1539 1627
6499 4 2 1 1 1510 1626 1597 1627
6500 4 2 1 1 1510 1539 1626 1627
6501 4 2 1 1 1511 1512 1541 1628
6502 4 2 1 1 1511 1512 1628 1599
6503 4 2 1 1 1511 1599 1628 1598
6504 4 2 1 1 1511 1541 1540 1628
6505 4 2 1 1 1511 1627 1598 1628
6506 4 2 1 1 1511 1540 1627 1628
6507 4 2 1 1 1512 1513 1542 1629
6508 4 2 1 1 1512 1513 1629 1600
6509 4 2 1 1 1512 1600 1629 1599
6510 4 2 1 1 1512 1542 1541 1629
6511 4 2 1 1 1512 1628 1599 1629
6512 4 2 1 1 1512 1541 1628 1629
6513 4 2 1 1 1513 1514 1543 1630
6514 4 2 1 1 1513 1514 1630 1601
6515 4 2 1 1 1513 1601 1630 1600
6516 4 2 1 1 1513 1543 1542 1630
6517 4 2 1 1 1513 1629 1600 1630
6518 4 2 1 1 1513 1542 1629 1630
6519 4 2 1 1 1514 1515 1544 1631
6520 4 2 1 1 1514 1515 1631 1602
6521 4 2 1 1 1514 1602 1631 1601
6522 4 2 1 1 1514 1544 1543 1631
6523 4 2 1 1 1514 1630 1601 1631
6524 4 2 1 1 1514 1543 1630 1631
6525 4 2 1 1 1515 1516 1545 1632
6526 4 2 1 1 1515 1516 1632 1603
6527 4 2 1 1 1515 1603 1632 1602
6528 4 2 1 1 1515 1545 1544 1632
6529 4 2 1 1 1515 1631 1602 1632
6530 4 2 1 1 1515 1544 1631 1632
6531 4 2 1 1 1516 1517 1546 1633
6532 4 2 1 1 1516 1517 1633 1604
6533 4 2 1 1 1516 1604 1633 1603
6534 4 2 1 1 1516 1546 1545 1633
6535 4 2 1 1 1516 1632 1603 1633
6536 4 2 1 1 1516 1545 1632 1633
6537 4 2 1 1 1517 1518 1547 1634
6538 4 2 1 1 1517 1518 1634 1605
6539 4 2 1 1 1517 1605 1634 1604
6540 4 2 1 1 1517 1547 1546 1634
6541 4 2 1 1 1517 1633 1604 1634
6542 4 2 1 1 1517 1546 1633 1634
6543 4 2 1 1 1518 1519 1548 1635
6544 4 2 1 1 1518 1519 1635 1606
6545 4 2 1 1 1518 1606 1635 1605
6546 4 2 1 1 1518 1548 1547 1635
6547 4 2 1 1 1518 1634 1605 1635
6548 4 2 1 1 1518 1547 1634 1635
6549 4 2 1 1 1519 1520 1549 1636
6550 4 2 1 1 1519 1520 1636 1607
6551 4 2 1 1 1519 1607 1636 1606
6552 4 2 1 1 1519 1549 1548 1636
6553 4 2 1 1 1519 1635 1606 1636
6554 4 2 1 1 1519 1548 1635 1636
6555 4 2 1 1 1520 1521 1550 1637
6556 4 2 1 1 1520 1521 1637 1608
6557 4 2 1 1 1520 1608 1637 1607
6558 4 2 1 1 1520 1550 1549 1637
6559 4 2 1 1 1520 1636 1607 1637
6560 4 2 1 1 1520 1549 1636 1637
6561 4 2 1 1 1521 1522 1551 1638
6562 4 2 1 1 1521 1522 1638 1609
6563 4 2 1 1 1521 1609 1638 1608
6564 4 2 1 1 1521 1551 1550 1638
6565 4 2 1 1 1521 1637 1608 1638
6566 4 2 1 1 1521 1550 1637 1638
6567 4 2 1 1 1522 1523 1552 1639
6568 4 2 1 1 1522 1523 1639 1610
6569 4 2 1 1 1522 1610 1639 1609
6570 4 2 1 1 1522 1552 1551 1639
6571 4 2 1 1 1522 1638 1609 1639
6572 4 2 1 1 1522 1551 1638 1639
6573 4 2 1 1 1523 1524 1553 1640
6574 4 2 1 1 1523 1524 1640 1611
6575 4 2 1 1 1523 1611 1640 1610
6576 4 2 1 1 1523 1553 1552 1640
6577 4 2 1 1 1523 1639 1610 1640
6578 4 2 1 1 1523 1552 1639 1640
6579 4 2 1 1 1524 1525 1554 1641
6580 4 2 1 1 1524 1525 1641 1612
6581 4 2 1 1 1524 1612 1641 1611
6582 4 2 1 1 1524 1554 1553 1641
6583 4 2 1 1 1524 1640 1611 1641
6584 4 2 1 1 1524 1553 1640 1641
6585 4 2 1 1 1525 1526 1555 1642
6586 4 2 1 1 1525 1526 1642 1613
6587 4 2 1 1 1525 1613 1642 1612
6588 4 2 1 1 1525 1555 1554 1642
6589 4 2 1 1 1525 1641 1612 1642
6590 4 2 1 1 1525 1554 1641 1642
6591 4 2 1 1 1526 1527 1556 1643
6592 4 2 1 1 1526 1527 1643 1614
6593 4 2 1 1 1526 1614 1643 1613
6594 4 2 1 1 1526 1556 1555 1643
6595 4 2 1 1 1526 1642 1613 1643
6596 4 2 1 1 1526 1555 1642 1643
6597 4 2 1 1 1527 1528 1557 1644
6598 4 2 1 1 1527 1528 1644 1615
6599 4 2 1 1 1527 1615 1644 1614
6600 4 2 1 1 1527 1557 1556 1644
6601 4 2 1 1 1527 1643 1614 1644
6602 4 2 1 1 1527 1556 1643 1644
6603 4 2 1 1 1528 1529 1558 1645
6604 4 2 1 1 1528 1529 1645 1616
6605 4 2 1 1 1528 1616 1645 1615
6606 4 2 1 1 1528 1558 1557 1645
6607 4 2 1 1 1528 1644 1615 1645
6608 4 2 1 1 1528 1557 1644 1645
6609 4 2 1 1 1529 1530 1559 1646
6610 4 2 1 1 1529 1530 1646 1617
6611 4 2 1 1 1529 1617 1646 1616
6612 4 2 1 1 1529 1559 1558 1646
6613 4 2 1 1 1529 1645 1616 1646
6614 4 2 1 1 1529 1558 1645 1646
6615 4 2 1 1 1530 1531 1560 1647
6616 4 2 1 1 1530 1531 1647 1618
6617 4 2 1 1 1530 1618 1647 1617
6618 4 2 1 1 1530 1560 1559 1647
6619 4 2 1 1 1530 1646 1617 1647
6620 4 2 1 1 1530 1559 1646 1647
6621 4 2 1 1 1531 1532 1561 1648
6622 4 2 1 1 1531 1532 1648 1619
6623 4 2 1 1 1531 1619 1648 1618
6624 4 2 1 1 1531 1561 1560 1648
6625 4 2 1 1 1531 1647 1618 1648
6626 4 2 1 1 1531 1560 1647 1648
6627 4 2 1 1 1532 1533 1562 1649
6628 4 2 1 1 1532 1533 1649 1620
6629 4 2 1 1 1532 1620 1649 1619
6630 4 2 1 1 1532 1562 1561 1649
6631 4 2 1 1 1532 1648 1619 1649
6632 4 2 1 1 1532 1561 1648 1649
6633 4 2 2 2 1533 1534 1563 1650
6634 4 2 2 2 1533 1534 1650 1621
6635 4 2 2 2 1533 1621 1650 1620
6636 4 2 2 2 1533 1563 1562 1650
6637 4 2 2 2 1533 1649 1620 1650
6638 4 2 2 2 1533 1562 1649 1650
6639 4 2 2 2 1534 1535 1564 1651
6640 4 2 2 2 1534 1535 1651 1622
6641 4 2 2 2 1534 1622 1651 1621
6642 4 2 2 2 1534 1564 1563 1651
6643 4 2 2 2 1534 1650 1621 1651
6644 4 2 2 2 1534 1563 1650 1651
6645 4 2 2 2 1535 1536 1565 1652
6646 4 2 2 2 1535 1536 1652 1623
6647 4 2 2 2 1535 1623 1652 1622
6648 4 2 2 2 1535 1565 1564 1652
6649 4 2 2 2 1535 1651 1622 1652
6650 4 2 2 2 1535 1564 1651 1652
6651 4 2 2 2 1536 1537 1566 1653
6652 4 2 2 2 1536 1537 1653 1624
6653 4 2 2 2 1536 1624 1653 1623
6654 4 2 2 2 1536 1566 1565 1653
6655 4 2 2 2 1536 1652 1623 1653
6656 4 2 2 2 1536 1565 1652 1653
6657 4 2 1 1 1567 1568 1597 1684
6658 4 2 1 1 1567 1568 1684 1655
6659 4 2 1 1 1567 1655 1684 1654
6660 4 2 1 1 1567 1597 1596 1684
6661 4 2 1 1 1567 1683 1654 1684
6662 4 2 1 1 1567 1596 1683 1684
6663 4 2 1 1 1568 1569 1598 1685
6664 4 2 1 1 1568 1569 1685 1656
6665 4 2 1 1 1568 1656 1685 1655
6666 4 2 1 1 1568 1598 1597 1685
6667 4 2 1 1 1568 1684 1655 1685
6668 4 2 1 1 1568 1597 1684 1685
6669 4 2 1 1 1569 1570 1599 1686
6670 4 2 1 1 1569 1570 1686 1657
6671 4 2 1 1 1569 1657 1686 1656
6672 4 2 1 1 1569 1599 1598 1686
6673 4 2 1 1 1569 1685 1656 1686
6674 4 2 1 1 1569 1598 1685 1686
6675 4 2 1 1 1570 1571 1600 1687
6676 4 2 1 1 1570 1571 1687 1658
6677 4 2 1 1 1570 1658 1687 1657
6678 4 2 1 1 1570 1600 1599 1687
6679 4 2 1 1 1570 1686 1657 1687
6680 4 2 1 1 1570 1599 1686 1687
6681 4 2 1 1 1571 1572 1601 1688
6682 4 2 1 1 1571 1572 1688 1659
6683 4 2 1 1 1571 1659 1688 1658
6684 4 2 1 1 1571 1601 1600 1688
6685 4 2 1 1 1571 1687 1658 1688
6686 4 2 1 1 1571 1600 1687 1688
6687 4 2 1 1 1572 1573 1602 1689
6688 4 2 1 1 1572 1573 1689 1660
6689 4 2 1 1 1572 1660 1689 1659
6690 4 2 1 1 1572 1602 1601 1689
6691 4 2 1 1 1572 1688 1659 1689
6692 4 2 1 1 1572 1601 1688 1689
6693 4 2 1 1 1573 1574 1603 1690
6694 4 2 1 1 1573 1574 1690 1661
6695 4 2 1 1 1573 1661 1690 1660
6696 4 2 1 1 1573 1603 1602 1690
6697 4 2 1 1 1573 1689 1660 1690
6698 4 2 1 1 1573 1602 1689 1690
6699 4 2 1 1 1574 1575 1604 1691
6700 4 2 1 1 1574 1575 1691 1662
6701 4 2 1 1 1574 1662 1691 1661
6702 4 2 1 1 1574 1604 1603 1691
6703 4 2 1 1 1574 1690 1661 1691
6704 4 2 1 1 1574 1603 1690 1691
6705 4 2 1 1 1575 1576 1605 1692
6706 4 2 1 1 1575 1576 1692 1663
6707 4 2 1 1 1575 1663 1692 1662
6708 4 2 1 1 1575 1605 1604 1692
6709 4 2 1 1 1575 1691 1662 1692
6710 4 2 1 1 1575 1604 1691 1692
6711 4 2 1 1 1576 1577 1606 1693
6712 4 2 1 1 1576 1577 1693 1664
6713 4 2 1 1 1576 1664 1693 1663
6714 4 2 1 1 1576 1606 1605 1693
6715 4 2 1 1 1576 1692 1663 1693
6716 4 2 1 1 1576 1605 1692 1693
6717 4 2 1 1 1577 1578 1607 1694
6718 4 2 1 1 1577 1578 1694 1665
6719 4 2 1 1 1577 1665 1694 1664
6720 4 2 1 1 1577 1607 1606 1694
6721 4 2 1 1 1577 1693 1664 1694
6722 4 2 1 1 1577 1606 1693 1694
6723 4 2 1 1 1578 1579 1608 1695
6724 4 2 1 1 1578 1579 1695 1666
6725 4 2 1 1 1578 1666 1695 1665
6726 4 2 1 1 1578 1608 1607 1695
6727 4 2 1 1 1578 1694 1665 1695
6728 4 2 1 1 1578 1607 1694 1695
6729 4 2 1 1 1579 1580 1609 1696
6730 4 2 1 1 1579 1580 1696 1667
6731 4 2 1 1 1579 1667 1696 1666
6732 4 2 1 1 1579 1609 1608 1696
6733 4 2 1 1 1579 1695 1666 1696
6734 4 2 1 1 1579 1608 1695 1696
6735 4 2 1 1 1580 1581 1610 1697
6736 4 2 1 1 1580 1581 1697 1668
6737 4 2 1 1 1580 1668 1697 1667
6738 4 2 1 1 1580 1610 1609 1697
6739 4 2 1 1 1580 1696 1667 1697
6740 4 2 1 1 1580 1609 1696 1697
6741 4 2 1 1 1581 1582 1611 1698
6742 4 2 1 1 1581 1582 1698 1669
6743 4 2 1 1 1581 1669 1698 1668
6744 4 2 1 1 1581 1611 1610 1698
6745 4 2 1 1 1581 1697 1668 1698
6746 4 2 1 1 1581 1610 1697 1698
6747 4 2 1 1 1582 1583 1612 1699
6748 4 2 1 1 1582 1583 1699 1670
6749 4 2 1 1 1582 1670 1699 1669
6750 4 2 1 1 1582 1612 1611 1699
6751 4 2 1 1 1582 1698 1669 1699
6752 4 2 1 1 1582 1611 1698 1699
6753 4 2 1 1 1583 1584 1613 1700
6754 4 2 1 1 1583 1584 1700 1671
6755 4 2 1 1 1583 1671 1700 1670
6756 4 2 1 1 1583 1613 1612 1700
6757 4 2 1 1 1583 1699 1670 1700
6758 4 2 1 1 1583 1612 1699 1700
6759 4 2 1 1 1584 1585 1614 1701
6760 4 2 1 1 1584 1585 1701 1672
6761 4 2 1 1 1584 1672 1701 1671
6762 4 2 1 1 1584 1614 1613 1701
6763 4 2 1 1 1584 1700 1671 1701
6764 4 2 1 1 1584 1613 1700 1701
6765 4 2 1 1 1585 1586 1615 1702
6766 4 2 1 1 1585 1586 1702 1673
6767 4 2 1 1 1585 1673 1702 1672
6768 4 2 1 1 1585 1615 1614 1702
6769 4 2 1 1 1585 1701 1672 1702
6770 4 2 1 1 1585 1614 1701 1702
6771 4 2 1 1 1586 1587 1616 1703
6772 4 2 1 1 1586 1587 1703 1674
6773 4 2 1 1 1586 1674 1703 1673
6774 4 2 1 1 1586 1616 1615 1703
6775 4 2 1 1 1586 1702 1673 1703
6776 4 2 1 1 1586 1615 1702 1703
6777 4 2 1 1 1587 1588 1617 1704
6778 4 2 1 1 1587 1588 1704 1675
6779 4 2 1 1 1587 1675 1704 1674
6780 4 2 1 1 1587 1617 1616 1704
6781 4 2 1 1 1587 1703 1674 1704
6782 4 2 1 1 1587 1616 1703 1704
6783 4 2 1 1 1588 1589 1618 1705
6784 4 2 1 1 1588 1589 1705 1676
6785 4 2 1 1 1588 1676 1705 1675
6786 4 2 1 1 1588 1618 1617 1705
6787 4 2 1 1 1588 1704 1675 1705
6788 4 2 1 1 1588 1617 1704 1705
6789 4 2 1 1 1589 1590 1619 1706
6790 4 2 1 1 1589 1590 1706 1677
6791 4 2 1 1 1589 1677 1706 1676
6792 4 2 1 1 1589 1619 1618 1706
6793 4 2 1 1 1589 1705 1676 1706
6794 4 2 1 1 1589 1618 1705 1706
6795 4 2 1 1 1590 1591 1620 1707
6796 4 2 1 1 1590 1591 1707 1678
6797 4 2 1 1 1590 1678 1707 1677
6798 4 2 1 1 1590 1620 1619 1707
6799 4 2 1 1 1590 1706 1677 1707
6800 4 2 1 1 1590 1619 1706 1707
6801 4 2 2 2 1591 1592 1621 1708
6802 4 2 2 2 1591 1592 1708 1679
6803 4 2 2 2 1591 1679 1708 1678
6804 4 2 2 2 1591 1621 1620 1708
6805 4 2 2 2 1591 1707 1678 1708
6806 4 2 2 2 1591 1620 1707 1708
6807 4 2 2 2 1592 1593 1622 1709
6808 4 2 2 2 1592 1593 1709 1680
6809 4 2 2 2 1592 1680 1709 1679
6810 4 2 2 2 1592 1622 1621 1709
6811 4 2 2 2 1592 1708 1679 1709
6812 4 2 2 2 1592 1621 1708 1709
6813 4 2 2 2 1593 1594 1623 1710
6814 4 2 2 2 1593 1594 1710 1681
6815 4 2 2 2 1593 1681 1710 1680
6816 4 2 2 2 1593 1623 1622 1710
6817 4 2 2 2 1593 1709 1680 1710
6818 4 2 2 2 1593 1622 1709 1710
6819 4 2 2 2 1594 1595 1624 1711
6820 4 2 2 2 1594 1595 1711 1682
6821 4 2 2 2 1594 1682 1711 1681
6822 4 2 2 2 1594 1624 1623 1711
6823 4 2 2 2 1594 1710 1681 1711
6824 4 2 2 2 1594 1623 1710 1711
6825 4 2 1 1 1596 1597 1626 1713
6826 4 2 1 1 1596 1597 1713 1684
6827 4 2 1 1 1596 1684 1713 1683
6828 4 2 1 1 1596 1626 1625 1713
6829 4 2 1 1 1596 1712 1683 1713
6830 4 2 1 1 1596 1625 1712 1713
6831 4 2 1 1 1597 1598 1627 1714
6832 4 2 1 1 1597 1598 1714 1685
6833 4 2 1 1 1597 1685 1714 1684
6834 4 2 1 1 1597 1627 1626 1714
6835 4 2 1 1 1597 1713 1684 1714
6836 4 2 1 1 1597 1626 1713 1714
6837 4 2 1 1 1598 1599 1628 1715
6838 4 2 1 1 1598 1599 1715 1686
6839 4 2 1 1 1598 1686 1715 1685
6840 4 2 1 1 1598 1628 1627 1715
6841 4 2 1 1 1598 1714 1685 1715
6842 4 2 1 1 1598 1627 1714 1715
6843 4 2 1 1 1599 1600 1629 1716
6844 4 2 1 1 1599 1600 1716 1687
6845 4 2 1 1 1599 1687 1716 1686
6846 4 2 1 1 1599 1629 1628 1716
6847 4 2 1 1 1599 1715 1686 1716
6848 4 2 1 1 1599 1628 1715 1716
6849 4 2 1 1 1600 1601 1630 1717
6850 4 2 1 1 1600 1601 1717 1688
6851 4 2 1 1 1600 1688 1717 1687
6852 4 2 1 1 1600 1630 1629 1717
6853 4 2 1 1 1600 1716 1687 1717
6854 4 2 1 1 1600 1629 1716 1717
6855 4 2 1 1 1601 1602 1631 1718
6856 4 2 1 1 1601 1602 1718 1689
6857 4 2 1 1 1601 1689 1718 1688
6858 4 2 1 1 1601 1631 1630 1718
6859 4 2 1 1 1601 1717 1688 1718
6860 4 2 1 1 1601 1630 1717 1718
6861 4 2 1 1 1602 1603 1632 1719
6862 4 2 1 1 1602 1603 1719 1690
6863 4 2 1 1 1602 1690 1719 1689
6864 4 2 1 1 1602 1632 1631 1719
6865 4 2 1 1 1602 1718 1689 1719
6866 4 2 1 1 1602 1631 1718 1719
6867 4 2 1 1 1603 1604 1633 1720
6868 4 2 1 1 1603 1604 1720 1691
6869 4 2 1 1 1603 1691 1720 1690
6870 4 2 1 1 1603 1633 1632 1720
6871 4 2 1 1 1603 1719 1690 1720
6872 4 2 1 1 1603 1632 1719 1720
6873 4 2 1 1 1604 1605 1634 1721
6874 4 2 1 1 1604 1605 1721 1692
6875 4 2 1 1 1604 1692 1721 1691
6876 4 2 1 1 1604 1634 1633 1721
6877 4 2 1 1 1604 1720 1691 1721
6878 4 2 1 1 1604 1633 1720 1721
6879 4 2 1 1 1605 1606 1635 1722
6880 4 2 1 1 1605 1606 1722 1693
6881 4 2 1 1 1605 1693 1722 1692
6882 4 2 1 1 1605 1635 1634 1722
6883 4 2 1 1 1605 1721 1692 1722
6884 4 2 1 1 1605 1634 1721 1722
6885 4 2 1 1 1606 1607 1636 1723
6886 4 2 1 1 1606 1607 1723 1694
6887 4 2 1 1 1606 1694 1723 1693
6888 4 2 1 1 1606 1636 1635 1723
6889 4 2 1 1 1606 1722 1693 1723
6890 4 2 1 1 1606 1635 1722 1723
6891 4 2 1 1 1607 1608 1637 1724
6892 4 2 1 1 1607 1608 1724 1695
6893 4 2 1 1 1607 1695 1724 1694
6894 4 2 1 1 1607 1637 1636 1724
6895 4 2 1 1 1607 1723 1694 1724
6896 4 2 1 1 1607 1636 1723 1724
6897 4 2 1 1 1608 1609 1638 1725
6898 4 2 1 1 1608 1609 1725 1696
6899 4 2 1 1 1608 1696 1725 1695
6900 4 2 1 1 1608 1638 1637 1725
6901 4 2 1 1 1608 1724 1695 1725
6902 4 2 1 1 1608 1637 1724 1725
6903 4 2 1 1 1609 1610 1639 1726
6904 4 2 1 1 1609 1610 1726 1697
6905 4 2 1 1 1609 1697 1726 1696
6906 4 2 1 1 1609 1639 1638 1726
6907 4 2 1 1 1609 1725 1696 1726
6908 4 2 1 1 1609 1638 1725 1726
6909 4 2 1 1 1610 1611 1640 1727
6910 4 2 1 1 1610 1611 1727 1698
6911 4 2 1 1 1610 1698 1727 1697
6912 4 2 1 1 1610 1640 1639 1727
6913 4 2 1 1 1610 1726 1697 1727
6914 4 2 1 1 1610 1639 1726 1727
6915 4 2 1 1 1611 1612 1641 1728
6916 4 2 1 1 1611 1612 1728 1699
6917 4 2 1 1 1611 1699 1728 1698
6918 4 2 1 1 1611 1641 1640 1728
6919 4 2 1 1 1611 1727 1698 1728
6920 4 2 1 1 1611 1640 1727 1728
6921 4 2 1 1 1612 1613 1642 1729
6922 4 2 1 1 1612 1613 1729 1700
6923 4 2 1 1 1612 1700 1729 1699
6924 4 2 1 1 1612 1642 1641 1729
6925 4 2 1 1 1612 1728 1699 1729
6926 4 2 1 1 1612 1641 1728 1729
6927 4 2 1 1 1613 1614 1643 1730
6928 4 2 1 1 1613 1614 1730 1701
6929 4 2 1 1 1613 1701 1730 1700
6930 4 2 1 1 1613 1643 1642 1730
6931 4 2 1 1 1613 1729 1700 1730
6932 4 2 1 1 1613 1642 1729 1730
6933 4 2 1 1 1614 1615 1644 1731
6934 4 2 1 1 1614 1615 1731 1702
6935 4 2 1 1 1614 1702 1731 1701
6936 4 2 1 1 1614 1644 1643 1731
6937 4 2 1 1 1614 1730 1701 1731
6938 4 2 1 1 1614 1643 1730 1731
6939 4 2 1 1 1615 1616 1645 1732
6940 4 2 1 1 1615 1616 1732 1703
6941 4 2 1 1 1615 1703 1732 1702
6942 4 2 1 1 1615 1645 1644 1732
6943 4 2 1 1 1615 1731 1702 1732
6944 4 2 1 1 1615 1644 1731 1732
6945 4 2 1 1 1616 1617 1646 1733
6946 4 2 1 1 1616 1617 1733 1704
6947 4 2 1 1 1616 1704 1733 1703
6948 4 2 1 1 1616 1646 1645 1733
6949 4 2 1 1 1616 1732 1703 1733
6950 4 2 1 1 1616 1645 1732 1733
6951 4 2 1 1 1617 1618 1647 1734
6952 4 2 1 1 1617 1618 1734 1705
6953 4 2 1 1 1617 1705 1734 1704
6954 4 2 1 1 1617 1647 1646 1734
6955 4 2 1 1 1617 1733 1704 1734
6956 4 2 1 1 1617 1646 1733 1734
6957 4 2 1 1 1618 1619 1648 1735
6958 4 2 1 1 1618 1619 1735 1706
6959 4 2 1 1 1618 1706 1735 1705
6960 4 2 1 1 1618 1648 1647 1735
6961 4 2 1 1 1618 1734 1705 1735
6962 4 2 1 1 1618 1647 1734 1735
6963 4 2 1 1 1619 1620 1649 1736
6964 4 2 1 1 1619 1620 1736 1707
6965 4 2 1 1 1619 1707 1736 1706
6966 4 2 1 1 1619 1649 1648 1736
6967 4 2 1 1 1619 1735 1706 1736
6968 4 2 1 1 1619 1648 1735 1736
6969 4 2 2 2 1620 1621 1650 1737
6970 4 2 2 2 1620 1621 1737 1708
6971 4 2 2 2 1620 1708 1737 1707
6972 4 2 2 2 1620 1650 1649 1737
6973 4 2 2 2 1620 1736 1707 1737
6974 4 2 2 2 1620 1649 1736 1737
6975 4 2 2 2 1621 1622 1651 1738
6976 4 2 2 2 1621 1622 1738 1709
6977 4 2 2 2 1621 1709 1738 1708
6978 4 2 2 2 1621 1651 1650 1738
6979 4 2 2 2 1621 1737 1708 1738
6980 4 2 2 2 1621 1650 1737 1738
6981 4 2 2 2 1622 1623 1652 1739
6982 4 2 2 2 1622 1623 1739 1710
6983 4 2 2 2 1622 1710 1739 1709
6984 4 2 2 2 1622 1652 1651 1739
6985 4 2 2 2 1622 1738 1709 1739
6986 4 2 2 2 1622 1651 1738 1739
6987 4 2 2 2 1623 1624 1653 1740
6988 4 2 2 2 1623 1624 1740 1711
6989 4 2 2 2 1623 1711 1740 1710
6990 4 2 2 2 1623 1653 1652 1740
6991 4 2 2 2 1623 1739 1710 1740
6992 4 2 2 2 1623 1652 1739 1740
6993 4 2 1 1 1654 1655 1684 1771
6994 4 2 1 1 1654 1655 1771 1742
6995 4 2 1 1 1654 1742 1771 1741
6996 4 2 1 1 1654 1684 1683 1771
6997 4 2 1 1 1654 1770 1741 1771
6998 4 2 1 1 1654 1683 1770 1771
6999 4 2 1 1 1655 1656 1685 1772
7000 4 2 1 1 1655 1656 1772 1743
7001 4 2 1 1 1655 1743 1772 1742
7002 4 2 1 1 1655 1685 1684 1772
7003 4 2 1 1 1655 1771 1742 1772
7004 4 2 1 1 1655 1684 1771 1772
7005 4 2 1 1 1656 1657 1686 1773
7006 4 2 1 1 1656 1657 1773 1744
7007 4 2 1 1 1656 1744 1773 1743
7008 4 2 1 1 1656 1686 1685 1773
7009 4 2 1 1 1656 1772 1743 1773
7010 4 2 1 1 1656 1685 1772 1773
7011 4 2 1 1 1657 1658 1687 1774
7012 4 2 1 1 1657 1658 1774 1745
7013 4 2 1 1 1657 1745 1774 1744
7014 4 2 1 1 1657 1687 1686 1774
7015 4 2 1 1 1657 1773 1744 1774
7016 4 2 1 1 1657 1686 1773 1774
7017 4 2 1 1 1658 1659 1688 1775
7018 4 2 1 1 1658 1659 1775 1746
7019 4 2 1 1 1658 1746 1775 1745
7020 4 2 1 1 1658 1688 1687 1775
7021 4 2 1 1 1658 1774 1745 1775
7022 4 2 1 1 1658 1687 1774 1775
7023 4 2 1 1 1659 1660 1689 1776
7024 4 2 1 1 1659 1660 1776 1747
7025 4 2 1 1 1659 1747 1776 1746
7026 4 2 1 1 1659 1689 1688 1776
7027 4 2 1 1 1659 1775 1746 1776
7028 4 2 1 1 1659 1688 1775 1776
7029 4 2 1 1 1660 1661 1690 1777
7030 4 2 1 1 1660 1661 1777 1748
7031 4 2 1 1 1660 1748 1777 1747
7032 4 2 1 1 1660 1690 1689 1777
7033 4 2 1 1 1660 1776 1747 1777
7034 4 2 1 1 1660 1689 1776 1777
7035 4 2 1 1 1661 1662 1691 1778
7036 4 2 1 1 1661 1662 1778 1749
7037 4 2 1 1 1661 1749 1778 1748
7038 4 2 1 1 1661 1691 1690 1778
7039 4 2 1 1 1661 1777 1748 1778
7040 4 2 1 1 1661 1690 1777 1778
7041 4 2 1 1 1662 1663 1692 1779
7042 4 2 1 1 1662 1663 1779 1750
7043 4 2 1 1 1662 1750 1779 1749
7044 4 2 1 1 1662 1692 1691 1779
7045 4 2 1 1 1662 1778 1749 1779
7046 4 2 1 1 1662 1691 1778 1779
7047 4 2 1 1 1663 1664 1693 1780
7048 4 2 1 1 1663 1664 1780 1751
7049 4 2 1 1 1663 1751 1780 1750
7050 4 2 1 1 1663 1693 1692 1780
7051 4 2 1 1 1663 1779 1750 1780
7052 4 2 1 1 1663 1692 1779 1780
7053 4 2 1 1 1664 1665 1694 1781
7054 4 2 1 1 1664 1665 1781 1752
7055 4 2 1 1 1664 1752 1781 1751
7056 4 2 1 1 1664 1694 1693 1781
7057 4 2 1 1 1664 1780 1751 1781
7058 4 2 1 1 1664 1693 1780 1781
7059 4 2 1 1 1665 1666 1695 1782
7060 4 2 1 1 1665 1666 1782 1753
7061 4 2 1 1 1665 1753 1782 1752
7062 4 2 1 1 1665 1695 1694 1782
7063 4 2 1 1 1665 1781 1752 1782
7064 4 2 1 1 1665 1694 1781 1782
7065 4 2 1 1 1666 1667 1696 1783
7066 4 2 1 1 1666 1667 1783 1754
7067 4 2 1 1 1666 1754 1783 1753
7068 4 2 1 1 1666 1696 1695 1783
7069 4 2 1 1 1666 1782 1753 1783
7070 4 2 1 1 1666 1695 1782 1783
7071 4 2 1 1 1667 1668 1697 1784
7072 4 2 1 1 1667 1668 1784 1755
7073 4 2 1 1 1667 1755 1784 1754
7074 4 2 1 1 1667 1697 1696 1784
7075 4 2 1 1 1667 1783 1754 1784
7076 4 2 1 1 1667 1696 1783 1784
7077 4 2 1 1 1668 1669 1698 1785
7078 4 2 1 1 1668 1669 1785 1756
7079 4 2 1 1 1668 1756 1785 1755
7080 4 2 1 1 1668 1698 1697 1785
7081 4 2 1 1 1668 1784 1755 1785
7082 4 2 1 1 1668 1697 1784 1785
7083 4 2 1 1 1669 1670 1699 1786
7084 4 2 1 1 1669 1670 1786 1757
7085 4 2 1 1 1669 1757 1786 1756
7086 4 2 1 1 1669 1699 1698 1786
7087 4 2 1 1 1669 1785 1756 1786
7088 4 2 1 1 1669 1698 1785 1786
7089 4 2 1 1 1670 1671 1700 1787
7090 4 2 1 1 1670 1671 1787 1758
7091 4 2 1 1 1670 1758 1787 1757
7092 4 2 1 1 1670 1700 1699 1787
7093 4 2 1 1 1670 1786 1757 1787
7094 4 2 1 1 1670 1699 1786 1787
7095 4 2 1 1 1671 1672 1701 1788
7096 4 2 1 1 1671 1672 1788 1759
7097 4 2 1 1 1671 1759 1788 1758
7098 4 2 1 1 1671 1701 1700 1788
7099 4 2 1 1 1671 1787 1758 1788
7100 4 2 1 1 1671 1700 1787 1788
7101 4 2 1 1 1672 1673 1702 1789
7102 4 2 1 1 1672 1673 1789 1760
7103 4 2 1 1 1672 1760 1789 1759
7104 4 2 1 1 1672 1702 1701 1789
7105 4 2 1 1 1672 1788 1759 1789
7106 4 2 1 1 1672 1701 1788 1789
7107 4 2 1 1 1673 1674 1703 1790
7108 4 2 1 1 1673 1674 1790 1761
7109 4 2 1 1 1673 1761 1790 1760
7110 4 2 1 1 1673 1703 1702 1790
7111 4 2 1 1 1673 1789 1760 1790
7112 4 2 1 1 1673 1702 1789 1790
7113 4 2 1 1 1674 1675 1704 1791
7114 4 2 1 1 1674 1675 1791 1762
7115 4 2 1 1 1674 1762 1791 1761
7116 4 2 1 1 1674 1704 1703 1791
7117 4 2 1 1 1674 1790 1761 1791
7118 4 2 1 1 1674 1703 1790 1791
7119 4 2 1 1 1675 1676 1705 1792
7120 4 2 1 1 1675 1676 1792 1763
7121 4 2 1 1 1675 1763 1792 1762
7122 4 2 1 1 1675 1705 1704 1792
7123 4 2 1 1 1675 1791 1762 1792
7124 4 2 1 1 1675 1704 1791 1792
7125 4 2 1 1 1676 1677 1706 1793
7126 4 2 1 1 1676 1677 1793 1764
7127 4 2 1 1 1676 1764 1793 1763
7128 4 2 1 1 1676 1706 1705 1793
7129 4 2 1 1 1676 1792 1763 1793
7130 4 2 1 1 1676 1705 1792 1793
7131 4 2 1 1 1677 1678 1707 1794
7132 4 2 1 1 1677 1678 1794 1765
7133 4 2 1 1 1677 1765 1794 1764
7134 4 2 1 1 1677 1707 1706 1794
7135 4 2 1 1 1677 1793 1764 1794
7136 4 2 1 1 1677 1706 1793 1794
7137 4 2 2 2 1678 1679 1708 1795
7138 4 2 2 2 1678 1679 1795 1766
7139 4 2 2 2 1678 1766 1795 1765
7140 4 2 2 2 1678 1708 1707 1795
7141 4 2 2 2 1678 1794 1765 1795
7142 4 2 2 2 1678 1707 1794 1795
7143 4 2 2 2 1679 1680 1709 1796
7144 4 2 2 2 1679 1680 1796 1767
7145 4 2 2 2 1679 1767 1796 1766
7146 4 2 2 2 1679 1709 1708 1796
7147 4 2 2 2 1679 1795 1766 1796
7148 4 2 2 2 1679 1708 1795 1796
7149 4 2 2 2 1680 1681 1710 1797
7150 4 2 2 2 1680 1681 1797 1768
7151 4 2 2 2 1680 1768 1797 1767
7152 4 2 2 2 1680 1710 1709 1797
7153 4 2 2 2 1680 1796 1767 1797
7154 4 2 2 2 1680 1709 1796 1797
7155 4 2 2 2 1681 1682 1711 1798
7156 4 2 2 2 1681 1682 1798 1769
7157 4 2 2 2 1681 1769 1798 1768
7158 4 2 2 2 1681 1711 1710 1798
7159 4 2 2 2 1681 1797 1768 1798
7160 4 2 2 2 1681 1710 1797 1798
7161 4 2 1 1 1683 1684 1713 1800
7162 4 2 1 1 1683 1684 1800 1771
7163 4 2 1 1 1683 1771 1800 1770
7164 4 2 1 1 1683 1713 1712 1800
7165 4 2 1 1 1683 1799 1770 1800
7166 4 2 1 1 1683 1712 1799 1800
7167 4 2 1 1 1684 1685 1714 1801
7168 4 2 1 1 1684 1685 1801 1772
7169 4 2 1 1 1684 1772 1801 1771
7170 4 2 1 1 1684 1714 1713 1801
7171 4 2 1 1 1684 1800 1771 1801
7172 4 2 1 1 1684 1713 1800 1801
7173 4 2 1 1 1685 1686 1715 1802
7174 4 2 1 1 1685 1686 1802 1773
7175 4 2 1 1 1685 1773 1802 1772
7176 4 2 1 1 1685 1715 1714 1802
7177 4 2 1 1 1685 1801 1772 1802
7178 4 2 1 1 1685 1714 1801 1802
7179 4 2 1 1 1686 1687 1716 1803
7180 4 2 1 1 1686 1687 1803 1774
7181 4 2 1 1 1686 1774 1803 1773
7182 4 2 1 1 1686 1716 1715 1803
7183 4 2 1 1 1686 1802 1773 1803
7184 4 2 1 1 1686 1715 1802 1803
7185 4 2 1 1 1687 1688 1717 1804
7186 4 2 1 1 1687 1688 1804 1775
7187 4 2 1 1 1687 1775 1804 1774
7188 4 2 1 1 1687 1717 1716 1804
7189 4 2 1 1 1687 1803 1774 1804
7190 4 2 1 1 1687 1716 1803 1804
7191 4 2 1 1 1688 1689 1718 1805
7192 4 2 1 1 1688 1689 1805 1776
7193 4 2 1 1 1688 1776 1805 1775
7194 4 2 1 1 1688 1718 1717 1805
7195 4 2 1 1 1688 1804 1775 1805
7196 4 2 1 1 1688 1717 1804 1805
7197 4 2 1 1 1689 1690 1719 1806
7198 4 2 1 1 1689 1690 1806 1777
7199 4 2 1 1 1689 1777 1806 1776
7200 4 2 1 1 1689 1719 1718 1806
7201 4 2 1 1 1689 1805 1776 1806
7202 4 2 1 1 1689 1718 1805 1806
7203 4 2 1 1 1690 1691 1720 1807
7204 4 2 1 1 1690 1691 1807 1778
7205 4 2 1 1 1690 1778 1807 1777
7206 4 2 1 1 1690 1720 1719 1807
7207 4 2 1 1 1690 1806 1777 1807
7208 4 2 1 1 1690 1719 1806 1807
7209 4 2 1 1 1691 1692 1721 1808
7210 4 2 1 1 1691 1692 1808 1779
7211 4 2 1 1 1691 1779 1808 1778
7212 4 2 1 1 1691 1721 1720 1808
7213 4 2 1 1 1691 1807 1778 1808
7214 4 2 1 1 1691 1720 1807 1808
7215 4 2 1 1 1692 1693 1722 1809
7216 4 2 1 1 1692 1693 1809 1780
7217 4 2 1 1 1692 1780 1809 1779
7218 4 2 1 1 1692 1722 1721 1809
7219 4 2 1 1 1692 1808 1779 1809
7220 4 2 1 1 1692 1721 1808 1809
7221 4 2 1 1 1693 1694 1723 1810
7222 4 2 1 1 1693 1694 1810 1781
7223 4 2 1 1 1693 1781 1810 1780
7224 4 2 1 1 1693 1723 1722 1810
7225 4 2 1 1 1693 1809 1780 1810
7226 4 2 1 1 1693 1722 1809 1810
7227 4 2 1 1 1694 1695 1724 1811
7228 4 2 1 1 1694 1695 1811 1782
7229 4 2 1 1 1694 1782 1811 1781
7230 4 2 1 1 1694 1724 1723 1811
7231 4 2 1 1 1694 1810 1781 1811
7232 4 2 1 1 1694 1723 1810 1811
7233 4 2 1 1 1695 1696 1725 1812
7234 4 2 1 1 1695 1696 1812 1783
7235 4 2 1 1 1695 1783 1812 1782
7236 4 2 1 1 1695 1725 1724 1812
7237 4 2 1 1 1695 1811 1782 1812
7238 4 2 1 1 1695 1724 1811 1812
7239 4 2 1 1 1696 1697 1726 1813
7240 4 2 1 1 1696 1697 1813 1784
7241 4 2 1 1 1696 1784 1813 1783
7242 4 2 1 1 1696 1726 1725 1813
7243 4 2 1 1 1696 1812 1783 1813
7244 4 2 1 1 1696 1725 1812 1813
7245 4 2 1 1 1697 1698 1727 1814
7246 4 2 1 1 1697 1698 1814 1785
7247 4 2 1 1 1697 1785 1814 1784
7248 4 2 1 1 1697 1727 1726 1814
7249 4 2 1 1 1697 1813 1784 1814
7250 4 2 1 1 1697 1726 1813 1814
7251 4 2 1 1 1698 1699 1728 1815
7252 4 2 1 1 1698 1699 1815 1786
7253 4 2 1 1 1698 1786 1815 1785
7254 4 2 1 1 1698 1728 1727 1815
7255 4 2 1 1 1698 1814 1785 1815
7256 4 2 1 1 1698 1727 1814 1815
7257 4 2 1 1 1699 1700 1729 1816
7258 4 2 1 1 1699 1700 1816 1787
7259 4 2 1 1 1699 1787 1816 1786
7260 4 2 1 1 1699 1729 1728 1816
7261 4 2 1 1 1699 1815 1786 1816
7262 4 2 1 1 1699 1728 1815 1816
7263 4 2 1 1 1700 1701 1730 1817
7264 4 2 1 1 1700 1701 1817 1788
7265 4 2 1 1 1700 1788 1817 1787
7266 4 2 1 1 1700 1730 1729 1817
7267 4 2 1 1 1700 1816 1787 1817
7268 4 2 1 1 1700 1729 1816 1817
7269 4 2 1 1 1701 1702 1731 1818
7270 4 2 1 1 1701 1702 1818 1789
7271 4 2 1 1 1701 1789 1818 1788
7272 4 2 1 1 1701 1731 1730 1818
7273 4 2 1 1 1701 1817 1788 1818
7274 4 2 1 1 1701 1730 1817 1818
7275 4 2 1 1 1702 1703 1732 1819
7276 4 2 1 1 1702 1703 1819 1790
7277 4 2 1 1 1702 1790 1819 1789
7278 4 2 1 1 1702 1732 1731 1819
7279 4 2 1 1 1702 1818 1789 1819
7280 4 2 1 1 1702 1731 1818 1819
7281 4 2 1 1 1703 1704 1733 1820
7282 4 2 1 1 1703 1704 1820 1791
7283 4 2 1 1 1703 1791 1820 1790
7284 4 2 1 1 1703 1733 1732 1820
7285 4 2 1 1 1703 1819 1790 1820
7286 4 2 1 1 1703 1732 1819 1820
7287 4 2 1 1 1704 1705 1734 1821
7288 4 2 1 1 1704 1705 1821 1792
7289 4 2 1 1 1704 1792 1821 1791
7290 4 2 1 1 1704 1734 1733 1821
7291 4 2 1 1 1704 1820 1791 1821
7292 4 2 1 1 1704 1733 1820 1821
7293 4 2 1 1 1705 1706 1735 1822
7294 4 2 1 1 1705 1706 1822 1793
7295 4 2 1 1 1705 1793 1822 1792
7296 4 2 1 1 1705 1735 1734 1822
7297 4 2 1 1 1705 1821 1792 1822
7298 4 2 1 1 1705 1734 1821 1822
7299 4 2 1 1 1706 1707 1736 1823
7300 4 2 1 1 1706 1707 1823 1794
7301 4 2 1 1 1706 1794 1823 1793
7302 4 2 1 1 1706 1736 1735 1823
7303 4 2 1 1 1706 1822 1793 1823
7304 4 2 1 1 1706 1735 1822 1823
7305 4 2 2 2 1707 1708 1737 1824
7306 4 2 2 2 1707 1708 1824 1795
7307 4 2 2 2 1707 1795 1824 1794
7308 4 2 2 2 1707 1737 1736 1824
7309 4 2 2 2 1707 1823 1794 1824
7310 4 2 2 2 1707 1736 1823 1824
7311 4 2 2 2 1708 1709 1738 1825
7312 4 2 2 2 1708 1709 1825 1796
7313 4 2 2 2 1708 1796 1825 1795
7314 4 2 2 2 1708 1738 1737 1825
7315 4 2 2 2 1708 1824 1795 1825
7316 4 2 2 2 1708 1737 1824 1825
7317 4 2 2 2 1709 1710 1739 1826
7318 4 2 2 2 1709 1710 1826 1797
7319 4 2 2 2 1709 1797 1826 1796
7320 4 2 2 2 1709 1739 1738 1826
7321 4 2 2 2 1709 1825 1796 1826
7322 4 2 2 2 1709 1738 1825 1826
7323 4 2 2 2 1710 1711 1740 1827
7324 4 2 2 2 1710 1711 1827 1798
7325 4 2 2 2 1710 1798 1827 1797
7326 4 2 2 2 1710 1740 1739 1827
7327 4 2 2 2 1710 1826 1797 1827
7328 4 2 2 2 1710 1739 1826 1827
7329 4 2 1 1 1741 1742 1771 1858
7330 4 2 1 1 1741 1742 1858 1829
7331 4 2 1 1 1741 1829 1858 1828
7332 4 2 1 1 1741 1771 1770 1858
7333 4 2 1 1 1741 1857 1828 1858
7334 4 2 1 1 1741 1770 1857 1858
7335 4 2 1 1 1742 1743 1772 1859
7336 4 2 1 1 1742 1743 1859 1830
7337 4 2 1 1 1742 1830 1859 1829
7338 4 2 1 1 1742 1772 1771 1859
7339 4 2 1 1 1742 1858 1829 1859
7340 4 2 1 1 1742 1771 1858 1859
7341 4 2 1 1 1743 1744 1773 1860
7342 4 2 1 1 1743 1744 1860 1831
7343 4 2 1 1 1743 1831 1860 1830
7344 4 2 1 1 1743 1773 1772 1860
7345 4 2 1 1 1743 1859 1830 1860
7346 4 2 1 1 1743 1772 1859 1860
7347 4 2 1 1 1744 1745 1774 1861
7348 4 2 1 1 1744 1745 1861 1832
7349 4 2 1 1 1744 1832 1861 1831
7350 4 2 1 1 1744 1774 1773 1861
7351 4 2 1 1 1744 1860 1831 1861
7352 4 2 1 1 1744 1773 1860 1861
7353 4 2 1 1 1745 1746 1775 1862
7354 4 2 1 1 1745 1746 1862 1833
7355 4 2 1 1 1745 1833 1862 1832
7356 4 2 1 1 1745 1775 1774 1862
7357 4 2 1 1 1745 1861 1832 1862
7358 4 2 1 1 1745 1774 1861 1862
7359 4 2 1 1 1746 1747 1776 1863
7360 4 2 1 1 1746 1747 1863 1834
7361 4 2 1 1 1746 1834 1863 1833
7362 4 2 1 1 1746 1776 1775 1863
7363 4 2 1 1 1746 1862 1833 1863
7364 4 2 1 1 1746 1775 1862 1863
7365 4 2 1 1 1747 1748 1777 1864
7366 4 2 1 1 1747 1748 1864 1835
7367 4 2 1 1 1747 1835 1864 1834
7368 4 2 1 1 1747 1777 1776 1864
7369 4 2 1 1 1747 1863 1834 1864
7370 4 2 1 1 1747 1776 1863 1864
7371 4 2 1 1 1748 1749 1778 1865
7372 4 2 1 1 1748 1749 1865 1836
7373 4 2 1 1 1748 1836 1865 1835
7374 4 2 1 1 1748 1778 1777 1865
7375 4 2 1 1 1748 1864 1835 1865
7376 4 2 1 1 1748 1777 1864 1865
7377 4 2 1 1 1749 1750 1779 1866
7378 4 2 1 1 1749 1750 1866 1837
7379 4 2 1 1 1749 1837 1866 1836
7380 4 2 1 1 1749 1779 1778 1866
7381 4 2 1 1 1749 1865 1836 1866
7382 4 2 1 1 1749 1778 1865 1866
7383 4 2 1 1 1750 1751 1780 1867
7384 4 2 1 1 1750 1751 1867 1838
7385 4 2 1 1 1750 1838 1867 1837
7386 4 2 1 1 1750 1780 1779 1867
7387 4 2 1 1 1750 1866 1837 1867
7388 4 2 1 1 1750 1779 1866 1867
7389 4 2 1 1 1751 1752 1781 1868
7390 4 2 1 1 1751 1752 1868 1839
7391 4 2 1 1 1751 1839 1868 1838
7392 4 2 1 1 1751 1781 1780 1868
7393 4 2 1 1 1751 1867 1838 1868
7394 4 2 1 1 1751 1780 1867 1868
7395 4 2 1 1 1752 1753 1782 1869
7396 4 2 1 1 1752 1753 1869 1840
7397 4 2 1 1 1752 1840 1869 1839
7398 4 2 1 1 1752 1782 1781 1869
7399 4 2 1 1 1752 1868 1839 1869
7400 4 2 1 1 1752 1781 1868 1869
7401 4 2 1 1 1753 1754 1783 1870
7402 4 2 1 1 1753 1754 1870 1841
7403 4 2 1 1 1753 1841 1870 1840
7404 4 2 1 1 1753 1783 1782 1870
7405 4 2 1 1 1753 1869 1840 1870
7406 4 2 1 1 1753 1782 1869 1870
7407 4 2 1 1 1754 1755 1784 1871
7408 4 2 1 1 1754 1755 1871 1842
7409 4 2 1 1 1754 1842 1871 1841
7410 4 2 1 1 1754 1784 1783 1871
7411 4 2 1 1 1754 1870 1841 1871
7412 4 2 1 1 1754 1783 1870 1871
7413 4 2 1 1 1755 1756 1785 1872
7414 4 2 1 1 1755 1756 1872 1843
7415 4 2 1 1 1755 1843 1872 1842
7416 4 2 1 1 1755 1785 1784 1872
7417 4 2 1 1 1755 1871 1842 1872
7418 4 2 1 1 1755 1784 1871 1872
7419 4 2 1 1 1756 1757 1786 1873
7420 4 2 1 1 1756 1757 1873 1844
7421 4 2 1 1 1756 1844 1873 1843
7422 4 2 1 1 1756 1786 1785 1873
7423 4 2 1 1 1756 1872 1843 1873
7424 4 2 1 1 1756 1785 1872 1873
7425 4 2 1 1 1757 1758 1787 1874
7426 4 2 1 1 1757 1758 1874 1845
7427 4 2 1 1 1757 1845 1874 1844
7428 4 2 1 1 1757 1787 1786 1874
7429 4 2 1 1 1757 1873 1844 1874
7430 4 2 1 1 1757 1786 1873 1874
7431 4 2 1 1 1758 1759 1788 1875
7432 4 2 1 1 1758 1759 1875 1846
7433 4 2 1 1 1758 1846 1875 1845
7434 4 2 1 1 1758 1788 1787 1875
7435 4 2 1 1 1758 1874 1845 1875
7436 4 2 1 1 1758 1787 1874 1875
7437 4 2 1 1 1759 1760 1789 1876
7438 4 2 1 1 1759 1760 1876 1847
7439 4 2 1 1 1759 1847 1876 1846
7440 4 2 1 1 1759 1789 1788 1876
7441 4 2 1 1 1759 1875 1846 1876
7442 4 2 1 1 1759 1788 1875 1876
7443 4 2 1 1 1760 1761 1790 1877
7444 4 2 1 1 1760 1761 1877 1848
7445 4 2 1 1 1760 1848 1877 1847
7446 4 2 1 1 1760 1790 1789 1877
7447 4 2 1 1 1760 1876 1847 1877
7448 4 2 1 1 1760 1789 1876 1877
7449 4 2 1 1 1761 1762 1791 1878
7450 4 2 1 1 1761 1762 1878 1849
7451 4 2 1 1 1761 1849 1878 1848
7452 4 2 1 1 1761 1791 1790 1878
7453 4 2 1 1 1761 1877 1848 1878
7454 4 2 1 1 1761 1790 1877 1878
7455 4 2 1 1 1762 1763 1792 1879
7456 4 2 1 1 1762 1763 1879 1850
7457 4 2 1 1 1762 1850 1879 1849
7458 4 2 1 1 1762 1792 1791 1879
7459 4 2 1 1 1762 1878 1849 1879
7460 4 2 1 1 1762 1791 1878 1879
7461 4 2 1 1 1763 1764 1793 1880
7462 4 2 1 1 1763 1764 1880 1851
7463 4 2 1 1 1763 1851 1880 1850
7464 4 2 1 1 1763 1793 1792 1880
7465 4 2 1 1 1763 1879 1850 1880
7466 4 2 1 1 1763 1792 1879 1880
7467 4 2 1 1 1764 1765 1794 1881
7468 4 2 1 1 1764 1765 1881 1852
7469 4 2 1 1 1764 1852 1881 1851
7470 4 2 1 1 1764 1794 1793 1881
7471 4 2 1 1 1764 1880 1851 1881
7472 4 2 1 1 1764 1793 1880 1881
7473 4 2 2 2 1765 1766 1795 1882
7474 4 2 2 2 1765 1766 1882 1853
7475 4 2 2 2 1765 1853 1882 1852
7476 4 2 2 2 1765 1795 1794 1882
7477 4 2 2 2 1765 1881 1852 1882
7478 4 2 2 2 1765 1794 1881 1882
7479 4 2 2 2 1766 1767 1796 1883
7480 4 2 2 2 1766 1767 1883 1854
7481 4 2 2 2 1766 1854 1883 1853
7482 4 2 2 2 1766 1796 1795 1883
7483 4 2 2 2 1766 1882 1853 1883
7484 4 2 2 2 1766 1795 1882 1883
7485 4 2 2 2 1767 1768 1797 1884
7486 4 2 2 2 1767 1768 1884 1855
7487 4 2 2 2 1767 1855 1884 1854
7488 4 2 2 2 1767 1797 1796 1884
7489 4 2 2 2 1767 1883 1854 1884
7490 4 2 2 2 1767 1796 1883 1884
7491 4 2 2 2 1768 1769 1798 1885
7492 4 2 2 2 1768 1769 1885 1856
7493 4 2 2 2 1768 1856 1885 1855
7494 4 2 2 2 1768 1798 1797 1885
7495 4 2 2 2 1768 1884 1855 1885
7496 4 2 2 2 1768 1797 1884 1885
7497 4 2 1 1 1770 1771 1800 1887
7498 4 2 1 1 1770 1771 1887 1858
7499 4 2 1 1 1770 1858 1887 1857
7500 4 2 1 1 1770 1800 1799 1887
7501 4 2 1 1 1770 1886 1857 1887
7502 4 2 1 1 1770 1799 1886 1887
7503 4 2 1 1 1771 1772 1801 1888
7504 4 2 1 1 1771 1772 1888 1859
7505 4 2 1 1 1771 1859 1888 1858
7506 4 2 1 1 1771 1801 1800 1888
7507 4 2 1 1 1771 1887 1858 1888
7508 4 2 1 1 1771 1800 1887 1888
7509 4 2 1 1 1772 1773 1802 1889
7510 4 2 1 1 1772 1773 1889 1860
7511 4 2 1 1 1772 1860 1889 1859
7512 4 2 1 1 1772 1802 1801 1889
7513 4 2 1 1 1772 1888 1859 1889
7514 4 2 1 1 1772 1801 1888 1889
7515 4 2 1 1 1773 1774 1803 1890
7516 4 2 1 1 1773 1774 1890 1861
7517 4 2 1 1 1773 1861 1890 1860
7518 4 2 1 1 1773 1803 1802 1890
7519 4 2 1 1 1773 1889 1860 1890
7520 4 2 1 1 1773 1802 1889 1890
7521 4 2 1 1 1774 1775 1804 1891
7522 4 2 1 1 1774 1775 1891 1862
7523 4 2 1 1 1774 1862 1891 1861
7524 4 2 1 1 1774 1804 1803 1891
7525 4 2 1 1 1774 1890 1861 1891
7526 4 2 1 1 1774 1803 1890 1891
7527 4 2 1 1 1775 1776 1805 1892
7528 4 2 1 1 1775 1776 1892 1863
7529 4 2 1 1 1775 1863 1892 1862
7530 4 2 1 1 1775 1805 1804 1892
7531 4 2 1 1 1775 1891 1862 1892
7532 4 2 1 1 1775 1804 1891 1892
7533 4 2 1 1 1776 1777 1806 1893
7534 4 2 1 1 1776 1777 1893 1864
7535 4 2 1 1 1776 1864 1893 1863
7536 4 2 1 1 1776 1806 1805 1893
7537 4 2 1 1 1776 1892 1863 1893
7538 4 2 1 1 1776 1805 1892 1893
7539 4 2 1 1 1777 1778 1807 1894
7540 4 2 1 1 1777 1778 1894 1865
7541 4 2 1 1 1777 1865 1894 1864
7542 4 2 1 1 1777 1807 1806 1894
7543 4 2 1 1 1777 1893 1864 1894
7544 4 2 1 1 1777 1806 1893 1894
7545 4 2 1 1 1778 1779 1808 1895
7546 4 2 1 1 1778 1779 1895 1866
7547 4 2 1 1 1778 1866 1895 1865
7548 4 2 1 1 1778 1808 1807 1895
7549 4 2 1 1 1778 1894 1865 1895
7550 4 2 1 1 1778 1807 1894 1895
7551 4 2 1 1 1779 1780 1809 1896
7552 4 2 1 1 1779 1780 1896 1867
7553 4 2 1 1 1779 1867 1896 1866
7554 4 2 1 1 1779 1809 1808 1896
7555 4 2 1 1 1779 1895 1866 1896
7556 4 2 1 1 1779 1808 1895 1896
7557 4 2 1 1 1780 1781 1810 1897
7558 4 2 1 1 1780 1781 1897 1868
7559 4 2 1 1 1780 1868 1897 1867
7560 4 2 1 1 1780 1810 1809 1897
7561 4 2 1 1 1780 1896 1867 1897
7562 4 2 1 1 1780 1809 1896 1897
7563 4 2 1 1 1781 1782 1811 1898
7564 4 2 1 1 1781 1782 1898 1869
7565 4 2 1 1 1781 1869 1898 1868
7566 4 2 1 1 1781 1811 1810 1898
7567 4 2 1 1 1781 1897 1868 1898
7568 4 2 1 1 1781 1810 1897 1898
7569 4 2 1 1 1782 1783 1812 1899
7570 4 2 1 1 1782 1783 1899 1870
7571 4 2 1 1 1782 1870 1899 1869
7572 4 2 1 1 1782 1812 1811 1899
7573 4 2 1 1 1782 1898 1869 1899
7574 4 2 1 1 1782 1811 1898 1899
7575 4 2 1 1 1783 1784 1813 1900
7576 4 2 1 1 1783 1784 1900 1871
7577 4 2 1 1 1783 1871 1900 1870
7578 4 2 1 1 1783 1813 1812 1900
7579 4 2 1 1 1783 1899 1870 1900
7580 4 2 1 1 1783 1812 1899 1900
7581 4 2 1 1 1784 1785 1814 1901
7582 4 2 1 1 1784 1785 1901 1872
7583 4 2 1 1 1784 1872 1901 1871
7584 4 2 1 1 1784 1814 1813 1901
7585 4 2 1 1 1784 1900 1871 1901
7586 4 2 1 1 1784 1813 1900 1901
7587 4 2 1 1 1785 1786 1815 1902
7588 4 2 1 1 1785 1786 1902 1873
7589 4 2 1 1 1785 1873 1902 1872
7590 4 2 1 1 1785 1815 1814 1902
7591 4 2 1 1 1785 1901 1872 1902
7592 4 2 1 1 1785 1814 1901 1902
7593 4 2 1 1 1786 1787 1816 1903
7594 4 2 1 1 1786 1787 1903 1874
7595 4 2 1 1 1786 1874 1903 1873
7596 4 2 1 1 1786 1816 1815 1903
7597 4 2 1 1 1786 1902 1873 1903
7598 4 2 1 1 1786 1815 1902 1903
7599 4 2 1 1 1787 1788 1817 1904
7600 4 2 1 1 1787 1788 1904 1875
7601 4 2 1 1 1787 1875 1904 1874
7602 4 2 1 1 1787 1817 1816 1904
7603 4 2 1 1 1787 1903 1874 1904
7604 4 2 1 1 1787 1816 1903 1904
7605 4 2 1 1 1788 1789 1818 1905
7606 4 2 1 1 1788 1789 1905 1876
7607 4 2 1 1 1788 1876 1905 1875
7608 4 2 1 1 1788 1818 1817 1905
7609 4 2 1 1 1788 1904 1875 1905
7610 4 2 1 1 1788 1817 1904 1905
7611 4 2 1 1 1789 1790 1819 1906
7612 4 2 1 1 1789 1790 1906 1877
7613 4 2 1 1 1789 1877 1906 1876
7614 4 2 1 1 1789 1819 1818 1906
7615 4 2 1 1 1789 1905 1876 1906
7616 4 2 1 1 1789 1818 1905 1906
7617 4 2 1 1 1790 1791 1820 1907
7618 4 2 1 1 1790 1791 1907 1878
7619 4 2 1 1 1790 1878 1907 1877
7620 4 2 1 1 1790 1820 1819 1907
7621 4 2 1 1 1790 1906 1877 1907
7622 4 2 1 1 1790 1819 1906 1907
7623 4 2 1 1 1791 1792 1821 1908
7624 4 2 1 1 1791 1792 1908 1879
7625 4 2 1 1 1791 1879 1908 1878
7626 4 2 1 1 1791 1821 1820 1908
7627 4 2 1 1 1791 1907 1878 1908
7628 4 2 1 1 1791 1820 1907 1908
7629 4 2 1 1 1792 1793 1822 1909
7630 4 2 1 1 1792 1793 1909 1880
7631 4 2 1 1 1792 1880 1909 1879
7632 4 2 1 1 1792 1822 1821 1909
7633 4 2 1 1 1792 1908 1879 1909
7634 4 2 1 1 1792 1821 1908 1909
7635 4 2 1 1 1793 1794 1823 1910
7636 4 2 1 1 1793 1794 1910 1881
7637 4 2 1 1 1793 1881 1910 1880
7638 4 2 1 1 1793 1823 1822 1910
7639 4 2 1 1 1793 1909 1880 1910
7640 4 2 1 1 1793 1822 1909 1910
7641 4 2 2 2 1794 1795 1824 1911
7642 4 2 2 2 1794 1795 1911 1882
7643 4 2 2 2 1794 1882 1911 1881
7644 4 2 2 2 1794 1824 1823 1911
7645 4 2 2 2 1794 1910 1881 1911
7646 4 2 2 2 1794 1823 1910 1911
7647 4 2 2 2 1795 1796 1825 1912
7648 4 2 2 2 1795 1796 1912 1883
7649 4 2 2 2 1795 1883 1912 1882
7650 4 2 2 2 1795 1825 1824 1912
7651 4 2 2 2 1795 1911 1882 1912
7652 4 2 2 2 1795 1824 1911 1912
7653 4 2 2 2 1796 1797 1826 1913
7654 4 2 2 2 1796 1797 1913 1884
7655 4 2 2 2 1796 1884 1913 1883
7656 4 2 2 2 1796 1826 1825 1913
7657 4 2 2 2 1796 1912 1883 1913
7658 4 2 2 2 1796 1825 1912 1913
7659 4 2 2 2 1797 1798 1827 1914
7660 4 2 2 2 1797 1798 1914 1885
7661 4 2 2 2 1797 1885 1914 1884
7662 4 2 2 2 1797 1827 1826 1914
7663 4 2 2 2 1797 1913 1884 1914
7664 4 2 2 2 1797 1826 1913 1914
7665 4 2 1 1 1828 1829 1858 1945
7666 4 2 1 1 1828 1829 1945 1916
7667 4 2 1 1 1828 1916 1945 1915
7668 4 2 1 1 1828 1858 1857 1945
7669 4 2 1 1 1828 1944 1915 1945
7670 4 2 1 1 1828 1857 1944 1945
7671 4 2 1 1 1829 1830 1859 1946
7672 4 2 1 1 1829 1830 1946 1917
7673 4 2 1 1 1829 1917 1946 1916
7674 4 2 1 1 1829 1859 1858 1946
7675 4 2 1 1 1829 1945 1916 1946
7676 4 2 1 1 1829 1858 1945 1946
7677 4 2 1 1 1830 1831 1860 1947
7678 4 2 1 1 1830 1831 1947 1918
7679 4 2 1 1 1830 1918 1947 1917
7680 4 2 1 1 1830 1860 1859 1947
7681 4 2 1 1 1830 1946 1917 1947
7682 4 2 1 1 1830 1859 1946 1947
7683 4 2 1 1 1831 1832 1861 1948
7684 4 2 1 1 1831 1832 1948 1919
7685 4 2 1 1 1831 1919 1948 1918
7686 4 2 1 1 1831 1861 1860 1948
7687 4 2 1 1 1831 1947 1918 1948
7688 4 2 1 1 1831 1860 1947 1948
7689 4 2 1 1 1832 1833 1862 1949
7690 4 2 1 1 1832 1833 1949 1920
7691 4 2 1 1 1832 1920 1949 1919
7692 4 2 1 1 1832 1862 1861 1949
7693 4 2 1 1 1832 1948 1919 1949
7694 4 2 1 1 1832 1861 1948 1949
7695 4 2 1 1 1833 1834 1863 1950
7696 4 2 1 1 1833 1834 1950 1921
7697 4 2 1 1 1833 1921 1950 1920
7698 4 2 1 1 1833 1863 1862 1950
7699 4 2 1 1 1833 1949 1920 1950
7700 4 2 1 1 1833 1862 1949 1950
7701 4 2 1 1 1834 1835 1864 1951
7702 4 2 1 1 1834 1835 1951 1922
7703 4 2 1 1 1834 1922 1951 1921
7704 4 2 1 1 1834 1864 1863 1951
7705 4 2 1 1 1834 1950 1921 1951
7706 4 2 1 1 1834 1863 1950 1951
7707 4 2 1 1 1835 1836 1865 1952
7708 4 2 1 1 1835 1836 1952 1923
7709 4 2 1 1 1835 1923 1952 1922
7710 4 2 1 1 1835 1865 1864 1952
7711 4 2 1 1 1835 1951 1922 1952
7712 4 2 1 1 1835 1864 1951 1952
7713 4 2 1 1 1836 1837 1866 1953
7714 4 2 1 1 1836 1837 1953 1924
7715 4 2 1 1 1836 1924 1953 1923
7716 4 2 1 1 1836 1866 1865 1953
7717 4 2 1 1 1836 1952 1923 1953
7718 4 2 1 1 1836 1865 1952 1953
7719 4 2 1 1 1837 1838 1867 1954
7720 4 2 1 1 1837 1838 1954 1925
7721 4 2 1 1 1837 1925 1954 1924
7722 4 2 1 1 1837 1867 1866 1954
7723 4 2 1 1 1837 1953 1924 1954
7724 4 2 1 1 1837 1866 1953 1954
7725 4 2 1 1 1838 1839 1868 1955
7726 4 2 1 1 1838 1839 1955 1926
7727 4 2 1 1 1838 1926 1955 1925
7728 4 2 1 1 1838 1868 1867 1955
7729 4 2 1 1 1838 1954 1925 1955
7730 4 2 1 1 1838 1867 1954 1955
7731 4 2 1 1 1839 1840 1869 1956
7732 4 2 1 1 1839 1840 1956 1927
7733 4 2 1 1 1839 1927 1956 1926
7734 4 2 1 1 1839 1869 1868 1956
7735 4 2 1 1 1839 1955 1926 1956
7736 4 2 1 1 1839 1868 1955 1956
7737 4 2 1 1 1840 1841 1870 1957
7738 4 2 1 1 1840 1841 1957 1928
7739 4 2 1 1 1840 1928 1957 1927
7740 4 2 1 1 1840 1870 1869 1957
7741 4 2 1 1 1840 1956 1927 1957
7742 4 2 1 1 1840 1869 1956 1957
7743 4 2 1 1 1841 1842 1871 1958
7744 4 2 1 1 1841 1842 1958 1929
7745 4 2 1 1 1841 1929 1958 1928
7746 4 2 1 1 1841 1871 1870 1958
7747 4 2 1 1 1841 1957 1928 1958
7748 4 2 1 1 1841 1870 1957 1958
7749 4 2 1 1 1842 1843 1872 1959
7750 4 2 1 1 1842 1843 1959 1930
7751 4 2 1 1 1842 1930 1959 1929
7752 4 2 1 1 1842 1872 1871 1959
7753 4 2 1 1 1842 1958 1929 1959
7754 4 2 1 1 1842 1871 1958 1959
7755 4 2 1 1 1843 1844 1873 1960
7756 4 2 1 1 1843 1844 1960 1931
7757 4 2 1 1 1843 1931 1960 1930
7758 4 2 1 1 1843 1873 1872 1960
7759 4 2 1 1 1843 1959 1930 1960
7760 4 2 1 1 1843 1872 1959 1960
7761 4 2 1 1 1844 1845 1874 1961
7762 4 2 1 1 1844 1845 1961 1932
7763 4 2 1 1 1844 1932 1961 1931
7764 4 2 1 1 1844 1874 1873 1961
7765 4 2 1 1 1844 1960 1931 1961
7766 4 2 1 1 1844 1873 1960 1961
7767 4 2 1 1 1845 1846 1875 1962
7768 4 2 1 1 1845 1846 1962 1933
7769 4 2 1 1 1845 1933 1962 1932
7770 4 2 1 1 1845 1875 1874 1962
7771 4 2 1 1 1845 1961 1932 1962
7772 4 2 1 1 1845 1874 1961 1962
7773 4 2 1 1 1846 1847 1876 1963
7774 4 2 1 1 1846 1847 1963 1934
7775 4 2 1 1 1846 1934 1963 1933
7776 4 2 1 1 1846 1876 1875 1963
7777 4 2 1 1 1846 1962 1933 1963
7778 4 2 1 1 1846 1875 1962 1963
7779 4 2 1 1 1847 1848 1877 1964
7780 4 2 1 1 1847 1848 1964 1935
7781 4 2 1 1 1847 1935 1964 1934
7782 4 2 1 1 1847 1877 1876 1964
7783 4 2 1 1 1847 1963 1934 1964
7784 4 2 1 1 1847 1876 1963 1964
7785 4 2 1 1 1848 1849 1878 1965
7786 4 2 1 1 1848 1849 1965 1936
7787 4 2 1 1 1848 1936 1965 1935
7788 4 2 1 1 1848 1878 1877 1965
7789 4 2 1 1 1848 1964 1935 1965
7790 4 2 1 1 1848 1877 1964 1965
7791 4 2 1 1 1849 1850 1879 1966
7792 4 2 1 1 1849 1850 1966 1937
7793 4 2 1 1 1849 1937 1966 1936
7794 4 2 1 1 1849 1879 1878 1966
7795 4 2 1 1 1849 1965 1936 1966
7796 4 2 1 1 1849 1878 1965 1966
7797 4 2 1 1 1850 1851 1880 1967
7798 4 2 1 1 1850 1851 1967 1938
7799 4 2 1 1 1850 1938 1967 1937
7800 4 2 1 1 1850 1880 1879 1967
7801 4 2 1 1 1850 1966 1937 1967
7802 4 2 1 1 1850 1879 1966 1967
7803 4 2 1 1 1851 1852 1881 1968
7804 4 2 1 1 1851 1852 1968 1939
7805 4 2 1 1 1851 1939 1968 1938
7806 4 2 1 1 1851 1881 1880 1968
7807 4 2 1 1 1851 1967 1938 1968
7808 4 2 1 1 1851 1880 1967 1968
7809 4 2 2 2 1852 1853 1882 1969
7810 4 2 2 2 1852 1853 1969 1940
7811 4 2 2 2 1852 1940 1969 1939
7812 4 2 2 2 1852 1882 1881 1969
7813 4 2 2 2 1852 1968 1939 1969
7814 4 2 2 2 1852 1881 1968 1969
7815 4 2 2 2 1853 1854 1883 1970
7816 4 2 2 2 1853 1854 1970 1941
7817 4 2 2 2 1853 1941 1970 1940
7818 4 2 2 2 1853 1883 1882 1970
7819 4 2 2 2 1853 1969 1940 1970
7820 4 2 2 2 1853 1882 1969 1970
7821 4 2 2 2 1854 1855 1884 1971
7822 4 2 2 2 1854 1855 1971 1942
7823 4 2 2 2 1854 1942 1971 1941
7824 4 2 2 2 1854 1884 1883 1971
7825 4 2 2 2 1854 1970 1941 1971
7826 4 2 2 2 1854 1883 1970 1971
7827 4 2 2 2 1855 1856 1885 1972
7828 4 2 2 2 1855 1856 1972 1943
7829 4 2 2 2 1855 1943 1972 1942
7830 4 2 2 2 1855 1885 1884 1972
7831 4 2 2 2 1855 1971 1942 1972
7832 4 2 2 2 1855 1884 1971 1972
7833 4 2 1 1 1857 1858 1887 1974
7834 4 2 1 1 1857 1858 1974 1945
7835 4 2 1 1 1857 1945 1974 1944
7836 4 2 1 1 1857 1887 1886 1974
7837 4 2 1 1 1857 1973 1944 1974
7838 4 2 1 1 1857 1886 1973 1974
7839 4 2 1 1 1858 1859 1888 1975
7840 4 2 1 1 1858 1859 1975 1946
7841 4 2 1 1 1858 1946 1975 1945
7842 4 2 1 1 1858 1888 1887 1975
7843 4 2 1 1 1858 1974 1945 1975
7844 4 2 1 1 1858 1887 1974 1975
7845 4 2 1 1 1859 1860 1889 1976
7846 4 2 1 1 1859 1860 1976 1947
7847 4 2 1 1 1859 1947 1976 1946
7848 4 2 1 1 1859 1889 1888 1976
7849 4 2 1 1 1859 1975 1946 1976
7850 4 2 1 1 1859 1888 1975 1976
7851 4 2 1 1 1860 1861 1890 1977
7852 4 2 1 1 1860 1861 1977 1948
7853 4 2 1 1 1860 1948 1977 1947
7854 4 2 1 1 1860 1890 1889 1977
7855 4 2 1 1 1860 1976 1947 1977
7856 4 2 1 1 1860 1889 1976 1977
7857 4 2 1 1 1861 1862 1891 1978
7858 4 2 1 1 1861 1862 1978 1949
7859 4 2 1 1 1861 1949 1978 1948
7860 4 2 1 1 1861 1891 1890 1978
7861 4 2 1 1 1861 1977 1948 1978
7862 4 2 1 1 1861 1890 1977 1978
7863 4 2 1 1 1862 1863 1892 1979
7864 4 2 1 1 1862 1863 1979 1950
7865 4 2 1 1 1862 1950 1979 1949
7866 4 2 1 1 1862 1892 1891 1979
7867 4 2 1 1 1862 1978 1949 1979
7868 4 2 1 1 1862 1891 1978 1979
7869 4 2 1 1 1863 1864 1893 1980
7870 4 2 1 1 1863 1864 1980 1951
7871 4 2 1 1 1863 1951 1980 1950
7872 4 2 1 1 1863 1893 1892 1980
7873 4 2 1 1 1863 1979 1950 1980
7874 4 2 1 1 1863 1892 1979 1980
7875 4 2 1 1 1864 1865 1894 1981
7876 4 2 1 1 1864 1865 1981 1952
7877 4 2 1 1 1864 1952 1981 1951
7878 4 2 1 1 1864 1894 1893 1981
7879 4 2 1 1 1864 1980 1951 1981
7880 4 2 1 1 1864 1893 1980 1981
7881 4 2 1 1 1865 1866 1895 1982
7882 4 2 1 1 1865 1866 1982 1953
7883 4 2 1 1 1865 1953 1982 1952
7884 4 2 1 1 1865 1895 1894 1982
7885 4 2 1 1 1865 1981 1952 1982
7886 4 2 1 1 1865 1894 1981 1982
7887 4 2 1 1 1866 1867 1896 1983
7888 4 2 1 1 1866 1867 1983 1954
7889 4 2 1 1 1866 1954 1983 1953
7890 4 2 1 1 1866 1896 1895 1983
7891 4 2 1 1 1866 1982 1953 1983
7892 4 2 1 1 1866 1895 1982 1983
7893 4 2 1 1 1867 1868 1897 1984
7894 4 2 1 1 1867 1868 1984 1955
7895 4 2 1 1 1867 1955 1984 1954
7896 4 2 1 1 1867 1897 1896 1984
7897 4 2 1 1 1867 1983 1954 1984
7898 4 2 1 1 1867 1896 1983 1984
7899 4 2 1 1 1868 1869 1898 1985
7900 4 2 1 1 1868 1869 1985 1956
7901 4 2 1 1 1868 1956 1985 1955
7902 4 2 1 1 1868 1898 1897 1985
7903 4 2 1 1 1868 1984 1955 1985
7904 4 2 1 1 1868 1897 1984 1985
7905 4 2 1 1 1869 1870 1899 1986
7906 4 2 1 1 1869 1870 1986 1957
7907 4 2 1 1 1869 1957 1986 1956
7908 4 2 1 1 1869 1899 1898 1986
7909 4 2 1 1 1869 1985 1956 1986
7910 4 2 1 1 1869 1898 1985 1986
7911 4 2 1 1 1870 1871 1900 1987
7912 4 2 1 1 1870 1871 1987 1958
7913 4 2 1 1 1870 1958 1987 1957
7914 4 2 1 1 1870 1900 1899 1987
7915 4 2 1 1 1870 1986 1957 1987
7916 4 2 1 1 1870 1899 1986 1987
7917 4 2 1 1 1871 1872 1901 1988
7918 4 2 1 1 1871 1872 1988 1959
7919 4 2 1 1 1871 1959 1988 1958
7920 4 2 1 1 1871 1901 1900 1988
7921 4 2 1 1 1871 1987 1958 1988
7922 4 2 1 1 1871 1900 1987 1988
7923 4 2 1 1 1872 1873 1902 1989
7924 4 2 1 1 1872 1873 1989 1960
7925 4 2 1 1 1872 1960 1989 1959
7926 4 2 1 1 1872 1902 1901 1989
7927 4 2 1 1 1872 1988 1959 1989
7928 4 2 1 1 1872 1901 1988 1989
7929 4 2 1 1 1873 1874 1903 1990
7930 4 2 1 1 1873 1874 1990 1961
7931 4 2 1 1 1873 1961 1990 1960
7932 4 2 1 1 1873 1903 1902 1990
7933 4 2 1 1 1873 1989 1960 1990
7934 4 2 1 1 1873 1902 1989 1990
7935 4 2 1 1 1874 1875 1904 1991
7936 4 2 1 1 1874 1875 1991 1962
7937 4 2 1 1 1874 1962 1991 1961
7938 4 2 1 1 1874 1904 1903 1991
7939 4 2 1 1 1874 1990 1961 1991
7940 4 2 1 1 1874 1903 1990 1991
7941 4 2 1 1 1875 1876 1905 1992
7942 4 2 1 1 1875 1876 1992 1963
7943 4 2 1 1 1875 1963 1992 1962
7944 4 2 1 1 1875 1905 1904 1992
7945 4 2 1 1 1875 1991 1962 1992
7946 4 2 1 1 1875 1904 1991 1992
7947 4 2 1 1 1876 1877 1906 1993
7948 4 2 1 1 1876 1877 1993 1964
7949 4 2 1 1 1876 1964 1993 1963
7950 4 2 1 1 1876 1906 1905 1993
7951 4 2 1 1 1876 1992 1963 1993
7952 4 2 1 1 1876 1905 1992 1993
7953 4 2 1 1 1877 1878 1907 1994
7954 4 2 1 1 1877 1878 1994 1965
7955 4 2 1 1 1877 1965 1994 1964
7956 4 2 1 1 1877 1907 1906 1994
7957 4 2 1 1 1877 1993 1964 1994
7958 4 2 1 1 1877 1906 1993 1994
7959 4 2 1 1 1878 1879 1908 1995
7960 4 2 1 1 1878 1879 1995 1966
7961 4 2 1 1 1878 1966 1995 1965
7962 4 2 1 1 1878 1908 1907 1995
7963 4 2 1 1 1878 1994 1965 1995
7964 4 2 1 1 1878 1907 1994 1995
7965 4 2 1 1 1879 1880 1909 1996
7966 4 2 1 1 1879 1880 1996 1967
7967 4 2 1 1 1879 1967 1996 1966
7968 4 2 1 1 1879 1909 1908 1996
7969 4 2 1 1 1879 1995 1966 1996
7970 4 2 1 1 1879 1908 1995 1996
7971 4 2 1 1 1880 1881 1910 1997
7972 4 2 1 1 1880 1881 1997 1968
7973 4 2 1 1 1880 1968 1997 1967
7974 4 2 1 1 1880 1910 1909 1997
7975 4 2 1 1 1880 1996 1967 1997
7976 4 2 1 1 1880 1909 1996 1997
7977 4 2 2 2 1881 1882 1911 1998
7978 4 2 2 2 1881 1882 1998 1969
7979 4 2 2 2 1881 1969 1998 1968
7980 4 2 2 2 1881 1911 1910 1998
7981 4 2 2 2 1881 1997 1968 1998
7982 4 2 2 2 1881 1910 1997 1998
7983 4 2 2 2 1882 1883 1912 1999
7984 4 2 2 2 1882 1883 1999 1970
7985 4 2 2 2 1882 1970 1999 1969
7986 4 2 2 2 1882 1912 1911 1999
7987 4 2 2 2 1882 1998 1969 1999
7988 4 2 2 2 1882 1911 1998 1999
7989 4 2 2 2 1883 1884 1913 2000
7990 4 2 2 2 1883 1884 2000 1971
7991 4 2 2 2 1883 1971 2000 1970
7992 4 2 2 2 1883 1913 1912 2000
7993 4 2 2 2 1883 1999 1970 2000
7994 4 2 2 2 1883 1912 1999 2000
7995 4 2 2 2 1884 1885 1914 2001
7996 4 2 2 2 1884 1885 2001 1972
7997 4 2 2 2 1884 1972 2001 1971
7998 4 2 2 2 1884 1914 1913 2001
7999 4 2 2 2 1884 2000 1971 2001
8000 4 2 2 2 1884 1913 2000 2001
8001 4 2 1 1 1915 1916 1945 2032
8002 4 2 1 1 1915 1916 2032 2003
8003 4 2 1 1 1915 2003 2032 2002
8004 4 2 1 1 1915 1945 1944 2032
8005 4 2 1 1 1915 2031 2002 2032
8006 4 2 1 1 1915 1944 2031 2032
8007 4 2 1 1 1916 1917 1946 2033
8008 4 2 1 1 1916 1917 2033 2004
8009 4 2 1 1 1916 2004 2033 2003
8010 4 2 1 1 1916 1946 1945 2033
8011 4 2 1 1 1916 2032 2003 2033
8012 4 2 1 1 1916 1945 2032 2033
8013 4 2 1 1 1917 1918 1947 2034
8014 4 2 1 1 1917 1918 2034 2005
8015 4 2 1 1 1917 2005 2034 2004
8016 4 2 1 1 1917 1947 1946 2034
8017 4 2 1 1 1917 2033 2004 2034
8018 4 2 1 1 1917 1946 2033 2034
8019 4 2 1 1 1918 1919 1948 2035
8020 4 2 1 1 1918 1919 2035 2006
8021 4 2 1 1 1918 2006 2035 2005
8022 4 2 1 1 1918 1948 1947 2035
8023 4 2 1 1 1918 2034 2005 2035
8024 4 2 1 1 1918 1947 2034 2035
8025 4 2 1 1 1919 1920 1949 2036
8026 4 2 1 1 1919 1920 2036 2007
8027 4 2 1 1 1919 2007 2036 2006
8028 4 2 1 1 1919 1949 1948 2036
8029 4 2 1 1 1919 2035 2006 2036
8030 4 2 1 1 1919 1948 2035 2036
8031 4 2 1 1 1920 1921 1950 2037
8032 4 2 1 1 1920 1921 2037 2008
8033 4 2 1 1 1920 2008 2037 2007
8034 4 2 1 1 1920 1950 1949 2037
8035 4 2 1 1 1920 2036 2007 2037
8036 4 2 1 1 1920 1949 2036 2037
8037 4 2 1 1 1921 1922 1951 2038
8038 4 2 1 1 1921 1922 2038 2009
8039 4 2 1 1 1921 2009 2038 2008
8040 4 2 1 1 1921 1951 1950 2038
8041 4 2 1 1 1921 2037 2008 2038
8042 4 2 1 1 1921 1950 2037 2038
8043 4 2 1 1 1922 1923 1952 2039
8044 4 2 1 1 1922 1923 2039 2010
8045 4 2 1 1 1922 2010 2039 2009
8046 4 2 1 1 1922 1952 1951 2039
8047 4 2 1 1 1922 2038 2009 2039
8048 4 2 1 1 1922 1951 2038 2039
8049 4 2 1 1 1923 1924 1953 2040
8050 4 2 1 1 1923 1924 2040 2011
8051 4 2 1 1 1923 2011 2040 2010
8052 4 2 1 1 1923 1953 1952 2040
8053 4 2 1 1 1923 2039 2010 2040
8054 4 2 1 1 1923 1952 2039 2040
8055 4 2 1 1 1924 1925 1954 2041
8056 4 2 1 1 1924 1925 2041 2012
8057 4 2 1 1 1924 2012 2041 2011
8058 4 2 1 1 1924 1954 1953 2041
8059 4 2 1 1 1924 2040 2011 2041
8060 4 2 1 1 1924 1953 2040 2041
8061 4 2 1 1 1925 1926 1955 2042
8062 4 2 1 1 1925 1926 2042 2013
8063 4 2 1 1 1925 2013 2042 2012
8064 4 2 1 1 1925 1955 1954 2042
8065 4 2 1 1 1925 2041 2012 2042
8066 4 2 1 1 1925 1954 2041 2042
8067 4 2 1 1 1926 1927 1956 2043
8068 4 2 1 1 1926 1927 2043 2014
8069 4 2 1 1 1926 2014 2043 2013
8070 4 2 1 1 1926 1956 1955 2043
8071 4 2 1 1 1926 2042 2013 2043
8072 4 2 1 1 1926 1955 2042 2043
8073 4 2 1 1 1927 1928 1957 2044
8074 4 2 1 1 1927 1928 2044 2015
8075 4 2 1 1 1927 2015 2044 2014
8076 4 2 1 1 1927 1957 1956 2044
8077 4 2 1 1 1927 2043 2014 2044
8078 4 2 1 1 1927 1956 2043 2044
8079 4 2 1 1 1928 1929 1958 2045
8080 4 2 1 1 1928 1929 2045 2016
8081 4 2 1 1 1928 2016 2045 2015
8082 4 2 1 1 1928 1958 1957 2045
8083 4 2 1 1 1928 2044 2015 2045
8084 4 2 1 1 1928 1957 2044 2045
8085 4 2 1 1 1929 1930 1959 2046
8086 4 2 1 1 1929 1930 2046 2017
8087 4 2 1 1 1929 2017 2046 2016
8088 4 2 1 1 1929 1959 1958 2046
8089 4 2 1 1 1929 2045 2016 2046
8090 4 2 1 1 1929 1958 2045 2046
8091 4 2 1 1 1930 1931 1960 2047
8092 4 2 1 1 1930 1931 2047 2018
8093 4 2 1 1 1930 2018 2047 2017
8094 4 2 1 1 1930 1960 1959 2047
8095 4 2 1 1 1930 2046 2017 2047
8096 4 2 1 1 1930 1959 2046 2047
8097 4 2 1 1 1931 1932 1961 2048
8098 4 2 1 1 1931 1932 2048 2019
8099 4 2 1 1 1931 2019 2048 2018
8100 4 2 1 1 1931 1961 1960 2048
8101 4 2 1 1 1931 2047 2018 2048
8102 4 2 1 1 1931 1960 2047 2048
8103 4 2 1 1 1932 1933 1962 2049
8104 4 2 1 1 1932 1933 2049 2020
8105 4 2 1 1 1932 2020 2049 2019
8106 4 2 1 1 1932 1962 1961 2049
8107 4 2 1 1 1932 2048 2019 2049
8108 4 2 1 1 1932 1961 2048 2049
8109 4 2 1 1 1933 1934 1963 2050
8110 4 2 1 1 1933 1934 2050 2021
8111 4 2 1 1 1933 2021 2050 2020
8112 4 2 1 1 1933 1963 1962 2050
8113 4 2 1 1 1933 2049 2020 2050
8114 4 2 1 1 1933 1962 2049 2050
8115 4 2 1 1 1934 1935 1964 2051
8116 4 2 1 1 1934 1935 2051 2022
8117 4 2 1 1 1934 2022 2051 2021
8118 4 2 1 1 1934 1964 1963 2051
8119 4 2 1 1 1934 2050 2021 2051
8120 4 2 1 1 1934 1963 2050 2051
8121 4 2 1 1 1935 1936 1965 2052
8122 4 2 1 1 1935 1936 2052 2023
8123 4 2 1 1 1935 2023 2052 2022
8124 4 2 1 1 1935 1965 1964 2052
8125 4 2 1 1 1935 2051 2022 2052
8126 4 2 1 1 1935 1964 2051 2052
8127 4 2 1 1 1936 1937 1966 2053
8128 4 2 1 1 1936 1937 2053 2024
8129 4 2 1 1 1936 2024 2053 2023
8130 4 2 1 1 1936 1966 1965 2053
8131 4 2 1 1 1936 2052 2023 2053
8132 4 2 1 1 1936 1965 2052 2053
8133 4 2 1 1 1937 1938 1967 2054
8134 4 2 1 1 1937 1938 2054 2025
8135 4 2 1 1 1937 2025 2054 2024
8136 4 2 1 1 1937 1967 1966 2054
8137 4 2 1 1 1937 2053 2024 2054
8138 4 2 1 1 1937 1966 2053 2054
8139 4 2 1 1 1938 1939 1968 2055
8140 4 2 1 1 1938 1939 2055 2026
8141 4 2 1 1 1938 2026 2055 2025
8142 4 2 1 1 1938 1968 1967 2055
8143 4 2 1 1 1938 2054 2025 2055
8144 4 2 1 1 1938 1967 2054 2055
8145 4 2 2 2 1939 1940 1969 2056
8146 4 2 2 2 1939 1940 2056 2027
8147 4 2 2 2 1939 2027 2056 2026
8148 4 2 2 2 1939 1969 1968 2056
8149 4 2 2 2 1939 2055 2026 2056
8150 4 2 2 2 1939 1968 2055 2056
8151 4 2 2 2 1940 1941 1970 2057
8152 4 2 2 2 1940 1941 2057 2028
8153 4 2 2 2 1940 2028 2057 2027
8154 4 2 2 2 1940 1970 1969 2057
8155 4 2 2 2 1940 2056 2027 2057
8156 4 2 2 2 1940 1969 2056 2057
8157 4 2 2 2 1941 1942 1971 2058
8158 4 2 2 2 1941 1942 2058 2029
8159 4 2 2 2 1941 2029 2058 2028
8160 4 2 2 2 1941 1971 1970 2058
8161 4 2 2 2 1941 2057 2028 2058
8162 4 2 2 2 1941 1970 2057 2058
8163 4 2 2 2 1942 1943 1972 2059
8164 4 2 2 2 1942 1943 2059 2030
8165 4 2 2 2 1942 2030 2059 2029
8166 4 2 2 2 1942 1972 1971 2059
8167 4 2 2 2 1942 2058 2029 2059
8168 4 2 2 2 1942 1971 2058 2059
8169 4 2 1 1 1944 1945 1974 2061
8170 4 2 1 1 1944 1945 2061 2032
8171 4 2 1 1 1944 2032 2061 2031
8172 4 2 1 1 1944 1974 1973 2061
8173 4 2 1 1 1944 2060 2031 2061
8174 4 2 1 1 1944 1973 2060 2061
8175 4 2 1 1 1945 1946 1975 2062
8176 4 2 1 1 1945 1946 2062 2033
8177 4 2 1 1 1945 2033 2062 2032
8178 4 2 1 1 1945 1975 1974 2062
8179 4 2 1 1 1945 2061 2032 2062
8180 4 2 1 1 1945 1974 2061 2062
8181 4 2 1 1 1946 1947 1976 2063
8182 4 2 1 1 1946 1947 2063 2034
8183 4 2 1 1 1946 2034 2063 2033
8184 4 2 1 1 1946 1976 1975 2063
8185 4 2 1 1 1946 2062 2033 2063
8186 4 2 1 1 1946 1975 2062 2063
8187 4 2 1 1 1947 1948 1977 2064
8188 4 2 1 1 1947 1948 2064 2035
8189 4 2 1 1 1947 2035 2064 2034
8190 4 2 1 1 1947 1977 1976 2064
8191 4 2 1 1 1947 2063 2034 2064
8192 4 2 1 1 1947 1976 2063 2064
8193 4 2 1 1 1948 1949 1978 2065
8194 4 2 1 1 1948 1949 2065 2036
8195 4 2 1 1 1948 2036 2065 2035
8196 4 2 1 1 1948 1978 1977 2065
8197 4 2 1 1 1948 2064 2035 2065
8198 4 2 1 1 1948 1977 2064 2065
8199 4 2 1 1 1949 1950 1979 2066
8200 4 2 1 1 1949 1950 2066 2037
8201 4 2 1 1 1949 2037 2066 2036
8202 4 2 1 1 1949 1979 1978 2066
8203 4 2 1 1 1949 2065 2036 2066
8204 4 2 1 1 1949 1978 2065 2066
8205 4 2 1 1 1950 1951 1980 2067
8206 4 2 1 1 1950 1951 2067 2038
8207 4 2 1 1 1950 2038 2067 2037
8208 4 2 1 1 1950 1980 1979 2067
8209 4 2 1 1 1950 2066 2037 2067
8210 4 2 1 1 1950 1979 2066 2067
8211 4 2 1 1 1951 1952 1981 2068
8212 4 2 1 1 1951 1952 2068 2039
8213 4 2 1 1 1951 2039 2068 2038
8214 4 2 1 1 1951 1981 1980 2068
8215 4 2 1 1 1951 2067 2038 2068
8216 4 2 1 1 1951 1980 2067 2068
8217 4 2 1 1 1952 1953 1982 2069
8218 4 2 1 1 1952 1953 2069 2040
8219 4 2 1 1 1952 2040 2069 2039
8220 4 2 1 1 1952 1982 1981 2069
8221 4 2 1 1 1952 2068 2039 2069
8222 4 2 1 1 1952 1981 2068 2069
8223 4 2 1 1 1953 1954 1983 2070
8224 4 2 1 1 1953 1954 2070 2041
8225 4 2 1 1 1953 2041 2070 2040
8226 4 2 1 1 1953 1983 1982 2070
8227 4 2 1 1 1953 2069 2040 2070
8228 4 2 1 1 1953 1982 2069 2070
8229 4 2 1 1 1954 1955 1984 2071
8230 4 2 1 1 1954 1955 2071 2042
8231 4 2 1 1 1954 2042 2071 2041
8232 4 2 1 1 1954 1984 1983 2071
8233 4 2 1 1 1954 2070 2041 2071
8234 4 2 1 1 1954 1983 2070 2071
8235 4 2 1 1 1955 1956 1985 2072
8236 4 2 1 1 1955 1956 2072 2043
8237 4 2 1 1 1955 2043 2072 2042
8238 4 2 1 1 1955 1985 1984 2072
8239 4 2 1 1 1955 2071 2042 2072
8240 4 2 1 1 1955 1984 2071 2072
8241 4 2 1 1 1956 1957 1986 2073
8242 4 2 1 1 1956 1957 2073 2044
8243 4 2 1 1 1956 2044 2073 2043
8244 4 2 1 1 1956 1986 1985 2073
8245 4 2 1 1 1956 2072 2043 2073
8246 4 2 1 1 1956 1985 2072 2073
8247 4 2 1 1 1957 1958 1987 2074
8248 4 2 1 1 1957 1958 2074 2045
8249 4 2 1 1 1957 2045 2074 2044
8250 4 2 1 1 1957 1987 1986 2074
8251 4 2 1 1 1957 2073 2044 2074
8252 4 2 1 1 1957 1986 2073 2074
8253 4 2 1 1 1958 1959 1988 2075
8254 4 2 1 1 1958 1959 2075 2046
8255 4 2 1 1 1958 2046 2075 2045
8256 4 2 1 1 1958 1988 1987 2075
8257 4 2 1 1 1958 2074 2045 2075
8258 4 2 1 1 1958 1987 2074 2075
8259 4 2 1 1 1959 1960 1989 2076
8260 4 2 1 1 1959 1960 2076 2047
8261 4 2 1 1 1959 2047 2076 2046
8262 4 2 1 1 1959 1989 1988 2076
8263 4 2 1 1 1959 2075 2046 2076
8264 4 2 1 1 1959 1988 2075 2076
8265 4 2 1 1 1960 1961 1990 2077
8266 4 2 1 1 1960 1961 2077 2048
8267 4 2 1 1 1960 2048 2077 2047
8268 4 2 1 1 1960 1990 1989 2077
8269 4 2 1 1 1960 2076 2047 2077
8270 4 2 1 1 1960 1989 2076 2077
8271 4 2 1 1 1961 1962 1991 2078
8272 4 2 1 1 1961 1962 2078 2049
8273 4 2 1 1 1961 2049 2078 2048
8274 4 2 1 1 1961 1991 1990 2078
8275 4 2 1 1 1961 2077 2048 2078
8276 4 2 1 1 1961 1990 2077 2078
8277 4 2 1 1 1962 1963 1992 2079
8278 4 2 1 1 1962 1963 2079 2050
8279 4 2 1 1 1962 2050 2079 2049
8280 4 2 1 1 1962 1992 1991 2079
8281 4 2 1 1 1962 2078 2049 2079
8282 4 2 1 1 1962 1991 2078 2079
8283 4 2 1 1 1963 1964 1993 2080
8284 4 2 1 1 1963 1964 2080 2051
8285 4 2 1 1 1963 2051 2080 2050
8286 4 2 1 1 1963 1993 1992 2080
8287 4 2 1 1 1963 2079 2050 2080
8288 4 2 1 1 1963 1992 2079 2080
8289 4 2 1 1 1964 1965 1994 2081
8290 4 2 1 1 1964 1965 2081 2052
8291 4 2 1 1 1964 2052 2081 2051
8292 4 2 1 1 1964 1994 1993 2081
8293 4 2 1 1 1964 2080 2051 2081
8294 4 2 1 1 1964 1993 2080 2081
8295 4 2 1 1 1965 1966 1995 2082
8296 4 2 1 1 1965 1966 2082 2053
8297 4 2 1 1 1965 2053 2082 2052
8298 4 2 1 1 1965 1995 1994 2082
8299 4 2 1 1 1965 2081 2052 2082
8300 4 2 1 1 1965 1994 2081 2082
8301 4 2 1 1 1966 1967 1996 2083
8302 4 2 1 1 1966 1967 2083 2054
8303 4 2 1 1 1966 2054 2083 2053
8304 4 2 1 1 1966 1996 1995 2083
8305 4 2 1 1 1966 2082 2053 2083
8306 4 2 1 1 1966 1995 2082 2083
8307 4 2 1 1 1967 1968 1997 2084
8308 4 2 1 1 1967 1968 2084 2055
8309 4 2 1 1 1967 2055 2084 2054
8310 4 2 1 1 1967 1997 1996 2084
8311 4 2 1 1 1967 2083 2054 2084
8312 4 2 1 1 1967 1996 2083 2084
8313 4 2 2 2 1968 1969 1998 2085
8314 4 2 2 2 1968 1969 2085 2056
8315 4 2 2 2 1968 2056 2085 2055
8316 4 2 2 2 1968 1998 1997 2085
8317 4 2 2 2 1968 2084 2055 2085
8318 4 2 2 2 1968 1997 2084 2085
8319 4 2 2 2 1969 1970 1999 2086
8320 4 2 2 2 1969 1970 2086 2057
8321 4 2 2 2 1969 2057 2086 2056
8322 4 2 2 2 1969 1999 1998 2086
8323 4 2 2 2 1969 2085 2056 2086
8324 4 2 2 2 1969 1998 2085 2086
8325 4 2 2 2 1970 1971 2000 2087
8326 4 2 2 2 1970 1971 2087 2058
8327 4 2 2 2 1970 2058 2087 2057
8328 4 2 2 2 1970 2000 1999 2087
8329 4 2 2 2 1970 2086 2057 2087
8330 4 2 2 2 1970 1999 2086 2087
8331 4 2 2 2 1971 1972 2001 2088
8332 4 2 2 2 1971 1972 2088 2059
8333 4 2 2 2 1971 2059 2088 2058
8334 4 2 2 2 1971 2001 2000 2088
8335 4 2 2 2 1971 2087 2058 2088
8336 4 2 2 2 1971 2000 2087 2088
8337 4 2 1 1 2002 2003 2032 2119
8338 4 2 1 1 2002 2003 2119 2090
8339 4 2 1 1 2002 2090 2119 2089
8340 4 2 1 1 2002 2032 2031 2119
8341 4 2 1 1 2002 2118 2089 2119
8342 4 2 1 1 2002 2031 2118 2119
8343 4 2 1 1 2003 2004 2033 2120
8344 4 2 1 1 2003 2004 2120 2091
8345 4 2 1 1 2003 2091 2120 2090
8346 4 2 1 1 2003 2033 2032 2120
8347 4 2 1 1 2003 2119 2090 2120
8348 4 2 1 1 2003 2032 2119 2120
8349 4 2 1 1 2004 2005 2034 2121
8350 4 2 1 1 2004 2005 2121 2092
8351 4 2 1 1 2004 2092 2121 2091
8352 4 2 1 1 2004 2034 2033 2121
8353 4 2 1 1 2004 2120 2091 2121
8354 4 2 1 1 2004 2033 2120 2121
8355 4 2 1 1 2005 2006 2035 2122
8356 4 2 1 1 2005 2006 2122 2093
8357 4 2 1 1 2005 2093 2122 2092
8358 4 2 1 1 2005 2035 2034 2122
8359 4 2 1 1 2005 2121 2092 2122
8360 4 2 1 1 2005 2034 2121 2122
8361 4 2 1 1 2006 2007 2036 2123
8362 4 2 1 1 2006 2007 2123 2094
8363 4 2 1 1 2006 2094 2123 2093
8364 4 2 1 1 2006 2036 2035 2123
8365 4 2 1 1 2006 2122 2093 2123
8366 4 2 1 1 2006 2035 2122 2123
8367 4 2 1 1 2007 2008 2037 2124
8368 4 2 1 1 2007 2008 2124 2095
8369 4 2 1 1 2007 2095 2124 2094
8370 4 2 1 1 2007 2037 2036 2124
8371 4 2 1 1 2007 2123 2094 2124
8372 4 2 1 1 2007 2036 2123 2124
8373 4 2 1 1 2008 2009 2038 2125
8374 4 2 1 1 2008 2009 2125 2096
8375 4 2 1 1 2008 2096 2125 2095
8376 4 2 1 1 2008 2038 2037 2125
8377 4 2 1 1 2008 2124 2095 2125
8378 4 2 1 1 2008 2037 2124 2125
8379 4 2 1 1 2009 2010 2039 2126
8380 4 2 1 1 2009 2010 2126 2097
8381 4 2 1 1 2009 2097 2126 2096
8382 4 2 1 1 2009 2039 2038 2126
8383 4 2 1 1 2009 2125 2096 2126
8384 4 2 1 1 2009 2038 2125 2126
8385 4 2 1 1 2010 2011 2040 2127
8386 4 2 1 1 2010 2011 2127 2098
8387 4 2 1 1 2010 2098 2127 2097
8388 4 2 1 1 2010 2040 2039 2127
8389 4 2 1 1 2010 2126 2097 2127
8390 4 2 1 1 2010 2039 2126 2127
8391 4 2 1 1 2011 2012 2041 2128
8392 4 2 1 1 2011 2012 2128 2099
8393 4 2 1 1 2011 2099 2128 2098
8394 4 2 1 1 2011 2041 2040 2128
8395 4 2 1 1 2011 2127 2098 2128
8396 4 2 1 1 2011 2040 2127 2128
8397 4 2 1 1 2012 2013 2042 2129
8398 4 2 1 1 2012 2013 2129 2100
8399 4 2 1 1 2012 2100 2129 2099
8400 4 2 1 1 2012 2042 2041 2129
8401 4 2 1 1 2012 2128 2099 2129
8402 4 2 1 1 2012 2041 2128 2129
8403 4 2 1 1 2013 2014 2043 2130
8404 4 2 1 1 2013 2014 2130 2101
8405 4 2 1 1 2013 2101 2130 2100
8406 4 2 1 1 2013 2043 2042 2130
8407 4 2 1 1 2013 2129 2100 2130
8408 4 2 1 1 2013 2042 2129 2130
8409 4 2 1 1 2014 2015 2044 2131
8410 4 2 1 1 2014 2015 2131 2102
8411 4 2 1 1 2014 2102 2131 2101
8412 4 2 1 1 2014 2044 2043 2131
8413 4 2 1 1 2014 2130 2101 2131
8414 4 2 1 1 2014 2043 2130 2131
8415 4 2 1 1 2015 2016 2045 2132
8416 4 2 1 1 2015 2016 2132 2103
8417 4 2 1 1 2015 2103 2132 2102
8418 4 2 1 1 2015 2045 2044 2132
8419 4 2 1 1 2015 2131 2102 2132
8420 4 2 1 1 2015 2044 2131 2132
8421 4 2 1 1 2016 2017 2046 2133
8422 4 2 1 1 2016 2017 2133 2104
8423 4 2 1 1 2016 2104 2133 2103
8424 4 2 1 1 2016 2046 2045 2133
8425 4 2 1 1 2016 2132 2103 2133
8426 4 2 1 1 2016 2045 2132 2133
8427 4 2 1 1 2017 2018 2047 2134
8428 4 2 1 1 2017 2018 2134 2105
8429 4 2 1 1 2017 2105 2134 2104
8430 4 2 1 1 2017 2047 2046 2134
8431 4 2 1 1 2017 2133 2104 2134
8432 4 2 1 1 2017 2046 2133 2134
8433 4 2 1 1 2018 2019 2048 2135
8434 4 2 1 1 2018 2019 2135 2106
8435 4 2 1 1 2018 2106 2135 2105
8436 4 2 1 1 2018 2048 2047 2135
8437 4 2 1 1 2018 2134 2105 2135
8438 4 2 1 1 2018 2047 2134 2135
8439 4 2 1 1 2019 2020 2049 2136
8440 4 2 1 1 2019 2020 2136 2107
8441 4 2 1 1 2019 2107 2136 2106
8442 4 2 1 1 2019 2049 2048 2136
8443 4 2 1 1 2019 2135 2106 2136
8444 4 2 1 1 2019 2048 2135 2136
8445 4 2 1 1 2020 2021 2050 2137
8446 4 2 1 1 2020 2021 2137 2108
8447 4 2 1 1 2020 2108 2137 2107
8448 4 2 1 1 2020 2050 2049 2137
8449 4 2 1 1 2020 2136 2107 2137
8450 4 2 1 1 2020 2049 2136 2137
8451 4 2 1 1 2021 2022 2051 2138
8452 4 2 1 1 2021 2022 2138 2109
8453 4 2 1 1 2021 2109 2138 2108
8454 4 2 1 1 2021 2051 2050 2138
8455 4 2 1 1 2021 2137 2108 2138
8456 4 2 1 1 2021 2050 2137 2138
8457 4 2 1 1 2022 2023 2052 2139
8458 4 2 1 1 2022 2023 2139 2110
8459 4 2 1 1 2022 2110 2139 2109
8460 4 2 1 1 2022 2052 2051 2139
8461 4 2 1 1 2022 2138 2109 2139
8462 4 2 1 1 2022 2051 2138 2139
8463 4 2 1 1 2023 2024 2053 2140
8464 4 2 1 1 2023 2024 2140 2111
8465 4 2 1 1 2023 2111 2140 2110
8466 4 2 1 1 2023 2053 2052 2140
8467 4 2 1 1 2023 2139 2110 2140
8468 4 2 1 1 2023 2052 2139 2140
8469 4 2 1 1 2024 2025 2054 2141
8470 4 2 1 1 2024 2025 2141 2112
8471 4 2 1 1 2024 2112 2141 2111
8472 4 2 1 1 2024 2054 2053 2141
8473 4 2 1 1 2024 2140 2111 2141
8474 4 2 1 1 2024 2053 2140 2141
8475 4 2 1 1 2025 2026 2055 2142
8476 4 2 1 1 2025 2026 2142 2113
8477 4 2 1 1 2025 2113 2142 2112
8478 4 2 1 1 2025 2055 2054 2142
8479 4 2 1 1 2025 2141 2112 2142
8480 4 2 1 1 2025 2054 2141 2142
8481 4 2 2 2 2026 2027 2056 2143
8482 4 2 2 2 2026 2027 2143 2114
8483 4 2 2 2 2026 2114 2143 2113
8484 4 2 2 2 2026 2056 2055 2143
8485 4 2 2 2 2026 2142 2113 2143
8486 4 2 2 2 2026 2055 2142 2143
8487 4 2 2 2 2027 2028 2057 2144
8488 4 2 2 2 2027 2028 2144 2115
8489 4 2 2 2 2027 2115 2144 2114
8490 4 2 2 2 2027 2057 2056 2144
8491 4 2 2 2 2027 2143 2114 2144
8492 4 2 2 2 2027 2056 2143 2144
8493 4 2 2 2 2028 2029 2058 2145
8494 4 2 2 2 2028 2029 2145 2116
8495 4 2 2 2 2028 2116 2145 2115
8496 4 2 2 2 2028 2058 2057 2145
8497 4 2 2 2 2028 2144 2115 2145
8498 4 2 2 2 2028 2057 2144 2145
8499 4 2 2 2 2029 2030 2059 2146
8500 4 2 2 2 2029 2030 2146 2117
8501 4 2 2 2 2029 2117 2146 2116
8502 4 2 2 2 2029 2059 2058 2146
8503 4 2 2 2 2029 2145 2116 2146
8504 4 2 2 2 2029 2058 2145 2146
8505 4 2 1 1 2031 2032 2061 2148
8506 4 2 1 1 2031 2032 2148 2119
8507 4 2 1 1 2031 2119 2148 2118
8508 4 2 1 1 2031 2061 2060 2148
8509 4 2 1 1 2031 2147 2118 2148
8510 4 2 1 1 2031 2060 2147 2148
8511 4 2 1 1 2032 2033 2062 2149
8512 4 2 1 1 2032 2033 2149 2120
8513 4 2 1 1 2032 2120 2149 2119
8514 4 2 1 1 2032 2062 2061 2149
8515 4 2 1 1 2032 2148 2119 2149
8516 4 2 1 1 2032 2061 2148 2149
8517 4 2 1 1 2033 2034 2063 2150
8518 4 2 1 1 2033 2034 2150 2121
8519 4 2 1 1 2033 2121 2150 2120
8520 4 2 1 1 2033 2063 2062 2150
8521 4 2 1 1 2033 2149 2120 2150
8522 4 2 1 1 2033 2062 2149 2150
8523 4 2 1 1 2034 2035 2064 2151
8524 4 2 1 1 2034 2035 2151 2122
8525 4 2 1 1 2034 2122 2151 2121
8526 4 2 1 1 2034 2064 2063 2151
8527 4 2 1 1 2034 2150 2121 2151
8528 4 2 1 1 2034 2063 2150 2151
8529 4 2 1 1 2035 2036 2065 2152
8530 4 2 1 1 2035 2036 2152 2123
8531 4 2 1 1 2035 2123 2152 2122
8532 4 2 1 1 2035 2065 2064 2152
8533 4 2 1 1 2035 2151 2122 2152
8534 4 2 1 1 2035 2064 2151 2152
8535 4 2 1 1 2036 2037 2066 2153
8536 4 2 1 1 2036 2037 2153 2124
8537 4 2 1 1 2036 2124 2153 2123
8538 4 2 1 1 2036 2066 2065 2153
8539 4 2 1 1 2036 2152 2123 2153
8540 4 2 1 1 2036 2065 2152 2153
8541 4 2 1 1 2037 2038 2067 2154
8542 4 2 1 1 2037 2038 2154 2125
8543 4 2 1 1 2037 2125 2154 2124
8544 4 2 1 1 2037 2067 2066 2154
8545 4 2 1 1 2037 2153 2124 2154
8546 4 2 1 1 2037 2066 2153 2154
8547 4 2 1 1 2038 2039 2068 2155
8548 4 2 1 1 2038 2039 2155 2126
8549 4 2 1 1 2038 2126 2155 2125
8550 4 2 1 1 2038 2068 2067 2155
8551 4 2 1 1 2038 2154 2125 2155
8552 4 2 1 1 2038 2067 2154 2155
8553 4 2 1 1 2039 2040 2069 2156
8554 4 2 1 1 2039 2040 2156 2127
8555 4 2 1 1 2039 2127 2156 2126
8556 4 2 1 1 2039 2069 2068 2156
8557 4 2 1 1 2039 2155 2126 2156
8558 4 2 1 1 2039 2068 2155 2156
8559 4 2 1 1 2040 2041 2070 2157
8560 4 2 1 1 2040 2041 2157 2128
8561 4 2 1 1 2040 2128 2157 2127
8562 4 2 1 1 2040 2070 2069 2157
8563 4 2 1 1 2040 2156 2127 2157
8564 4 2 1 1 2040 2069 2156 2157
8565 4 2 1 1 2041 2042 2071 2158
8566 4 2 1 1 2041 2042 2158 2129
8567 4 2 1 1 2041 2129 2158 2128
8568 4 2 1 1 2041 2071 2070 2158
8569 4 2 1 1 2041 2157 2128 2158
8570 4 2 1 1 2041 2070 2157 2158
8571 4 2 1 1 2042 2043 2072 2159
8572 4 2 1 1 2042 2043 2159 2130
8573 4 2 1 1 2042 2130 2159 2129
8574 4 2 1 1 2042 2072 2071 2159
8575 4 2 1 1 2042 2158 2129 2159
8576 4 2 1 1 2042 2071 2158 2159
8577 4 2 1 1 2043 2044 2073 2160
8578 4 2 1 1 2043 2044 2160 2131
8579 4 2 1 1 2043 2131 2160 2130
8580 4 2 1 1 2043 2073 2072 2160
8581 4 2 1 1 2043 2159 2130 2160
8582 4 2 1 1 2043 2072 2159 2160
8583 4 2 1 1 2044 2045 2074 2161
8584 4 2 1 1 2044 2045 2161 2132
8585 4 2 1 1 2044 2132 2161 2131
8586 4 2 1 1 2044 2074 2073 2161
8587 4 2 1 1 2044 2160 2131 2161
8588 4 2 1 1 2044 2073 2160 2161
8589 4 2 1 1 2045 2046 2075 2162
8590 4 2 1 1 2045 2046 2162 2133
8591 4 2 1 1 2045 2133 2162 2132
8592 4 2 1 1 2045 2075 2074 2162
8593 4 2 1 1 2045 2161 2132 2162
8594 4 2 1 1 2045 2074 2161 2162
8595 4 2 1 1 2046 2047 2076 2163
8596 4 2 1 1 2046 2047 2163 2134
8597 4 2 1 1 2046 2134 2163 2133
8598 4 2 1 1 2046 2076 2075 2163
8599 4 2 1 1 2046 2162 2133 2163
8600 4 2 1 1 2046 2075 2162 2163
8601 4 2 1 1 2047 2048 2077 2164
8602 4 2 1 1 2047 2048 2164 2135
8603 4 2 1 1 2047 2135 2164 2134
8604 4 2 1 1 2047 2077 2076 2164
8605 4 2 1 1 2047 2163 2134 2164
8606 4 2 1 1 2047 2076 2163 2164
8607 4 2 1 1 2048 2049 2078 2165
8608 4 2 1 1 2048 2049 2165 2136
8609 4 2 1 1 2048 2136 2165 2135
8610 4 2 1 1 2048 2078 2077 2165
8611 4 2 1 1 2048 2164 2135 2165
8612 4 2 1 1 2048 2077 2164 2165
8613 4 2 1 1 2049 2050 2079 2166
8614 4 2 1 1 2049 2050 2166 2137
8615 4 2 1 1 2049 2137 2166 2136
8616 4 2 1 1 2049 2079 2078 2166
8617 4 2 1 1 2049 2165 2136 2166
8618 4 2 1 1 2049 2078 2165 2166
8619 4 2 1 1 2050 2051 2080 2167
8620 4 2 1 1 2050 2051 2167 2138
8621 4 2 1 1 2050 2138 2167 2137
8622 4 2 1 1 2050 2080 2079 2167
8623 4 2 1 1 2050 2166 2137 2167
8624 4 2 1 1 2050 2079 2166 2167
8625 4 2 1 1 2051 2052 2081 2168
8626 4 2 1 1 2051 2052 2168 2139
8627 4 2 1 1 2051 2139 2168 2138
8628 4 2 1 1 2051 2081 2080 2168
8629 4 2 1 1 2051 2167 2138 2168
8630 4 2 1 1 2051 2080 2167 2168
8631 4 2 1 1 2052 2053 2082 2169
8632 4 2 1 1 2052 2053 2169 2140
8633 4 2 1 1 2052 2140 2169 2139
8634 4 2 1 1 2052 2082 2081 2169
8635 4 2 1 1 2052 2168 2139 2169
8636 4 2 1 1 2052 2081 2168 2169
8637 4 2 1 1 2053 2054 2083 2170
8638 4 2 1 1 2053 2054 2170 2141
8639 4 2 1 1 2053 2141 2170 2140
8640 4 2 1 1 2053 2083 2082 2170
8641 4 2 1 1 2053 2169 2140 2170
8642 4 2 1 1 2053 2082 2169 2170
8643 4 2 1 1 2054 2055 2084 2171
8644 4 2 1 1 2054 2055 2171 2142
8645 4 2 1 1 2054 2142 2171 2141
8646 4 2 1 1 2054 2084 2083 2171
8647 4 2 1 1 2054 2170 2141 2171
8648 4 2 1 1 2054 2083 2170 2171
8649 4 2 2 2 2055 2056 2085 2172
8650 4 2 2 2 2055 2056 2172 2143
8651 4 2 2 2 2055 2143 2172 2142
8652 4 2 2 2 2055 2085 2084 2172
8653 4 2 2 2 2055 2171 2142 2172
8654 4 2 2 2 2055 2084 2171 2172
8655 4 2 2 2 2056 2057 2086 2173
8656 4 2 2 2 2056 2057 2173 2144
8657 4 2 2 2 2056 2144 2173 2143
8658 4 2 2 2 2056 2086 2085 2173
8659 4 2 2 2 2056 2172 2143 2173
8660 4 2 2 2 2056 2085 2172 2173
8661 4 2 2 2 2057 2058 2087 2174
8662 4 2 2 2 2057 2058 2174 2145
8663 4 2 2 2 2057 2145 2174 2144
8664 4 2 2 2 2057 2087 2086 2174
8665 4 2 2 2 2057 2173 2144 2174
8666 4 2 2 2 2057 2086 2173 2174
8667 4 2 2 2 2058 2059 2088 2175
8668 4 2 2 2 2058 2059 2175 2146
8669 4 2 2 2 2058 2146 2175 2145
8670 4 2 2 2 2058 2088 2087 2175
8671 4 2 2 2 2058 2174 2145 2175
8672 4 2 2 2 2058 2087 2174 2175
$EndElements
