$MeshFormat
2.2 0 8
$EndMeshFormat
$Nodes
1875
1 0 0 0
2 0 0 4.166666666666667e-05
3 0 0 8.333333333333333e-05
4 0 0 0.000125
5 0 0 0.0001666666666666667
6 0 0 0.0002083333333333333
7 0 0 0.00025
8 0 0 0.0002916666666666667
9 0 0 0.0003333333333333333
10 0 0 0.0003750000000000001
11 0 0 0.0004166666666666667
12 0 0 0.0004583333333333333
13 0 0 0.0005
14 0 0 0.0005416666666666668
15 0 0 0.0005833333333333334
16 0 0 0.000625
17 0 0 0.0006666666666666666
18 0 0 0.0007083333333333334
19 0 0 0.0007500000000000001
20 0 0 0.0007916666666666666
21 0 0 0.0008333333333333334
22 0 0 0.000875
23 0 0 0.0009166666666666666
24 0 0 0.0009583333333333333
25 0 0 0.001
26 0 0.000125 0
27 0 0.000125 4.166666666666667e-05
28 0 0.000125 8.333333333333333e-05
29 0 0.000125 0.000125
30 0 0.000125 0.0001666666666666667
31 0 0.000125 0.0002083333333333333
32 0 0.000125 0.00025
33 0 0.000125 0.0002916666666666667
34 0 0.000125 0.0003333333333333333
35 0 0.000125 0.0003750000000000001
36 0 0.000125 0.0004166666666666667
37 0 0.000125 0.0004583333333333333
38 0 0.000125 0.0005
39 0 0.000125 0.0005416666666666668
40 0 0.000125 0.0005833333333333334
41 0 0.000125 0.000625
42 0 0.000125 0.0006666666666666666
43 0 0.000125 0.0007083333333333334
44 0 0.000125 0.0007500000000000001
45 0 0.000125 0.0007916666666666666
46 0 0.000125 0.0008333333333333334
47 0 0.000125 0.000875
48 0 0.000125 0.0009166666666666666
49 0 0.000125 0.0009583333333333333
50 0 0.000125 0.001
51 0 0.00025 0
52 0 0.00025 4.166666666666667e-05
53 0 0.00025 8.333333333333333e-05
54 0 0.00025 0.000125
55 0 0.00025 0.0001666666666666667
56 0 0.00025 0.0002083333333333333
57 0 0.00025 0.00025
58 0 0.00025 0.0002916666666666667
59 0 0.00025 0.0003333333333333333
60 0 0.00025 0.0003750000000000001
61 0 0.00025 0.0004166666666666667
62 0 0.00025 0.0004583333333333333
63 0 0.00025 0.0005
64 0 0.00025 0.0005416666666666668
65 0 0.00025 0.0005833333333333334
66 0 0.00025 0.000625
67 0 0.00025 0.0006666666666666666
68 0 0.00025 0.0007083333333333334
69 0 0.00025 0.0007500000000000001
70 0 0.00025 0.0007916666666666666
71 0 0.00025 0.0008333333333333334
72 0 0.00025 0.000875
73 0 0.00025 0.0009166666666666666
74 0 0.00025 0.0009583333333333333
75 0 0.00025 0.001
76 8.333333333333333e-05 0 0
77 8.333333333333333e-05 0 4.166666666666667e-05
78 8.333333333333333e-05 0 8.333333333333333e-05
79 8.333333333333333e-05 0 0.000125
80 8.333333333333333e-05 0 0.0001666666666666667
81 8.333333333333333e-05 0 0.0002083333333333333
82 8.333333333333333e-05 0 0.00025
83 8.333333333333333e-05 0 0.0002916666666666667
84 8.333333333333333e-05 0 0.0003333333333333333
85 8.333333333333333e-05 0 0.0003750000000000001
86 8.333333333333333e-05 0 0.0004166666666666667
87 8.333333333333333e-05 0 0.0004583333333333333
88 8.333333333333333e-05 0 0.0005
89 8.333333333333333e-05 0 0.0005416666666666668
90 8.333333333333333e-05 0 0.0005833333333333334
91 8.333333333333333e-05 0 0.000625
92 8.333333333333333e-05 0 0.0006666666666666666
93 8.333333333333333e-05 0 0.0007083333333333334
94 8.333333333333333e-05 0 0.0007500000000000001
95 8.333333333333333e-05 0 0.0007916666666666666
96 8.333333333333333e-05 0 0.0008333333333333334
97 8.333333333333333e-05 0 0.000875
98 8.333333333333333e-05 0 0.0009166666666666666
99 8.333333333333333e-05 0 0.0009583333333333333
100 8.333333333333333e-05 0 0.001
101 8.333333333333333e-05 0.000125 0
102 8.333333333333333e-05 0.000125 4.166666666666667e-05
103 8.333333333333333e-05 0.000125 8.333333333333333e-05
104 8.333333333333333e-05 0.000125 0.000125
105 8.333333333333333e-05 0.000125 0.0001666666666666667
106 8.333333333333333e-05 0.000125 0.0002083333333333333
107 8.333333333333333e-05 0.000125 0.00025
108 8.333333333333333e-05 0.000125 0.0002916666666666667
109 8.333333333333333e-05 0.000125 0.0003333333333333333
110 8.333333333333333e-05 0.000125 0.0003750000000000001
111 8.333333333333333e-05 0.000125 0.0004166666666666667
112 8.333333333333333e-05 0.000125 0.0004583333333333333
113 8.333333333333333e-05 0.000125 0.0005
114 8.333333333333333e-05 0.000125 0.0005416666666666668
115 8.333333333333333e-05 0.000125 0.0005833333333333334
116 8.333333333333333e-05 0.000125 0.000625
117 8.333333333333333e-05 0.000125 0.0006666666666666666
118 8.333333333333333e-05 0.000125 0.0007083333333333334
119 8.333333333333333e-05 0.000125 0.0007500000000000001
120 8.333333333333333e-05 0.000125 0.0007916666666666666
121 8.333333333333333e-05 0.000125 0.0008333333333333334
122 8.333333333333333e-05 0.000125 0.000875
123 8.333333333333333e-05 0.000125 0.0009166666666666666
124 8.333333333333333e-05 0.000125 0.0009583333333333333
125 8.333333333333333e-05 0.000125 0.001
126 8.333333333333333e-05 0.00025 0
127 8.333333333333333e-05 0.00025 4.166666666666667e-05
128 8.333333333333333e-05 0.00025 8.333333333333333e-05
129 8.333333333333333e-05 0.00025 0.000125
130 8.333333333333333e-05 0.00025 0.0001666666666666667
131 8.333333333333333e-05 0.00025 0.0002083333333333333
132 8.333333333333333e-05 0.00025 0.00025
133 8.333333333333333e-05 0.00025 0.0002916666666666667
134 8.333333333333333e-05 0.00025 0.0003333333333333333
135 8.333333333333333e-05 0.00025 0.0003750000000000001
136 8.333333333333333e-05 0.00025 0.0004166666666666667
137 8.333333333333333e-05 0.00025 0.0004583333333333333
138 8.333333333333333e-05 0.00025 0.0005
139 8.333333333333333e-05 0.00025 0.0005416666666666668
140 8.333333333333333e-05 0.00025 0.0005833333333333334
141 8.333333333333333e-05 0.00025 0.000625
142 8.333333333333333e-05 0.00025 0.0006666666666666666
143 8.333333333333333e-05 0.00025 0.0007083333333333334
144 8.333333333333333e-05 0.00025 0.0007500000000000001
145 8.333333333333333e-05 0.00025 0.0007916666666666666
146 8.333333333333333e-05 0.00025 0.0008333333333333334
147 8.333333333333333e-05 0.00025 0.000875
148 8.333333333333333e-05 0.00025 0.0009166666666666666
149 8.333333333333333e-05 0.00025 0.0009583333333333333
150 8.333333333333333e-05 0.00025 0.001
151 0.0001666666666666667 0 0
152 0.0001666666666666667 0 4.166666666666667e-05
153 0.0001666666666666667 0 8.333333333333333e-05
154 0.0001666666666666667 0 0.000125
155 0.0001666666666666667 0 0.0001666666666666667
156 0.0001666666666666667 0 0.0002083333333333333
157 0.0001666666666666667 0 0.00025
158 0.0001666666666666667 0 0.0002916666666666667
159 0.0001666666666666667 0 0.0003333333333333333
160 0.0001666666666666667 0 0.0003750000000000001
161 0.0001666666666666667 0 0.0004166666666666667
162 0.0001666666666666667 0 0.0004583333333333333
163 0.0001666666666666667 0 0.0005
164 0.0001666666666666667 0 0.0005416666666666668
165 0.0001666666666666667 0 0.0005833333333333334
166 0.0001666666666666667 0 0.000625
167 0.0001666666666666667 0 0.0006666666666666666
168 0.0001666666666666667 0 0.0007083333333333334
169 0.0001666666666666667 0 0.0007500000000000001
170 0.0001666666666666667 0 0.0007916666666666666
171 0.0001666666666666667 0 0.0008333333333333334
172 0.0001666666666666667 0 0.000875
173 0.0001666666666666667 0 0.0009166666666666666
174 0.0001666666666666667 0 0.0009583333333333333
175 0.0001666666666666667 0 0.001
176 0.0001666666666666667 0.000125 0
177 0.0001666666666666667 0.000125 4.166666666666667e-05
178 0.0001666666666666667 0.000125 8.333333333333333e-05
179 0.0001666666666666667 0.000125 0.000125
180 0.0001666666666666667 0.000125 0.0001666666666666667
181 0.0001666666666666667 0.000125 0.0002083333333333333
182 0.0001666666666666667 0.000125 0.00025
183 0.0001666666666666667 0.000125 0.0002916666666666667
184 0.0001666666666666667 0.000125 0.0003333333333333333
185 0.0001666666666666667 0.000125 0.0003750000000000001
186 0.0001666666666666667 0.000125 0.0004166666666666667
187 0.0001666666666666667 0.000125 0.0004583333333333333
188 0.0001666666666666667 0.000125 0.0005
189 0.0001666666666666667 0.000125 0.0005416666666666668
190 0.0001666666666666667 0.000125 0.0005833333333333334
191 0.0001666666666666667 0.000125 0.000625
192 0.0001666666666666667 0.000125 0.0006666666666666666
193 0.0001666666666666667 0.000125 0.0007083333333333334
194 0.0001666666666666667 0.000125 0.0007500000000000001
195 0.0001666666666666667 0.000125 0.0007916666666666666
196 0.0001666666666666667 0.000125 0.0008333333333333334
197 0.0001666666666666667 0.000125 0.000875
198 0.0001666666666666667 0.000125 0.0009166666666666666
199 0.0001666666666666667 0.000125 0.0009583333333333333
200 0.0001666666666666667 0.000125 0.001
201 0.0001666666666666667 0.00025 0
202 0.0001666666666666667 0.00025 4.166666666666667e-05
203 0.0001666666666666667 0.00025 8.333333333333333e-05
204 0.0001666666666666667 0.00025 0.000125
205 0.0001666666666666667 0.00025 0.0001666666666666667
206 0.0001666666666666667 0.00025 0.0002083333333333333
207 0.0001666666666666667 0.00025 0.00025
208 0.0001666666666666667 0.00025 0.0002916666666666667
209 0.0001666666666666667 0.00025 0.0003333333333333333
210 0.0001666666666666667 0.00025 0.0003750000000000001
211 0.0001666666666666667 0.00025 0.0004166666666666667
212 0.0001666666666666667 0.00025 0.0004583333333333333
213 0.0001666666666666667 0.00025 0.0005
214 0.0001666666666666667 0.00025 0.0005416666666666668
215 0.0001666666666666667 0.00025 0.0005833333333333334
216 0.0001666666666666667 0.00025 0.000625
217 0.0001666666666666667 0.00025 0.0006666666666666666
218 0.0001666666666666667 0.00025 0.0007083333333333334
219 0.0001666666666666667 0.00025 0.0007500000000000001
220 0.0001666666666666667 0.00025 0.0007916666666666666
221 0.0001666666666666667 0.00025 0.0008333333333333334
222 0.0001666666666666667 0.00025 0.000875
223 0.0001666666666666667 0.00025 0.0009166666666666666
224 0.0001666666666666667 0.00025 0.0009583333333333333
225 0.0001666666666666667 0.00025 0.001
226 0.00025 0 0
227 0.00025 0 4.166666666666667e-05
228 0.00025 0 8.333333333333333e-05
229 0.00025 0 0.000125
230 0.00025 0 0.0001666666666666667
231 0.00025 0 0.0002083333333333333
232 0.00025 0 0.00025
233 0.00025 0 0.0002916666666666667
234 0.00025 0 0.0003333333333333333
235 0.00025 0 0.0003750000000000001
236 0.00025 0 0.0004166666666666667
237 0.00025 0 0.0004583333333333333
238 0.00025 0 0.0005
239 0.00025 0 0.0005416666666666668
240 0.00025 0 0.0005833333333333334
241 0.00025 0 0.000625
242 0.00025 0 0.0006666666666666666
243 0.00025 0 0.0007083333333333334
244 0.00025 0 0.0007500000000000001
245 0.00025 0 0.0007916666666666666
246 0.00025 0 0.0008333333333333334
247 0.00025 0 0.000875
248 0.00025 0 0.0009166666666666666
249 0.00025 0 0.0009583333333333333
250 0.00025 0 0.001
251 0.00025 0.000125 0
252 0.00025 0.000125 4.166666666666667e-05
253 0.00025 0.000125 8.333333333333333e-05
254 0.00025 0.000125 0.000125
255 0.00025 0.000125 0.0001666666666666667
256 0.00025 0.000125 0.0002083333333333333
257 0.00025 0.000125 0.00025
258 0.00025 0.000125 0.0002916666666666667
259 0.00025 0.000125 0.0003333333333333333
260 0.00025 0.000125 0.0003750000000000001
261 0.00025 0.000125 0.0004166666666666667
262 0.00025 0.000125 0.0004583333333333333
263 0.00025 0.000125 0.0005
264 0.00025 0.000125 0.0005416666666666668
265 0.00025 0.000125 0.0005833333333333334
266 0.00025 0.000125 0.000625
267 0.00025 0.000125 0.0006666666666666666
268 0.00025 0.000125 0.0007083333333333334
269 0.00025 0.000125 0.0007500000000000001
270 0.00025 0.000125 0.0007916666666666666
271 0.00025 0.000125 0.0008333333333333334
272 0.00025 0.000125 0.000875
273 0.00025 0.000125 0.0009166666666666666
274 0.00025 0.000125 0.0009583333333333333
275 0.00025 0.000125 0.001
276 0.00025 0.00025 0
277 0.00025 0.00025 4.166666666666667e-05
278 0.00025 0.00025 8.333333333333333e-05
279 0.00025 0.00025 0.000125
280 0.00025 0.00025 0.0001666666666666667
281 0.00025 0.00025 0.0002083333333333333
282 0.00025 0.00025 0.00025
283 0.00025 0.00025 0.0002916666666666667
284 0.00025 0.00025 0.0003333333333333333
285 0.00025 0.00025 0.0003750000000000001
286 0.00025 0.00025 0.0004166666666666667
287 0.00025 0.00025 0.0004583333333333333
288 0.00025 0.00025 0.0005
289 0.00025 0.00025 0.0005416666666666668
290 0.00025 0.00025 0.0005833333333333334
291 0.00025 0.00025 0.000625
292 0.00025 0.00025 0.0006666666666666666
293 0.00025 0.00025 0.0007083333333333334
294 0.00025 0.00025 0.0007500000000000001
295 0.00025 0.00025 0.0007916666666666666
296 0.00025 0.00025 0.0008333333333333334
297 0.00025 0.00025 0.000875
298 0.00025 0.00025 0.0009166666666666666
299 0.00025 0.00025 0.0009583333333333333
300 0.00025 0.00025 0.001
301 0.0003333333333333333 0 0
302 0.0003333333333333333 0 4.166666666666667e-05
303 0.0003333333333333333 0 8.333333333333333e-05
304 0.0003333333333333333 0 0.000125
305 0.0003333333333333333 0 0.0001666666666666667
306 0.0003333333333333333 0 0.0002083333333333333
307 0.0003333333333333333 0 0.00025
308 0.0003333333333333333 0 0.0002916666666666667
309 0.0003333333333333333 0 0.0003333333333333333
310 0.0003333333333333333 0 0.0003750000000000001
311 0.0003333333333333333 0 0.0004166666666666667
312 0.0003333333333333333 0 0.0004583333333333333
313 0.0003333333333333333 0 0.0005
314 0.0003333333333333333 0 0.0005416666666666668
315 0.0003333333333333333 0 0.0005833333333333334
316 0.0003333333333333333 0 0.000625
317 0.0003333333333333333 0 0.0006666666666666666
318 0.0003333333333333333 0 0.0007083333333333334
319 0.0003333333333333333 0 0.0007500000000000001
320 0.0003333333333333333 0 0.0007916666666666666
321 0.0003333333333333333 0 0.0008333333333333334
322 0.0003333333333333333 0 0.000875
323 0.0003333333333333333 0 0.0009166666666666666
324 0.0003333333333333333 0 0.0009583333333333333
325 0.0003333333333333333 0 0.001
326 0.0003333333333333333 0.000125 0
327 0.0003333333333333333 0.000125 4.166666666666667e-05
328 0.0003333333333333333 0.000125 8.333333333333333e-05
329 0.0003333333333333333 0.000125 0.000125
330 0.0003333333333333333 0.000125 0.0001666666666666667
331 0.0003333333333333333 0.000125 0.0002083333333333333
332 0.0003333333333333333 0.000125 0.00025
333 0.0003333333333333333 0.000125 0.0002916666666666667
334 0.0003333333333333333 0.000125 0.0003333333333333333
335 0.0003333333333333333 0.000125 0.0003750000000000001
336 0.0003333333333333333 0.000125 0.0004166666666666667
337 0.0003333333333333333 0.000125 0.0004583333333333333
338 0.0003333333333333333 0.000125 0.0005
339 0.0003333333333333333 0.000125 0.0005416666666666668
340 0.0003333333333333333 0.000125 0.0005833333333333334
341 0.0003333333333333333 0.000125 0.000625
342 0.0003333333333333333 0.000125 0.0006666666666666666
343 0.0003333333333333333 0.000125 0.0007083333333333334
344 0.0003333333333333333 0.000125 0.0007500000000000001
345 0.0003333333333333333 0.000125 0.0007916666666666666
346 0.0003333333333333333 0.000125 0.0008333333333333334
347 0.0003333333333333333 0.000125 0.000875
348 0.0003333333333333333 0.000125 0.0009166666666666666
349 0.0003333333333333333 0.000125 0.0009583333333333333
350 0.0003333333333333333 0.000125 0.001
351 0.0003333333333333333 0.00025 0
352 0.0003333333333333333 0.00025 4.166666666666667e-05
353 0.0003333333333333333 0.00025 8.333333333333333e-05
354 0.0003333333333333333 0.00025 0.000125
355 0.0003333333333333333 0.00025 0.0001666666666666667
356 0.0003333333333333333 0.00025 0.0002083333333333333
357 0.0003333333333333333 0.00025 0.00025
358 0.0003333333333333333 0.00025 0.0002916666666666667
359 0.0003333333333333333 0.00025 0.0003333333333333333
360 0.0003333333333333333 0.00025 0.0003750000000000001
361 0.0003333333333333333 0.00025 0.0004166666666666667
362 0.0003333333333333333 0.00025 0.0004583333333333333
363 0.0003333333333333333 0.00025 0.0005
364 0.0003333333333333333 0.00025 0.0005416666666666668
365 0.0003333333333333333 0.00025 0.0005833333333333334
366 0.0003333333333333333 0.00025 0.000625
367 0.0003333333333333333 0.00025 0.0006666666666666666
368 0.0003333333333333333 0.00025 0.0007083333333333334
369 0.0003333333333333333 0.00025 0.0007500000000000001
370 0.0003333333333333333 0.00025 0.0007916666666666666
371 0.0003333333333333333 0.00025 0.0008333333333333334
372 0.0003333333333333333 0.00025 0.000875
373 0.0003333333333333333 0.00025 0.0009166666666666666
374 0.0003333333333333333 0.00025 0.0009583333333333333
375 0.0003333333333333333 0.00025 0.001
376 0.0004166666666666667 0 0
377 0.0004166666666666667 0 4.166666666666667e-05
378 0.0004166666666666667 0 8.333333333333333e-05
379 0.0004166666666666667 0 0.000125
380 0.0004166666666666667 0 0.0001666666666666667
381 0.0004166666666666667 0 0.0002083333333333333
382 0.0004166666666666667 0 0.00025
383 0.0004166666666666667 0 0.0002916666666666667
384 0.0004166666666666667 0 0.0003333333333333333
385 0.0004166666666666667 0 0.0003750000000000001
386 0.0004166666666666667 0 0.0004166666666666667
387 0.0004166666666666667 0 0.0004583333333333333
388 0.0004166666666666667 0 0.0005
389 0.0004166666666666667 0 0.0005416666666666668
390 0.0004166666666666667 0 0.0005833333333333334
391 0.0004166666666666667 0 0.000625
392 0.0004166666666666667 0 0.0006666666666666666
393 0.0004166666666666667 0 0.0007083333333333334
394 0.0004166666666666667 0 0.0007500000000000001
395 0.0004166666666666667 0 0.0007916666666666666
396 0.0004166666666666667 0 0.0008333333333333334
397 0.0004166666666666667 0 0.000875
398 0.0004166666666666667 0 0.0009166666666666666
399 0.0004166666666666667 0 0.0009583333333333333
400 0.0004166666666666667 0 0.001
401 0.0004166666666666667 0.000125 0
402 0.0004166666666666667 0.000125 4.166666666666667e-05
403 0.0004166666666666667 0.000125 8.333333333333333e-05
404 0.0004166666666666667 0.000125 0.000125
405 0.0004166666666666667 0.000125 0.0001666666666666667
406 0.0004166666666666667 0.000125 0.0002083333333333333
407 0.0004166666666666667 0.000125 0.00025
408 0.0004166666666666667 0.000125 0.0002916666666666667
409 0.0004166666666666667 0.000125 0.0003333333333333333
410 0.0004166666666666667 0.000125 0.0003750000000000001
411 0.0004166666666666667 0.000125 0.0004166666666666667
412 0.0004166666666666667 0.000125 0.0004583333333333333
413 0.0004166666666666667 0.000125 0.0005
414 0.0004166666666666667 0.000125 0.0005416666666666668
415 0.0004166666666666667 0.000125 0.0005833333333333334
416 0.0004166666666666667 0.000125 0.000625
417 0.0004166666666666667 0.000125 0.0006666666666666666
418 0.0004166666666666667 0.000125 0.0007083333333333334
419 0.0004166666666666667 0.000125 0.0007500000000000001
420 0.0004166666666666667 0.000125 0.0007916666666666666
421 0.0004166666666666667 0.000125 0.0008333333333333334
422 0.0004166666666666667 0.000125 0.000875
423 0.0004166666666666667 0.000125 0.0009166666666666666
424 0.0004166666666666667 0.000125 0.0009583333333333333
425 0.0004166666666666667 0.000125 0.001
426 0.0004166666666666667 0.00025 0
427 0.0004166666666666667 0.00025 4.166666666666667e-05
428 0.0004166666666666667 0.00025 8.333333333333333e-05
429 0.0004166666666666667 0.00025 0.000125
430 0.0004166666666666667 0.00025 0.0001666666666666667
431 0.0004166666666666667 0.00025 0.0002083333333333333
432 0.0004166666666666667 0.00025 0.00025
433 0.0004166666666666667 0.00025 0.0002916666666666667
434 0.0004166666666666667 0.00025 0.0003333333333333333
435 0.0004166666666666667 0.00025 0.0003750000000000001
436 0.0004166666666666667 0.00025 0.0004166666666666667
437 0.0004166666666666667 0.00025 0.0004583333333333333
438 0.0004166666666666667 0.00025 0.0005
439 0.0004166666666666667 0.00025 0.0005416666666666668
440 0.0004166666666666667 0.00025 0.0005833333333333334
441 0.0004166666666666667 0.00025 0.000625
442 0.0004166666666666667 0.00025 0.0006666666666666666
443 0.0004166666666666667 0.00025 0.0007083333333333334
444 0.0004166666666666667 0.00025 0.0007500000000000001
445 0.0004166666666666667 0.00025 0.0007916666666666666
446 0.0004166666666666667 0.00025 0.0008333333333333334
447 0.0004166666666666667 0.00025 0.000875
448 0.0004166666666666667 0.00025 0.0009166666666666666
449 0.0004166666666666667 0.00025 0.0009583333333333333
450 0.0004166666666666667 0.00025 0.001
451 0.0005 0 0
452 0.0005 0 4.166666666666667e-05
453 0.0005 0 8.333333333333333e-05
454 0.0005 0 0.000125
455 0.0005 0 0.0001666666666666667
456 0.0005 0 0.0002083333333333333
457 0.0005 0 0.00025
458 0.0005 0 0.0002916666666666667
459 0.0005 0 0.0003333333333333333
460 0.0005 0 0.0003750000000000001
461 0.0005 0 0.0004166666666666667
462 0.0005 0 0.0004583333333333333
463 0.0005 0 0.0005
464 0.0005 0 0.0005416666666666668
465 0.0005 0 0.0005833333333333334
466 0.0005 0 0.000625
467 0.0005 0 0.0006666666666666666
468 0.0005 0 0.0007083333333333334
469 0.0005 0 0.0007500000000000001
470 0.0005 0 0.0007916666666666666
471 0.0005 0 0.0008333333333333334
472 0.0005 0 0.000875
473 0.0005 0 0.0009166666666666666
474 0.0005 0 0.0009583333333333333
475 0.0005 0 0.001
476 0.0005 0.000125 0
477 0.0005 0.000125 4.166666666666667e-05
478 0.0005 0.000125 8.333333333333333e-05
479 0.0005 0.000125 0.000125
480 0.0005 0.000125 0.0001666666666666667
481 0.0005 0.000125 0.0002083333333333333
482 0.0005 0.000125 0.00025
483 0.0005 0.000125 0.0002916666666666667
484 0.0005 0.000125 0.0003333333333333333
485 0.0005 0.000125 0.0003750000000000001
486 0.0005 0.000125 0.0004166666666666667
487 0.0005 0.000125 0.0004583333333333333
488 0.0005 0.000125 0.0005
489 0.0005 0.000125 0.0005416666666666668
490 0.0005 0.000125 0.0005833333333333334
491 0.0005 0.000125 0.000625
492 0.0005 0.000125 0.0006666666666666666
493 0.0005 0.000125 0.0007083333333333334
494 0.0005 0.000125 0.0007500000000000001
495 0.0005 0.000125 0.0007916666666666666
496 0.0005 0.000125 0.0008333333333333334
497 0.0005 0.000125 0.000875
498 0.0005 0.000125 0.0009166666666666666
499 0.0005 0.000125 0.0009583333333333333
500 0.0005 0.000125 0.001
501 0.0005 0.00025 0
502 0.0005 0.00025 4.166666666666667e-05
503 0.0005 0.00025 8.333333333333333e-05
504 0.0005 0.00025 0.000125
505 0.0005 0.00025 0.0001666666666666667
506 0.0005 0.00025 0.0002083333333333333
507 0.0005 0.00025 0.00025
508 0.0005 0.00025 0.0002916666666666667
509 0.0005 0.00025 0.0003333333333333333
510 0.0005 0.00025 0.0003750000000000001
511 0.0005 0.00025 0.0004166666666666667
512 0.0005 0.00025 0.0004583333333333333
513 0.0005 0.00025 0.0005
514 0.0005 0.00025 0.0005416666666666668
515 0.0005 0.00025 0.0005833333333333334
516 0.0005 0.00025 0.000625
517 0.0005 0.00025 0.0006666666666666666
518 0.0005 0.00025 0.0007083333333333334
519 0.0005 0.00025 0.0007500000000000001
520 0.0005 0.00025 0.0007916666666666666
521 0.0005 0.00025 0.0008333333333333334
522 0.0005 0.00025 0.000875
523 0.0005 0.00025 0.0009166666666666666
524 0.0005 0.00025 0.0009583333333333333
525 0.0005 0.00025 0.001
526 0.0005833333333333334 0 0
527 0.0005833333333333334 0 4.166666666666667e-05
528 0.0005833333333333334 0 8.333333333333333e-05
529 0.0005833333333333334 0 0.000125
530 0.0005833333333333334 0 0.0001666666666666667
531 0.0005833333333333334 0 0.0002083333333333333
532 0.0005833333333333334 0 0.00025
533 0.0005833333333333334 0 0.0002916666666666667
534 0.0005833333333333334 0 0.0003333333333333333
535 0.0005833333333333334 0 0.0003750000000000001
536 0.0005833333333333334 0 0.0004166666666666667
537 0.0005833333333333334 0 0.0004583333333333333
538 0.0005833333333333334 0 0.0005
539 0.0005833333333333334 0 0.0005416666666666668
540 0.0005833333333333334 0 0.0005833333333333334
541 0.0005833333333333334 0 0.000625
542 0.0005833333333333334 0 0.0006666666666666666
543 0.0005833333333333334 0 0.0007083333333333334
544 0.0005833333333333334 0 0.0007500000000000001
545 0.0005833333333333334 0 0.0007916666666666666
546 0.0005833333333333334 0 0.0008333333333333334
547 0.0005833333333333334 0 0.000875
548 0.0005833333333333334 0 0.0009166666666666666
549 0.0005833333333333334 0 0.0009583333333333333
550 0.0005833333333333334 0 0.001
551 0.0005833333333333334 0.000125 0
552 0.0005833333333333334 0.000125 4.166666666666667e-05
553 0.0005833333333333334 0.000125 8.333333333333333e-05
554 0.0005833333333333334 0.000125 0.000125
555 0.0005833333333333334 0.000125 0.0001666666666666667
556 0.0005833333333333334 0.000125 0.0002083333333333333
557 0.0005833333333333334 0.000125 0.00025
558 0.0005833333333333334 0.000125 0.0002916666666666667
559 0.0005833333333333334 0.000125 0.0003333333333333333
560 0.0005833333333333334 0.000125 0.0003750000000000001
561 0.0005833333333333334 0.000125 0.0004166666666666667
562 0.0005833333333333334 0.000125 0.0004583333333333333
563 0.0005833333333333334 0.000125 0.0005
564 0.0005833333333333334 0.000125 0.0005416666666666668
565 0.0005833333333333334 0.000125 0.0005833333333333334
566 0.0005833333333333334 0.000125 0.000625
567 0.0005833333333333334 0.000125 0.0006666666666666666
568 0.0005833333333333334 0.000125 0.0007083333333333334
569 0.0005833333333333334 0.000125 0.0007500000000000001
570 0.0005833333333333334 0.000125 0.0007916666666666666
571 0.0005833333333333334 0.000125 0.0008333333333333334
572 0.0005833333333333334 0.000125 0.000875
573 0.0005833333333333334 0.000125 0.0009166666666666666
574 0.0005833333333333334 0.000125 0.0009583333333333333
575 0.0005833333333333334 0.000125 0.001
576 0.0005833333333333334 0.00025 0
577 0.0005833333333333334 0.00025 4.166666666666667e-05
578 0.0005833333333333334 0.00025 8.333333333333333e-05
579 0.0005833333333333334 0.00025 0.000125
580 0.0005833333333333334 0.00025 0.0001666666666666667
581 0.0005833333333333334 0.00025 0.0002083333333333333
582 0.0005833333333333334 0.00025 0.00025
583 0.0005833333333333334 0.00025 0.0002916666666666667
584 0.0005833333333333334 0.00025 0.0003333333333333333
585 0.0005833333333333334 0.00025 0.0003750000000000001
586 0.0005833333333333334 0.00025 0.0004166666666666667
587 0.0005833333333333334 0.00025 0.0004583333333333333
588 0.0005833333333333334 0.00025 0.0005
589 0.0005833333333333334 0.00025 0.0005416666666666668
590 0.0005833333333333334 0.00025 0.0005833333333333334
591 0.0005833333333333334 0.00025 0.000625
592 0.0005833333333333334 0.00025 0.0006666666666666666
593 0.0005833333333333334 0.00025 0.0007083333333333334
594 0.0005833333333333334 0.00025 0.0007500000000000001
595 0.0005833333333333334 0.00025 0.0007916666666666666
596 0.0005833333333333334 0.00025 0.0008333333333333334
597 0.0005833333333333334 0.00025 0.000875
598 0.0005833333333333334 0.00025 0.0009166666666666666
599 0.0005833333333333334 0.00025 0.0009583333333333333
600 0.0005833333333333334 0.00025 0.001
601 0.0006666666666666666 0 0
602 0.0006666666666666666 0 4.166666666666667e-05
603 0.0006666666666666666 0 8.333333333333333e-05
604 0.0006666666666666666 0 0.000125
605 0.0006666666666666666 0 0.0001666666666666667
606 0.0006666666666666666 0 0.0002083333333333333
607 0.0006666666666666666 0 0.00025
608 0.0006666666666666666 0 0.0002916666666666667
609 0.0006666666666666666 0 0.0003333333333333333
610 0.0006666666666666666 0 0.0003750000000000001
611 0.0006666666666666666 0 0.0004166666666666667
612 0.0006666666666666666 0 0.0004583333333333333
613 0.0006666666666666666 0 0.0005
614 0.0006666666666666666 0 0.0005416666666666668
615 0.0006666666666666666 0 0.0005833333333333334
616 0.0006666666666666666 0 0.000625
617 0.0006666666666666666 0 0.0006666666666666666
618 0.0006666666666666666 0 0.0007083333333333334
619 0.0006666666666666666 0 0.0007500000000000001
620 0.0006666666666666666 0 0.0007916666666666666
621 0.0006666666666666666 0 0.0008333333333333334
622 0.0006666666666666666 0 0.000875
623 0.0006666666666666666 0 0.0009166666666666666
624 0.0006666666666666666 0 0.0009583333333333333
625 0.0006666666666666666 0 0.001
626 0.0006666666666666666 0.000125 0
627 0.0006666666666666666 0.000125 4.166666666666667e-05
628 0.0006666666666666666 0.000125 8.333333333333333e-05
629 0.0006666666666666666 0.000125 0.000125
630 0.0006666666666666666 0.000125 0.0001666666666666667
631 0.0006666666666666666 0.000125 0.0002083333333333333
632 0.0006666666666666666 0.000125 0.00025
633 0.0006666666666666666 0.000125 0.0002916666666666667
634 0.0006666666666666666 0.000125 0.0003333333333333333
635 0.0006666666666666666 0.000125 0.0003750000000000001
636 0.0006666666666666666 0.000125 0.0004166666666666667
637 0.0006666666666666666 0.000125 0.0004583333333333333
638 0.0006666666666666666 0.000125 0.0005
639 0.0006666666666666666 0.000125 0.0005416666666666668
640 0.0006666666666666666 0.000125 0.0005833333333333334
641 0.0006666666666666666 0.000125 0.000625
642 0.0006666666666666666 0.000125 0.0006666666666666666
643 0.0006666666666666666 0.000125 0.0007083333333333334
644 0.0006666666666666666 0.000125 0.0007500000000000001
645 0.0006666666666666666 0.000125 0.0007916666666666666
646 0.0006666666666666666 0.000125 0.0008333333333333334
647 0.0006666666666666666 0.000125 0.000875
648 0.0006666666666666666 0.000125 0.0009166666666666666
649 0.0006666666666666666 0.000125 0.0009583333333333333
650 0.0006666666666666666 0.000125 0.001
651 0.0006666666666666666 0.00025 0
652 0.0006666666666666666 0.00025 4.166666666666667e-05
653 0.0006666666666666666 0.00025 8.333333333333333e-05
654 0.0006666666666666666 0.00025 0.000125
655 0.0006666666666666666 0.00025 0.0001666666666666667
656 0.0006666666666666666 0.00025 0.0002083333333333333
657 0.0006666666666666666 0.00025 0.00025
658 0.0006666666666666666 0.00025 0.0002916666666666667
659 0.0006666666666666666 0.00025 0.0003333333333333333
660 0.0006666666666666666 0.00025 0.0003750000000000001
661 0.0006666666666666666 0.00025 0.0004166666666666667
662 0.0006666666666666666 0.00025 0.0004583333333333333
663 0.0006666666666666666 0.00025 0.0005
664 0.0006666666666666666 0.00025 0.0005416666666666668
665 0.0006666666666666666 0.00025 0.0005833333333333334
666 0.0006666666666666666 0.00025 0.000625
667 0.0006666666666666666 0.00025 0.0006666666666666666
668 0.0006666666666666666 0.00025 0.0007083333333333334
669 0.0006666666666666666 0.00025 0.0007500000000000001
670 0.0006666666666666666 0.00025 0.0007916666666666666
671 0.0006666666666666666 0.00025 0.0008333333333333334
672 0.0006666666666666666 0.00025 0.000875
673 0.0006666666666666666 0.00025 0.0009166666666666666
674 0.0006666666666666666 0.00025 0.0009583333333333333
675 0.0006666666666666666 0.00025 0.001
676 0.0007500000000000001 0 0
677 0.0007500000000000001 0 4.166666666666667e-05
678 0.0007500000000000001 0 8.333333333333333e-05
679 0.0007500000000000001 0 0.000125
680 0.0007500000000000001 0 0.0001666666666666667
681 0.0007500000000000001 0 0.0002083333333333333
682 0.0007500000000000001 0 0.00025
683 0.0007500000000000001 0 0.0002916666666666667
684 0.0007500000000000001 0 0.0003333333333333333
685 0.0007500000000000001 0 0.0003750000000000001
686 0.0007500000000000001 0 0.0004166666666666667
687 0.0007500000000000001 0 0.0004583333333333333
688 0.0007500000000000001 0 0.0005
689 0.0007500000000000001 0 0.0005416666666666668
690 0.0007500000000000001 0 0.0005833333333333334
691 0.0007500000000000001 0 0.000625
692 0.0007500000000000001 0 0.0006666666666666666
693 0.0007500000000000001 0 0.0007083333333333334
694 0.0007500000000000001 0 0.0007500000000000001
695 0.0007500000000000001 0 0.0007916666666666666
696 0.0007500000000000001 0 0.0008333333333333334
697 0.0007500000000000001 0 0.000875
698 0.0007500000000000001 0 0.0009166666666666666
699 0.0007500000000000001 0 0.0009583333333333333
700 0.0007500000000000001 0 0.001
701 0.0007500000000000001 0.000125 0
702 0.0007500000000000001 0.000125 4.166666666666667e-05
703 0.0007500000000000001 0.000125 8.333333333333333e-05
704 0.0007500000000000001 0.000125 0.000125
705 0.0007500000000000001 0.000125 0.0001666666666666667
706 0.0007500000000000001 0.000125 0.0002083333333333333
707 0.0007500000000000001 0.000125 0.00025
708 0.0007500000000000001 0.000125 0.0002916666666666667
709 0.0007500000000000001 0.000125 0.0003333333333333333
710 0.0007500000000000001 0.000125 0.0003750000000000001
711 0.0007500000000000001 0.000125 0.0004166666666666667
712 0.0007500000000000001 0.000125 0.0004583333333333333
713 0.0007500000000000001 0.000125 0.0005
714 0.0007500000000000001 0.000125 0.0005416666666666668
715 0.0007500000000000001 0.000125 0.0005833333333333334
716 0.0007500000000000001 0.000125 0.000625
717 0.0007500000000000001 0.000125 0.0006666666666666666
718 0.0007500000000000001 0.000125 0.0007083333333333334
719 0.0007500000000000001 0.000125 0.0007500000000000001
720 0.0007500000000000001 0.000125 0.0007916666666666666
721 0.0007500000000000001 0.000125 0.0008333333333333334
722 0.0007500000000000001 0.000125 0.000875
723 0.0007500000000000001 0.000125 0.0009166666666666666
724 0.0007500000000000001 0.000125 0.0009583333333333333
725 0.0007500000000000001 0.000125 0.001
726 0.0007500000000000001 0.00025 0
727 0.0007500000000000001 0.00025 4.166666666666667e-05
728 0.0007500000000000001 0.00025 8.333333333333333e-05
729 0.0007500000000000001 0.00025 0.000125
730 0.0007500000000000001 0.00025 0.0001666666666666667
731 0.0007500000000000001 0.00025 0.0002083333333333333
732 0.0007500000000000001 0.00025 0.00025
733 0.0007500000000000001 0.00025 0.0002916666666666667
734 0.0007500000000000001 0.00025 0.0003333333333333333
735 0.0007500000000000001 0.00025 0.0003750000000000001
736 0.0007500000000000001 0.00025 0.0004166666666666667
737 0.0007500000000000001 0.00025 0.0004583333333333333
738 0.0007500000000000001 0.00025 0.0005
739 0.0007500000000000001 0.00025 0.0005416666666666668
740 0.0007500000000000001 0.00025 0.0005833333333333334
741 0.0007500000000000001 0.00025 0.000625
742 0.0007500000000000001 0.00025 0.0006666666666666666
743 0.0007500000000000001 0.00025 0.0007083333333333334
744 0.0007500000000000001 0.00025 0.0007500000000000001
745 0.0007500000000000001 0.00025 0.0007916666666666666
746 0.0007500000000000001 0.00025 0.0008333333333333334
747 0.0007500000000000001 0.00025 0.000875
748 0.0007500000000000001 0.00025 0.0009166666666666666
749 0.0007500000000000001 0.00025 0.0009583333333333333
750 0.0007500000000000001 0.00025 0.001
751 0.0008333333333333334 0 0
752 0.0008333333333333334 0 4.166666666666667e-05
753 0.0008333333333333334 0 8.333333333333333e-05
754 0.0008333333333333334 0 0.000125
755 0.0008333333333333334 0 0.0001666666666666667
756 0.0008333333333333334 0 0.0002083333333333333
757 0.0008333333333333334 0 0.00025
758 0.0008333333333333334 0 0.0002916666666666667
759 0.0008333333333333334 0 0.0003333333333333333
760 0.0008333333333333334 0 0.0003750000000000001
761 0.0008333333333333334 0 0.0004166666666666667
762 0.0008333333333333334 0 0.0004583333333333333
763 0.0008333333333333334 0 0.0005
764 0.0008333333333333334 0 0.0005416666666666668
765 0.0008333333333333334 0 0.0005833333333333334
766 0.0008333333333333334 0 0.000625
767 0.0008333333333333334 0 0.0006666666666666666
768 0.0008333333333333334 0 0.0007083333333333334
769 0.0008333333333333334 0 0.0007500000000000001
770 0.0008333333333333334 0 0.0007916666666666666
771 0.0008333333333333334 0 0.0008333333333333334
772 0.0008333333333333334 0 0.000875
773 0.0008333333333333334 0 0.0009166666666666666
774 0.0008333333333333334 0 0.0009583333333333333
775 0.0008333333333333334 0 0.001
776 0.0008333333333333334 0.000125 0
777 0.0008333333333333334 0.000125 4.166666666666667e-05
778 0.0008333333333333334 0.000125 8.333333333333333e-05
779 0.0008333333333333334 0.000125 0.000125
780 0.0008333333333333334 0.000125 0.0001666666666666667
781 0.0008333333333333334 0.000125 0.0002083333333333333
782 0.0008333333333333334 0.000125 0.00025
783 0.0008333333333333334 0.000125 0.0002916666666666667
784 0.0008333333333333334 0.000125 0.0003333333333333333
785 0.0008333333333333334 0.000125 0.0003750000000000001
786 0.0008333333333333334 0.000125 0.0004166666666666667
787 0.0008333333333333334 0.000125 0.0004583333333333333
788 0.0008333333333333334 0.000125 0.0005
789 0.0008333333333333334 0.000125 0.0005416666666666668
790 0.0008333333333333334 0.000125 0.0005833333333333334
791 0.0008333333333333334 0.000125 0.000625
792 0.0008333333333333334 0.000125 0.0006666666666666666
793 0.0008333333333333334 0.000125 0.0007083333333333334
794 0.0008333333333333334 0.000125 0.0007500000000000001
795 0.0008333333333333334 0.000125 0.0007916666666666666
796 0.0008333333333333334 0.000125 0.0008333333333333334
797 0.0008333333333333334 0.000125 0.000875
798 0.0008333333333333334 0.000125 0.0009166666666666666
799 0.0008333333333333334 0.000125 0.0009583333333333333
800 0.0008333333333333334 0.000125 0.001
801 0.0008333333333333334 0.00025 0
802 0.0008333333333333334 0.00025 4.166666666666667e-05
803 0.0008333333333333334 0.00025 8.333333333333333e-05
804 0.0008333333333333334 0.00025 0.000125
805 0.0008333333333333334 0.00025 0.0001666666666666667
806 0.0008333333333333334 0.00025 0.0002083333333333333
807 0.0008333333333333334 0.00025 0.00025
808 0.0008333333333333334 0.00025 0.0002916666666666667
809 0.0008333333333333334 0.00025 0.0003333333333333333
810 0.0008333333333333334 0.00025 0.0003750000000000001
811 0.0008333333333333334 0.00025 0.0004166666666666667
812 0.0008333333333333334 0.00025 0.0004583333333333333
813 0.0008333333333333334 0.00025 0.0005
814 0.0008333333333333334 0.00025 0.0005416666666666668
815 0.0008333333333333334 0.00025 0.0005833333333333334
816 0.0008333333333333334 0.00025 0.000625
817 0.0008333333333333334 0.00025 0.0006666666666666666
818 0.0008333333333333334 0.00025 0.0007083333333333334
819 0.0008333333333333334 0.00025 0.0007500000000000001
820 0.0008333333333333334 0.00025 0.0007916666666666666
821 0.0008333333333333334 0.00025 0.0008333333333333334
822 0.0008333333333333334 0.00025 0.000875
823 0.0008333333333333334 0.00025 0.0009166666666666666
824 0.0008333333333333334 0.00025 0.0009583333333333333
825 0.0008333333333333334 0.00025 0.001
826 0.0009166666666666666 0 0
827 0.0009166666666666666 0 4.166666666666667e-05
828 0.0009166666666666666 0 8.333333333333333e-05
829 0.0009166666666666666 0 0.000125
830 0.0009166666666666666 0 0.0001666666666666667
831 0.0009166666666666666 0 0.0002083333333333333
832 0.0009166666666666666 0 0.00025
833 0.0009166666666666666 0 0.0002916666666666667
834 0.0009166666666666666 0 0.0003333333333333333
835 0.0009166666666666666 0 0.0003750000000000001
836 0.0009166666666666666 0 0.0004166666666666667
837 0.0009166666666666666 0 0.0004583333333333333
838 0.0009166666666666666 0 0.0005
839 0.0009166666666666666 0 0.0005416666666666668
840 0.0009166666666666666 0 0.0005833333333333334
841 0.0009166666666666666 0 0.000625
842 0.0009166666666666666 0 0.0006666666666666666
843 0.0009166666666666666 0 0.0007083333333333334
844 0.0009166666666666666 0 0.0007500000000000001
845 0.0009166666666666666 0 0.0007916666666666666
846 0.0009166666666666666 0 0.0008333333333333334
847 0.0009166666666666666 0 0.000875
848 0.0009166666666666666 0 0.0009166666666666666
849 0.0009166666666666666 0 0.0009583333333333333
850 0.0009166666666666666 0 0.001
851 0.0009166666666666666 0.000125 0
852 0.0009166666666666666 0.000125 4.166666666666667e-05
853 0.0009166666666666666 0.000125 8.333333333333333e-05
854 0.0009166666666666666 0.000125 0.000125
855 0.0009166666666666666 0.000125 0.0001666666666666667
856 0.0009166666666666666 0.000125 0.0002083333333333333
857 0.0009166666666666666 0.000125 0.00025
858 0.0009166666666666666 0.000125 0.0002916666666666667
859 0.0009166666666666666 0.000125 0.0003333333333333333
860 0.0009166666666666666 0.000125 0.0003750000000000001
861 0.0009166666666666666 0.000125 0.0004166666666666667
862 0.0009166666666666666 0.000125 0.0004583333333333333
863 0.0009166666666666666 0.000125 0.0005
864 0.0009166666666666666 0.000125 0.0005416666666666668
865 0.0009166666666666666 0.000125 0.0005833333333333334
866 0.0009166666666666666 0.000125 0.000625
867 0.0009166666666666666 0.000125 0.0006666666666666666
868 0.0009166666666666666 0.000125 0.0007083333333333334
869 0.0009166666666666666 0.000125 0.0007500000000000001
870 0.0009166666666666666 0.000125 0.0007916666666666666
871 0.0009166666666666666 0.000125 0.0008333333333333334
872 0.0009166666666666666 0.000125 0.000875
873 0.0009166666666666666 0.000125 0.0009166666666666666
874 0.0009166666666666666 0.000125 0.0009583333333333333
875 0.0009166666666666666 0.000125 0.001
876 0.0009166666666666666 0.00025 0
877 0.0009166666666666666 0.00025 4.166666666666667e-05
878 0.0009166666666666666 0.00025 8.333333333333333e-05
879 0.0009166666666666666 0.00025 0.000125
880 0.0009166666666666666 0.00025 0.0001666666666666667
881 0.0009166666666666666 0.00025 0.0002083333333333333
882 0.0009166666666666666 0.00025 0.00025
883 0.0009166666666666666 0.00025 0.0002916666666666667
884 0.0009166666666666666 0.00025 0.0003333333333333333
885 0.0009166666666666666 0.00025 0.0003750000000000001
886 0.0009166666666666666 0.00025 0.0004166666666666667
887 0.0009166666666666666 0.00025 0.0004583333333333333
888 0.0009166666666666666 0.00025 0.0005
889 0.0009166666666666666 0.00025 0.0005416666666666668
890 0.0009166666666666666 0.00025 0.0005833333333333334
891 0.0009166666666666666 0.00025 0.000625
892 0.0009166666666666666 0.00025 0.0006666666666666666
893 0.0009166666666666666 0.00025 0.0007083333333333334
894 0.0009166666666666666 0.00025 0.0007500000000000001
895 0.0009166666666666666 0.00025 0.0007916666666666666
896 0.0009166666666666666 0.00025 0.0008333333333333334
897 0.0009166666666666666 0.00025 0.000875
898 0.0009166666666666666 0.00025 0.0009166666666666666
899 0.0009166666666666666 0.00025 0.0009583333333333333
900 0.0009166666666666666 0.00025 0.001
901 0.001 0 0
902 0.001 0 4.166666666666667e-05
903 0.001 0 8.333333333333333e-05
904 0.001 0 0.000125
905 0.001 0 0.0001666666666666667
906 0.001 0 0.0002083333333333333
907 0.001 0 0.00025
908 0.001 0 0.0002916666666666667
909 0.001 0 0.0003333333333333333
910 0.001 0 0.0003750000000000001
911 0.001 0 0.0004166666666666667
912 0.001 0 0.0004583333333333333
913 0.001 0 0.0005
914 0.001 0 0.0005416666666666668
915 0.001 0 0.0005833333333333334
916 0.001 0 0.000625
917 0.001 0 0.0006666666666666666
918 0.001 0 0.0007083333333333334
919 0.001 0 0.0007500000000000001
920 0.001 0 0.0007916666666666666
921 0.001 0 0.0008333333333333334
922 0.001 0 0.000875
923 0.001 0 0.0009166666666666666
924 0.001 0 0.0009583333333333333
925 0.001 0 0.001
926 0.001 0.000125 0
927 0.001 0.000125 4.166666666666667e-05
928 0.001 0.000125 8.333333333333333e-05
929 0.001 0.000125 0.000125
930 0.001 0.000125 0.0001666666666666667
931 0.001 0.000125 0.0002083333333333333
932 0.001 0.000125 0.00025
933 0.001 0.000125 0.0002916666666666667
934 0.001 0.000125 0.0003333333333333333
935 0.001 0.000125 0.0003750000000000001
936 0.001 0.000125 0.0004166666666666667
937 0.001 0.000125 0.0004583333333333333
938 0.001 0.000125 0.0005
939 0.001 0.000125 0.0005416666666666668
940 0.001 0.000125 0.0005833333333333334
941 0.001 0.000125 0.000625
942 0.001 0.000125 0.0006666666666666666
943 0.001 0.000125 0.0007083333333333334
944 0.001 0.000125 0.0007500000000000001
945 0.001 0.000125 0.0007916666666666666
946 0.001 0.000125 0.0008333333333333334
947 0.001 0.000125 0.000875
948 0.001 0.000125 0.0009166666666666666
949 0.001 0.000125 0.0009583333333333333
950 0.001 0.000125 0.001
951 0.001 0.00025 0
952 0.001 0.00025 4.166666666666667e-05
953 0.001 0.00025 8.333333333333333e-05
954 0.001 0.00025 0.000125
955 0.001 0.00025 0.0001666666666666667
956 0.001 0.00025 0.0002083333333333333
957 0.001 0.00025 0.00025
958 0.001 0.00025 0.0002916666666666667
959 0.001 0.00025 0.0003333333333333333
960 0.001 0.00025 0.0003750000000000001
961 0.001 0.00025 0.0004166666666666667
962 0.001 0.00025 0.0004583333333333333
963 0.001 0.00025 0.0005
964 0.001 0.00025 0.0005416666666666668
965 0.001 0.00025 0.0005833333333333334
966 0.001 0.00025 0.000625
967 0.001 0.00025 0.0006666666666666666
968 0.001 0.00025 0.0007083333333333334
969 0.001 0.00025 0.0007500000000000001
970 0.001 0.00025 0.0007916666666666666
971 0.001 0.00025 0.0008333333333333334
972 0.001 0.00025 0.000875
973 0.001 0.00025 0.0009166666666666666
974 0.001 0.00025 0.0009583333333333333
975 0.001 0.00025 0.001
976 0.001083333333333334 0 0
977 0.001083333333333334 0 4.166666666666667e-05
978 0.001083333333333334 0 8.333333333333333e-05
979 0.001083333333333334 0 0.000125
980 0.001083333333333334 0 0.0001666666666666667
981 0.001083333333333334 0 0.0002083333333333333
982 0.001083333333333334 0 0.00025
983 0.001083333333333334 0 0.0002916666666666667
984 0.001083333333333334 0 0.0003333333333333333
985 0.001083333333333334 0 0.0003750000000000001
986 0.001083333333333334 0 0.0004166666666666667
987 0.001083333333333334 0 0.0004583333333333333
988 0.001083333333333334 0 0.0005
989 0.001083333333333334 0 0.0005416666666666668
990 0.001083333333333334 0 0.0005833333333333334
991 0.001083333333333334 0 0.000625
992 0.001083333333333334 0 0.0006666666666666666
993 0.001083333333333334 0 0.0007083333333333334
994 0.001083333333333334 0 0.0007500000000000001
995 0.001083333333333334 0 0.0007916666666666666
996 0.001083333333333334 0 0.0008333333333333334
997 0.001083333333333334 0 0.000875
998 0.001083333333333334 0 0.0009166666666666666
999 0.001083333333333334 0 0.0009583333333333333
1000 0.001083333333333334 0 0.001
1001 0.001083333333333334 0.000125 0
1002 0.001083333333333334 0.000125 4.166666666666667e-05
1003 0.001083333333333334 0.000125 8.333333333333333e-05
1004 0.001083333333333334 0.000125 0.000125
1005 0.001083333333333334 0.000125 0.0001666666666666667
1006 0.001083333333333334 0.000125 0.0002083333333333333
1007 0.001083333333333334 0.000125 0.00025
1008 0.001083333333333334 0.000125 0.0002916666666666667
1009 0.001083333333333334 0.000125 0.0003333333333333333
1010 0.001083333333333334 0.000125 0.0003750000000000001
1011 0.001083333333333334 0.000125 0.0004166666666666667
1012 0.001083333333333334 0.000125 0.0004583333333333333
1013 0.001083333333333334 0.000125 0.0005
1014 0.001083333333333334 0.000125 0.0005416666666666668
1015 0.001083333333333334 0.000125 0.0005833333333333334
1016 0.001083333333333334 0.000125 0.000625
1017 0.001083333333333334 0.000125 0.0006666666666666666
1018 0.001083333333333334 0.000125 0.0007083333333333334
1019 0.001083333333333334 0.000125 0.0007500000000000001
1020 0.001083333333333334 0.000125 0.0007916666666666666
1021 0.001083333333333334 0.000125 0.0008333333333333334
1022 0.001083333333333334 0.000125 0.000875
1023 0.001083333333333334 0.000125 0.0009166666666666666
1024 0.001083333333333334 0.000125 0.0009583333333333333
1025 0.001083333333333334 0.000125 0.001
1026 0.001083333333333334 0.00025 0
1027 0.001083333333333334 0.00025 4.166666666666667e-05
1028 0.001083333333333334 0.00025 8.333333333333333e-05
1029 0.001083333333333334 0.00025 0.000125
1030 0.001083333333333334 0.00025 0.0001666666666666667
1031 0.001083333333333334 0.00025 0.0002083333333333333
1032 0.001083333333333334 0.00025 0.00025
1033 0.001083333333333334 0.00025 0.0002916666666666667
1034 0.001083333333333334 0.00025 0.0003333333333333333
1035 0.001083333333333334 0.00025 0.0003750000000000001
1036 0.001083333333333334 0.00025 0.0004166666666666667
1037 0.001083333333333334 0.00025 0.0004583333333333333
1038 0.001083333333333334 0.00025 0.0005
1039 0.001083333333333334 0.00025 0.0005416666666666668
1040 0.001083333333333334 0.00025 0.0005833333333333334
1041 0.001083333333333334 0.00025 0.000625
1042 0.001083333333333334 0.00025 0.0006666666666666666
1043 0.001083333333333334 0.00025 0.0007083333333333334
1044 0.001083333333333334 0.00025 0.0007500000000000001
1045 0.001083333333333334 0.00025 0.0007916666666666666
1046 0.001083333333333334 0.00025 0.0008333333333333334
1047 0.001083333333333334 0.00025 0.000875
1048 0.001083333333333334 0.00025 0.0009166666666666666
1049 0.001083333333333334 0.00025 0.0009583333333333333
1050 0.001083333333333334 0.00025 0.001
1051 0.001166666666666667 0 0
1052 0.001166666666666667 0 4.166666666666667e-05
1053 0.001166666666666667 0 8.333333333333333e-05
1054 0.001166666666666667 0 0.000125
1055 0.001166666666666667 0 0.0001666666666666667
1056 0.001166666666666667 0 0.0002083333333333333
1057 0.001166666666666667 0 0.00025
1058 0.001166666666666667 0 0.0002916666666666667
1059 0.001166666666666667 0 0.0003333333333333333
1060 0.001166666666666667 0 0.0003750000000000001
1061 0.001166666666666667 0 0.0004166666666666667
1062 0.001166666666666667 0 0.0004583333333333333
1063 0.001166666666666667 0 0.0005
1064 0.001166666666666667 0 0.0005416666666666668
1065 0.001166666666666667 0 0.0005833333333333334
1066 0.001166666666666667 0 0.000625
1067 0.001166666666666667 0 0.0006666666666666666
1068 0.001166666666666667 0 0.0007083333333333334
1069 0.001166666666666667 0 0.0007500000000000001
1070 0.001166666666666667 0 0.0007916666666666666
1071 0.001166666666666667 0 0.0008333333333333334
1072 0.001166666666666667 0 0.000875
1073 0.001166666666666667 0 0.0009166666666666666
1074 0.001166666666666667 0 0.0009583333333333333
1075 0.001166666666666667 0 0.001
1076 0.001166666666666667 0.000125 0
1077 0.001166666666666667 0.000125 4.166666666666667e-05
1078 0.001166666666666667 0.000125 8.333333333333333e-05
1079 0.001166666666666667 0.000125 0.000125
1080 0.001166666666666667 0.000125 0.0001666666666666667
1081 0.001166666666666667 0.000125 0.0002083333333333333
1082 0.001166666666666667 0.000125 0.00025
1083 0.001166666666666667 0.000125 0.0002916666666666667
1084 0.001166666666666667 0.000125 0.0003333333333333333
1085 0.001166666666666667 0.000125 0.0003750000000000001
1086 0.001166666666666667 0.000125 0.0004166666666666667
1087 0.001166666666666667 0.000125 0.0004583333333333333
1088 0.001166666666666667 0.000125 0.0005
1089 0.001166666666666667 0.000125 0.0005416666666666668
1090 0.001166666666666667 0.000125 0.0005833333333333334
1091 0.001166666666666667 0.000125 0.000625
1092 0.001166666666666667 0.000125 0.0006666666666666666
1093 0.001166666666666667 0.000125 0.0007083333333333334
1094 0.001166666666666667 0.000125 0.0007500000000000001
1095 0.001166666666666667 0.000125 0.0007916666666666666
1096 0.001166666666666667 0.000125 0.0008333333333333334
1097 0.001166666666666667 0.000125 0.000875
1098 0.001166666666666667 0.000125 0.0009166666666666666
1099 0.001166666666666667 0.000125 0.0009583333333333333
1100 0.001166666666666667 0.000125 0.001
1101 0.001166666666666667 0.00025 0
1102 0.001166666666666667 0.00025 4.166666666666667e-05
1103 0.001166666666666667 0.00025 8.333333333333333e-05
1104 0.001166666666666667 0.00025 0.000125
1105 0.001166666666666667 0.00025 0.0001666666666666667
1106 0.001166666666666667 0.00025 0.0002083333333333333
1107 0.001166666666666667 0.00025 0.00025
1108 0.001166666666666667 0.00025 0.0002916666666666667
1109 0.001166666666666667 0.00025 0.0003333333333333333
1110 0.001166666666666667 0.00025 0.0003750000000000001
1111 0.001166666666666667 0.00025 0.0004166666666666667
1112 0.001166666666666667 0.00025 0.0004583333333333333
1113 0.001166666666666667 0.00025 0.0005
1114 0.001166666666666667 0.00025 0.0005416666666666668
1115 0.001166666666666667 0.00025 0.0005833333333333334
1116 0.001166666666666667 0.00025 0.000625
1117 0.001166666666666667 0.00025 0.0006666666666666666
1118 0.001166666666666667 0.00025 0.0007083333333333334
1119 0.001166666666666667 0.00025 0.0007500000000000001
1120 0.001166666666666667 0.00025 0.0007916666666666666
1121 0.001166666666666667 0.00025 0.0008333333333333334
1122 0.001166666666666667 0.00025 0.000875
1123 0.001166666666666667 0.00025 0.0009166666666666666
1124 0.001166666666666667 0.00025 0.0009583333333333333
1125 0.001166666666666667 0.00025 0.001
1126 0.00125 0 0
1127 0.00125 0 4.166666666666667e-05
1128 0.00125 0 8.333333333333333e-05
1129 0.00125 0 0.000125
1130 0.00125 0 0.0001666666666666667
1131 0.00125 0 0.0002083333333333333
1132 0.00125 0 0.00025
1133 0.00125 0 0.0002916666666666667
1134 0.00125 0 0.0003333333333333333
1135 0.00125 0 0.0003750000000000001
1136 0.00125 0 0.0004166666666666667
1137 0.00125 0 0.0004583333333333333
1138 0.00125 0 0.0005
1139 0.00125 0 0.0005416666666666668
1140 0.00125 0 0.0005833333333333334
1141 0.00125 0 0.000625
1142 0.00125 0 0.0006666666666666666
1143 0.00125 0 0.0007083333333333334
1144 0.00125 0 0.0007500000000000001
1145 0.00125 0 0.0007916666666666666
1146 0.00125 0 0.0008333333333333334
1147 0.00125 0 0.000875
1148 0.00125 0 0.0009166666666666666
1149 0.00125 0 0.0009583333333333333
1150 0.00125 0 0.001
1151 0.00125 0.000125 0
1152 0.00125 0.000125 4.166666666666667e-05
1153 0.00125 0.000125 8.333333333333333e-05
1154 0.00125 0.000125 0.000125
1155 0.00125 0.000125 0.0001666666666666667
1156 0.00125 0.000125 0.0002083333333333333
1157 0.00125 0.000125 0.00025
1158 0.00125 0.000125 0.0002916666666666667
1159 0.00125 0.000125 0.0003333333333333333
1160 0.00125 0.000125 0.0003750000000000001
1161 0.00125 0.000125 0.0004166666666666667
1162 0.00125 0.000125 0.0004583333333333333
1163 0.00125 0.000125 0.0005
1164 0.00125 0.000125 0.0005416666666666668
1165 0.00125 0.000125 0.0005833333333333334
1166 0.00125 0.000125 0.000625
1167 0.00125 0.000125 0.0006666666666666666
1168 0.00125 0.000125 0.0007083333333333334
1169 0.00125 0.000125 0.0007500000000000001
1170 0.00125 0.000125 0.0007916666666666666
1171 0.00125 0.000125 0.0008333333333333334
1172 0.00125 0.000125 0.000875
1173 0.00125 0.000125 0.0009166666666666666
1174 0.00125 0.000125 0.0009583333333333333
1175 0.00125 0.000125 0.001
1176 0.00125 0.00025 0
1177 0.00125 0.00025 4.166666666666667e-05
1178 0.00125 0.00025 8.333333333333333e-05
1179 0.00125 0.00025 0.000125
1180 0.00125 0.00025 0.0001666666666666667
1181 0.00125 0.00025 0.0002083333333333333
1182 0.00125 0.00025 0.00025
1183 0.00125 0.00025 0.0002916666666666667
1184 0.00125 0.00025 0.0003333333333333333
1185 0.00125 0.00025 0.0003750000000000001
1186 0.00125 0.00025 0.0004166666666666667
1187 0.00125 0.00025 0.0004583333333333333
1188 0.00125 0.00025 0.0005
1189 0.00125 0.00025 0.0005416666666666668
1190 0.00125 0.00025 0.0005833333333333334
1191 0.00125 0.00025 0.000625
1192 0.00125 0.00025 0.0006666666666666666
1193 0.00125 0.00025 0.0007083333333333334
1194 0.00125 0.00025 0.0007500000000000001
1195 0.00125 0.00025 0.0007916666666666666
1196 0.00125 0.00025 0.0008333333333333334
1197 0.00125 0.00025 0.000875
1198 0.00125 0.00025 0.0009166666666666666
1199 0.00125 0.00025 0.0009583333333333333
1200 0.00125 0.00025 0.001
1201 0.001333333333333333 0 0
1202 0.001333333333333333 0 4.166666666666667e-05
1203 0.001333333333333333 0 8.333333333333333e-05
1204 0.001333333333333333 0 0.000125
1205 0.001333333333333333 0 0.0001666666666666667
1206 0.001333333333333333 0 0.0002083333333333333
1207 0.001333333333333333 0 0.00025
1208 0.001333333333333333 0 0.0002916666666666667
1209 0.001333333333333333 0 0.0003333333333333333
1210 0.001333333333333333 0 0.0003750000000000001
1211 0.001333333333333333 0 0.0004166666666666667
1212 0.001333333333333333 0 0.0004583333333333333
1213 0.001333333333333333 0 0.0005
1214 0.001333333333333333 0 0.0005416666666666668
1215 0.001333333333333333 0 0.0005833333333333334
1216 0.001333333333333333 0 0.000625
1217 0.001333333333333333 0 0.0006666666666666666
1218 0.001333333333333333 0 0.0007083333333333334
1219 0.001333333333333333 0 0.0007500000000000001
1220 0.001333333333333333 0 0.0007916666666666666
1221 0.001333333333333333 0 0.0008333333333333334
1222 0.001333333333333333 0 0.000875
1223 0.001333333333333333 0 0.0009166666666666666
1224 0.001333333333333333 0 0.0009583333333333333
1225 0.001333333333333333 0 0.001
1226 0.001333333333333333 0.000125 0
1227 0.001333333333333333 0.000125 4.166666666666667e-05
1228 0.001333333333333333 0.000125 8.333333333333333e-05
1229 0.001333333333333333 0.000125 0.000125
1230 0.001333333333333333 0.000125 0.0001666666666666667
1231 0.001333333333333333 0.000125 0.0002083333333333333
1232 0.001333333333333333 0.000125 0.00025
1233 0.001333333333333333 0.000125 0.0002916666666666667
1234 0.001333333333333333 0.000125 0.0003333333333333333
1235 0.001333333333333333 0.000125 0.0003750000000000001
1236 0.001333333333333333 0.000125 0.0004166666666666667
1237 0.001333333333333333 0.000125 0.0004583333333333333
1238 0.001333333333333333 0.000125 0.0005
1239 0.001333333333333333 0.000125 0.0005416666666666668
1240 0.001333333333333333 0.000125 0.0005833333333333334
1241 0.001333333333333333 0.000125 0.000625
1242 0.001333333333333333 0.000125 0.0006666666666666666
1243 0.001333333333333333 0.000125 0.0007083333333333334
1244 0.001333333333333333 0.000125 0.0007500000000000001
1245 0.001333333333333333 0.000125 0.0007916666666666666
1246 0.001333333333333333 0.000125 0.0008333333333333334
1247 0.001333333333333333 0.000125 0.000875
1248 0.001333333333333333 0.000125 0.0009166666666666666
1249 0.001333333333333333 0.000125 0.0009583333333333333
1250 0.001333333333333333 0.000125 0.001
1251 0.001333333333333333 0.00025 0
1252 0.001333333333333333 0.00025 4.166666666666667e-05
1253 0.001333333333333333 0.00025 8.333333333333333e-05
1254 0.001333333333333333 0.00025 0.000125
1255 0.001333333333333333 0.00025 0.0001666666666666667
1256 0.001333333333333333 0.00025 0.0002083333333333333
1257 0.001333333333333333 0.00025 0.00025
1258 0.001333333333333333 0.00025 0.0002916666666666667
1259 0.001333333333333333 0.00025 0.0003333333333333333
1260 0.001333333333333333 0.00025 0.0003750000000000001
1261 0.001333333333333333 0.00025 0.0004166666666666667
1262 0.001333333333333333 0.00025 0.0004583333333333333
1263 0.001333333333333333 0.00025 0.0005
1264 0.001333333333333333 0.00025 0.0005416666666666668
1265 0.001333333333333333 0.00025 0.0005833333333333334
1266 0.001333333333333333 0.00025 0.000625
1267 0.001333333333333333 0.00025 0.0006666666666666666
1268 0.001333333333333333 0.00025 0.0007083333333333334
1269 0.001333333333333333 0.00025 0.0007500000000000001
1270 0.001333333333333333 0.00025 0.0007916666666666666
1271 0.001333333333333333 0.00025 0.0008333333333333334
1272 0.001333333333333333 0.00025 0.000875
1273 0.001333333333333333 0.00025 0.0009166666666666666
1274 0.001333333333333333 0.00025 0.0009583333333333333
1275 0.001333333333333333 0.00025 0.001
1276 0.001416666666666667 0 0
1277 0.001416666666666667 0 4.166666666666667e-05
1278 0.001416666666666667 0 8.333333333333333e-05
1279 0.001416666666666667 0 0.000125
1280 0.001416666666666667 0 0.0001666666666666667
1281 0.001416666666666667 0 0.0002083333333333333
1282 0.001416666666666667 0 0.00025
1283 0.001416666666666667 0 0.0002916666666666667
1284 0.001416666666666667 0 0.0003333333333333333
1285 0.001416666666666667 0 0.0003750000000000001
1286 0.001416666666666667 0 0.0004166666666666667
1287 0.001416666666666667 0 0.0004583333333333333
1288 0.001416666666666667 0 0.0005
1289 0.001416666666666667 0 0.0005416666666666668
1290 0.001416666666666667 0 0.0005833333333333334
1291 0.001416666666666667 0 0.000625
1292 0.001416666666666667 0 0.0006666666666666666
1293 0.001416666666666667 0 0.0007083333333333334
1294 0.001416666666666667 0 0.0007500000000000001
1295 0.001416666666666667 0 0.0007916666666666666
1296 0.001416666666666667 0 0.0008333333333333334
1297 0.001416666666666667 0 0.000875
1298 0.001416666666666667 0 0.0009166666666666666
1299 0.001416666666666667 0 0.0009583333333333333
1300 0.001416666666666667 0 0.001
1301 0.001416666666666667 0.000125 0
1302 0.001416666666666667 0.000125 4.166666666666667e-05
1303 0.001416666666666667 0.000125 8.333333333333333e-05
1304 0.001416666666666667 0.000125 0.000125
1305 0.001416666666666667 0.000125 0.0001666666666666667
1306 0.001416666666666667 0.000125 0.0002083333333333333
1307 0.001416666666666667 0.000125 0.00025
1308 0.001416666666666667 0.000125 0.0002916666666666667
1309 0.001416666666666667 0.000125 0.0003333333333333333
1310 0.001416666666666667 0.000125 0.0003750000000000001
1311 0.001416666666666667 0.000125 0.0004166666666666667
1312 0.001416666666666667 0.000125 0.0004583333333333333
1313 0.001416666666666667 0.000125 0.0005
1314 0.001416666666666667 0.000125 0.0005416666666666668
1315 0.001416666666666667 0.000125 0.0005833333333333334
1316 0.001416666666666667 0.000125 0.000625
1317 0.001416666666666667 0.000125 0.0006666666666666666
1318 0.001416666666666667 0.000125 0.0007083333333333334
1319 0.001416666666666667 0.000125 0.0007500000000000001
1320 0.001416666666666667 0.000125 0.0007916666666666666
1321 0.001416666666666667 0.000125 0.0008333333333333334
1322 0.001416666666666667 0.000125 0.000875
1323 0.001416666666666667 0.000125 0.0009166666666666666
1324 0.001416666666666667 0.000125 0.0009583333333333333
1325 0.001416666666666667 0.000125 0.001
1326 0.001416666666666667 0.00025 0
1327 0.001416666666666667 0.00025 4.166666666666667e-05
1328 0.001416666666666667 0.00025 8.333333333333333e-05
1329 0.001416666666666667 0.00025 0.000125
1330 0.001416666666666667 0.00025 0.0001666666666666667
1331 0.001416666666666667 0.00025 0.0002083333333333333
1332 0.001416666666666667 0.00025 0.00025
1333 0.001416666666666667 0.00025 0.0002916666666666667
1334 0.001416666666666667 0.00025 0.0003333333333333333
1335 0.001416666666666667 0.00025 0.0003750000000000001
1336 0.001416666666666667 0.00025 0.0004166666666666667
1337 0.001416666666666667 0.00025 0.0004583333333333333
1338 0.001416666666666667 0.00025 0.0005
1339 0.001416666666666667 0.00025 0.0005416666666666668
1340 0.001416666666666667 0.00025 0.0005833333333333334
1341 0.001416666666666667 0.00025 0.000625
1342 0.001416666666666667 0.00025 0.0006666666666666666
1343 0.001416666666666667 0.00025 0.0007083333333333334
1344 0.001416666666666667 0.00025 0.0007500000000000001
1345 0.001416666666666667 0.00025 0.0007916666666666666
1346 0.001416666666666667 0.00025 0.0008333333333333334
1347 0.001416666666666667 0.00025 0.000875
1348 0.001416666666666667 0.00025 0.0009166666666666666
1349 0.001416666666666667 0.00025 0.0009583333333333333
1350 0.001416666666666667 0.00025 0.001
1351 0.0015 0 0
1352 0.0015 0 4.166666666666667e-05
1353 0.0015 0 8.333333333333333e-05
1354 0.0015 0 0.000125
1355 0.0015 0 0.0001666666666666667
1356 0.0015 0 0.0002083333333333333
1357 0.0015 0 0.00025
1358 0.0015 0 0.0002916666666666667
1359 0.0015 0 0.0003333333333333333
1360 0.0015 0 0.0003750000000000001
1361 0.0015 0 0.0004166666666666667
1362 0.0015 0 0.0004583333333333333
1363 0.0015 0 0.0005
1364 0.0015 0 0.0005416666666666668
1365 0.0015 0 0.0005833333333333334
1366 0.0015 0 0.000625
1367 0.0015 0 0.0006666666666666666
1368 0.0015 0 0.0007083333333333334
1369 0.0015 0 0.0007500000000000001
1370 0.0015 0 0.0007916666666666666
1371 0.0015 0 0.0008333333333333334
1372 0.0015 0 0.000875
1373 0.0015 0 0.0009166666666666666
1374 0.0015 0 0.0009583333333333333
1375 0.0015 0 0.001
1376 0.0015 0.000125 0
1377 0.0015 0.000125 4.166666666666667e-05
1378 0.0015 0.000125 8.333333333333333e-05
1379 0.0015 0.000125 0.000125
1380 0.0015 0.000125 0.0001666666666666667
1381 0.0015 0.000125 0.0002083333333333333
1382 0.0015 0.000125 0.00025
1383 0.0015 0.000125 0.0002916666666666667
1384 0.0015 0.000125 0.0003333333333333333
1385 0.0015 0.000125 0.0003750000000000001
1386 0.0015 0.000125 0.0004166666666666667
1387 0.0015 0.000125 0.0004583333333333333
1388 0.0015 0.000125 0.0005
1389 0.0015 0.000125 0.0005416666666666668
1390 0.0015 0.000125 0.0005833333333333334
1391 0.0015 0.000125 0.000625
1392 0.0015 0.000125 0.0006666666666666666
1393 0.0015 0.000125 0.0007083333333333334
1394 0.0015 0.000125 0.0007500000000000001
1395 0.0015 0.000125 0.0007916666666666666
1396 0.0015 0.000125 0.0008333333333333334
1397 0.0015 0.000125 0.000875
1398 0.0015 0.000125 0.0009166666666666666
1399 0.0015 0.000125 0.0009583333333333333
1400 0.0015 0.000125 0.001
1401 0.0015 0.00025 0
1402 0.0015 0.00025 4.166666666666667e-05
1403 0.0015 0.00025 8.333333333333333e-05
1404 0.0015 0.00025 0.000125
1405 0.0015 0.00025 0.0001666666666666667
1406 0.0015 0.00025 0.0002083333333333333
1407 0.0015 0.00025 0.00025
1408 0.0015 0.00025 0.0002916666666666667
1409 0.0015 0.00025 0.0003333333333333333
1410 0.0015 0.00025 0.0003750000000000001
1411 0.0015 0.00025 0.0004166666666666667
1412 0.0015 0.00025 0.0004583333333333333
1413 0.0015 0.00025 0.0005
1414 0.0015 0.00025 0.0005416666666666668
1415 0.0015 0.00025 0.0005833333333333334
1416 0.0015 0.00025 0.000625
1417 0.0015 0.00025 0.0006666666666666666
1418 0.0015 0.00025 0.0007083333333333334
1419 0.0015 0.00025 0.0007500000000000001
1420 0.0015 0.00025 0.0007916666666666666
1421 0.0015 0.00025 0.0008333333333333334
1422 0.0015 0.00025 0.000875
1423 0.0015 0.00025 0.0009166666666666666
1424 0.0015 0.00025 0.0009583333333333333
1425 0.0015 0.00025 0.001
1426 0.001583333333333333 0 0
1427 0.001583333333333333 0 4.166666666666667e-05
1428 0.001583333333333333 0 8.333333333333333e-05
1429 0.001583333333333333 0 0.000125
1430 0.001583333333333333 0 0.0001666666666666667
1431 0.001583333333333333 0 0.0002083333333333333
1432 0.001583333333333333 0 0.00025
1433 0.001583333333333333 0 0.0002916666666666667
1434 0.001583333333333333 0 0.0003333333333333333
1435 0.001583333333333333 0 0.0003750000000000001
1436 0.001583333333333333 0 0.0004166666666666667
1437 0.001583333333333333 0 0.0004583333333333333
1438 0.001583333333333333 0 0.0005
1439 0.001583333333333333 0 0.0005416666666666668
1440 0.001583333333333333 0 0.0005833333333333334
1441 0.001583333333333333 0 0.000625
1442 0.001583333333333333 0 0.0006666666666666666
1443 0.001583333333333333 0 0.0007083333333333334
1444 0.001583333333333333 0 0.0007500000000000001
1445 0.001583333333333333 0 0.0007916666666666666
1446 0.001583333333333333 0 0.0008333333333333334
1447 0.001583333333333333 0 0.000875
1448 0.001583333333333333 0 0.0009166666666666666
1449 0.001583333333333333 0 0.0009583333333333333
1450 0.001583333333333333 0 0.001
1451 0.001583333333333333 0.000125 0
1452 0.001583333333333333 0.000125 4.166666666666667e-05
1453 0.001583333333333333 0.000125 8.333333333333333e-05
1454 0.001583333333333333 0.000125 0.000125
1455 0.001583333333333333 0.000125 0.0001666666666666667
1456 0.001583333333333333 0.000125 0.0002083333333333333
1457 0.001583333333333333 0.000125 0.00025
1458 0.001583333333333333 0.000125 0.0002916666666666667
1459 0.001583333333333333 0.000125 0.0003333333333333333
1460 0.001583333333333333 0.000125 0.0003750000000000001
1461 0.001583333333333333 0.000125 0.0004166666666666667
1462 0.001583333333333333 0.000125 0.0004583333333333333
1463 0.001583333333333333 0.000125 0.0005
1464 0.001583333333333333 0.000125 0.0005416666666666668
1465 0.001583333333333333 0.000125 0.0005833333333333334
1466 0.001583333333333333 0.000125 0.000625
1467 0.001583333333333333 0.000125 0.0006666666666666666
1468 0.001583333333333333 0.000125 0.0007083333333333334
1469 0.001583333333333333 0.000125 0.0007500000000000001
1470 0.001583333333333333 0.000125 0.0007916666666666666
1471 0.001583333333333333 0.000125 0.0008333333333333334
1472 0.001583333333333333 0.000125 0.000875
1473 0.001583333333333333 0.000125 0.0009166666666666666
1474 0.001583333333333333 0.000125 0.0009583333333333333
1475 0.001583333333333333 0.000125 0.001
1476 0.001583333333333333 0.00025 0
1477 0.001583333333333333 0.00025 4.166666666666667e-05
1478 0.001583333333333333 0.00025 8.333333333333333e-05
1479 0.001583333333333333 0.00025 0.000125
1480 0.001583333333333333 0.00025 0.0001666666666666667
1481 0.001583333333333333 0.00025 0.0002083333333333333
1482 0.001583333333333333 0.00025 0.00025
1483 0.001583333333333333 0.00025 0.0002916666666666667
1484 0.001583333333333333 0.00025 0.0003333333333333333
1485 0.001583333333333333 0.00025 0.0003750000000000001
1486 0.001583333333333333 0.00025 0.0004166666666666667
1487 0.001583333333333333 0.00025 0.0004583333333333333
1488 0.001583333333333333 0.00025 0.0005
1489 0.001583333333333333 0.00025 0.0005416666666666668
1490 0.001583333333333333 0.00025 0.0005833333333333334
1491 0.001583333333333333 0.00025 0.000625
1492 0.001583333333333333 0.00025 0.0006666666666666666
1493 0.001583333333333333 0.00025 0.0007083333333333334
1494 0.001583333333333333 0.00025 0.0007500000000000001
1495 0.001583333333333333 0.00025 0.0007916666666666666
1496 0.001583333333333333 0.00025 0.0008333333333333334
1497 0.001583333333333333 0.00025 0.000875
1498 0.001583333333333333 0.00025 0.0009166666666666666
1499 0.001583333333333333 0.00025 0.0009583333333333333
1500 0.001583333333333333 0.00025 0.001
1501 0.001666666666666667 0 0
1502 0.001666666666666667 0 4.166666666666667e-05
1503 0.001666666666666667 0 8.333333333333333e-05
1504 0.001666666666666667 0 0.000125
1505 0.001666666666666667 0 0.0001666666666666667
1506 0.001666666666666667 0 0.0002083333333333333
1507 0.001666666666666667 0 0.00025
1508 0.001666666666666667 0 0.0002916666666666667
1509 0.001666666666666667 0 0.0003333333333333333
1510 0.001666666666666667 0 0.0003750000000000001
1511 0.001666666666666667 0 0.0004166666666666667
1512 0.001666666666666667 0 0.0004583333333333333
1513 0.001666666666666667 0 0.0005
1514 0.001666666666666667 0 0.0005416666666666668
1515 0.001666666666666667 0 0.0005833333333333334
1516 0.001666666666666667 0 0.000625
1517 0.001666666666666667 0 0.0006666666666666666
1518 0.001666666666666667 0 0.0007083333333333334
1519 0.001666666666666667 0 0.0007500000000000001
1520 0.001666666666666667 0 0.0007916666666666666
1521 0.001666666666666667 0 0.0008333333333333334
1522 0.001666666666666667 0 0.000875
1523 0.001666666666666667 0 0.0009166666666666666
1524 0.001666666666666667 0 0.0009583333333333333
1525 0.001666666666666667 0 0.001
1526 0.001666666666666667 0.000125 0
1527 0.001666666666666667 0.000125 4.166666666666667e-05
1528 0.001666666666666667 0.000125 8.333333333333333e-05
1529 0.001666666666666667 0.000125 0.000125
1530 0.001666666666666667 0.000125 0.0001666666666666667
1531 0.001666666666666667 0.000125 0.0002083333333333333
1532 0.001666666666666667 0.000125 0.00025
1533 0.001666666666666667 0.000125 0.0002916666666666667
1534 0.001666666666666667 0.000125 0.0003333333333333333
1535 0.001666666666666667 0.000125 0.0003750000000000001
1536 0.001666666666666667 0.000125 0.0004166666666666667
1537 0.001666666666666667 0.000125 0.0004583333333333333
1538 0.001666666666666667 0.000125 0.0005
1539 0.001666666666666667 0.000125 0.0005416666666666668
1540 0.001666666666666667 0.000125 0.0005833333333333334
1541 0.001666666666666667 0.000125 0.000625
1542 0.001666666666666667 0.000125 0.0006666666666666666
1543 0.001666666666666667 0.000125 0.0007083333333333334
1544 0.001666666666666667 0.000125 0.0007500000000000001
1545 0.001666666666666667 0.000125 0.0007916666666666666
1546 0.001666666666666667 0.000125 0.0008333333333333334
1547 0.001666666666666667 0.000125 0.000875
1548 0.001666666666666667 0.000125 0.0009166666666666666
1549 0.001666666666666667 0.000125 0.0009583333333333333
1550 0.001666666666666667 0.000125 0.001
1551 0.001666666666666667 0.00025 0
1552 0.001666666666666667 0.00025 4.166666666666667e-05
1553 0.001666666666666667 0.00025 8.333333333333333e-05
1554 0.001666666666666667 0.00025 0.000125
1555 0.001666666666666667 0.00025 0.0001666666666666667
1556 0.001666666666666667 0.00025 0.0002083333333333333
1557 0.001666666666666667 0.00025 0.00025
1558 0.001666666666666667 0.00025 0.0002916666666666667
1559 0.001666666666666667 0.00025 0.0003333333333333333
1560 0.001666666666666667 0.00025 0.0003750000000000001
1561 0.001666666666666667 0.00025 0.0004166666666666667
1562 0.001666666666666667 0.00025 0.0004583333333333333
1563 0.001666666666666667 0.00025 0.0005
1564 0.001666666666666667 0.00025 0.0005416666666666668
1565 0.001666666666666667 0.00025 0.0005833333333333334
1566 0.001666666666666667 0.00025 0.000625
1567 0.001666666666666667 0.00025 0.0006666666666666666
1568 0.001666666666666667 0.00025 0.0007083333333333334
1569 0.001666666666666667 0.00025 0.0007500000000000001
1570 0.001666666666666667 0.00025 0.0007916666666666666
1571 0.001666666666666667 0.00025 0.0008333333333333334
1572 0.001666666666666667 0.00025 0.000875
1573 0.001666666666666667 0.00025 0.0009166666666666666
1574 0.001666666666666667 0.00025 0.0009583333333333333
1575 0.001666666666666667 0.00025 0.001
1576 0.00175 0 0
1577 0.00175 0 4.166666666666667e-05
1578 0.00175 0 8.333333333333333e-05
1579 0.00175 0 0.000125
1580 0.00175 0 0.0001666666666666667
1581 0.00175 0 0.0002083333333333333
1582 0.00175 0 0.00025
1583 0.00175 0 0.0002916666666666667
1584 0.00175 0 0.0003333333333333333
1585 0.00175 0 0.0003750000000000001
1586 0.00175 0 0.0004166666666666667
1587 0.00175 0 0.0004583333333333333
1588 0.00175 0 0.0005
1589 0.00175 0 0.0005416666666666668
1590 0.00175 0 0.0005833333333333334
1591 0.00175 0 0.000625
1592 0.00175 0 0.0006666666666666666
1593 0.00175 0 0.0007083333333333334
1594 0.00175 0 0.0007500000000000001
1595 0.00175 0 0.0007916666666666666
1596 0.00175 0 0.0008333333333333334
1597 0.00175 0 0.000875
1598 0.00175 0 0.0009166666666666666
1599 0.00175 0 0.0009583333333333333
1600 0.00175 0 0.001
1601 0.00175 0.000125 0
1602 0.00175 0.000125 4.166666666666667e-05
1603 0.00175 0.000125 8.333333333333333e-05
1604 0.00175 0.000125 0.000125
1605 0.00175 0.000125 0.0001666666666666667
1606 0.00175 0.000125 0.0002083333333333333
1607 0.00175 0.000125 0.00025
1608 0.00175 0.000125 0.0002916666666666667
1609 0.00175 0.000125 0.0003333333333333333
1610 0.00175 0.000125 0.0003750000000000001
1611 0.00175 0.000125 0.0004166666666666667
1612 0.00175 0.000125 0.0004583333333333333
1613 0.00175 0.000125 0.0005
1614 0.00175 0.000125 0.0005416666666666668
1615 0.00175 0.000125 0.0005833333333333334
1616 0.00175 0.000125 0.000625
1617 0.00175 0.000125 0.0006666666666666666
1618 0.00175 0.000125 0.0007083333333333334
1619 0.00175 0.000125 0.0007500000000000001
1620 0.00175 0.000125 0.0007916666666666666
1621 0.00175 0.000125 0.0008333333333333334
1622 0.00175 0.000125 0.000875
1623 0.00175 0.000125 0.0009166666666666666
1624 0.00175 0.000125 0.0009583333333333333
1625 0.00175 0.000125 0.001
1626 0.00175 0.00025 0
1627 0.00175 0.00025 4.166666666666667e-05
1628 0.00175 0.00025 8.333333333333333e-05
1629 0.00175 0.00025 0.000125
1630 0.00175 0.00025 0.0001666666666666667
1631 0.00175 0.00025 0.0002083333333333333
1632 0.00175 0.00025 0.00025
1633 0.00175 0.00025 0.0002916666666666667
1634 0.00175 0.00025 0.0003333333333333333
1635 0.00175 0.00025 0.0003750000000000001
1636 0.00175 0.00025 0.0004166666666666667
1637 0.00175 0.00025 0.0004583333333333333
1638 0.00175 0.00025 0.0005
1639 0.00175 0.00025 0.0005416666666666668
1640 0.00175 0.00025 0.0005833333333333334
1641 0.00175 0.00025 0.000625
1642 0.00175 0.00025 0.0006666666666666666
1643 0.00175 0.00025 0.0007083333333333334
1644 0.00175 0.00025 0.0007500000000000001
1645 0.00175 0.00025 0.0007916666666666666
1646 0.00175 0.00025 0.0008333333333333334
1647 0.00175 0.00025 0.000875
1648 0.00175 0.00025 0.0009166666666666666
1649 0.00175 0.00025 0.0009583333333333333
1650 0.00175 0.00025 0.001
1651 0.001833333333333333 0 0
1652 0.001833333333333333 0 4.166666666666667e-05
1653 0.001833333333333333 0 8.333333333333333e-05
1654 0.001833333333333333 0 0.000125
1655 0.001833333333333333 0 0.0001666666666666667
1656 0.001833333333333333 0 0.0002083333333333333
1657 0.001833333333333333 0 0.00025
1658 0.001833333333333333 0 0.0002916666666666667
1659 0.001833333333333333 0 0.0003333333333333333
1660 0.001833333333333333 0 0.0003750000000000001
1661 0.001833333333333333 0 0.0004166666666666667
1662 0.001833333333333333 0 0.0004583333333333333
1663 0.001833333333333333 0 0.0005
1664 0.001833333333333333 0 0.0005416666666666668
1665 0.001833333333333333 0 0.0005833333333333334
1666 0.001833333333333333 0 0.000625
1667 0.001833333333333333 0 0.0006666666666666666
1668 0.001833333333333333 0 0.0007083333333333334
1669 0.001833333333333333 0 0.0007500000000000001
1670 0.001833333333333333 0 0.0007916666666666666
1671 0.001833333333333333 0 0.0008333333333333334
1672 0.001833333333333333 0 0.000875
1673 0.001833333333333333 0 0.0009166666666666666
1674 0.001833333333333333 0 0.0009583333333333333
1675 0.001833333333333333 0 0.001
1676 0.001833333333333333 0.000125 0
1677 0.001833333333333333 0.000125 4.166666666666667e-05
1678 0.001833333333333333 0.000125 8.333333333333333e-05
1679 0.001833333333333333 0.000125 0.000125
1680 0.001833333333333333 0.000125 0.0001666666666666667
1681 0.001833333333333333 0.000125 0.0002083333333333333
1682 0.001833333333333333 0.000125 0.00025
1683 0.001833333333333333 0.000125 0.0002916666666666667
1684 0.001833333333333333 0.000125 0.0003333333333333333
1685 0.001833333333333333 0.000125 0.0003750000000000001
1686 0.001833333333333333 0.000125 0.0004166666666666667
1687 0.001833333333333333 0.000125 0.0004583333333333333
1688 0.001833333333333333 0.000125 0.0005
1689 0.001833333333333333 0.000125 0.0005416666666666668
1690 0.001833333333333333 0.000125 0.0005833333333333334
1691 0.001833333333333333 0.000125 0.000625
1692 0.001833333333333333 0.000125 0.0006666666666666666
1693 0.001833333333333333 0.000125 0.0007083333333333334
1694 0.001833333333333333 0.000125 0.0007500000000000001
1695 0.001833333333333333 0.000125 0.0007916666666666666
1696 0.001833333333333333 0.000125 0.0008333333333333334
1697 0.001833333333333333 0.000125 0.000875
1698 0.001833333333333333 0.000125 0.0009166666666666666
1699 0.001833333333333333 0.000125 0.0009583333333333333
1700 0.001833333333333333 0.000125 0.001
1701 0.001833333333333333 0.00025 0
1702 0.001833333333333333 0.00025 4.166666666666667e-05
1703 0.001833333333333333 0.00025 8.333333333333333e-05
1704 0.001833333333333333 0.00025 0.000125
1705 0.001833333333333333 0.00025 0.0001666666666666667
1706 0.001833333333333333 0.00025 0.0002083333333333333
1707 0.001833333333333333 0.00025 0.00025
1708 0.001833333333333333 0.00025 0.0002916666666666667
1709 0.001833333333333333 0.00025 0.0003333333333333333
1710 0.001833333333333333 0.00025 0.0003750000000000001
1711 0.001833333333333333 0.00025 0.0004166666666666667
1712 0.001833333333333333 0.00025 0.0004583333333333333
1713 0.001833333333333333 0.00025 0.0005
1714 0.001833333333333333 0.00025 0.0005416666666666668
1715 0.001833333333333333 0.00025 0.0005833333333333334
1716 0.001833333333333333 0.00025 0.000625
1717 0.001833333333333333 0.00025 0.0006666666666666666
1718 0.001833333333333333 0.00025 0.0007083333333333334
1719 0.001833333333333333 0.00025 0.0007500000000000001
1720 0.001833333333333333 0.00025 0.0007916666666666666
1721 0.001833333333333333 0.00025 0.0008333333333333334
1722 0.001833333333333333 0.00025 0.000875
1723 0.001833333333333333 0.00025 0.0009166666666666666
1724 0.001833333333333333 0.00025 0.0009583333333333333
1725 0.001833333333333333 0.00025 0.001
1726 0.001916666666666667 0 0
1727 0.001916666666666667 0 4.166666666666667e-05
1728 0.001916666666666667 0 8.333333333333333e-05
1729 0.001916666666666667 0 0.000125
1730 0.001916666666666667 0 0.0001666666666666667
1731 0.001916666666666667 0 0.0002083333333333333
1732 0.001916666666666667 0 0.00025
1733 0.001916666666666667 0 0.0002916666666666667
1734 0.001916666666666667 0 0.0003333333333333333
1735 0.001916666666666667 0 0.0003750000000000001
1736 0.001916666666666667 0 0.0004166666666666667
1737 0.001916666666666667 0 0.0004583333333333333
1738 0.001916666666666667 0 0.0005
1739 0.001916666666666667 0 0.0005416666666666668
1740 0.001916666666666667 0 0.0005833333333333334
1741 0.001916666666666667 0 0.000625
1742 0.001916666666666667 0 0.0006666666666666666
1743 0.001916666666666667 0 0.0007083333333333334
1744 0.001916666666666667 0 0.0007500000000000001
1745 0.001916666666666667 0 0.0007916666666666666
1746 0.001916666666666667 0 0.0008333333333333334
1747 0.001916666666666667 0 0.000875
1748 0.001916666666666667 0 0.0009166666666666666
1749 0.001916666666666667 0 0.0009583333333333333
1750 0.001916666666666667 0 0.001
1751 0.001916666666666667 0.000125 0
1752 0.001916666666666667 0.000125 4.166666666666667e-05
1753 0.001916666666666667 0.000125 8.333333333333333e-05
1754 0.001916666666666667 0.000125 0.000125
1755 0.001916666666666667 0.000125 0.0001666666666666667
1756 0.001916666666666667 0.000125 0.0002083333333333333
1757 0.001916666666666667 0.000125 0.00025
1758 0.001916666666666667 0.000125 0.0002916666666666667
1759 0.001916666666666667 0.000125 0.0003333333333333333
1760 0.001916666666666667 0.000125 0.0003750000000000001
1761 0.001916666666666667 0.000125 0.0004166666666666667
1762 0.001916666666666667 0.000125 0.0004583333333333333
1763 0.001916666666666667 0.000125 0.0005
1764 0.001916666666666667 0.000125 0.0005416666666666668
1765 0.001916666666666667 0.000125 0.0005833333333333334
1766 0.001916666666666667 0.000125 0.000625
1767 0.001916666666666667 0.000125 0.0006666666666666666
1768 0.001916666666666667 0.000125 0.0007083333333333334
1769 0.001916666666666667 0.000125 0.0007500000000000001
1770 0.001916666666666667 0.000125 0.0007916666666666666
1771 0.001916666666666667 0.000125 0.0008333333333333334
1772 0.001916666666666667 0.000125 0.000875
1773 0.001916666666666667 0.000125 0.0009166666666666666
1774 0.001916666666666667 0.000125 0.0009583333333333333
1775 0.001916666666666667 0.000125 0.001
1776 0.001916666666666667 0.00025 0
1777 0.001916666666666667 0.00025 4.166666666666667e-05
1778 0.001916666666666667 0.00025 8.333333333333333e-05
1779 0.001916666666666667 0.00025 0.000125
1780 0.001916666666666667 0.00025 0.0001666666666666667
1781 0.001916666666666667 0.00025 0.0002083333333333333
1782 0.001916666666666667 0.00025 0.00025
1783 0.001916666666666667 0.00025 0.0002916666666666667
1784 0.001916666666666667 0.00025 0.0003333333333333333
1785 0.001916666666666667 0.00025 0.0003750000000000001
1786 0.001916666666666667 0.00025 0.0004166666666666667
1787 0.001916666666666667 0.00025 0.0004583333333333333
1788 0.001916666666666667 0.00025 0.0005
1789 0.001916666666666667 0.00025 0.0005416666666666668
1790 0.001916666666666667 0.00025 0.0005833333333333334
1791 0.001916666666666667 0.00025 0.000625
1792 0.001916666666666667 0.00025 0.0006666666666666666
1793 0.001916666666666667 0.00025 0.0007083333333333334
1794 0.001916666666666667 0.00025 0.0007500000000000001
1795 0.001916666666666667 0.00025 0.0007916666666666666
1796 0.001916666666666667 0.00025 0.0008333333333333334
1797 0.001916666666666667 0.00025 0.000875
1798 0.001916666666666667 0.00025 0.0009166666666666666
1799 0.001916666666666667 0.00025 0.0009583333333333333
1800 0.001916666666666667 0.00025 0.001
1801 0.002 0 0
1802 0.002 0 4.166666666666667e-05
1803 0.002 0 8.333333333333333e-05
1804 0.002 0 0.000125
1805 0.002 0 0.0001666666666666667
1806 0.002 0 0.0002083333333333333
1807 0.002 0 0.00025
1808 0.002 0 0.0002916666666666667
1809 0.002 0 0.0003333333333333333
1810 0.002 0 0.0003750000000000001
1811 0.002 0 0.0004166666666666667
1812 0.002 0 0.0004583333333333333
1813 0.002 0 0.0005
1814 0.002 0 0.0005416666666666668
1815 0.002 0 0.0005833333333333334
1816 0.002 0 0.000625
1817 0.002 0 0.0006666666666666666
1818 0.002 0 0.0007083333333333334
1819 0.002 0 0.0007500000000000001
1820 0.002 0 0.0007916666666666666
1821 0.002 0 0.0008333333333333334
1822 0.002 0 0.000875
1823 0.002 0 0.0009166666666666666
1824 0.002 0 0.0009583333333333333
1825 0.002 0 0.001
1826 0.002 0.000125 0
1827 0.002 0.000125 4.166666666666667e-05
1828 0.002 0.000125 8.333333333333333e-05
1829 0.002 0.000125 0.000125
1830 0.002 0.000125 0.0001666666666666667
1831 0.002 0.000125 0.0002083333333333333
1832 0.002 0.000125 0.00025
1833 0.002 0.000125 0.0002916666666666667
1834 0.002 0.000125 0.0003333333333333333
1835 0.002 0.000125 0.0003750000000000001
1836 0.002 0.000125 0.0004166666666666667
1837 0.002 0.000125 0.0004583333333333333
1838 0.002 0.000125 0.0005
1839 0.002 0.000125 0.0005416666666666668
1840 0.002 0.000125 0.0005833333333333334
1841 0.002 0.000125 0.000625
1842 0.002 0.000125 0.0006666666666666666
1843 0.002 0.000125 0.0007083333333333334
1844 0.002 0.000125 0.0007500000000000001
1845 0.002 0.000125 0.0007916666666666666
1846 0.002 0.000125 0.0008333333333333334
1847 0.002 0.000125 0.000875
1848 0.002 0.000125 0.0009166666666666666
1849 0.002 0.000125 0.0009583333333333333
1850 0.002 0.000125 0.001
1851 0.002 0.00025 0
1852 0.002 0.00025 4.166666666666667e-05
1853 0.002 0.00025 8.333333333333333e-05
1854 0.002 0.00025 0.000125
1855 0.002 0.00025 0.0001666666666666667
1856 0.002 0.00025 0.0002083333333333333
1857 0.002 0.00025 0.00025
1858 0.002 0.00025 0.0002916666666666667
1859 0.002 0.00025 0.0003333333333333333
1860 0.002 0.00025 0.0003750000000000001
1861 0.002 0.00025 0.0004166666666666667
1862 0.002 0.00025 0.0004583333333333333
1863 0.002 0.00025 0.0005
1864 0.002 0.00025 0.0005416666666666668
1865 0.002 0.00025 0.0005833333333333334
1866 0.002 0.00025 0.000625
1867 0.002 0.00025 0.0006666666666666666
1868 0.002 0.00025 0.0007083333333333334
1869 0.002 0.00025 0.0007500000000000001
1870 0.002 0.00025 0.0007916666666666666
1871 0.002 0.00025 0.0008333333333333334
1872 0.002 0.00025 0.000875
1873 0.002 0.00025 0.0009166666666666666
1874 0.002 0.00025 0.0009583333333333333
1875 0.002 0.00025 0.001
$EndNodes
$Elements
2688
1 6 2 1 1 1 76 101 2 77 102
2 6 2 1 1 1 101 26 2 102 27
3 6 2 1 1 2 77 102 3 78 103
4 6 2 1 1 2 102 27 3 103 28
5 6 2 1 1 3 78 103 4 79 104
6 6 2 1 1 3 103 28 4 104 29
7 6 2 1 1 4 79 104 5 80 105
8 6 2 1 1 4 104 29 5 105 30
9 6 2 1 1 5 80 105 6 81 106
10 6 2 1 1 5 105 30 6 106 31
11 6 2 1 1 6 81 106 7 82 107
12 6 2 1 1 6 106 31 7 107 32
13 6 2 1 1 7 82 107 8 83 108
14 6 2 1 1 7 107 32 8 108 33
15 6 2 1 1 8 83 108 9 84 109
16 6 2 1 1 8 108 33 9 109 34
17 6 2 1 1 9 84 109 10 85 110
18 6 2 1 1 9 109 34 10 110 35
19 6 2 1 1 10 85 110 11 86 111
20 6 2 1 1 10 110 35 11 111 36
21 6 2 1 1 11 86 111 12 87 112
22 6 2 1 1 11 111 36 12 112 37
23 6 2 1 1 12 87 112 13 88 113
24 6 2 1 1 12 112 37 13 113 38
25 6 2 1 1 13 88 113 14 89 114
26 6 2 1 1 13 113 38 14 114 39
27 6 2 1 1 14 89 114 15 90 115
28 6 2 1 1 14 114 39 15 115 40
29 6 2 1 1 15 90 115 16 91 116
30 6 2 1 1 15 115 40 16 116 41
31 6 2 1 1 16 91 116 17 92 117
32 6 2 1 1 16 116 41 17 117 42
33 6 2 1 1 17 92 117 18 93 118
34 6 2 1 1 17 117 42 18 118 43
35 6 2 1 1 18 93 118 19 94 119
36 6 2 1 1 18 118 43 19 119 44
37 6 2 1 1 19 94 119 20 95 120
38 6 2 1 1 19 119 44 20 120 45
39 6 2 1 1 20 95 120 21 96 121
40 6 2 1 1 20 120 45 21 121 46
41 6 2 1 1 21 96 121 22 97 122
42 6 2 1 1 21 121 46 22 122 47
43 6 2 1 1 22 97 122 23 98 123
44 6 2 1 1 22 122 47 23 123 48
45 6 2 1 1 23 98 123 24 99 124
46 6 2 1 1 23 123 48 24 124 49
47 6 2 1 1 24 99 124 25 100 125
48 6 2 1 1 24 124 49 25 125 50
49 6 2 1 1 26 101 126 27 102 127
50 6 2 1 1 26 126 51 27 127 52
51 6 2 1 1 27 102 127 28 103 128
52 6 2 1 1 27 127 52 28 128 53
53 6 2 1 1 28 103 128 29 104 129
54 6 2 1 1 28 128 53 29 129 54
55 6 2 1 1 29 104 129 30 105 130
56 6 2 1 1 29 129 54 30 130 55
57 6 2 1 1 30 105 130 31 106 131
58 6 2 1 1 30 130 55 31 131 56
59 6 2 1 1 31 106 131 32 107 132
60 6 2 1 1 31 131 56 32 132 57
61 6 2 1 1 32 107 132 33 108 133
62 6 2 1 1 32 132 57 33 133 58
63 6 2 1 1 33 108 133 34 109 134
64 6 2 1 1 33 133 58 34 134 59
65 6 2 1 1 34 109 134 35 110 135
66 6 2 1 1 34 134 59 35 135 60
67 6 2 1 1 35 110 135 36 111 136
68 6 2 1 1 35 135 60 36 136 61
69 6 2 1 1 36 111 136 37 112 137
70 6 2 1 1 36 136 61 37 137 62
71 6 2 1 1 37 112 137 38 113 138
72 6 2 1 1 37 137 62 38 138 63
73 6 2 1 1 38 113 138 39 114 139
74 6 2 1 1 38 138 63 39 139 64
75 6 2 1 1 39 114 139 40 115 140
76 6 2 1 1 39 139 64 40 140 65
77 6 2 1 1 40 115 140 41 116 141
78 6 2 1 1 40 140 65 41 141 66
79 6 2 1 1 41 116 141 42 117 142
80 6 2 1 1 41 141 66 42 142 67
81 6 2 1 1 42 117 142 43 118 143
82 6 2 1 1 42 142 67 43 143 68
83 6 2 1 1 43 118 143 44 119 144
84 6 2 1 1 43 143 68 44 144 69
85 6 2 1 1 44 119 144 45 120 145
86 6 2 1 1 44 144 69 45 145 70
87 6 2 1 1 45 120 145 46 121 146
88 6 2 1 1 45 145 70 46 146 71
89 6 2 1 1 46 121 146 47 122 147
90 6 2 1 1 46 146 71 47 147 72
91 6 2 1 1 47 122 147 48 123 148
92 6 2 1 1 47 147 72 48 148 73
93 6 2 1 1 48 123 148 49 124 149
94 6 2 1 1 48 148 73 49 149 74
95 6 2 1 1 49 124 149 50 125 150
96 6 2 1 1 49 149 74 50 150 75
97 6 2 1 1 76 151 176 77 152 177
98 6 2 1 1 76 176 101 77 177 102
99 6 2 1 1 77 152 177 78 153 178
100 6 2 1 1 77 177 102 78 178 103
101 6 2 1 1 78 153 178 79 154 179
102 6 2 1 1 78 178 103 79 179 104
103 6 2 1 1 79 154 179 80 155 180
104 6 2 1 1 79 179 104 80 180 105
105 6 2 1 1 80 155 180 81 156 181
106 6 2 1 1 80 180 105 81 181 106
107 6 2 1 1 81 156 181 82 157 182
108 6 2 1 1 81 181 106 82 182 107
109 6 2 1 1 82 157 182 83 158 183
110 6 2 1 1 82 182 107 83 183 108
111 6 2 1 1 83 158 183 84 159 184
112 6 2 1 1 83 183 108 84 184 109
113 6 2 1 1 84 159 184 85 160 185
114 6 2 1 1 84 184 109 85 185 110
115 6 2 1 1 85 160 185 86 161 186
116 6 2 1 1 85 185 110 86 186 111
117 6 2 1 1 86 161 186 87 162 187
118 6 2 1 1 86 186 111 87 187 112
119 6 2 1 1 87 162 187 88 163 188
120 6 2 1 1 87 187 112 88 188 113
121 6 2 1 1 88 163 188 89 164 189
122 6 2 1 1 88 188 113 89 189 114
123 6 2 1 1 89 164 189 90 165 190
124 6 2 1 1 89 189 114 90 190 115
125 6 2 1 1 90 165 190 91 166 191
126 6 2 1 1 90 190 115 91 191 116
127 6 2 1 1 91 166 191 92 167 192
128 6 2 1 1 91 191 116 92 192 117
129 6 2 1 1 92 167 192 93 168 193
130 6 2 1 1 92 192 117 93 193 118
131 6 2 1 1 93 168 193 94 169 194
132 6 2 1 1 93 193 118 94 194 119
133 6 2 1 1 94 169 194 95 170 195
134 6 2 1 1 94 194 119 95 195 120
135 6 2 1 1 95 170 195 96 171 196
136 6 2 1 1 95 195 120 96 196 121
137 6 2 1 1 96 171 196 97 172 197
138 6 2 1 1 96 196 121 97 197 122
139 6 2 1 1 97 172 197 98 173 198
140 6 2 1 1 97 197 122 98 198 123
141 6 2 1 1 98 173 198 99 174 199
142 6 2 1 1 98 198 123 99 199 124
143 6 2 1 1 99 174 199 100 175 200
144 6 2 1 1 99 199 124 100 200 125
145 6 2 1 1 101 176 201 102 177 202
146 6 2 1 1 101 201 126 102 202 127
147 6 2 1 1 102 177 202 103 178 203
148 6 2 1 1 102 202 127 103 203 128
149 6 2 1 1 103 178 203 104 179 204
150 6 2 1 1 103 203 128 104 204 129
151 6 2 1 1 104 179 204 105 180 205
152 6 2 1 1 104 204 129 105 205 130
153 6 2 1 1 105 180 205 106 181 206
154 6 2 1 1 105 205 130 106 206 131
155 6 2 1 1 106 181 206 107 182 207
156 6 2 1 1 106 206 131 107 207 132
157 6 2 1 1 107 182 207 108 183 208
158 6 2 1 1 107 207 132 108 208 133
159 6 2 1 1 108 183 208 109 184 209
160 6 2 1 1 108 208 133 109 209 134
161 6 2 1 1 109 184 209 110 185 210
162 6 2 1 1 109 209 134 110 210 135
163 6 2 1 1 110 185 210 111 186 211
164 6 2 1 1 110 210 135 111 211 136
165 6 2 1 1 111 186 211 112 187 212
166 6 2 1 1 111 211 136 112 212 137
167 6 2 1 1 112 187 212 113 188 213
168 6 2 1 1 112 212 137 113 213 138
169 6 2 1 1 113 188 213 114 189 214
170 6 2 1 1 113 213 138 114 214 139
171 6 2 1 1 114 189 214 115 190 215
172 6 2 1 1 114 214 139 115 215 140
173 6 2 1 1 115 190 215 116 191 216
174 6 2 1 1 115 215 140 116 216 141
175 6 2 1 1 116 191 216 117 192 217
176 6 2 1 1 116 216 141 117 217 142
177 6 2 1 1 117 192 217 118 193 218
178 6 2 1 1 117 217 142 118 218 143
179 6 2 1 1 118 193 218 119 194 219
180 6 2 1 1 118 218 143 119 219 144
181 6 2 1 1 119 194 219 120 195 220
182 6 2 1 1 119 219 144 120 220 145
183 6 2 1 1 120 195 220 121 196 221
184 6 2 1 1 120 220 145 121 221 146
185 6 2 1 1 121 196 221 122 197 222
186 6 2 1 1 121 221 146 122 222 147
187 6 2 1 1 122 197 222 123 198 223
188 6 2 1 1 122 222 147 123 223 148
189 6 2 1 1 123 198 223 124 199 224
190 6 2 1 1 123 223 148 124 224 149
191 6 2 1 1 124 199 224 125 200 225
192 6 2 1 1 124 224 149 125 225 150
193 6 2 1 1 151 226 251 152 227 252
194 6 2 1 1 151 251 176 152 252 177
195 6 2 1 1 152 227 252 153 228 253
196 6 2 1 1 152 252 177 153 253 178
197 6 2 1 1 153 228 253 154 229 254
198 6 2 1 1 153 253 178 154 254 179
199 6 2 1 1 154 229 254 155 230 255
200 6 2 1 1 154 254 179 155 255 180
201 6 2 1 1 155 230 255 156 231 256
202 6 2 1 1 155 255 180 156 256 181
203 6 2 1 1 156 231 256 157 232 257
204 6 2 1 1 156 256 181 157 257 182
205 6 2 1 1 157 232 257 158 233 258
206 6 2 1 1 157 257 182 158 258 183
207 6 2 1 1 158 233 258 159 234 259
208 6 2 1 1 158 258 183 159 259 184
209 6 2 1 1 159 234 259 160 235 260
210 6 2 1 1 159 259 184 160 260 185
211 6 2 1 1 160 235 260 161 236 261
212 6 2 1 1 160 260 185 161 261 186
213 6 2 1 1 161 236 261 162 237 262
214 6 2 1 1 161 261 186 162 262 187
215 6 2 1 1 162 237 262 163 238 263
216 6 2 1 1 162 262 187 163 263 188
217 6 2 1 1 163 238 263 164 239 264
218 6 2 1 1 163 263 188 164 264 189
219 6 2 1 1 164 239 264 165 240 265
220 6 2 1 1 164 264 189 165 265 190
221 6 2 1 1 165 240 265 166 241 266
222 6 2 1 1 165 265 190 166 266 191
223 6 2 1 1 166 241 266 167 242 267
224 6 2 1 1 166 266 191 167 267 192
225 6 2 1 1 167 242 267 168 243 268
226 6 2 1 1 167 267 192 168 268 193
227 6 2 1 1 168 243 268 169 244 269
228 6 2 1 1 168 268 193 169 269 194
229 6 2 1 1 169 244 269 170 245 270
230 6 2 1 1 169 269 194 170 270 195
231 6 2 1 1 170 245 270 171 246 271
232 6 2 1 1 170 270 195 171 271 196
233 6 2 1 1 171 246 271 172 247 272
234 6 2 1 1 171 271 196 172 272 197
235 6 2 1 1 172 247 272 173 248 273
236 6 2 1 1 172 272 197 173 273 198
237 6 2 1 1 173 248 273 174 249 274
238 6 2 1 1 173 273 198 174 274 199
239 6 2 1 1 174 249 274 175 250 275
240 6 2 1 1 174 274 199 175 275 200
241 6 2 1 1 176 251 276 177 252 277
242 6 2 1 1 176 276 201 177 277 202
243 6 2 1 1 177 252 277 178 253 278
244 6 2 1 1 177 277 202 178 278 203
245 6 2 1 1 178 253 278 179 254 279
246 6 2 1 1 178 278 203 179 279 204
247 6 2 1 1 179 254 279 180 255 280
248 6 2 1 1 179 279 204 180 280 205
249 6 2 1 1 180 255 280 181 256 281
250 6 2 1 1 180 280 205 181 281 206
251 6 2 1 1 181 256 281 182 257 282
252 6 2 1 1 181 281 206 182 282 207
253 6 2 1 1 182 257 282 183 258 283
254 6 2 1 1 182 282 207 183 283 208
255 6 2 1 1 183 258 283 184 259 284
256 6 2 1 1 183 283 208 184 284 209
257 6 2 1 1 184 259 284 185 260 285
258 6 2 1 1 184 284 209 185 285 210
259 6 2 1 1 185 260 285 186 261 286
260 6 2 1 1 185 285 210 186 286 211
261 6 2 1 1 186 261 286 187 262 287
262 6 2 1 1 186 286 211 187 287 212
263 6 2 1 1 187 262 287 188 263 288
264 6 2 1 1 187 287 212 188 288 213
265 6 2 1 1 188 263 288 189 264 289
266 6 2 1 1 188 288 213 189 289 214
267 6 2 1 1 189 264 289 190 265 290
268 6 2 1 1 189 289 214 190 290 215
269 6 2 1 1 190 265 290 191 266 291
270 6 2 1 1 190 290 215 191 291 216
271 6 2 1 1 191 266 291 192 267 292
272 6 2 1 1 191 291 216 192 292 217
273 6 2 1 1 192 267 292 193 268 293
274 6 2 1 1 192 292 217 193 293 218
275 6 2 1 1 193 268 293 194 269 294
276 6 2 1 1 193 293 218 194 294 219
277 6 2 1 1 194 269 294 195 270 295
278 6 2 1 1 194 294 219 195 295 220
279 6 2 1 1 195 270 295 196 271 296
280 6 2 1 1 195 295 220 196 296 221
281 6 2 1 1 196 271 296 197 272 297
282 6 2 1 1 196 296 221 197 297 222
283 6 2 1 1 197 272 297 198 273 298
284 6 2 1 1 197 297 222 198 298 223
285 6 2 1 1 198 273 298 199 274 299
286 6 2 1 1 198 298 223 199 299 224
287 6 2 1 1 199 274 299 200 275 300
288 6 2 1 1 199 299 224 200 300 225
289 6 2 1 1 226 301 326 227 302 327
290 6 2 1 1 226 326 251 227 327 252
291 6 2 1 1 227 302 327 228 303 328
292 6 2 1 1 227 327 252 228 328 253
293 6 2 1 1 228 303 328 229 304 329
294 6 2 1 1 228 328 253 229 329 254
295 6 2 1 1 229 304 329 230 305 330
296 6 2 1 1 229 329 254 230 330 255
297 6 2 1 1 230 305 330 231 306 331
298 6 2 1 1 230 330 255 231 331 256
299 6 2 1 1 231 306 331 232 307 332
300 6 2 1 1 231 331 256 232 332 257
301 6 2 1 1 232 307 332 233 308 333
302 6 2 1 1 232 332 257 233 333 258
303 6 2 1 1 233 308 333 234 309 334
304 6 2 1 1 233 333 258 234 334 259
305 6 2 1 1 234 309 334 235 310 335
306 6 2 1 1 234 334 259 235 335 260
307 6 2 1 1 235 310 335 236 311 336
308 6 2 1 1 235 335 260 236 336 261
309 6 2 1 1 236 311 336 237 312 337
310 6 2 1 1 236 336 261 237 337 262
311 6 2 1 1 237 312 337 238 313 338
312 6 2 1 1 237 337 262 238 338 263
313 6 2 1 1 238 313 338 239 314 339
314 6 2 1 1 238 338 263 239 339 264
315 6 2 1 1 239 314 339 240 315 340
316 6 2 1 1 239 339 264 240 340 265
317 6 2 1 1 240 315 340 241 316 341
318 6 2 1 1 240 340 265 241 341 266
319 6 2 1 1 241 316 341 242 317 342
320 6 2 1 1 241 341 266 242 342 267
321 6 2 1 1 242 317 342 243 318 343
322 6 2 1 1 242 342 267 243 343 268
323 6 2 1 1 243 318 343 244 319 344
324 6 2 1 1 243 343 268 244 344 269
325 6 2 1 1 244 319 344 245 320 345
326 6 2 1 1 244 344 269 245 345 270
327 6 2 1 1 245 320 345 246 321 346
328 6 2 1 1 245 345 270 246 346 271
329 6 2 1 1 246 321 346 247 322 347
330 6 2 1 1 246 346 271 247 347 272
331 6 2 1 1 247 322 347 248 323 348
332 6 2 1 1 247 347 272 248 348 273
333 6 2 1 1 248 323 348 249 324 349
334 6 2 1 1 248 348 273 249 349 274
335 6 2 1 1 249 324 349 250 325 350
336 6 2 1 1 249 349 274 250 350 275
337 6 2 1 1 251 326 351 252 327 352
338 6 2 1 1 251 351 276 252 352 277
339 6 2 1 1 252 327 352 253 328 353
340 6 2 1 1 252 352 277 253 353 278
341 6 2 1 1 253 328 353 254 329 354
342 6 2 1 1 253 353 278 254 354 279
343 6 2 1 1 254 329 354 255 330 355
344 6 2 1 1 254 354 279 255 355 280
345 6 2 1 1 255 330 355 256 331 356
346 6 2 1 1 255 355 280 256 356 281
347 6 2 1 1 256 331 356 257 332 357
348 6 2 1 1 256 356 281 257 357 282
349 6 2 1 1 257 332 357 258 333 358
350 6 2 1 1 257 357 282 258 358 283
351 6 2 1 1 258 333 358 259 334 359
352 6 2 1 1 258 358 283 259 359 284
353 6 2 1 1 259 334 359 260 335 360
354 6 2 1 1 259 359 284 260 360 285
355 6 2 1 1 260 335 360 261 336 361
356 6 2 1 1 260 360 285 261 361 286
357 6 2 1 1 261 336 361 262 337 362
358 6 2 1 1 261 361 286 262 362 287
359 6 2 1 1 262 337 362 263 338 363
360 6 2 1 1 262 362 287 263 363 288
361 6 2 1 1 263 338 363 264 339 364
362 6 2 1 1 263 363 288 264 364 289
363 6 2 1 1 264 339 364 265 340 365
364 6 2 1 1 264 364 289 265 365 290
365 6 2 1 1 265 340 365 266 341 366
366 6 2 1 1 265 365 290 266 366 291
367 6 2 1 1 266 341 366 267 342 367
368 6 2 1 1 266 366 291 267 367 292
369 6 2 1 1 267 342 367 268 343 368
370 6 2 1 1 267 367 292 268 368 293
371 6 2 1 1 268 343 368 269 344 369
372 6 2 1 1 268 368 293 269 369 294
373 6 2 1 1 269 344 369 270 345 370
374 6 2 1 1 269 369 294 270 370 295
375 6 2 1 1 270 345 370 271 346 371
376 6 2 1 1 270 370 295 271 371 296
377 6 2 1 1 271 346 371 272 347 372
378 6 2 1 1 271 371 296 272 372 297
379 6 2 1 1 272 347 372 273 348 373
380 6 2 1 1 272 372 297 273 373 298
381 6 2 1 1 273 348 373 274 349 374
382 6 2 1 1 273 373 298 274 374 299
383 6 2 1 1 274 349 374 275 350 375
384 6 2 1 1 274 374 299 275 375 300
385 6 2 1 1 301 376 401 302 377 402
386 6 2 1 1 301 401 326 302 402 327
387 6 2 1 1 302 377 402 303 378 403
388 6 2 1 1 302 402 327 303 403 328
389 6 2 1 1 303 378 403 304 379 404
390 6 2 1 1 303 403 328 304 404 329
391 6 2 1 1 304 379 404 305 380 405
392 6 2 1 1 304 404 329 305 405 330
393 6 2 1 1 305 380 405 306 381 406
394 6 2 1 1 305 405 330 306 406 331
395 6 2 1 1 306 381 406 307 382 407
396 6 2 1 1 306 406 331 307 407 332
397 6 2 1 1 307 382 407 308 383 408
398 6 2 1 1 307 407 332 308 408 333
399 6 2 1 1 308 383 408 309 384 409
400 6 2 1 1 308 408 333 309 409 334
401 6 2 1 1 309 384 409 310 385 410
402 6 2 1 1 309 409 334 310 410 335
403 6 2 1 1 310 385 410 311 386 411
404 6 2 1 1 310 410 335 311 411 336
405 6 2 1 1 311 386 411 312 387 412
406 6 2 1 1 311 411 336 312 412 337
407 6 2 1 1 312 387 412 313 388 413
408 6 2 1 1 312 412 337 313 413 338
409 6 2 1 1 313 388 413 314 389 414
410 6 2 1 1 313 413 338 314 414 339
411 6 2 1 1 314 389 414 315 390 415
412 6 2 1 1 314 414 339 315 415 340
413 6 2 1 1 315 390 415 316 391 416
414 6 2 1 1 315 415 340 316 416 341
415 6 2 1 1 316 391 416 317 392 417
416 6 2 1 1 316 416 341 317 417 342
417 6 2 1 1 317 392 417 318 393 418
418 6 2 1 1 317 417 342 318 418 343
419 6 2 1 1 318 393 418 319 394 419
420 6 2 1 1 318 418 343 319 419 344
421 6 2 1 1 319 394 419 320 395 420
422 6 2 1 1 319 419 344 320 420 345
423 6 2 1 1 320 395 420 321 396 421
424 6 2 1 1 320 420 345 321 421 346
425 6 2 1 1 321 396 421 322 397 422
426 6 2 1 1 321 421 346 322 422 347
427 6 2 1 1 322 397 422 323 398 423
428 6 2 1 1 322 422 347 323 423 348
429 6 2 1 1 323 398 423 324 399 424
430 6 2 1 1 323 423 348 324 424 349
431 6 2 1 1 324 399 424 325 400 425
432 6 2 1 1 324 424 349 325 425 350
433 6 2 1 1 326 401 426 327 402 427
434 6 2 1 1 326 426 351 327 427 352
435 6 2 1 1 327 402 427 328 403 428
436 6 2 1 1 327 427 352 328 428 353
437 6 2 1 1 328 403 428 329 404 429
438 6 2 1 1 328 428 353 329 429 354
439 6 2 1 1 329 404 429 330 405 430
440 6 2 1 1 329 429 354 330 430 355
441 6 2 1 1 330 405 430 331 406 431
442 6 2 1 1 330 430 355 331 431 356
443 6 2 1 1 331 406 431 332 407 432
444 6 2 1 1 331 431 356 332 432 357
445 6 2 1 1 332 407 432 333 408 433
446 6 2 1 1 332 432 357 333 433 358
447 6 2 1 1 333 408 433 334 409 434
448 6 2 1 1 333 433 358 334 434 359
449 6 2 1 1 334 409 434 335 410 435
450 6 2 1 1 334 434 359 335 435 360
451 6 2 1 1 335 410 435 336 411 436
452 6 2 1 1 335 435 360 336 436 361
453 6 2 1 1 336 411 436 337 412 437
454 6 2 1 1 336 436 361 337 437 362
455 6 2 1 1 337 412 437 338 413 438
456 6 2 1 1 337 437 362 338 438 363
457 6 2 1 1 338 413 438 339 414 439
458 6 2 1 1 338 438 363 339 439 364
459 6 2 1 1 339 414 439 340 415 440
460 6 2 1 1 339 439 364 340 440 365
461 6 2 1 1 340 415 440 341 416 441
462 6 2 1 1 340 440 365 341 441 366
463 6 2 1 1 341 416 441 342 417 442
464 6 2 1 1 341 441 366 342 442 367
465 6 2 1 1 342 417 442 343 418 443
466 6 2 1 1 342 442 367 343 443 368
467 6 2 1 1 343 418 443 344 419 444
468 6 2 1 1 343 443 368 344 444 369
469 6 2 1 1 344 419 444 345 420 445
470 6 2 1 1 344 444 369 345 445 370
471 6 2 1 1 345 420 445 346 421 446
472 6 2 1 1 345 445 370 346 446 371
473 6 2 1 1 346 421 446 347 422 447
474 6 2 1 1 346 446 371 347 447 372
475 6 2 1 1 347 422 447 348 423 448
476 6 2 1 1 347 447 372 348 448 373
477 6 2 1 1 348 423 448 349 424 449
478 6 2 1 1 348 448 373 349 449 374
479 6 2 1 1 349 424 449 350 425 450
480 6 2 1 1 349 449 374 350 450 375
481 6 2 1 1 376 451 476 377 452 477
482 6 2 1 1 376 476 401 377 477 402
483 6 2 1 1 377 452 477 378 453 478
484 6 2 1 1 377 477 402 378 478 403
485 6 2 1 1 378 453 478 379 454 479
486 6 2 1 1 378 478 403 379 479 404
487 6 2 1 1 379 454 479 380 455 480
488 6 2 1 1 379 479 404 380 480 405
489 6 2 1 1 380 455 480 381 456 481
490 6 2 1 1 380 480 405 381 481 406
491 6 2 1 1 381 456 481 382 457 482
492 6 2 1 1 381 481 406 382 482 407
493 6 2 1 1 382 457 482 383 458 483
494 6 2 1 1 382 482 407 383 483 408
495 6 2 1 1 383 458 483 384 459 484
496 6 2 1 1 383 483 408 384 484 409
497 6 2 1 1 384 459 484 385 460 485
498 6 2 1 1 384 484 409 385 485 410
499 6 2 1 1 385 460 485 386 461 486
500 6 2 1 1 385 485 410 386 486 411
501 6 2 1 1 386 461 486 387 462 487
502 6 2 1 1 386 486 411 387 487 412
503 6 2 1 1 387 462 487 388 463 488
504 6 2 1 1 387 487 412 388 488 413
505 6 2 1 1 388 463 488 389 464 489
506 6 2 1 1 388 488 413 389 489 414
507 6 2 1 1 389 464 489 390 465 490
508 6 2 1 1 389 489 414 390 490 415
509 6 2 1 1 390 465 490 391 466 491
510 6 2 1 1 390 490 415 391 491 416
511 6 2 1 1 391 466 491 392 467 492
512 6 2 1 1 391 491 416 392 492 417
513 6 2 1 1 392 467 492 393 468 493
514 6 2 1 1 392 492 417 393 493 418
515 6 2 1 1 393 468 493 394 469 494
516 6 2 1 1 393 493 418 394 494 419
517 6 2 1 1 394 469 494 395 470 495
518 6 2 1 1 394 494 419 395 495 420
519 6 2 1 1 395 470 495 396 471 496
520 6 2 1 1 395 495 420 396 496 421
521 6 2 1 1 396 471 496 397 472 497
522 6 2 1 1 396 496 421 397 497 422
523 6 2 1 1 397 472 497 398 473 498
524 6 2 1 1 397 497 422 398 498 423
525 6 2 1 1 398 473 498 399 474 499
526 6 2 1 1 398 498 423 399 499 424
527 6 2 1 1 399 474 499 400 475 500
528 6 2 1 1 399 499 424 400 500 425
529 6 2 1 1 401 476 501 402 477 502
530 6 2 1 1 401 501 426 402 502 427
531 6 2 1 1 402 477 502 403 478 503
532 6 2 1 1 402 502 427 403 503 428
533 6 2 1 1 403 478 503 404 479 504
534 6 2 1 1 403 503 428 404 504 429
535 6 2 1 1 404 479 504 405 480 505
536 6 2 1 1 404 504 429 405 505 430
537 6 2 1 1 405 480 505 406 481 506
538 6 2 1 1 405 505 430 406 506 431
539 6 2 1 1 406 481 506 407 482 507
540 6 2 1 1 406 506 431 407 507 432
541 6 2 1 1 407 482 507 408 483 508
542 6 2 1 1 407 507 432 408 508 433
543 6 2 1 1 408 483 508 409 484 509
544 6 2 1 1 408 508 433 409 509 434
545 6 2 1 1 409 484 509 410 485 510
546 6 2 1 1 409 509 434 410 510 435
547 6 2 1 1 410 485 510 411 486 511
548 6 2 1 1 410 510 435 411 511 436
549 6 2 1 1 411 486 511 412 487 512
550 6 2 1 1 411 511 436 412 512 437
551 6 2 1 1 412 487 512 413 488 513
552 6 2 1 1 412 512 437 413 513 438
553 6 2 1 1 413 488 513 414 489 514
554 6 2 1 1 413 513 438 414 514 439
555 6 2 1 1 414 489 514 415 490 515
556 6 2 1 1 414 514 439 415 515 440
557 6 2 1 1 415 490 515 416 491 516
558 6 2 1 1 415 515 440 416 516 441
559 6 2 1 1 416 491 516 417 492 517
560 6 2 1 1 416 516 441 417 517 442
561 6 2 1 1 417 492 517 418 493 518
562 6 2 1 1 417 517 442 418 518 443
563 6 2 1 1 418 493 518 419 494 519
564 6 2 1 1 418 518 443 419 519 444
565 6 2 1 1 419 494 519 420 495 520
566 6 2 1 1 419 519 444 420 520 445
567 6 2 1 1 420 495 520 421 496 521
568 6 2 1 1 420 520 445 421 521 446
569 6 2 1 1 421 496 521 422 497 522
570 6 2 1 1 421 521 446 422 522 447
571 6 2 1 1 422 497 522 423 498 523
572 6 2 1 1 422 522 447 423 523 448
573 6 2 1 1 423 498 523 424 499 524
574 6 2 1 1 423 523 448 424 524 449
575 6 2 1 1 424 499 524 425 500 525
576 6 2 1 1 424 524 449 425 525 450
577 6 2 1 1 451 526 551 452 527 552
578 6 2 1 1 451 551 476 452 552 477
579 6 2 1 1 452 527 552 453 528 553
580 6 2 1 1 452 552 477 453 553 478
581 6 2 1 1 453 528 553 454 529 554
582 6 2 1 1 453 553 478 454 554 479
583 6 2 1 1 454 529 554 455 530 555
584 6 2 1 1 454 554 479 455 555 480
585 6 2 1 1 455 530 555 456 531 556
586 6 2 1 1 455 555 480 456 556 481
587 6 2 1 1 456 531 556 457 532 557
588 6 2 1 1 456 556 481 457 557 482
589 6 2 1 1 457 532 557 458 533 558
590 6 2 1 1 457 557 482 458 558 483
591 6 2 1 1 458 533 558 459 534 559
592 6 2 1 1 458 558 483 459 559 484
593 6 2 1 1 459 534 559 460 535 560
594 6 2 1 1 459 559 484 460 560 485
595 6 2 1 1 460 535 560 461 536 561
596 6 2 1 1 460 560 485 461 561 486
597 6 2 1 1 461 536 561 462 537 562
598 6 2 1 1 461 561 486 462 562 487
599 6 2 1 1 462 537 562 463 538 563
600 6 2 1 1 462 562 487 463 563 488
601 6 2 1 1 463 538 563 464 539 564
602 6 2 1 1 463 563 488 464 564 489
603 6 2 1 1 464 539 564 465 540 565
604 6 2 1 1 464 564 489 465 565 490
605 6 2 1 1 465 540 565 466 541 566
606 6 2 1 1 465 565 490 466 566 491
607 6 2 1 1 466 541 566 467 542 567
608 6 2 1 1 466 566 491 467 567 492
609 6 2 1 1 467 542 567 468 543 568
610 6 2 1 1 467 567 492 468 568 493
611 6 2 1 1 468 543 568 469 544 569
612 6 2 1 1 468 568 493 469 569 494
613 6 2 1 1 469 544 569 470 545 570
614 6 2 1 1 469 569 494 470 570 495
615 6 2 1 1 470 545 570 471 546 571
616 6 2 1 1 470 570 495 471 571 496
617 6 2 1 1 471 546 571 472 547 572
618 6 2 1 1 471 571 496 472 572 497
619 6 2 1 1 472 547 572 473 548 573
620 6 2 1 1 472 572 497 473 573 498
621 6 2 1 1 473 548 573 474 549 574
622 6 2 1 1 473 573 498 474 574 499
623 6 2 1 1 474 549 574 475 550 575
624 6 2 1 1 474 574 499 475 575 500
625 6 2 1 1 476 551 576 477 552 577
626 6 2 1 1 476 576 501 477 577 502
627 6 2 1 1 477 552 577 478 553 578
628 6 2 1 1 477 577 502 478 578 503
629 6 2 1 1 478 553 578 479 554 579
630 6 2 1 1 478 578 503 479 579 504
631 6 2 1 1 479 554 579 480 555 580
632 6 2 1 1 479 579 504 480 580 505
633 6 2 1 1 480 555 580 481 556 581
634 6 2 1 1 480 580 505 481 581 506
635 6 2 1 1 481 556 581 482 557 582
636 6 2 1 1 481 581 506 482 582 507
637 6 2 1 1 482 557 582 483 558 583
638 6 2 1 1 482 582 507 483 583 508
639 6 2 1 1 483 558 583 484 559 584
640 6 2 1 1 483 583 508 484 584 509
641 6 2 1 1 484 559 584 485 560 585
642 6 2 1 1 484 584 509 485 585 510
643 6 2 1 1 485 560 585 486 561 586
644 6 2 1 1 485 585 510 486 586 511
645 6 2 1 1 486 561 586 487 562 587
646 6 2 1 1 486 586 511 487 587 512
647 6 2 1 1 487 562 587 488 563 588
648 6 2 1 1 487 587 512 488 588 513
649 6 2 1 1 488 563 588 489 564 589
650 6 2 1 1 488 588 513 489 589 514
651 6 2 1 1 489 564 589 490 565 590
652 6 2 1 1 489 589 514 490 590 515
653 6 2 1 1 490 565 590 491 566 591
654 6 2 1 1 490 590 515 491 591 516
655 6 2 1 1 491 566 591 492 567 592
656 6 2 1 1 491 591 516 492 592 517
657 6 2 1 1 492 567 592 493 568 593
658 6 2 1 1 492 592 517 493 593 518
659 6 2 1 1 493 568 593 494 569 594
660 6 2 1 1 493 593 518 494 594 519
661 6 2 1 1 494 569 594 495 570 595
662 6 2 1 1 494 594 519 495 595 520
663 6 2 1 1 495 570 595 496 571 596
664 6 2 1 1 495 595 520 496 596 521
665 6 2 1 1 496 571 596 497 572 597
666 6 2 1 1 496 596 521 497 597 522
667 6 2 1 1 497 572 597 498 573 598
668 6 2 1 1 497 597 522 498 598 523
669 6 2 1 1 498 573 598 499 574 599
670 6 2 1 1 498 598 523 499 599 524
671 6 2 1 1 499 574 599 500 575 600
672 6 2 1 1 499 599 524 500 600 525
673 6 2 1 1 526 601 626 527 602 627
674 6 2 1 1 526 626 551 527 627 552
675 6 2 1 1 527 602 627 528 603 628
676 6 2 1 1 527 627 552 528 628 553
677 6 2 1 1 528 603 628 529 604 629
678 6 2 1 1 528 628 553 529 629 554
679 6 2 1 1 529 604 629 530 605 630
680 6 2 1 1 529 629 554 530 630 555
681 6 2 1 1 530 605 630 531 606 631
682 6 2 1 1 530 630 555 531 631 556
683 6 2 1 1 531 606 631 532 607 632
684 6 2 1 1 531 631 556 532 632 557
685 6 2 1 1 532 607 632 533 608 633
686 6 2 1 1 532 632 557 533 633 558
687 6 2 1 1 533 608 633 534 609 634
688 6 2 1 1 533 633 558 534 634 559
689 6 2 1 1 534 609 634 535 610 635
690 6 2 1 1 534 634 559 535 635 560
691 6 2 1 1 535 610 635 536 611 636
692 6 2 1 1 535 635 560 536 636 561
693 6 2 1 1 536 611 636 537 612 637
694 6 2 1 1 536 636 561 537 637 562
695 6 2 1 1 537 612 637 538 613 638
696 6 2 1 1 537 637 562 538 638 563
697 6 2 1 1 538 613 638 539 614 639
698 6 2 1 1 538 638 563 539 639 564
699 6 2 1 1 539 614 639 540 615 640
700 6 2 1 1 539 639 564 540 640 565
701 6 2 1 1 540 615 640 541 616 641
702 6 2 1 1 540 640 565 541 641 566
703 6 2 1 1 541 616 641 542 617 642
704 6 2 1 1 541 641 566 542 642 567
705 6 2 1 1 542 617 642 543 618 643
706 6 2 1 1 542 642 567 543 643 568
707 6 2 1 1 543 618 643 544 619 644
708 6 2 1 1 543 643 568 544 644 569
709 6 2 1 1 544 619 644 545 620 645
710 6 2 1 1 544 644 569 545 645 570
711 6 2 1 1 545 620 645 546 621 646
712 6 2 1 1 545 645 570 546 646 571
713 6 2 1 1 546 621 646 547 622 647
714 6 2 1 1 546 646 571 547 647 572
715 6 2 1 1 547 622 647 548 623 648
716 6 2 1 1 547 647 572 548 648 573
717 6 2 1 1 548 623 648 549 624 649
718 6 2 1 1 548 648 573 549 649 574
719 6 2 1 1 549 624 649 550 625 650
720 6 2 1 1 549 649 574 550 650 575
721 6 2 1 1 551 626 651 552 627 652
722 6 2 1 1 551 651 576 552 652 577
723 6 2 1 1 552 627 652 553 628 653
724 6 2 1 1 552 652 577 553 653 578
725 6 2 1 1 553 628 653 554 629 654
726 6 2 1 1 553 653 578 554 654 579
727 6 2 1 1 554 629 654 555 630 655
728 6 2 1 1 554 654 579 555 655 580
729 6 2 1 1 555 630 655 556 631 656
730 6 2 1 1 555 655 580 556 656 581
731 6 2 1 1 556 631 656 557 632 657
732 6 2 1 1 556 656 581 557 657 582
733 6 2 1 1 557 632 657 558 633 658
734 6 2 1 1 557 657 582 558 658 583
735 6 2 1 1 558 633 658 559 634 659
736 6 2 1 1 558 658 583 559 659 584
737 6 2 1 1 559 634 659 560 635 660
738 6 2 1 1 559 659 584 560 660 585
739 6 2 1 1 560 635 660 561 636 661
740 6 2 1 1 560 660 585 561 661 586
741 6 2 1 1 561 636 661 562 637 662
742 6 2 1 1 561 661 586 562 662 587
743 6 2 1 1 562 637 662 563 638 663
744 6 2 1 1 562 662 587 563 663 588
745 6 2 1 1 563 638 663 564 639 664
746 6 2 1 1 563 663 588 564 664 589
747 6 2 1 1 564 639 664 565 640 665
748 6 2 1 1 564 664 589 565 665 590
749 6 2 1 1 565 640 665 566 641 666
750 6 2 1 1 565 665 590 566 666 591
751 6 2 1 1 566 641 666 567 642 667
752 6 2 1 1 566 666 591 567 667 592
753 6 2 1 1 567 642 667 568 643 668
754 6 2 1 1 567 667 592 568 668 593
755 6 2 1 1 568 643 668 569 644 669
756 6 2 1 1 568 668 593 569 669 594
757 6 2 1 1 569 644 669 570 645 670
758 6 2 1 1 569 669 594 570 670 595
759 6 2 1 1 570 645 670 571 646 671
760 6 2 1 1 570 670 595 571 671 596
761 6 2 1 1 571 646 671 572 647 672
762 6 2 1 1 571 671 596 572 672 597
763 6 2 1 1 572 647 672 573 648 673
764 6 2 1 1 572 672 597 573 673 598
765 6 2 1 1 573 648 673 574 649 674
766 6 2 1 1 573 673 598 574 674 599
767 6 2 1 1 574 649 674 575 650 675
768 6 2 1 1 574 674 599 575 675 600
769 6 2 1 1 601 676 701 602 677 702
770 6 2 1 1 601 701 626 602 702 627
771 6 2 1 1 602 677 702 603 678 703
772 6 2 1 1 602 702 627 603 703 628
773 6 2 1 1 603 678 703 604 679 704
774 6 2 1 1 603 703 628 604 704 629
775 6 2 1 1 604 679 704 605 680 705
776 6 2 1 1 604 704 629 605 705 630
777 6 2 1 1 605 680 705 606 681 706
778 6 2 1 1 605 705 630 606 706 631
779 6 2 1 1 606 681 706 607 682 707
780 6 2 1 1 606 706 631 607 707 632
781 6 2 1 1 607 682 707 608 683 708
782 6 2 1 1 607 707 632 608 708 633
783 6 2 1 1 608 683 708 609 684 709
784 6 2 1 1 608 708 633 609 709 634
785 6 2 1 1 609 684 709 610 685 710
786 6 2 1 1 609 709 634 610 710 635
787 6 2 1 1 610 685 710 611 686 711
788 6 2 1 1 610 710 635 611 711 636
789 6 2 1 1 611 686 711 612 687 712
790 6 2 1 1 611 711 636 612 712 637
791 6 2 1 1 612 687 712 613 688 713
792 6 2 1 1 612 712 637 613 713 638
793 6 2 1 1 613 688 713 614 689 714
794 6 2 1 1 613 713 638 614 714 639
795 6 2 1 1 614 689 714 615 690 715
796 6 2 1 1 614 714 639 615 715 640
797 6 2 1 1 615 690 715 616 691 716
798 6 2 1 1 615 715 640 616 716 641
799 6 2 1 1 616 691 716 617 692 717
800 6 2 1 1 616 716 641 617 717 642
801 6 2 1 1 617 692 717 618 693 718
802 6 2 1 1 617 717 642 618 718 643
803 6 2 1 1 618 693 718 619 694 719
804 6 2 1 1 618 718 643 619 719 644
805 6 2 1 1 619 694 719 620 695 720
806 6 2 1 1 619 719 644 620 720 645
807 6 2 1 1 620 695 720 621 696 721
808 6 2 1 1 620 720 645 621 721 646
809 6 2 1 1 621 696 721 622 697 722
810 6 2 1 1 621 721 646 622 722 647
811 6 2 1 1 622 697 722 623 698 723
812 6 2 1 1 622 722 647 623 723 648
813 6 2 1 1 623 698 723 624 699 724
814 6 2 1 1 623 723 648 624 724 649
815 6 2 1 1 624 699 724 625 700 725
816 6 2 1 1 624 724 649 625 725 650
817 6 2 1 1 626 701 726 627 702 727
818 6 2 1 1 626 726 651 627 727 652
819 6 2 1 1 627 702 727 628 703 728
820 6 2 1 1 627 727 652 628 728 653
821 6 2 1 1 628 703 728 629 704 729
822 6 2 1 1 628 728 653 629 729 654
823 6 2 1 1 629 704 729 630 705 730
824 6 2 1 1 629 729 654 630 730 655
825 6 2 1 1 630 705 730 631 706 731
826 6 2 1 1 630 730 655 631 731 656
827 6 2 1 1 631 706 731 632 707 732
828 6 2 1 1 631 731 656 632 732 657
829 6 2 1 1 632 707 732 633 708 733
830 6 2 1 1 632 732 657 633 733 658
831 6 2 1 1 633 708 733 634 709 734
832 6 2 1 1 633 733 658 634 734 659
833 6 2 1 1 634 709 734 635 710 735
834 6 2 1 1 634 734 659 635 735 660
835 6 2 1 1 635 710 735 636 711 736
836 6 2 1 1 635 735 660 636 736 661
837 6 2 1 1 636 711 736 637 712 737
838 6 2 1 1 636 736 661 637 737 662
839 6 2 1 1 637 712 737 638 713 738
840 6 2 1 1 637 737 662 638 738 663
841 6 2 1 1 638 713 738 639 714 739
842 6 2 1 1 638 738 663 639 739 664
843 6 2 1 1 639 714 739 640 715 740
844 6 2 1 1 639 739 664 640 740 665
845 6 2 1 1 640 715 740 641 716 741
846 6 2 1 1 640 740 665 641 741 666
847 6 2 1 1 641 716 741 642 717 742
848 6 2 1 1 641 741 666 642 742 667
849 6 2 1 1 642 717 742 643 718 743
850 6 2 1 1 642 742 667 643 743 668
851 6 2 1 1 643 718 743 644 719 744
852 6 2 1 1 643 743 668 644 744 669
853 6 2 1 1 644 719 744 645 720 745
854 6 2 1 1 644 744 669 645 745 670
855 6 2 1 1 645 720 745 646 721 746
856 6 2 1 1 645 745 670 646 746 671
857 6 2 1 1 646 721 746 647 722 747
858 6 2 1 1 646 746 671 647 747 672
859 6 2 1 1 647 722 747 648 723 748
860 6 2 1 1 647 747 672 648 748 673
861 6 2 1 1 648 723 748 649 724 749
862 6 2 1 1 648 748 673 649 749 674
863 6 2 1 1 649 724 749 650 725 750
864 6 2 1 1 649 749 674 650 750 675
865 6 2 1 1 676 751 776 677 752 777
866 6 2 1 1 676 776 701 677 777 702
867 6 2 1 1 677 752 777 678 753 778
868 6 2 1 1 677 777 702 678 778 703
869 6 2 1 1 678 753 778 679 754 779
870 6 2 1 1 678 778 703 679 779 704
871 6 2 1 1 679 754 779 680 755 780
872 6 2 1 1 679 779 704 680 780 705
873 6 2 1 1 680 755 780 681 756 781
874 6 2 1 1 680 780 705 681 781 706
875 6 2 1 1 681 756 781 682 757 782
876 6 2 1 1 681 781 706 682 782 707
877 6 2 1 1 682 757 782 683 758 783
878 6 2 1 1 682 782 707 683 783 708
879 6 2 1 1 683 758 783 684 759 784
880 6 2 1 1 683 783 708 684 784 709
881 6 2 1 1 684 759 784 685 760 785
882 6 2 1 1 684 784 709 685 785 710
883 6 2 1 1 685 760 785 686 761 786
884 6 2 1 1 685 785 710 686 786 711
885 6 2 1 1 686 761 786 687 762 787
886 6 2 1 1 686 786 711 687 787 712
887 6 2 1 1 687 762 787 688 763 788
888 6 2 1 1 687 787 712 688 788 713
889 6 2 1 1 688 763 788 689 764 789
890 6 2 1 1 688 788 713 689 789 714
891 6 2 1 1 689 764 789 690 765 790
892 6 2 1 1 689 789 714 690 790 715
893 6 2 1 1 690 765 790 691 766 791
894 6 2 1 1 690 790 715 691 791 716
895 6 2 1 1 691 766 791 692 767 792
896 6 2 1 1 691 791 716 692 792 717
897 6 2 1 1 692 767 792 693 768 793
898 6 2 1 1 692 792 717 693 793 718
899 6 2 1 1 693 768 793 694 769 794
900 6 2 1 1 693 793 718 694 794 719
901 6 2 1 1 694 769 794 695 770 795
902 6 2 1 1 694 794 719 695 795 720
903 6 2 1 1 695 770 795 696 771 796
904 6 2 1 1 695 795 720 696 796 721
905 6 2 1 1 696 771 796 697 772 797
906 6 2 1 1 696 796 721 697 797 722
907 6 2 1 1 697 772 797 698 773 798
908 6 2 1 1 697 797 722 698 798 723
909 6 2 1 1 698 773 798 699 774 799
910 6 2 1 1 698 798 723 699 799 724
911 6 2 1 1 699 774 799 700 775 800
912 6 2 1 1 699 799 724 700 800 725
913 6 2 1 1 701 776 801 702 777 802
914 6 2 1 1 701 801 726 702 802 727
915 6 2 1 1 702 777 802 703 778 803
916 6 2 1 1 702 802 727 703 803 728
917 6 2 1 1 703 778 803 704 779 804
918 6 2 1 1 703 803 728 704 804 729
919 6 2 1 1 704 779 804 705 780 805
920 6 2 1 1 704 804 729 705 805 730
921 6 2 1 1 705 780 805 706 781 806
922 6 2 1 1 705 805 730 706 806 731
923 6 2 1 1 706 781 806 707 782 807
924 6 2 1 1 706 806 731 707 807 732
925 6 2 1 1 707 782 807 708 783 808
926 6 2 1 1 707 807 732 708 808 733
927 6 2 1 1 708 783 808 709 784 809
928 6 2 1 1 708 808 733 709 809 734
929 6 2 1 1 709 784 809 710 785 810
930 6 2 1 1 709 809 734 710 810 735
931 6 2 1 1 710 785 810 711 786 811
932 6 2 1 1 710 810 735 711 811 736
933 6 2 1 1 711 786 811 712 787 812
934 6 2 1 1 711 811 736 712 812 737
935 6 2 1 1 712 787 812 713 788 813
936 6 2 1 1 712 812 737 713 813 738
937 6 2 1 1 713 788 813 714 789 814
938 6 2 1 1 713 813 738 714 814 739
939 6 2 1 1 714 789 814 715 790 815
940 6 2 1 1 714 814 739 715 815 740
941 6 2 1 1 715 790 815 716 791 816
942 6 2 1 1 715 815 740 716 816 741
943 6 2 1 1 716 791 816 717 792 817
944 6 2 1 1 716 816 741 717 817 742
945 6 2 1 1 717 792 817 718 793 818
946 6 2 1 1 717 817 742 718 818 743
947 6 2 1 1 718 793 818 719 794 819
948 6 2 1 1 718 818 743 719 819 744
949 6 2 1 1 719 794 819 720 795 820
950 6 2 1 1 719 819 744 720 820 745
951 6 2 1 1 720 795 820 721 796 821
952 6 2 1 1 720 820 745 721 821 746
953 6 2 1 1 721 796 821 722 797 822
954 6 2 1 1 721 821 746 722 822 747
955 6 2 1 1 722 797 822 723 798 823
956 6 2 1 1 722 822 747 723 823 748
957 6 2 1 1 723 798 823 724 799 824
958 6 2 1 1 723 823 748 724 824 749
959 6 2 1 1 724 799 824 725 800 825
960 6 2 1 1 724 824 749 725 825 750
961 6 2 1 1 751 826 851 752 827 852
962 6 2 1 1 751 851 776 752 852 777
963 6 2 1 1 752 827 852 753 828 853
964 6 2 1 1 752 852 777 753 853 778
965 6 2 1 1 753 828 853 754 829 854
966 6 2 1 1 753 853 778 754 854 779
967 6 2 1 1 754 829 854 755 830 855
968 6 2 1 1 754 854 779 755 855 780
969 6 2 1 1 755 830 855 756 831 856
970 6 2 1 1 755 855 780 756 856 781
971 6 2 1 1 756 831 856 757 832 857
972 6 2 1 1 756 856 781 757 857 782
973 6 2 1 1 757 832 857 758 833 858
974 6 2 1 1 757 857 782 758 858 783
975 6 2 1 1 758 833 858 759 834 859
976 6 2 1 1 758 858 783 759 859 784
977 6 2 1 1 759 834 859 760 835 860
978 6 2 1 1 759 859 784 760 860 785
979 6 2 1 1 760 835 860 761 836 861
980 6 2 1 1 760 860 785 761 861 786
981 6 2 1 1 761 836 861 762 837 862
982 6 2 1 1 761 861 786 762 862 787
983 6 2 1 1 762 837 862 763 838 863
984 6 2 1 1 762 862 787 763 863 788
985 6 2 1 1 763 838 863 764 839 864
986 6 2 1 1 763 863 788 764 864 789
987 6 2 1 1 764 839 864 765 840 865
988 6 2 1 1 764 864 789 765 865 790
989 6 2 1 1 765 840 865 766 841 866
990 6 2 1 1 765 865 790 766 866 791
991 6 2 1 1 766 841 866 767 842 867
992 6 2 1 1 766 866 791 767 867 792
993 6 2 1 1 767 842 867 768 843 868
994 6 2 1 1 767 867 792 768 868 793
995 6 2 1 1 768 843 868 769 844 869
996 6 2 1 1 768 868 793 769 869 794
997 6 2 1 1 769 844 869 770 845 870
998 6 2 1 1 769 869 794 770 870 795
999 6 2 1 1 770 845 870 771 846 871
1000 6 2 1 1 770 870 795 771 871 796
1001 6 2 1 1 771 846 871 772 847 872
1002 6 2 1 1 771 871 796 772 872 797
1003 6 2 1 1 772 847 872 773 848 873
1004 6 2 1 1 772 872 797 773 873 798
1005 6 2 1 1 773 848 873 774 849 874
1006 6 2 1 1 773 873 798 774 874 799
1007 6 2 1 1 774 849 874 775 850 875
1008 6 2 1 1 774 874 799 775 875 800
1009 6 2 1 1 776 851 876 777 852 877
1010 6 2 1 1 776 876 801 777 877 802
1011 6 2 1 1 777 852 877 778 853 878
1012 6 2 1 1 777 877 802 778 878 803
1013 6 2 1 1 778 853 878 779 854 879
1014 6 2 1 1 778 878 803 779 879 804
1015 6 2 1 1 779 854 879 780 855 880
1016 6 2 1 1 779 879 804 780 880 805
1017 6 2 1 1 780 855 880 781 856 881
1018 6 2 1 1 780 880 805 781 881 806
1019 6 2 1 1 781 856 881 782 857 882
1020 6 2 1 1 781 881 806 782 882 807
1021 6 2 1 1 782 857 882 783 858 883
1022 6 2 1 1 782 882 807 783 883 808
1023 6 2 1 1 783 858 883 784 859 884
1024 6 2 1 1 783 883 808 784 884 809
1025 6 2 1 1 784 859 884 785 860 885
1026 6 2 1 1 784 884 809 785 885 810
1027 6 2 1 1 785 860 885 786 861 886
1028 6 2 1 1 785 885 810 786 886 811
1029 6 2 1 1 786 861 886 787 862 887
1030 6 2 1 1 786 886 811 787 887 812
1031 6 2 1 1 787 862 887 788 863 888
1032 6 2 1 1 787 887 812 788 888 813
1033 6 2 1 1 788 863 888 789 864 889
1034 6 2 1 1 788 888 813 789 889 814
1035 6 2 1 1 789 864 889 790 865 890
1036 6 2 1 1 789 889 814 790 890 815
1037 6 2 1 1 790 865 890 791 866 891
1038 6 2 1 1 790 890 815 791 891 816
1039 6 2 1 1 791 866 891 792 867 892
1040 6 2 1 1 791 891 816 792 892 817
1041 6 2 1 1 792 867 892 793 868 893
1042 6 2 1 1 792 892 817 793 893 818
1043 6 2 1 1 793 868 893 794 869 894
1044 6 2 1 1 793 893 818 794 894 819
1045 6 2 1 1 794 869 894 795 870 895
1046 6 2 1 1 794 894 819 795 895 820
1047 6 2 1 1 795 870 895 796 871 896
1048 6 2 1 1 795 895 820 796 896 821
1049 6 2 1 1 796 871 896 797 872 897
1050 6 2 1 1 796 896 821 797 897 822
1051 6 2 1 1 797 872 897 798 873 898
1052 6 2 1 1 797 897 822 798 898 823
1053 6 2 1 1 798 873 898 799 874 899
1054 6 2 1 1 798 898 823 799 899 824
1055 6 2 1 1 799 874 899 800 875 900
1056 6 2 1 1 799 899 824 800 900 825
1057 6 2 1 1 826 901 926 827 902 927
1058 6 2 1 1 826 926 851 827 927 852
1059 6 2 1 1 827 902 927 828 903 928
1060 6 2 1 1 827 927 852 828 928 853
1061 6 2 1 1 828 903 928 829 904 929
1062 6 2 1 1 828 928 853 829 929 854
1063 6 2 1 1 829 904 929 830 905 930
1064 6 2 1 1 829 929 854 830 930 855
1065 6 2 1 1 830 905 930 831 906 931
1066 6 2 1 1 830 930 855 831 931 856
1067 6 2 1 1 831 906 931 832 907 932
1068 6 2 1 1 831 931 856 832 932 857
1069 6 2 1 1 832 907 932 833 908 933
1070 6 2 1 1 832 932 857 833 933 858
1071 6 2 1 1 833 908 933 834 909 934
1072 6 2 1 1 833 933 858 834 934 859
1073 6 2 1 1 834 909 934 835 910 935
1074 6 2 1 1 834 934 859 835 935 860
1075 6 2 1 1 835 910 935 836 911 936
1076 6 2 1 1 835 935 860 836 936 861
1077 6 2 1 1 836 911 936 837 912 937
1078 6 2 1 1 836 936 861 837 937 862
1079 6 2 1 1 837 912 937 838 913 938
1080 6 2 1 1 837 937 862 838 938 863
1081 6 2 1 1 838 913 938 839 914 939
1082 6 2 1 1 838 938 863 839 939 864
1083 6 2 1 1 839 914 939 840 915 940
1084 6 2 1 1 839 939 864 840 940 865
1085 6 2 1 1 840 915 940 841 916 941
1086 6 2 1 1 840 940 865 841 941 866
1087 6 2 1 1 841 916 941 842 917 942
1088 6 2 1 1 841 941 866 842 942 867
1089 6 2 1 1 842 917 942 843 918 943
1090 6 2 1 1 842 942 867 843 943 868
1091 6 2 1 1 843 918 943 844 919 944
1092 6 2 1 1 843 943 868 844 944 869
1093 6 2 1 1 844 919 944 845 920 945
1094 6 2 1 1 844 944 869 845 945 870
1095 6 2 1 1 845 920 945 846 921 946
1096 6 2 1 1 845 945 870 846 946 871
1097 6 2 1 1 846 921 946 847 922 947
1098 6 2 1 1 846 946 871 847 947 872
1099 6 2 1 1 847 922 947 848 923 948
1100 6 2 1 1 847 947 872 848 948 873
1101 6 2 1 1 848 923 948 849 924 949
1102 6 2 1 1 848 948 873 849 949 874
1103 6 2 1 1 849 924 949 850 925 950
1104 6 2 1 1 849 949 874 850 950 875
1105 6 2 1 1 851 926 951 852 927 952
1106 6 2 1 1 851 951 876 852 952 877
1107 6 2 1 1 852 927 952 853 928 953
1108 6 2 1 1 852 952 877 853 953 878
1109 6 2 1 1 853 928 953 854 929 954
1110 6 2 1 1 853 953 878 854 954 879
1111 6 2 1 1 854 929 954 855 930 955
1112 6 2 1 1 854 954 879 855 955 880
1113 6 2 1 1 855 930 955 856 931 956
1114 6 2 1 1 855 955 880 856 956 881
1115 6 2 1 1 856 931 956 857 932 957
1116 6 2 1 1 856 956 881 857 957 882
1117 6 2 1 1 857 932 957 858 933 958
1118 6 2 1 1 857 957 882 858 958 883
1119 6 2 1 1 858 933 958 859 934 959
1120 6 2 1 1 858 958 883 859 959 884
1121 6 2 1 1 859 934 959 860 935 960
1122 6 2 1 1 859 959 884 860 960 885
1123 6 2 1 1 860 935 960 861 936 961
1124 6 2 1 1 860 960 885 861 961 886
1125 6 2 1 1 861 936 961 862 937 962
1126 6 2 1 1 861 961 886 862 962 887
1127 6 2 1 1 862 937 962 863 938 963
1128 6 2 1 1 862 962 887 863 963 888
1129 6 2 1 1 863 938 963 864 939 964
1130 6 2 1 1 863 963 888 864 964 889
1131 6 2 1 1 864 939 964 865 940 965
1132 6 2 1 1 864 964 889 865 965 890
1133 6 2 1 1 865 940 965 866 941 966
1134 6 2 1 1 865 965 890 866 966 891
1135 6 2 1 1 866 941 966 867 942 967
1136 6 2 1 1 866 966 891 867 967 892
1137 6 2 1 1 867 942 967 868 943 968
1138 6 2 1 1 867 967 892 868 968 893
1139 6 2 1 1 868 943 968 869 944 969
1140 6 2 1 1 868 968 893 869 969 894
1141 6 2 1 1 869 944 969 870 945 970
1142 6 2 1 1 869 969 894 870 970 895
1143 6 2 1 1 870 945 970 871 946 971
1144 6 2 1 1 870 970 895 871 971 896
1145 6 2 1 1 871 946 971 872 947 972
1146 6 2 1 1 871 971 896 872 972 897
1147 6 2 1 1 872 947 972 873 948 973
1148 6 2 1 1 872 972 897 873 973 898
1149 6 2 1 1 873 948 973 874 949 974
1150 6 2 1 1 873 973 898 874 974 899
1151 6 2 1 1 874 949 974 875 950 975
1152 6 2 1 1 874 974 899 875 975 900
1153 6 2 1 1 901 976 1001 902 977 1002
1154 6 2 1 1 901 1001 926 902 1002 927
1155 6 2 1 1 902 977 1002 903 978 1003
1156 6 2 1 1 902 1002 927 903 1003 928
1157 6 2 1 1 903 978 1003 904 979 1004
1158 6 2 1 1 903 1003 928 904 1004 929
1159 6 2 1 1 904 979 1004 905 980 1005
1160 6 2 1 1 904 1004 929 905 1005 930
1161 6 2 1 1 905 980 1005 906 981 1006
1162 6 2 1 1 905 1005 930 906 1006 931
1163 6 2 1 1 906 981 1006 907 982 1007
1164 6 2 1 1 906 1006 931 907 1007 932
1165 6 2 1 1 907 982 1007 908 983 1008
1166 6 2 1 1 907 1007 932 908 1008 933
1167 6 2 1 1 908 983 1008 909 984 1009
1168 6 2 1 1 908 1008 933 909 1009 934
1169 6 2 1 1 909 984 1009 910 985 1010
1170 6 2 1 1 909 1009 934 910 1010 935
1171 6 2 1 1 910 985 1010 911 986 1011
1172 6 2 1 1 910 1010 935 911 1011 936
1173 6 2 1 1 911 986 1011 912 987 1012
1174 6 2 1 1 911 1011 936 912 1012 937
1175 6 2 1 1 912 987 1012 913 988 1013
1176 6 2 1 1 912 1012 937 913 1013 938
1177 6 2 1 1 913 988 1013 914 989 1014
1178 6 2 1 1 913 1013 938 914 1014 939
1179 6 2 1 1 914 989 1014 915 990 1015
1180 6 2 1 1 914 1014 939 915 1015 940
1181 6 2 1 1 915 990 1015 916 991 1016
1182 6 2 1 1 915 1015 940 916 1016 941
1183 6 2 1 1 916 991 1016 917 992 1017
1184 6 2 1 1 916 1016 941 917 1017 942
1185 6 2 1 1 917 992 1017 918 993 1018
1186 6 2 1 1 917 1017 942 918 1018 943
1187 6 2 1 1 918 993 1018 919 994 1019
1188 6 2 1 1 918 1018 943 919 1019 944
1189 6 2 1 1 919 994 1019 920 995 1020
1190 6 2 1 1 919 1019 944 920 1020 945
1191 6 2 1 1 920 995 1020 921 996 1021
1192 6 2 1 1 920 1020 945 921 1021 946
1193 6 2 1 1 921 996 1021 922 997 1022
1194 6 2 1 1 921 1021 946 922 1022 947
1195 6 2 1 1 922 997 1022 923 998 1023
1196 6 2 1 1 922 1022 947 923 1023 948
1197 6 2 1 1 923 998 1023 924 999 1024
1198 6 2 1 1 923 1023 948 924 1024 949
1199 6 2 1 1 924 999 1024 925 1000 1025
1200 6 2 1 1 924 1024 949 925 1025 950
1201 6 2 1 1 926 1001 1026 927 1002 1027
1202 6 2 1 1 926 1026 951 927 1027 952
1203 6 2 1 1 927 1002 1027 928 1003 1028
1204 6 2 1 1 927 1027 952 928 1028 953
1205 6 2 1 1 928 1003 1028 929 1004 1029
1206 6 2 1 1 928 1028 953 929 1029 954
1207 6 2 1 1 929 1004 1029 930 1005 1030
1208 6 2 1 1 929 1029 954 930 1030 955
1209 6 2 1 1 930 1005 1030 931 1006 1031
1210 6 2 1 1 930 1030 955 931 1031 956
1211 6 2 1 1 931 1006 1031 932 1007 1032
1212 6 2 1 1 931 1031 956 932 1032 957
1213 6 2 1 1 932 1007 1032 933 1008 1033
1214 6 2 1 1 932 1032 957 933 1033 958
1215 6 2 1 1 933 1008 1033 934 1009 1034
1216 6 2 1 1 933 1033 958 934 1034 959
1217 6 2 1 1 934 1009 1034 935 1010 1035
1218 6 2 1 1 934 1034 959 935 1035 960
1219 6 2 1 1 935 1010 1035 936 1011 1036
1220 6 2 1 1 935 1035 960 936 1036 961
1221 6 2 1 1 936 1011 1036 937 1012 1037
1222 6 2 1 1 936 1036 961 937 1037 962
1223 6 2 1 1 937 1012 1037 938 1013 1038
1224 6 2 1 1 937 1037 962 938 1038 963
1225 6 2 1 1 938 1013 1038 939 1014 1039
1226 6 2 1 1 938 1038 963 939 1039 964
1227 6 2 1 1 939 1014 1039 940 1015 1040
1228 6 2 1 1 939 1039 964 940 1040 965
1229 6 2 1 1 940 1015 1040 941 1016 1041
1230 6 2 1 1 940 1040 965 941 1041 966
1231 6 2 1 1 941 1016 1041 942 1017 1042
1232 6 2 1 1 941 1041 966 942 1042 967
1233 6 2 1 1 942 1017 1042 943 1018 1043
1234 6 2 1 1 942 1042 967 943 1043 968
1235 6 2 1 1 943 1018 1043 944 1019 1044
1236 6 2 1 1 943 1043 968 944 1044 969
1237 6 2 1 1 944 1019 1044 945 1020 1045
1238 6 2 1 1 944 1044 969 945 1045 970
1239 6 2 1 1 945 1020 1045 946 1021 1046
1240 6 2 1 1 945 1045 970 946 1046 971
1241 6 2 1 1 946 1021 1046 947 1022 1047
1242 6 2 1 1 946 1046 971 947 1047 972
1243 6 2 1 1 947 1022 1047 948 1023 1048
1244 6 2 1 1 947 1047 972 948 1048 973
1245 6 2 1 1 948 1023 1048 949 1024 1049
1246 6 2 1 1 948 1048 973 949 1049 974
1247 6 2 1 1 949 1024 1049 950 1025 1050
1248 6 2 1 1 949 1049 974 950 1050 975
1249 6 2 1 1 976 1051 1076 977 1052 1077
1250 6 2 1 1 976 1076 1001 977 1077 1002
1251 6 2 1 1 977 1052 1077 978 1053 1078
1252 6 2 1 1 977 1077 1002 978 1078 1003
1253 6 2 1 1 978 1053 1078 979 1054 1079
1254 6 2 1 1 978 1078 1003 979 1079 1004
1255 6 2 1 1 979 1054 1079 980 1055 1080
1256 6 2 1 1 979 1079 1004 980 1080 1005
1257 6 2 1 1 980 1055 1080 981 1056 1081
1258 6 2 1 1 980 1080 1005 981 1081 1006
1259 6 2 1 1 981 1056 1081 982 1057 1082
1260 6 2 1 1 981 1081 1006 982 1082 1007
1261 6 2 1 1 982 1057 1082 983 1058 1083
1262 6 2 1 1 982 1082 1007 983 1083 1008
1263 6 2 1 1 983 1058 1083 984 1059 1084
1264 6 2 1 1 983 1083 1008 984 1084 1009
1265 6 2 1 1 984 1059 1084 985 1060 1085
1266 6 2 1 1 984 1084 1009 985 1085 1010
1267 6 2 1 1 985 1060 1085 986 1061 1086
1268 6 2 1 1 985 1085 1010 986 1086 1011
1269 6 2 1 1 986 1061 1086 987 1062 1087
1270 6 2 1 1 986 1086 1011 987 1087 1012
1271 6 2 1 1 987 1062 1087 988 1063 1088
1272 6 2 1 1 987 1087 1012 988 1088 1013
1273 6 2 1 1 988 1063 1088 989 1064 1089
1274 6 2 1 1 988 1088 1013 989 1089 1014
1275 6 2 1 1 989 1064 1089 990 1065 1090
1276 6 2 1 1 989 1089 1014 990 1090 1015
1277 6 2 1 1 990 1065 1090 991 1066 1091
1278 6 2 1 1 990 1090 1015 991 1091 1016
1279 6 2 1 1 991 1066 1091 992 1067 1092
1280 6 2 1 1 991 1091 1016 992 1092 1017
1281 6 2 1 1 992 1067 1092 993 1068 1093
1282 6 2 1 1 992 1092 1017 993 1093 1018
1283 6 2 1 1 993 1068 1093 994 1069 1094
1284 6 2 1 1 993 1093 1018 994 1094 1019
1285 6 2 1 1 994 1069 1094 995 1070 1095
1286 6 2 1 1 994 1094 1019 995 1095 1020
1287 6 2 1 1 995 1070 1095 996 1071 1096
1288 6 2 1 1 995 1095 1020 996 1096 1021
1289 6 2 1 1 996 1071 1096 997 1072 1097
1290 6 2 1 1 996 1096 1021 997 1097 1022
1291 6 2 1 1 997 1072 1097 998 1073 1098
1292 6 2 1 1 997 1097 1022 998 1098 1023
1293 6 2 1 1 998 1073 1098 999 1074 1099
1294 6 2 1 1 998 1098 1023 999 1099 1024
1295 6 2 1 1 999 1074 1099 1000 1075 1100
1296 6 2 1 1 999 1099 1024 1000 1100 1025
1297 6 2 1 1 1001 1076 1101 1002 1077 1102
1298 6 2 1 1 1001 1101 1026 1002 1102 1027
1299 6 2 1 1 1002 1077 1102 1003 1078 1103
1300 6 2 1 1 1002 1102 1027 1003 1103 1028
1301 6 2 1 1 1003 1078 1103 1004 1079 1104
1302 6 2 1 1 1003 1103 1028 1004 1104 1029
1303 6 2 1 1 1004 1079 1104 1005 1080 1105
1304 6 2 1 1 1004 1104 1029 1005 1105 1030
1305 6 2 1 1 1005 1080 1105 1006 1081 1106
1306 6 2 1 1 1005 1105 1030 1006 1106 1031
1307 6 2 1 1 1006 1081 1106 1007 1082 1107
1308 6 2 1 1 1006 1106 1031 1007 1107 1032
1309 6 2 1 1 1007 1082 1107 1008 1083 1108
1310 6 2 1 1 1007 1107 1032 1008 1108 1033
1311 6 2 1 1 1008 1083 1108 1009 1084 1109
1312 6 2 1 1 1008 1108 1033 1009 1109 1034
1313 6 2 1 1 1009 1084 1109 1010 1085 1110
1314 6 2 1 1 1009 1109 1034 1010 1110 1035
1315 6 2 1 1 1010 1085 1110 1011 1086 1111
1316 6 2 1 1 1010 1110 1035 1011 1111 1036
1317 6 2 1 1 1011 1086 1111 1012 1087 1112
1318 6 2 1 1 1011 1111 1036 1012 1112 1037
1319 6 2 1 1 1012 1087 1112 1013 1088 1113
1320 6 2 1 1 1012 1112 1037 1013 1113 1038
1321 6 2 1 1 1013 1088 1113 1014 1089 1114
1322 6 2 1 1 1013 1113 1038 1014 1114 1039
1323 6 2 1 1 1014 1089 1114 1015 1090 1115
1324 6 2 1 1 1014 1114 1039 1015 1115 1040
1325 6 2 1 1 1015 1090 1115 1016 1091 1116
1326 6 2 1 1 1015 1115 1040 1016 1116 1041
1327 6 2 1 1 1016 1091 1116 1017 1092 1117
1328 6 2 1 1 1016 1116 1041 1017 1117 1042
1329 6 2 1 1 1017 1092 1117 1018 1093 1118
1330 6 2 1 1 1017 1117 1042 1018 1118 1043
1331 6 2 1 1 1018 1093 1118 1019 1094 1119
1332 6 2 1 1 1018 1118 1043 1019 1119 1044
1333 6 2 1 1 1019 1094 1119 1020 1095 1120
1334 6 2 1 1 1019 1119 1044 1020 1120 1045
1335 6 2 1 1 1020 1095 1120 1021 1096 1121
1336 6 2 1 1 1020 1120 1045 1021 1121 1046
1337 6 2 1 1 1021 1096 1121 1022 1097 1122
1338 6 2 1 1 1021 1121 1046 1022 1122 1047
1339 6 2 1 1 1022 1097 1122 1023 1098 1123
1340 6 2 1 1 1022 1122 1047 1023 1123 1048
1341 6 2 1 1 1023 1098 1123 1024 1099 1124
1342 6 2 1 1 1023 1123 1048 1024 1124 1049
1343 6 2 1 1 1024 1099 1124 1025 1100 1125
1344 6 2 1 1 1024 1124 1049 1025 1125 1050
1345 6 2 1 1 1051 1126 1151 1052 1127 1152
1346 6 2 1 1 1051 1151 1076 1052 1152 1077
1347 6 2 1 1 1052 1127 1152 1053 1128 1153
1348 6 2 1 1 1052 1152 1077 1053 1153 1078
1349 6 2 1 1 1053 1128 1153 1054 1129 1154
1350 6 2 1 1 1053 1153 1078 1054 1154 1079
1351 6 2 1 1 1054 1129 1154 1055 1130 1155
1352 6 2 1 1 1054 1154 1079 1055 1155 1080
1353 6 2 1 1 1055 1130 1155 1056 1131 1156
1354 6 2 1 1 1055 1155 1080 1056 1156 1081
1355 6 2 1 1 1056 1131 1156 1057 1132 1157
1356 6 2 1 1 1056 1156 1081 1057 1157 1082
1357 6 2 1 1 1057 1132 1157 1058 1133 1158
1358 6 2 1 1 1057 1157 1082 1058 1158 1083
1359 6 2 1 1 1058 1133 1158 1059 1134 1159
1360 6 2 1 1 1058 1158 1083 1059 1159 1084
1361 6 2 1 1 1059 1134 1159 1060 1135 1160
1362 6 2 1 1 1059 1159 1084 1060 1160 1085
1363 6 2 1 1 1060 1135 1160 1061 1136 1161
1364 6 2 1 1 1060 1160 1085 1061 1161 1086
1365 6 2 1 1 1061 1136 1161 1062 1137 1162
1366 6 2 1 1 1061 1161 1086 1062 1162 1087
1367 6 2 1 1 1062 1137 1162 1063 1138 1163
1368 6 2 1 1 1062 1162 1087 1063 1163 1088
1369 6 2 1 1 1063 1138 1163 1064 1139 1164
1370 6 2 1 1 1063 1163 1088 1064 1164 1089
1371 6 2 1 1 1064 1139 1164 1065 1140 1165
1372 6 2 1 1 1064 1164 1089 1065 1165 1090
1373 6 2 1 1 1065 1140 1165 1066 1141 1166
1374 6 2 1 1 1065 1165 1090 1066 1166 1091
1375 6 2 1 1 1066 1141 1166 1067 1142 1167
1376 6 2 1 1 1066 1166 1091 1067 1167 1092
1377 6 2 1 1 1067 1142 1167 1068 1143 1168
1378 6 2 1 1 1067 1167 1092 1068 1168 1093
1379 6 2 1 1 1068 1143 1168 1069 1144 1169
1380 6 2 1 1 1068 1168 1093 1069 1169 1094
1381 6 2 1 1 1069 1144 1169 1070 1145 1170
1382 6 2 1 1 1069 1169 1094 1070 1170 1095
1383 6 2 1 1 1070 1145 1170 1071 1146 1171
1384 6 2 1 1 1070 1170 1095 1071 1171 1096
1385 6 2 1 1 1071 1146 1171 1072 1147 1172
1386 6 2 1 1 1071 1171 1096 1072 1172 1097
1387 6 2 1 1 1072 1147 1172 1073 1148 1173
1388 6 2 1 1 1072 1172 1097 1073 1173 1098
1389 6 2 1 1 1073 1148 1173 1074 1149 1174
1390 6 2 1 1 1073 1173 1098 1074 1174 1099
1391 6 2 1 1 1074 1149 1174 1075 1150 1175
1392 6 2 1 1 1074 1174 1099 1075 1175 1100
1393 6 2 1 1 1076 1151 1176 1077 1152 1177
1394 6 2 1 1 1076 1176 1101 1077 1177 1102
1395 6 2 1 1 1077 1152 1177 1078 1153 1178
1396 6 2 1 1 1077 1177 1102 1078 1178 1103
1397 6 2 1 1 1078 1153 1178 1079 1154 1179
1398 6 2 1 1 1078 1178 1103 1079 1179 1104
1399 6 2 1 1 1079 1154 1179 1080 1155 1180
1400 6 2 1 1 1079 1179 1104 1080 1180 1105
1401 6 2 1 1 1080 1155 1180 1081 1156 1181
1402 6 2 1 1 1080 1180 1105 1081 1181 1106
1403 6 2 1 1 1081 1156 1181 1082 1157 1182
1404 6 2 1 1 1081 1181 1106 1082 1182 1107
1405 6 2 1 1 1082 1157 1182 1083 1158 1183
1406 6 2 1 1 1082 1182 1107 1083 1183 1108
1407 6 2 1 1 1083 1158 1183 1084 1159 1184
1408 6 2 1 1 1083 1183 1108 1084 1184 1109
1409 6 2 1 1 1084 1159 1184 1085 1160 1185
1410 6 2 1 1 1084 1184 1109 1085 1185 1110
1411 6 2 1 1 1085 1160 1185 1086 1161 1186
1412 6 2 1 1 1085 1185 1110 1086 1186 1111
1413 6 2 1 1 1086 1161 1186 1087 1162 1187
1414 6 2 1 1 1086 1186 1111 1087 1187 1112
1415 6 2 1 1 1087 1162 1187 1088 1163 1188
1416 6 2 1 1 1087 1187 1112 1088 1188 1113
1417 6 2 1 1 1088 1163 1188 1089 1164 1189
1418 6 2 1 1 1088 1188 1113 1089 1189 1114
1419 6 2 1 1 1089 1164 1189 1090 1165 1190
1420 6 2 1 1 1089 1189 1114 1090 1190 1115
1421 6 2 1 1 1090 1165 1190 1091 1166 1191
1422 6 2 1 1 1090 1190 1115 1091 1191 1116
1423 6 2 1 1 1091 1166 1191 1092 1167 1192
1424 6 2 1 1 1091 1191 1116 1092 1192 1117
1425 6 2 1 1 1092 1167 1192 1093 1168 1193
1426 6 2 1 1 1092 1192 1117 1093 1193 1118
1427 6 2 1 1 1093 1168 1193 1094 1169 1194
1428 6 2 1 1 1093 1193 1118 1094 1194 1119
1429 6 2 1 1 1094 1169 1194 1095 1170 1195
1430 6 2 1 1 1094 1194 1119 1095 1195 1120
1431 6 2 1 1 1095 1170 1195 1096 1171 1196
1432 6 2 1 1 1095 1195 1120 1096 1196 1121
1433 6 2 1 1 1096 1171 1196 1097 1172 1197
1434 6 2 1 1 1096 1196 1121 1097 1197 1122
1435 6 2 1 1 1097 1172 1197 1098 1173 1198
1436 6 2 1 1 1097 1197 1122 1098 1198 1123
1437 6 2 1 1 1098 1173 1198 1099 1174 1199
1438 6 2 1 1 1098 1198 1123 1099 1199 1124
1439 6 2 1 1 1099 1174 1199 1100 1175 1200
1440 6 2 1 1 1099 1199 1124 1100 1200 1125
1441 6 2 1 1 1126 1201 1226 1127 1202 1227
1442 6 2 1 1 1126 1226 1151 1127 1227 1152
1443 6 2 1 1 1127 1202 1227 1128 1203 1228
1444 6 2 1 1 1127 1227 1152 1128 1228 1153
1445 6 2 1 1 1128 1203 1228 1129 1204 1229
1446 6 2 1 1 1128 1228 1153 1129 1229 1154
1447 6 2 1 1 1129 1204 1229 1130 1205 1230
1448 6 2 1 1 1129 1229 1154 1130 1230 1155
1449 6 2 1 1 1130 1205 1230 1131 1206 1231
1450 6 2 1 1 1130 1230 1155 1131 1231 1156
1451 6 2 1 1 1131 1206 1231 1132 1207 1232
1452 6 2 1 1 1131 1231 1156 1132 1232 1157
1453 6 2 1 1 1132 1207 1232 1133 1208 1233
1454 6 2 1 1 1132 1232 1157 1133 1233 1158
1455 6 2 1 1 1133 1208 1233 1134 1209 1234
1456 6 2 1 1 1133 1233 1158 1134 1234 1159
1457 6 2 1 1 1134 1209 1234 1135 1210 1235
1458 6 2 1 1 1134 1234 1159 1135 1235 1160
1459 6 2 1 1 1135 1210 1235 1136 1211 1236
1460 6 2 1 1 1135 1235 1160 1136 1236 1161
1461 6 2 1 1 1136 1211 1236 1137 1212 1237
1462 6 2 1 1 1136 1236 1161 1137 1237 1162
1463 6 2 1 1 1137 1212 1237 1138 1213 1238
1464 6 2 1 1 1137 1237 1162 1138 1238 1163
1465 6 2 1 1 1138 1213 1238 1139 1214 1239
1466 6 2 1 1 1138 1238 1163 1139 1239 1164
1467 6 2 1 1 1139 1214 1239 1140 1215 1240
1468 6 2 1 1 1139 1239 1164 1140 1240 1165
1469 6 2 1 1 1140 1215 1240 1141 1216 1241
1470 6 2 1 1 1140 1240 1165 1141 1241 1166
1471 6 2 1 1 1141 1216 1241 1142 1217 1242
1472 6 2 1 1 1141 1241 1166 1142 1242 1167
1473 6 2 1 1 1142 1217 1242 1143 1218 1243
1474 6 2 1 1 1142 1242 1167 1143 1243 1168
1475 6 2 1 1 1143 1218 1243 1144 1219 1244
1476 6 2 1 1 1143 1243 1168 1144 1244 1169
1477 6 2 1 1 1144 1219 1244 1145 1220 1245
1478 6 2 1 1 1144 1244 1169 1145 1245 1170
1479 6 2 1 1 1145 1220 1245 1146 1221 1246
1480 6 2 1 1 1145 1245 1170 1146 1246 1171
1481 6 2 1 1 1146 1221 1246 1147 1222 1247
1482 6 2 1 1 1146 1246 1171 1147 1247 1172
1483 6 2 1 1 1147 1222 1247 1148 1223 1248
1484 6 2 1 1 1147 1247 1172 1148 1248 1173
1485 6 2 1 1 1148 1223 1248 1149 1224 1249
1486 6 2 1 1 1148 1248 1173 1149 1249 1174
1487 6 2 1 1 1149 1224 1249 1150 1225 1250
1488 6 2 1 1 1149 1249 1174 1150 1250 1175
1489 6 2 1 1 1151 1226 1251 1152 1227 1252
1490 6 2 1 1 1151 1251 1176 1152 1252 1177
1491 6 2 1 1 1152 1227 1252 1153 1228 1253
1492 6 2 1 1 1152 1252 1177 1153 1253 1178
1493 6 2 1 1 1153 1228 1253 1154 1229 1254
1494 6 2 1 1 1153 1253 1178 1154 1254 1179
1495 6 2 1 1 1154 1229 1254 1155 1230 1255
1496 6 2 1 1 1154 1254 1179 1155 1255 1180
1497 6 2 1 1 1155 1230 1255 1156 1231 1256
1498 6 2 1 1 1155 1255 1180 1156 1256 1181
1499 6 2 1 1 1156 1231 1256 1157 1232 1257
1500 6 2 1 1 1156 1256 1181 1157 1257 1182
1501 6 2 1 1 1157 1232 1257 1158 1233 1258
1502 6 2 1 1 1157 1257 1182 1158 1258 1183
1503 6 2 1 1 1158 1233 1258 1159 1234 1259
1504 6 2 1 1 1158 1258 1183 1159 1259 1184
1505 6 2 1 1 1159 1234 1259 1160 1235 1260
1506 6 2 1 1 1159 1259 1184 1160 1260 1185
1507 6 2 1 1 1160 1235 1260 1161 1236 1261
1508 6 2 1 1 1160 1260 1185 1161 1261 1186
1509 6 2 1 1 1161 1236 1261 1162 1237 1262
1510 6 2 1 1 1161 1261 1186 1162 1262 1187
1511 6 2 1 1 1162 1237 1262 1163 1238 1263
1512 6 2 1 1 1162 1262 1187 1163 1263 1188
1513 6 2 1 1 1163 1238 1263 1164 1239 1264
1514 6 2 1 1 1163 1263 1188 1164 1264 1189
1515 6 2 1 1 1164 1239 1264 1165 1240 1265
1516 6 2 1 1 1164 1264 1189 1165 1265 1190
1517 6 2 1 1 1165 1240 1265 1166 1241 1266
1518 6 2 1 1 1165 1265 1190 1166 1266 1191
1519 6 2 1 1 1166 1241 1266 1167 1242 1267
1520 6 2 1 1 1166 1266 1191 1167 1267 1192
1521 6 2 1 1 1167 1242 1267 1168 1243 1268
1522 6 2 1 1 1167 1267 1192 1168 1268 1193
1523 6 2 1 1 1168 1243 1268 1169 1244 1269
1524 6 2 1 1 1168 1268 1193 1169 1269 1194
1525 6 2 1 1 1169 1244 1269 1170 1245 1270
1526 6 2 1 1 1169 1269 1194 1170 1270 1195
1527 6 2 1 1 1170 1245 1270 1171 1246 1271
1528 6 2 1 1 1170 1270 1195 1171 1271 1196
1529 6 2 1 1 1171 1246 1271 1172 1247 1272
1530 6 2 1 1 1171 1271 1196 1172 1272 1197
1531 6 2 1 1 1172 1247 1272 1173 1248 1273
1532 6 2 1 1 1172 1272 1197 1173 1273 1198
1533 6 2 1 1 1173 1248 1273 1174 1249 1274
1534 6 2 1 1 1173 1273 1198 1174 1274 1199
1535 6 2 1 1 1174 1249 1274 1175 1250 1275
1536 6 2 1 1 1174 1274 1199 1175 1275 1200
1537 6 2 1 1 1201 1276 1301 1202 1277 1302
1538 6 2 1 1 1201 1301 1226 1202 1302 1227
1539 6 2 1 1 1202 1277 1302 1203 1278 1303
1540 6 2 1 1 1202 1302 1227 1203 1303 1228
1541 6 2 1 1 1203 1278 1303 1204 1279 1304
1542 6 2 1 1 1203 1303 1228 1204 1304 1229
1543 6 2 1 1 1204 1279 1304 1205 1280 1305
1544 6 2 1 1 1204 1304 1229 1205 1305 1230
1545 6 2 1 1 1205 1280 1305 1206 1281 1306
1546 6 2 1 1 1205 1305 1230 1206 1306 1231
1547 6 2 1 1 1206 1281 1306 1207 1282 1307
1548 6 2 1 1 1206 1306 1231 1207 1307 1232
1549 6 2 1 1 1207 1282 1307 1208 1283 1308
1550 6 2 1 1 1207 1307 1232 1208 1308 1233
1551 6 2 1 1 1208 1283 1308 1209 1284 1309
1552 6 2 1 1 1208 1308 1233 1209 1309 1234
1553 6 2 1 1 1209 1284 1309 1210 1285 1310
1554 6 2 1 1 1209 1309 1234 1210 1310 1235
1555 6 2 1 1 1210 1285 1310 1211 1286 1311
1556 6 2 1 1 1210 1310 1235 1211 1311 1236
1557 6 2 1 1 1211 1286 1311 1212 1287 1312
1558 6 2 1 1 1211 1311 1236 1212 1312 1237
1559 6 2 1 1 1212 1287 1312 1213 1288 1313
1560 6 2 1 1 1212 1312 1237 1213 1313 1238
1561 6 2 1 1 1213 1288 1313 1214 1289 1314
1562 6 2 1 1 1213 1313 1238 1214 1314 1239
1563 6 2 1 1 1214 1289 1314 1215 1290 1315
1564 6 2 1 1 1214 1314 1239 1215 1315 1240
1565 6 2 1 1 1215 1290 1315 1216 1291 1316
1566 6 2 1 1 1215 1315 1240 1216 1316 1241
1567 6 2 1 1 1216 1291 1316 1217 1292 1317
1568 6 2 1 1 1216 1316 1241 1217 1317 1242
1569 6 2 1 1 1217 1292 1317 1218 1293 1318
1570 6 2 1 1 1217 1317 1242 1218 1318 1243
1571 6 2 1 1 1218 1293 1318 1219 1294 1319
1572 6 2 1 1 1218 1318 1243 1219 1319 1244
1573 6 2 1 1 1219 1294 1319 1220 1295 1320
1574 6 2 1 1 1219 1319 1244 1220 1320 1245
1575 6 2 1 1 1220 1295 1320 1221 1296 1321
1576 6 2 1 1 1220 1320 1245 1221 1321 1246
1577 6 2 1 1 1221 1296 1321 1222 1297 1322
1578 6 2 1 1 1221 1321 1246 1222 1322 1247
1579 6 2 1 1 1222 1297 1322 1223 1298 1323
1580 6 2 1 1 1222 1322 1247 1223 1323 1248
1581 6 2 1 1 1223 1298 1323 1224 1299 1324
1582 6 2 1 1 1223 1323 1248 1224 1324 1249
1583 6 2 1 1 1224 1299 1324 1225 1300 1325
1584 6 2 1 1 1224 1324 1249 1225 1325 1250
1585 6 2 1 1 1226 1301 1326 1227 1302 1327
1586 6 2 1 1 1226 1326 1251 1227 1327 1252
1587 6 2 1 1 1227 1302 1327 1228 1303 1328
1588 6 2 1 1 1227 1327 1252 1228 1328 1253
1589 6 2 1 1 1228 1303 1328 1229 1304 1329
1590 6 2 1 1 1228 1328 1253 1229 1329 1254
1591 6 2 1 1 1229 1304 1329 1230 1305 1330
1592 6 2 1 1 1229 1329 1254 1230 1330 1255
1593 6 2 1 1 1230 1305 1330 1231 1306 1331
1594 6 2 1 1 1230 1330 1255 1231 1331 1256
1595 6 2 1 1 1231 1306 1331 1232 1307 1332
1596 6 2 1 1 1231 1331 1256 1232 1332 1257
1597 6 2 1 1 1232 1307 1332 1233 1308 1333
1598 6 2 1 1 1232 1332 1257 1233 1333 1258
1599 6 2 1 1 1233 1308 1333 1234 1309 1334
1600 6 2 1 1 1233 1333 1258 1234 1334 1259
1601 6 2 1 1 1234 1309 1334 1235 1310 1335
1602 6 2 1 1 1234 1334 1259 1235 1335 1260
1603 6 2 1 1 1235 1310 1335 1236 1311 1336
1604 6 2 1 1 1235 1335 1260 1236 1336 1261
1605 6 2 1 1 1236 1311 1336 1237 1312 1337
1606 6 2 1 1 1236 1336 1261 1237 1337 1262
1607 6 2 1 1 1237 1312 1337 1238 1313 1338
1608 6 2 1 1 1237 1337 1262 1238 1338 1263
1609 6 2 1 1 1238 1313 1338 1239 1314 1339
1610 6 2 1 1 1238 1338 1263 1239 1339 1264
1611 6 2 1 1 1239 1314 1339 1240 1315 1340
1612 6 2 1 1 1239 1339 1264 1240 1340 1265
1613 6 2 1 1 1240 1315 1340 1241 1316 1341
1614 6 2 1 1 1240 1340 1265 1241 1341 1266
1615 6 2 1 1 1241 1316 1341 1242 1317 1342
1616 6 2 1 1 1241 1341 1266 1242 1342 1267
1617 6 2 1 1 1242 1317 1342 1243 1318 1343
1618 6 2 1 1 1242 1342 1267 1243 1343 1268
1619 6 2 1 1 1243 1318 1343 1244 1319 1344
1620 6 2 1 1 1243 1343 1268 1244 1344 1269
1621 6 2 1 1 1244 1319 1344 1245 1320 1345
1622 6 2 1 1 1244 1344 1269 1245 1345 1270
1623 6 2 1 1 1245 1320 1345 1246 1321 1346
1624 6 2 1 1 1245 1345 1270 1246 1346 1271
1625 6 2 1 1 1246 1321 1346 1247 1322 1347
1626 6 2 1 1 1246 1346 1271 1247 1347 1272
1627 6 2 1 1 1247 1322 1347 1248 1323 1348
1628 6 2 1 1 1247 1347 1272 1248 1348 1273
1629 6 2 1 1 1248 1323 1348 1249 1324 1349
1630 6 2 1 1 1248 1348 1273 1249 1349 1274
1631 6 2 1 1 1249 1324 1349 1250 1325 1350
1632 6 2 1 1 1249 1349 1274 1250 1350 1275
1633 6 2 1 1 1276 1351 1376 1277 1352 1377
1634 6 2 1 1 1276 1376 1301 1277 1377 1302
1635 6 2 1 1 1277 1352 1377 1278 1353 1378
1636 6 2 1 1 1277 1377 1302 1278 1378 1303
1637 6 2 1 1 1278 1353 1378 1279 1354 1379
1638 6 2 1 1 1278 1378 1303 1279 1379 1304
1639 6 2 1 1 1279 1354 1379 1280 1355 1380
1640 6 2 1 1 1279 1379 1304 1280 1380 1305
1641 6 2 1 1 1280 1355 1380 1281 1356 1381
1642 6 2 1 1 1280 1380 1305 1281 1381 1306
1643 6 2 1 1 1281 1356 1381 1282 1357 1382
1644 6 2 1 1 1281 1381 1306 1282 1382 1307
1645 6 2 1 1 1282 1357 1382 1283 1358 1383
1646 6 2 1 1 1282 1382 1307 1283 1383 1308
1647 6 2 1 1 1283 1358 1383 1284 1359 1384
1648 6 2 1 1 1283 1383 1308 1284 1384 1309
1649 6 2 1 1 1284 1359 1384 1285 1360 1385
1650 6 2 1 1 1284 1384 1309 1285 1385 1310
1651 6 2 1 1 1285 1360 1385 1286 1361 1386
1652 6 2 1 1 1285 1385 1310 1286 1386 1311
1653 6 2 1 1 1286 1361 1386 1287 1362 1387
1654 6 2 1 1 1286 1386 1311 1287 1387 1312
1655 6 2 1 1 1287 1362 1387 1288 1363 1388
1656 6 2 1 1 1287 1387 1312 1288 1388 1313
1657 6 2 1 1 1288 1363 1388 1289 1364 1389
1658 6 2 1 1 1288 1388 1313 1289 1389 1314
1659 6 2 1 1 1289 1364 1389 1290 1365 1390
1660 6 2 1 1 1289 1389 1314 1290 1390 1315
1661 6 2 1 1 1290 1365 1390 1291 1366 1391
1662 6 2 1 1 1290 1390 1315 1291 1391 1316
1663 6 2 1 1 1291 1366 1391 1292 1367 1392
1664 6 2 1 1 1291 1391 1316 1292 1392 1317
1665 6 2 1 1 1292 1367 1392 1293 1368 1393
1666 6 2 1 1 1292 1392 1317 1293 1393 1318
1667 6 2 1 1 1293 1368 1393 1294 1369 1394
1668 6 2 1 1 1293 1393 1318 1294 1394 1319
1669 6 2 1 1 1294 1369 1394 1295 1370 1395
1670 6 2 1 1 1294 1394 1319 1295 1395 1320
1671 6 2 1 1 1295 1370 1395 1296 1371 1396
1672 6 2 1 1 1295 1395 1320 1296 1396 1321
1673 6 2 1 1 1296 1371 1396 1297 1372 1397
1674 6 2 1 1 1296 1396 1321 1297 1397 1322
1675 6 2 1 1 1297 1372 1397 1298 1373 1398
1676 6 2 1 1 1297 1397 1322 1298 1398 1323
1677 6 2 1 1 1298 1373 1398 1299 1374 1399
1678 6 2 1 1 1298 1398 1323 1299 1399 1324
1679 6 2 1 1 1299 1374 1399 1300 1375 1400
1680 6 2 1 1 1299 1399 1324 1300 1400 1325
1681 6 2 1 1 1301 1376 1401 1302 1377 1402
1682 6 2 1 1 1301 1401 1326 1302 1402 1327
1683 6 2 1 1 1302 1377 1402 1303 1378 1403
1684 6 2 1 1 1302 1402 1327 1303 1403 1328
1685 6 2 1 1 1303 1378 1403 1304 1379 1404
1686 6 2 1 1 1303 1403 1328 1304 1404 1329
1687 6 2 1 1 1304 1379 1404 1305 1380 1405
1688 6 2 1 1 1304 1404 1329 1305 1405 1330
1689 6 2 1 1 1305 1380 1405 1306 1381 1406
1690 6 2 1 1 1305 1405 1330 1306 1406 1331
1691 6 2 1 1 1306 1381 1406 1307 1382 1407
1692 6 2 1 1 1306 1406 1331 1307 1407 1332
1693 6 2 1 1 1307 1382 1407 1308 1383 1408
1694 6 2 1 1 1307 1407 1332 1308 1408 1333
1695 6 2 1 1 1308 1383 1408 1309 1384 1409
1696 6 2 1 1 1308 1408 1333 1309 1409 1334
1697 6 2 1 1 1309 1384 1409 1310 1385 1410
1698 6 2 1 1 1309 1409 1334 1310 1410 1335
1699 6 2 1 1 1310 1385 1410 1311 1386 1411
1700 6 2 1 1 1310 1410 1335 1311 1411 1336
1701 6 2 1 1 1311 1386 1411 1312 1387 1412
1702 6 2 1 1 1311 1411 1336 1312 1412 1337
1703 6 2 1 1 1312 1387 1412 1313 1388 1413
1704 6 2 1 1 1312 1412 1337 1313 1413 1338
1705 6 2 1 1 1313 1388 1413 1314 1389 1414
1706 6 2 1 1 1313 1413 1338 1314 1414 1339
1707 6 2 1 1 1314 1389 1414 1315 1390 1415
1708 6 2 1 1 1314 1414 1339 1315 1415 1340
1709 6 2 1 1 1315 1390 1415 1316 1391 1416
1710 6 2 1 1 1315 1415 1340 1316 1416 1341
1711 6 2 1 1 1316 1391 1416 1317 1392 1417
1712 6 2 1 1 1316 1416 1341 1317 1417 1342
1713 6 2 1 1 1317 1392 1417 1318 1393 1418
1714 6 2 1 1 1317 1417 1342 1318 1418 1343
1715 6 2 1 1 1318 1393 1418 1319 1394 1419
1716 6 2 1 1 1318 1418 1343 1319 1419 1344
1717 6 2 1 1 1319 1394 1419 1320 1395 1420
1718 6 2 1 1 1319 1419 1344 1320 1420 1345
1719 6 2 1 1 1320 1395 1420 1321 1396 1421
1720 6 2 1 1 1320 1420 1345 1321 1421 1346
1721 6 2 1 1 1321 1396 1421 1322 1397 1422
1722 6 2 1 1 1321 1421 1346 1322 1422 1347
1723 6 2 1 1 1322 1397 1422 1323 1398 1423
1724 6 2 1 1 1322 1422 1347 1323 1423 1348
1725 6 2 1 1 1323 1398 1423 1324 1399 1424
1726 6 2 1 1 1323 1423 1348 1324 1424 1349
1727 6 2 1 1 1324 1399 1424 1325 1400 1425
1728 6 2 1 1 1324 1424 1349 1325 1425 1350
1729 6 2 1 1 1351 1426 1451 1352 1427 1452
1730 6 2 1 1 1351 1451 1376 1352 1452 1377
1731 6 2 1 1 1352 1427 1452 1353 1428 1453
1732 6 2 1 1 1352 1452 1377 1353 1453 1378
1733 6 2 1 1 1353 1428 1453 1354 1429 1454
1734 6 2 1 1 1353 1453 1378 1354 1454 1379
1735 6 2 1 1 1354 1429 1454 1355 1430 1455
1736 6 2 1 1 1354 1454 1379 1355 1455 1380
1737 6 2 1 1 1355 1430 1455 1356 1431 1456
1738 6 2 1 1 1355 1455 1380 1356 1456 1381
1739 6 2 1 1 1356 1431 1456 1357 1432 1457
1740 6 2 1 1 1356 1456 1381 1357 1457 1382
1741 6 2 1 1 1357 1432 1457 1358 1433 1458
1742 6 2 1 1 1357 1457 1382 1358 1458 1383
1743 6 2 1 1 1358 1433 1458 1359 1434 1459
1744 6 2 1 1 1358 1458 1383 1359 1459 1384
1745 6 2 1 1 1359 1434 1459 1360 1435 1460
1746 6 2 1 1 1359 1459 1384 1360 1460 1385
1747 6 2 1 1 1360 1435 1460 1361 1436 1461
1748 6 2 1 1 1360 1460 1385 1361 1461 1386
1749 6 2 1 1 1361 1436 1461 1362 1437 1462
1750 6 2 1 1 1361 1461 1386 1362 1462 1387
1751 6 2 1 1 1362 1437 1462 1363 1438 1463
1752 6 2 1 1 1362 1462 1387 1363 1463 1388
1753 6 2 1 1 1363 1438 1463 1364 1439 1464
1754 6 2 1 1 1363 1463 1388 1364 1464 1389
1755 6 2 1 1 1364 1439 1464 1365 1440 1465
1756 6 2 1 1 1364 1464 1389 1365 1465 1390
1757 6 2 1 1 1365 1440 1465 1366 1441 1466
1758 6 2 1 1 1365 1465 1390 1366 1466 1391
1759 6 2 1 1 1366 1441 1466 1367 1442 1467
1760 6 2 1 1 1366 1466 1391 1367 1467 1392
1761 6 2 1 1 1367 1442 1467 1368 1443 1468
1762 6 2 1 1 1367 1467 1392 1368 1468 1393
1763 6 2 1 1 1368 1443 1468 1369 1444 1469
1764 6 2 1 1 1368 1468 1393 1369 1469 1394
1765 6 2 1 1 1369 1444 1469 1370 1445 1470
1766 6 2 1 1 1369 1469 1394 1370 1470 1395
1767 6 2 1 1 1370 1445 1470 1371 1446 1471
1768 6 2 1 1 1370 1470 1395 1371 1471 1396
1769 6 2 1 1 1371 1446 1471 1372 1447 1472
1770 6 2 1 1 1371 1471 1396 1372 1472 1397
1771 6 2 1 1 1372 1447 1472 1373 1448 1473
1772 6 2 1 1 1372 1472 1397 1373 1473 1398
1773 6 2 1 1 1373 1448 1473 1374 1449 1474
1774 6 2 1 1 1373 1473 1398 1374 1474 1399
1775 6 2 1 1 1374 1449 1474 1375 1450 1475
1776 6 2 1 1 1374 1474 1399 1375 1475 1400
1777 6 2 1 1 1376 1451 1476 1377 1452 1477
1778 6 2 1 1 1376 1476 1401 1377 1477 1402
1779 6 2 1 1 1377 1452 1477 1378 1453 1478
1780 6 2 1 1 1377 1477 1402 1378 1478 1403
1781 6 2 1 1 1378 1453 1478 1379 1454 1479
1782 6 2 1 1 1378 1478 1403 1379 1479 1404
1783 6 2 1 1 1379 1454 1479 1380 1455 1480
1784 6 2 1 1 1379 1479 1404 1380 1480 1405
1785 6 2 1 1 1380 1455 1480 1381 1456 1481
1786 6 2 1 1 1380 1480 1405 1381 1481 1406
1787 6 2 1 1 1381 1456 1481 1382 1457 1482
1788 6 2 1 1 1381 1481 1406 1382 1482 1407
1789 6 2 1 1 1382 1457 1482 1383 1458 1483
1790 6 2 1 1 1382 1482 1407 1383 1483 1408
1791 6 2 1 1 1383 1458 1483 1384 1459 1484
1792 6 2 1 1 1383 1483 1408 1384 1484 1409
1793 6 2 1 1 1384 1459 1484 1385 1460 1485
1794 6 2 1 1 1384 1484 1409 1385 1485 1410
1795 6 2 1 1 1385 1460 1485 1386 1461 1486
1796 6 2 1 1 1385 1485 1410 1386 1486 1411
1797 6 2 1 1 1386 1461 1486 1387 1462 1487
1798 6 2 1 1 1386 1486 1411 1387 1487 1412
1799 6 2 1 1 1387 1462 1487 1388 1463 1488
1800 6 2 1 1 1387 1487 1412 1388 1488 1413
1801 6 2 1 1 1388 1463 1488 1389 1464 1489
1802 6 2 1 1 1388 1488 1413 1389 1489 1414
1803 6 2 1 1 1389 1464 1489 1390 1465 1490
1804 6 2 1 1 1389 1489 1414 1390 1490 1415
1805 6 2 1 1 1390 1465 1490 1391 1466 1491
1806 6 2 1 1 1390 1490 1415 1391 1491 1416
1807 6 2 1 1 1391 1466 1491 1392 1467 1492
1808 6 2 1 1 1391 1491 1416 1392 1492 1417
1809 6 2 1 1 1392 1467 1492 1393 1468 1493
1810 6 2 1 1 1392 1492 1417 1393 1493 1418
1811 6 2 1 1 1393 1468 1493 1394 1469 1494
1812 6 2 1 1 1393 1493 1418 1394 1494 1419
1813 6 2 1 1 1394 1469 1494 1395 1470 1495
1814 6 2 1 1 1394 1494 1419 1395 1495 1420
1815 6 2 1 1 1395 1470 1495 1396 1471 1496
1816 6 2 1 1 1395 1495 1420 1396 1496 1421
1817 6 2 1 1 1396 1471 1496 1397 1472 1497
1818 6 2 1 1 1396 1496 1421 1397 1497 1422
1819 6 2 1 1 1397 1472 1497 1398 1473 1498
1820 6 2 1 1 1397 1497 1422 1398 1498 1423
1821 6 2 1 1 1398 1473 1498 1399 1474 1499
1822 6 2 1 1 1398 1498 1423 1399 1499 1424
1823 6 2 1 1 1399 1474 1499 1400 1475 1500
1824 6 2 1 1 1399 1499 1424 1400 1500 1425
1825 6 2 1 1 1426 1501 1526 1427 1502 1527
1826 6 2 1 1 1426 1526 1451 1427 1527 1452
1827 6 2 1 1 1427 1502 1527 1428 1503 1528
1828 6 2 1 1 1427 1527 1452 1428 1528 1453
1829 6 2 1 1 1428 1503 1528 1429 1504 1529
1830 6 2 1 1 1428 1528 1453 1429 1529 1454
1831 6 2 1 1 1429 1504 1529 1430 1505 1530
1832 6 2 1 1 1429 1529 1454 1430 1530 1455
1833 6 2 1 1 1430 1505 1530 1431 1506 1531
1834 6 2 1 1 1430 1530 1455 1431 1531 1456
1835 6 2 1 1 1431 1506 1531 1432 1507 1532
1836 6 2 1 1 1431 1531 1456 1432 1532 1457
1837 6 2 1 1 1432 1507 1532 1433 1508 1533
1838 6 2 1 1 1432 1532 1457 1433 1533 1458
1839 6 2 1 1 1433 1508 1533 1434 1509 1534
1840 6 2 1 1 1433 1533 1458 1434 1534 1459
1841 6 2 1 1 1434 1509 1534 1435 1510 1535
1842 6 2 1 1 1434 1534 1459 1435 1535 1460
1843 6 2 1 1 1435 1510 1535 1436 1511 1536
1844 6 2 1 1 1435 1535 1460 1436 1536 1461
1845 6 2 1 1 1436 1511 1536 1437 1512 1537
1846 6 2 1 1 1436 1536 1461 1437 1537 1462
1847 6 2 1 1 1437 1512 1537 1438 1513 1538
1848 6 2 1 1 1437 1537 1462 1438 1538 1463
1849 6 2 1 1 1438 1513 1538 1439 1514 1539
1850 6 2 1 1 1438 1538 1463 1439 1539 1464
1851 6 2 1 1 1439 1514 1539 1440 1515 1540
1852 6 2 1 1 1439 1539 1464 1440 1540 1465
1853 6 2 1 1 1440 1515 1540 1441 1516 1541
1854 6 2 1 1 1440 1540 1465 1441 1541 1466
1855 6 2 1 1 1441 1516 1541 1442 1517 1542
1856 6 2 1 1 1441 1541 1466 1442 1542 1467
1857 6 2 1 1 1442 1517 1542 1443 1518 1543
1858 6 2 1 1 1442 1542 1467 1443 1543 1468
1859 6 2 1 1 1443 1518 1543 1444 1519 1544
1860 6 2 1 1 1443 1543 1468 1444 1544 1469
1861 6 2 1 1 1444 1519 1544 1445 1520 1545
1862 6 2 1 1 1444 1544 1469 1445 1545 1470
1863 6 2 1 1 1445 1520 1545 1446 1521 1546
1864 6 2 1 1 1445 1545 1470 1446 1546 1471
1865 6 2 1 1 1446 1521 1546 1447 1522 1547
1866 6 2 1 1 1446 1546 1471 1447 1547 1472
1867 6 2 1 1 1447 1522 1547 1448 1523 1548
1868 6 2 1 1 1447 1547 1472 1448 1548 1473
1869 6 2 1 1 1448 1523 1548 1449 1524 1549
1870 6 2 1 1 1448 1548 1473 1449 1549 1474
1871 6 2 1 1 1449 1524 1549 1450 1525 1550
1872 6 2 1 1 1449 1549 1474 1450 1550 1475
1873 6 2 1 1 1451 1526 1551 1452 1527 1552
1874 6 2 1 1 1451 1551 1476 1452 1552 1477
1875 6 2 1 1 1452 1527 1552 1453 1528 1553
1876 6 2 1 1 1452 1552 1477 1453 1553 1478
1877 6 2 1 1 1453 1528 1553 1454 1529 1554
1878 6 2 1 1 1453 1553 1478 1454 1554 1479
1879 6 2 1 1 1454 1529 1554 1455 1530 1555
1880 6 2 1 1 1454 1554 1479 1455 1555 1480
1881 6 2 1 1 1455 1530 1555 1456 1531 1556
1882 6 2 1 1 1455 1555 1480 1456 1556 1481
1883 6 2 1 1 1456 1531 1556 1457 1532 1557
1884 6 2 1 1 1456 1556 1481 1457 1557 1482
1885 6 2 1 1 1457 1532 1557 1458 1533 1558
1886 6 2 1 1 1457 1557 1482 1458 1558 1483
1887 6 2 1 1 1458 1533 1558 1459 1534 1559
1888 6 2 1 1 1458 1558 1483 1459 1559 1484
1889 6 2 1 1 1459 1534 1559 1460 1535 1560
1890 6 2 1 1 1459 1559 1484 1460 1560 1485
1891 6 2 1 1 1460 1535 1560 1461 1536 1561
1892 6 2 1 1 1460 1560 1485 1461 1561 1486
1893 6 2 1 1 1461 1536 1561 1462 1537 1562
1894 6 2 1 1 1461 1561 1486 1462 1562 1487
1895 6 2 1 1 1462 1537 1562 1463 1538 1563
1896 6 2 1 1 1462 1562 1487 1463 1563 1488
1897 6 2 1 1 1463 1538 1563 1464 1539 1564
1898 6 2 1 1 1463 1563 1488 1464 1564 1489
1899 6 2 1 1 1464 1539 1564 1465 1540 1565
1900 6 2 1 1 1464 1564 1489 1465 1565 1490
1901 6 2 1 1 1465 1540 1565 1466 1541 1566
1902 6 2 1 1 1465 1565 1490 1466 1566 1491
1903 6 2 1 1 1466 1541 1566 1467 1542 1567
1904 6 2 1 1 1466 1566 1491 1467 1567 1492
1905 6 2 1 1 1467 1542 1567 1468 1543 1568
1906 6 2 1 1 1467 1567 1492 1468 1568 1493
1907 6 2 1 1 1468 1543 1568 1469 1544 1569
1908 6 2 1 1 1468 1568 1493 1469 1569 1494
1909 6 2 1 1 1469 1544 1569 1470 1545 1570
1910 6 2 1 1 1469 1569 1494 1470 1570 1495
1911 6 2 1 1 1470 1545 1570 1471 1546 1571
1912 6 2 1 1 1470 1570 1495 1471 1571 1496
1913 6 2 1 1 1471 1546 1571 1472 1547 1572
1914 6 2 1 1 1471 1571 1496 1472 1572 1497
1915 6 2 1 1 1472 1547 1572 1473 1548 1573
1916 6 2 1 1 1472 1572 1497 1473 1573 1498
1917 6 2 1 1 1473 1548 1573 1474 1549 1574
1918 6 2 1 1 1473 1573 1498 1474 1574 1499
1919 6 2 1 1 1474 1549 1574 1475 1550 1575
1920 6 2 1 1 1474 1574 1499 1475 1575 1500
1921 6 2 1 1 1501 1576 1601 1502 1577 1602
1922 6 2 1 1 1501 1601 1526 1502 1602 1527
1923 6 2 1 1 1502 1577 1602 1503 1578 1603
1924 6 2 1 1 1502 1602 1527 1503 1603 1528
1925 6 2 1 1 1503 1578 1603 1504 1579 1604
1926 6 2 1 1 1503 1603 1528 1504 1604 1529
1927 6 2 1 1 1504 1579 1604 1505 1580 1605
1928 6 2 1 1 1504 1604 1529 1505 1605 1530
1929 6 2 1 1 1505 1580 1605 1506 1581 1606
1930 6 2 1 1 1505 1605 1530 1506 1606 1531
1931 6 2 1 1 1506 1581 1606 1507 1582 1607
1932 6 2 1 1 1506 1606 1531 1507 1607 1532
1933 6 2 1 1 1507 1582 1607 1508 1583 1608
1934 6 2 1 1 1507 1607 1532 1508 1608 1533
1935 6 2 1 1 1508 1583 1608 1509 1584 1609
1936 6 2 1 1 1508 1608 1533 1509 1609 1534
1937 6 2 1 1 1509 1584 1609 1510 1585 1610
1938 6 2 1 1 1509 1609 1534 1510 1610 1535
1939 6 2 1 1 1510 1585 1610 1511 1586 1611
1940 6 2 1 1 1510 1610 1535 1511 1611 1536
1941 6 2 1 1 1511 1586 1611 1512 1587 1612
1942 6 2 1 1 1511 1611 1536 1512 1612 1537
1943 6 2 1 1 1512 1587 1612 1513 1588 1613
1944 6 2 1 1 1512 1612 1537 1513 1613 1538
1945 6 2 1 1 1513 1588 1613 1514 1589 1614
1946 6 2 1 1 1513 1613 1538 1514 1614 1539
1947 6 2 1 1 1514 1589 1614 1515 1590 1615
1948 6 2 1 1 1514 1614 1539 1515 1615 1540
1949 6 2 1 1 1515 1590 1615 1516 1591 1616
1950 6 2 1 1 1515 1615 1540 1516 1616 1541
1951 6 2 1 1 1516 1591 1616 1517 1592 1617
1952 6 2 1 1 1516 1616 1541 1517 1617 1542
1953 6 2 1 1 1517 1592 1617 1518 1593 1618
1954 6 2 1 1 1517 1617 1542 1518 1618 1543
1955 6 2 1 1 1518 1593 1618 1519 1594 1619
1956 6 2 1 1 1518 1618 1543 1519 1619 1544
1957 6 2 1 1 1519 1594 1619 1520 1595 1620
1958 6 2 1 1 1519 1619 1544 1520 1620 1545
1959 6 2 1 1 1520 1595 1620 1521 1596 1621
1960 6 2 1 1 1520 1620 1545 1521 1621 1546
1961 6 2 1 1 1521 1596 1621 1522 1597 1622
1962 6 2 1 1 1521 1621 1546 1522 1622 1547
1963 6 2 1 1 1522 1597 1622 1523 1598 1623
1964 6 2 1 1 1522 1622 1547 1523 1623 1548
1965 6 2 1 1 1523 1598 1623 1524 1599 1624
1966 6 2 1 1 1523 1623 1548 1524 1624 1549
1967 6 2 1 1 1524 1599 1624 1525 1600 1625
1968 6 2 1 1 1524 1624 1549 1525 1625 1550
1969 6 2 1 1 1526 1601 1626 1527 1602 1627
1970 6 2 1 1 1526 1626 1551 1527 1627 1552
1971 6 2 1 1 1527 1602 1627 1528 1603 1628
1972 6 2 1 1 1527 1627 1552 1528 1628 1553
1973 6 2 1 1 1528 1603 1628 1529 1604 1629
1974 6 2 1 1 1528 1628 1553 1529 1629 1554
1975 6 2 1 1 1529 1604 1629 1530 1605 1630
1976 6 2 1 1 1529 1629 1554 1530 1630 1555
1977 6 2 1 1 1530 1605 1630 1531 1606 1631
1978 6 2 1 1 1530 1630 1555 1531 1631 1556
1979 6 2 1 1 1531 1606 1631 1532 1607 1632
1980 6 2 1 1 1531 1631 1556 1532 1632 1557
1981 6 2 1 1 1532 1607 1632 1533 1608 1633
1982 6 2 1 1 1532 1632 1557 1533 1633 1558
1983 6 2 1 1 1533 1608 1633 1534 1609 1634
1984 6 2 1 1 1533 1633 1558 1534 1634 1559
1985 6 2 1 1 1534 1609 1634 1535 1610 1635
1986 6 2 1 1 1534 1634 1559 1535 1635 1560
1987 6 2 1 1 1535 1610 1635 1536 1611 1636
1988 6 2 1 1 1535 1635 1560 1536 1636 1561
1989 6 2 1 1 1536 1611 1636 1537 1612 1637
1990 6 2 1 1 1536 1636 1561 1537 1637 1562
1991 6 2 1 1 1537 1612 1637 1538 1613 1638
1992 6 2 1 1 1537 1637 1562 1538 1638 1563
1993 6 2 1 1 1538 1613 1638 1539 1614 1639
1994 6 2 1 1 1538 1638 1563 1539 1639 1564
1995 6 2 1 1 1539 1614 1639 1540 1615 1640
1996 6 2 1 1 1539 1639 1564 1540 1640 1565
1997 6 2 1 1 1540 1615 1640 1541 1616 1641
1998 6 2 1 1 1540 1640 1565 1541 1641 1566
1999 6 2 1 1 1541 1616 1641 1542 1617 1642
2000 6 2 1 1 1541 1641 1566 1542 1642 1567
2001 6 2 1 1 1542 1617 1642 1543 1618 1643
2002 6 2 1 1 1542 1642 1567 1543 1643 1568
2003 6 2 1 1 1543 1618 1643 1544 1619 1644
2004 6 2 1 1 1543 1643 1568 1544 1644 1569
2005 6 2 1 1 1544 1619 1644 1545 1620 1645
2006 6 2 1 1 1544 1644 1569 1545 1645 1570
2007 6 2 1 1 1545 1620 1645 1546 1621 1646
2008 6 2 1 1 1545 1645 1570 1546 1646 1571
2009 6 2 1 1 1546 1621 1646 1547 1622 1647
2010 6 2 1 1 1546 1646 1571 1547 1647 1572
2011 6 2 1 1 1547 1622 1647 1548 1623 1648
2012 6 2 1 1 1547 1647 1572 1548 1648 1573
2013 6 2 1 1 1548 1623 1648 1549 1624 1649
2014 6 2 1 1 1548 1648 1573 1549 1649 1574
2015 6 2 1 1 1549 1624 1649 1550 1625 1650
2016 6 2 1 1 1549 1649 1574 1550 1650 1575
2017 6 2 1 1 1576 1651 1676 1577 1652 1677
2018 6 2 1 1 1576 1676 1601 1577 1677 1602
2019 6 2 1 1 1577 1652 1677 1578 1653 1678
2020 6 2 1 1 1577 1677 1602 1578 1678 1603
2021 6 2 1 1 1578 1653 1678 1579 1654 1679
2022 6 2 1 1 1578 1678 1603 1579 1679 1604
2023 6 2 1 1 1579 1654 1679 1580 1655 1680
2024 6 2 1 1 1579 1679 1604 1580 1680 1605
2025 6 2 1 1 1580 1655 1680 1581 1656 1681
2026 6 2 1 1 1580 1680 1605 1581 1681 1606
2027 6 2 1 1 1581 1656 1681 1582 1657 1682
2028 6 2 1 1 1581 1681 1606 1582 1682 1607
2029 6 2 1 1 1582 1657 1682 1583 1658 1683
2030 6 2 1 1 1582 1682 1607 1583 1683 1608
2031 6 2 1 1 1583 1658 1683 1584 1659 1684
2032 6 2 1 1 1583 1683 1608 1584 1684 1609
2033 6 2 1 1 1584 1659 1684 1585 1660 1685
2034 6 2 1 1 1584 1684 1609 1585 1685 1610
2035 6 2 1 1 1585 1660 1685 1586 1661 1686
2036 6 2 1 1 1585 1685 1610 1586 1686 1611
2037 6 2 1 1 1586 1661 1686 1587 1662 1687
2038 6 2 1 1 1586 1686 1611 1587 1687 1612
2039 6 2 1 1 1587 1662 1687 1588 1663 1688
2040 6 2 1 1 1587 1687 1612 1588 1688 1613
2041 6 2 1 1 1588 1663 1688 1589 1664 1689
2042 6 2 1 1 1588 1688 1613 1589 1689 1614
2043 6 2 1 1 1589 1664 1689 1590 1665 1690
2044 6 2 1 1 1589 1689 1614 1590 1690 1615
2045 6 2 1 1 1590 1665 1690 1591 1666 1691
2046 6 2 1 1 1590 1690 1615 1591 1691 1616
2047 6 2 1 1 1591 1666 1691 1592 1667 1692
2048 6 2 1 1 1591 1691 1616 1592 1692 1617
2049 6 2 1 1 1592 1667 1692 1593 1668 1693
2050 6 2 1 1 1592 1692 1617 1593 1693 1618
2051 6 2 1 1 1593 1668 1693 1594 1669 1694
2052 6 2 1 1 1593 1693 1618 1594 1694 1619
2053 6 2 1 1 1594 1669 1694 1595 1670 1695
2054 6 2 1 1 1594 1694 1619 1595 1695 1620
2055 6 2 1 1 1595 1670 1695 1596 1671 1696
2056 6 2 1 1 1595 1695 1620 1596 1696 1621
2057 6 2 1 1 1596 1671 1696 1597 1672 1697
2058 6 2 1 1 1596 1696 1621 1597 1697 1622
2059 6 2 1 1 1597 1672 1697 1598 1673 1698
2060 6 2 1 1 1597 1697 1622 1598 1698 1623
2061 6 2 1 1 1598 1673 1698 1599 1674 1699
2062 6 2 1 1 1598 1698 1623 1599 1699 1624
2063 6 2 1 1 1599 1674 1699 1600 1675 1700
2064 6 2 1 1 1599 1699 1624 1600 1700 1625
2065 6 2 1 1 1601 1676 1701 1602 1677 1702
2066 6 2 1 1 1601 1701 1626 1602 1702 1627
2067 6 2 1 1 1602 1677 1702 1603 1678 1703
2068 6 2 1 1 1602 1702 1627 1603 1703 1628
2069 6 2 1 1 1603 1678 1703 1604 1679 1704
2070 6 2 1 1 1603 1703 1628 1604 1704 1629
2071 6 2 1 1 1604 1679 1704 1605 1680 1705
2072 6 2 1 1 1604 1704 1629 1605 1705 1630
2073 6 2 1 1 1605 1680 1705 1606 1681 1706
2074 6 2 1 1 1605 1705 1630 1606 1706 1631
2075 6 2 1 1 1606 1681 1706 1607 1682 1707
2076 6 2 1 1 1606 1706 1631 1607 1707 1632
2077 6 2 1 1 1607 1682 1707 1608 1683 1708
2078 6 2 1 1 1607 1707 1632 1608 1708 1633
2079 6 2 1 1 1608 1683 1708 1609 1684 1709
2080 6 2 1 1 1608 1708 1633 1609 1709 1634
2081 6 2 1 1 1609 1684 1709 1610 1685 1710
2082 6 2 1 1 1609 1709 1634 1610 1710 1635
2083 6 2 1 1 1610 1685 1710 1611 1686 1711
2084 6 2 1 1 1610 1710 1635 1611 1711 1636
2085 6 2 1 1 1611 1686 1711 1612 1687 1712
2086 6 2 1 1 1611 1711 1636 1612 1712 1637
2087 6 2 1 1 1612 1687 1712 1613 1688 1713
2088 6 2 1 1 1612 1712 1637 1613 1713 1638
2089 6 2 1 1 1613 1688 1713 1614 1689 1714
2090 6 2 1 1 1613 1713 1638 1614 1714 1639
2091 6 2 1 1 1614 1689 1714 1615 1690 1715
2092 6 2 1 1 1614 1714 1639 1615 1715 1640
2093 6 2 1 1 1615 1690 1715 1616 1691 1716
2094 6 2 1 1 1615 1715 1640 1616 1716 1641
2095 6 2 1 1 1616 1691 1716 1617 1692 1717
2096 6 2 1 1 1616 1716 1641 1617 1717 1642
2097 6 2 1 1 1617 1692 1717 1618 1693 1718
2098 6 2 1 1 1617 1717 1642 1618 1718 1643
2099 6 2 1 1 1618 1693 1718 1619 1694 1719
2100 6 2 1 1 1618 1718 1643 1619 1719 1644
2101 6 2 1 1 1619 1694 1719 1620 1695 1720
2102 6 2 1 1 1619 1719 1644 1620 1720 1645
2103 6 2 1 1 1620 1695 1720 1621 1696 1721
2104 6 2 1 1 1620 1720 1645 1621 1721 1646
2105 6 2 1 1 1621 1696 1721 1622 1697 1722
2106 6 2 1 1 1621 1721 1646 1622 1722 1647
2107 6 2 1 1 1622 1697 1722 1623 1698 1723
2108 6 2 1 1 1622 1722 1647 1623 1723 1648
2109 6 2 1 1 1623 1698 1723 1624 1699 1724
2110 6 2 1 1 1623 1723 1648 1624 1724 1649
2111 6 2 1 1 1624 1699 1724 1625 1700 1725
2112 6 2 1 1 1624 1724 1649 1625 1725 1650
2113 6 2 1 1 1651 1726 1751 1652 1727 1752
2114 6 2 1 1 1651 1751 1676 1652 1752 1677
2115 6 2 1 1 1652 1727 1752 1653 1728 1753
2116 6 2 1 1 1652 1752 1677 1653 1753 1678
2117 6 2 1 1 1653 1728 1753 1654 1729 1754
2118 6 2 1 1 1653 1753 1678 1654 1754 1679
2119 6 2 1 1 1654 1729 1754 1655 1730 1755
2120 6 2 1 1 1654 1754 1679 1655 1755 1680
2121 6 2 1 1 1655 1730 1755 1656 1731 1756
2122 6 2 1 1 1655 1755 1680 1656 1756 1681
2123 6 2 1 1 1656 1731 1756 1657 1732 1757
2124 6 2 1 1 1656 1756 1681 1657 1757 1682
2125 6 2 1 1 1657 1732 1757 1658 1733 1758
2126 6 2 1 1 1657 1757 1682 1658 1758 1683
2127 6 2 1 1 1658 1733 1758 1659 1734 1759
2128 6 2 1 1 1658 1758 1683 1659 1759 1684
2129 6 2 1 1 1659 1734 1759 1660 1735 1760
2130 6 2 1 1 1659 1759 1684 1660 1760 1685
2131 6 2 1 1 1660 1735 1760 1661 1736 1761
2132 6 2 1 1 1660 1760 1685 1661 1761 1686
2133 6 2 1 1 1661 1736 1761 1662 1737 1762
2134 6 2 1 1 1661 1761 1686 1662 1762 1687
2135 6 2 1 1 1662 1737 1762 1663 1738 1763
2136 6 2 1 1 1662 1762 1687 1663 1763 1688
2137 6 2 1 1 1663 1738 1763 1664 1739 1764
2138 6 2 1 1 1663 1763 1688 1664 1764 1689
2139 6 2 1 1 1664 1739 1764 1665 1740 1765
2140 6 2 1 1 1664 1764 1689 1665 1765 1690
2141 6 2 1 1 1665 1740 1765 1666 1741 1766
2142 6 2 1 1 1665 1765 1690 1666 1766 1691
2143 6 2 1 1 1666 1741 1766 1667 1742 1767
2144 6 2 1 1 1666 1766 1691 1667 1767 1692
2145 6 2 1 1 1667 1742 1767 1668 1743 1768
2146 6 2 1 1 1667 1767 1692 1668 1768 1693
2147 6 2 1 1 1668 1743 1768 1669 1744 1769
2148 6 2 1 1 1668 1768 1693 1669 1769 1694
2149 6 2 1 1 1669 1744 1769 1670 1745 1770
2150 6 2 1 1 1669 1769 1694 1670 1770 1695
2151 6 2 1 1 1670 1745 1770 1671 1746 1771
2152 6 2 1 1 1670 1770 1695 1671 1771 1696
2153 6 2 1 1 1671 1746 1771 1672 1747 1772
2154 6 2 1 1 1671 1771 1696 1672 1772 1697
2155 6 2 1 1 1672 1747 1772 1673 1748 1773
2156 6 2 1 1 1672 1772 1697 1673 1773 1698
2157 6 2 1 1 1673 1748 1773 1674 1749 1774
2158 6 2 1 1 1673 1773 1698 1674 1774 1699
2159 6 2 1 1 1674 1749 1774 1675 1750 1775
2160 6 2 1 1 1674 1774 1699 1675 1775 1700
2161 6 2 1 1 1676 1751 1776 1677 1752 1777
2162 6 2 1 1 1676 1776 1701 1677 1777 1702
2163 6 2 1 1 1677 1752 1777 1678 1753 1778
2164 6 2 1 1 1677 1777 1702 1678 1778 1703
2165 6 2 1 1 1678 1753 1778 1679 1754 1779
2166 6 2 1 1 1678 1778 1703 1679 1779 1704
2167 6 2 1 1 1679 1754 1779 1680 1755 1780
2168 6 2 1 1 1679 1779 1704 1680 1780 1705
2169 6 2 1 1 1680 1755 1780 1681 1756 1781
2170 6 2 1 1 1680 1780 1705 1681 1781 1706
2171 6 2 1 1 1681 1756 1781 1682 1757 1782
2172 6 2 1 1 1681 1781 1706 1682 1782 1707
2173 6 2 1 1 1682 1757 1782 1683 1758 1783
2174 6 2 1 1 1682 1782 1707 1683 1783 1708
2175 6 2 1 1 1683 1758 1783 1684 1759 1784
2176 6 2 1 1 1683 1783 1708 1684 1784 1709
2177 6 2 1 1 1684 1759 1784 1685 1760 1785
2178 6 2 1 1 1684 1784 1709 1685 1785 1710
2179 6 2 1 1 1685 1760 1785 1686 1761 1786
2180 6 2 1 1 1685 1785 1710 1686 1786 1711
2181 6 2 1 1 1686 1761 1786 1687 1762 1787
2182 6 2 1 1 1686 1786 1711 1687 1787 1712
2183 6 2 1 1 1687 1762 1787 1688 1763 1788
2184 6 2 1 1 1687 1787 1712 1688 1788 1713
2185 6 2 1 1 1688 1763 1788 1689 1764 1789
2186 6 2 1 1 1688 1788 1713 1689 1789 1714
2187 6 2 1 1 1689 1764 1789 1690 1765 1790
2188 6 2 1 1 1689 1789 1714 1690 1790 1715
2189 6 2 1 1 1690 1765 1790 1691 1766 1791
2190 6 2 1 1 1690 1790 1715 1691 1791 1716
2191 6 2 1 1 1691 1766 1791 1692 1767 1792
2192 6 2 1 1 1691 1791 1716 1692 1792 1717
2193 6 2 1 1 1692 1767 1792 1693 1768 1793
2194 6 2 1 1 1692 1792 1717 1693 1793 1718
2195 6 2 1 1 1693 1768 1793 1694 1769 1794
2196 6 2 1 1 1693 1793 1718 1694 1794 1719
2197 6 2 1 1 1694 1769 1794 1695 1770 1795
2198 6 2 1 1 1694 1794 1719 1695 1795 1720
2199 6 2 1 1 1695 1770 1795 1696 1771 1796
2200 6 2 1 1 1695 1795 1720 1696 1796 1721
2201 6 2 1 1 1696 1771 1796 1697 1772 1797
2202 6 2 1 1 1696 1796 1721 1697 1797 1722
2203 6 2 1 1 1697 1772 1797 1698 1773 1798
2204 6 2 1 1 1697 1797 1722 1698 1798 1723
2205 6 2 1 1 1698 1773 1798 1699 1774 1799
2206 6 2 1 1 1698 1798 1723 1699 1799 1724
2207 6 2 1 1 1699 1774 1799 1700 1775 1800
2208 6 2 1 1 1699 1799 1724 1700 1800 1725
2209 6 2 1 1 1726 1801 1826 1727 1802 1827
2210 6 2 1 1 1726 1826 1751 1727 1827 1752
2211 6 2 1 1 1727 1802 1827 1728 1803 1828
2212 6 2 1 1 1727 1827 1752 1728 1828 1753
2213 6 2 1 1 1728 1803 1828 1729 1804 1829
2214 6 2 1 1 1728 1828 1753 1729 1829 1754
2215 6 2 1 1 1729 1804 1829 1730 1805 1830
2216 6 2 1 1 1729 1829 1754 1730 1830 1755
2217 6 2 1 1 1730 1805 1830 1731 1806 1831
2218 6 2 1 1 1730 1830 1755 1731 1831 1756
2219 6 2 1 1 1731 1806 1831 1732 1807 1832
2220 6 2 1 1 1731 1831 1756 1732 1832 1757
2221 6 2 1 1 1732 1807 1832 1733 1808 1833
2222 6 2 1 1 1732 1832 1757 1733 1833 1758
2223 6 2 1 1 1733 1808 1833 1734 1809 1834
2224 6 2 1 1 1733 1833 1758 1734 1834 1759
2225 6 2 1 1 1734 1809 1834 1735 1810 1835
2226 6 2 1 1 1734 1834 1759 1735 1835 1760
2227 6 2 1 1 1735 1810 1835 1736 1811 1836
2228 6 2 1 1 1735 1835 1760 1736 1836 1761
2229 6 2 1 1 1736 1811 1836 1737 1812 1837
2230 6 2 1 1 1736 1836 1761 1737 1837 1762
2231 6 2 1 1 1737 1812 1837 1738 1813 1838
2232 6 2 1 1 1737 1837 1762 1738 1838 1763
2233 6 2 1 1 1738 1813 1838 1739 1814 1839
2234 6 2 1 1 1738 1838 1763 1739 1839 1764
2235 6 2 1 1 1739 1814 1839 1740 1815 1840
2236 6 2 1 1 1739 1839 1764 1740 1840 1765
2237 6 2 1 1 1740 1815 1840 1741 1816 1841
2238 6 2 1 1 1740 1840 1765 1741 1841 1766
2239 6 2 1 1 1741 1816 1841 1742 1817 1842
2240 6 2 1 1 1741 1841 1766 1742 1842 1767
2241 6 2 1 1 1742 1817 1842 1743 1818 1843
2242 6 2 1 1 1742 1842 1767 1743 1843 1768
2243 6 2 1 1 1743 1818 1843 1744 1819 1844
2244 6 2 1 1 1743 1843 1768 1744 1844 1769
2245 6 2 1 1 1744 1819 1844 1745 1820 1845
2246 6 2 1 1 1744 1844 1769 1745 1845 1770
2247 6 2 1 1 1745 1820 1845 1746 1821 1846
2248 6 2 1 1 1745 1845 1770 1746 1846 1771
2249 6 2 1 1 1746 1821 1846 1747 1822 1847
2250 6 2 1 1 1746 1846 1771 1747 1847 1772
2251 6 2 1 1 1747 1822 1847 1748 1823 1848
2252 6 2 1 1 1747 1847 1772 1748 1848 1773
2253 6 2 1 1 1748 1823 1848 1749 1824 1849
2254 6 2 1 1 1748 1848 1773 1749 1849 1774
2255 6 2 1 1 1749 1824 1849 1750 1825 1850
2256 6 2 1 1 1749 1849 1774 1750 1850 1775
2257 6 2 1 1 1751 1826 1851 1752 1827 1852
2258 6 2 1 1 1751 1851 1776 1752 1852 1777
2259 6 2 1 1 1752 1827 1852 1753 1828 1853
2260 6 2 1 1 1752 1852 1777 1753 1853 1778
2261 6 2 1 1 1753 1828 1853 1754 1829 1854
2262 6 2 1 1 1753 1853 1778 1754 1854 1779
2263 6 2 1 1 1754 1829 1854 1755 1830 1855
2264 6 2 1 1 1754 1854 1779 1755 1855 1780
2265 6 2 1 1 1755 1830 1855 1756 1831 1856
2266 6 2 1 1 1755 1855 1780 1756 1856 1781
2267 6 2 1 1 1756 1831 1856 1757 1832 1857
2268 6 2 1 1 1756 1856 1781 1757 1857 1782
2269 6 2 1 1 1757 1832 1857 1758 1833 1858
2270 6 2 1 1 1757 1857 1782 1758 1858 1783
2271 6 2 1 1 1758 1833 1858 1759 1834 1859
2272 6 2 1 1 1758 1858 1783 1759 1859 1784
2273 6 2 1 1 1759 1834 1859 1760 1835 1860
2274 6 2 1 1 1759 1859 1784 1760 1860 1785
2275 6 2 1 1 1760 1835 1860 1761 1836 1861
2276 6 2 1 1 1760 1860 1785 1761 1861 1786
2277 6 2 1 1 1761 1836 1861 1762 1837 1862
2278 6 2 1 1 1761 1861 1786 1762 1862 1787
2279 6 2 1 1 1762 1837 1862 1763 1838 1863
2280 6 2 1 1 1762 1862 1787 1763 1863 1788
2281 6 2 1 1 1763 1838 1863 1764 1839 1864
2282 6 2 1 1 1763 1863 1788 1764 1864 1789
2283 6 2 1 1 1764 1839 1864 1765 1840 1865
2284 6 2 1 1 1764 1864 1789 1765 1865 1790
2285 6 2 1 1 1765 1840 1865 1766 1841 1866
2286 6 2 1 1 1765 1865 1790 1766 1866 1791
2287 6 2 1 1 1766 1841 1866 1767 1842 1867
2288 6 2 1 1 1766 1866 1791 1767 1867 1792
2289 6 2 1 1 1767 1842 1867 1768 1843 1868
2290 6 2 1 1 1767 1867 1792 1768 1868 1793
2291 6 2 1 1 1768 1843 1868 1769 1844 1869
2292 6 2 1 1 1768 1868 1793 1769 1869 1794
2293 6 2 1 1 1769 1844 1869 1770 1845 1870
2294 6 2 1 1 1769 1869 1794 1770 1870 1795
2295 6 2 1 1 1770 1845 1870 1771 1846 1871
2296 6 2 1 1 1770 1870 1795 1771 1871 1796
2297 6 2 1 1 1771 1846 1871 1772 1847 1872
2298 6 2 1 1 1771 1871 1796 1772 1872 1797
2299 6 2 1 1 1772 1847 1872 1773 1848 1873
2300 6 2 1 1 1772 1872 1797 1773 1873 1798
2301 6 2 1 1 1773 1848 1873 1774 1849 1874
2302 6 2 1 1 1773 1873 1798 1774 1874 1799
2303 6 2 1 1 1774 1849 1874 1775 1850 1875
2304 6 2 1 1 1774 1874 1799 1775 1875 1800
2305 2 2 20 20 1 76 101
2306 2 2 20 20 1 101 26
2307 2 2 20 20 25 100 125
2308 2 2 20 20 25 125 50
2309 2 2 20 20 26 101 126
2310 2 2 20 20 26 126 51
2311 2 2 20 20 50 125 150
2312 2 2 20 20 50 150 75
2313 2 2 20 20 76 151 176
2314 2 2 20 20 76 176 101
2315 2 2 20 20 100 175 200
2316 2 2 20 20 100 200 125
2317 2 2 20 20 101 176 201
2318 2 2 20 20 101 201 126
2319 2 2 20 20 125 200 225
2320 2 2 20 20 125 225 150
2321 2 2 20 20 151 226 251
2322 2 2 20 20 151 251 176
2323 2 2 20 20 175 250 275
2324 2 2 20 20 175 275 200
2325 2 2 20 20 176 251 276
2326 2 2 20 20 176 276 201
2327 2 2 20 20 200 275 300
2328 2 2 20 20 200 300 225
2329 2 2 20 20 226 301 326
2330 2 2 20 20 226 326 251
2331 2 2 20 20 250 325 350
2332 2 2 20 20 250 350 275
2333 2 2 20 20 251 326 351
2334 2 2 20 20 251 351 276
2335 2 2 20 20 275 350 375
2336 2 2 20 20 275 375 300
2337 2 2 20 20 301 376 401
2338 2 2 20 20 301 401 326
2339 2 2 20 20 325 400 425
2340 2 2 20 20 325 425 350
2341 2 2 20 20 326 401 426
2342 2 2 20 20 326 426 351
2343 2 2 20 20 350 425 450
2344 2 2 20 20 350 450 375
2345 2 2 20 20 376 451 476
2346 2 2 20 20 376 476 401
2347 2 2 20 20 400 475 500
2348 2 2 20 20 400 500 425
2349 2 2 20 20 401 476 501
2350 2 2 20 20 401 501 426
2351 2 2 20 20 425 500 525
2352 2 2 20 20 425 525 450
2353 2 2 20 20 451 526 551
2354 2 2 20 20 451 551 476
2355 2 2 20 20 475 550 575
2356 2 2 20 20 475 575 500
2357 2 2 20 20 476 551 576
2358 2 2 20 20 476 576 501
2359 2 2 20 20 500 575 600
2360 2 2 20 20 500 600 525
2361 2 2 20 20 526 601 626
2362 2 2 20 20 526 626 551
2363 2 2 20 20 550 625 650
2364 2 2 20 20 550 650 575
2365 2 2 20 20 551 626 651
2366 2 2 20 20 551 651 576
2367 2 2 20 20 575 650 675
2368 2 2 20 20 575 675 600
2369 2 2 20 20 601 676 701
2370 2 2 20 20 601 701 626
2371 2 2 20 20 625 700 725
2372 2 2 20 20 625 725 650
2373 2 2 20 20 626 701 726
2374 2 2 20 20 626 726 651
2375 2 2 20 20 650 725 750
2376 2 2 20 20 650 750 675
2377 2 2 20 20 676 751 776
2378 2 2 20 20 676 776 701
2379 2 2 20 20 700 775 800
2380 2 2 20 20 700 800 725
2381 2 2 20 20 701 776 801
2382 2 2 20 20 701 801 726
2383 2 2 20 20 725 800 825
2384 2 2 20 20 725 825 750
2385 2 2 20 20 751 826 851
2386 2 2 20 20 751 851 776
2387 2 2 20 20 775 850 875
2388 2 2 20 20 775 875 800
2389 2 2 20 20 776 851 876
2390 2 2 20 20 776 876 801
2391 2 2 20 20 800 875 900
2392 2 2 20 20 800 900 825
2393 2 2 20 20 826 901 926
2394 2 2 20 20 826 926 851
2395 2 2 20 20 850 925 950
2396 2 2 20 20 850 950 875
2397 2 2 20 20 851 926 951
2398 2 2 20 20 851 951 876
2399 2 2 20 20 875 950 975
2400 2 2 20 20 875 975 900
2401 2 2 20 20 901 976 1001
2402 2 2 20 20 901 1001 926
2403 2 2 20 20 925 1000 1025
2404 2 2 20 20 925 1025 950
2405 2 2 20 20 926 1001 1026
2406 2 2 20 20 926 1026 951
2407 2 2 20 20 950 1025 1050
2408 2 2 20 20 950 1050 975
2409 2 2 20 20 976 1051 1076
2410 2 2 20 20 976 1076 1001
2411 2 2 20 20 1000 1075 1100
2412 2 2 20 20 1000 1100 1025
2413 2 2 20 20 1001 1076 1101
2414 2 2 20 20 1001 1101 1026
2415 2 2 20 20 1025 1100 1125
2416 2 2 20 20 1025 1125 1050
2417 2 2 20 20 1051 1126 1151
2418 2 2 20 20 1051 1151 1076
2419 2 2 20 20 1075 1150 1175
2420 2 2 20 20 1075 1175 1100
2421 2 2 20 20 1076 1151 1176
2422 2 2 20 20 1076 1176 1101
2423 2 2 20 20 1100 1175 1200
2424 2 2 20 20 1100 1200 1125
2425 2 2 20 20 1126 1201 1226
2426 2 2 20 20 1126 1226 1151
2427 2 2 20 20 1150 1225 1250
2428 2 2 20 20 1150 1250 1175
2429 2 2 20 20 1151 1226 1251
2430 2 2 20 20 1151 1251 1176
2431 2 2 20 20 1175 1250 1275
2432 2 2 20 20 1175 1275 1200
2433 2 2 20 20 1201 1276 1301
2434 2 2 20 20 1201 1301 1226
2435 2 2 20 20 1225 1300 1325
2436 2 2 20 20 1225 1325 1250
2437 2 2 20 20 1226 1301 1326
2438 2 2 20 20 1226 1326 1251
2439 2 2 20 20 1250 1325 1350
2440 2 2 20 20 1250 1350 1275
2441 2 2 20 20 1276 1351 1376
2442 2 2 20 20 1276 1376 1301
2443 2 2 20 20 1300 1375 1400
2444 2 2 20 20 1300 1400 1325
2445 2 2 20 20 1301 1376 1401
2446 2 2 20 20 1301 1401 1326
2447 2 2 20 20 1325 1400 1425
2448 2 2 20 20 1325 1425 1350
2449 2 2 20 20 1351 1426 1451
2450 2 2 20 20 1351 1451 1376
2451 2 2 20 20 1375 1450 1475
2452 2 2 20 20 1375 1475 1400
2453 2 2 20 20 1376 1451 1476
2454 2 2 20 20 1376 1476 1401
2455 2 2 20 20 1400 1475 1500
2456 2 2 20 20 1400 1500 1425
2457 2 2 20 20 1426 1501 1526
2458 2 2 20 20 1426 1526 1451
2459 2 2 20 20 1450 1525 1550
2460 2 2 20 20 1450 1550 1475
2461 2 2 20 20 1451 1526 1551
2462 2 2 20 20 1451 1551 1476
2463 2 2 20 20 1475 1550 1575
2464 2 2 20 20 1475 1575 1500
2465 2 2 20 20 1501 1576 1601
2466 2 2 20 20 1501 1601 1526
2467 2 2 20 20 1525 1600 1625
2468 2 2 20 20 1525 1625 1550
2469 2 2 20 20 1526 1601 1626
2470 2 2 20 20 1526 1626 1551
2471 2 2 20 20 1550 1625 1650
2472 2 2 20 20 1550 1650 1575
2473 2 2 20 20 1576 1651 1676
2474 2 2 20 20 1576 1676 1601
2475 2 2 20 20 1600 1675 1700
2476 2 2 20 20 1600 1700 1625
2477 2 2 20 20 1601 1676 1701
2478 2 2 20 20 1601 1701 1626
2479 2 2 20 20 1625 1700 1725
2480 2 2 20 20 1625 1725 1650
2481 2 2 20 20 1651 1726 1751
2482 2 2 20 20 1651 1751 1676
2483 2 2 20 20 1675 1750 1775
2484 2 2 20 20 1675 1775 1700
2485 2 2 20 20 1676 1751 1776
2486 2 2 20 20 1676 1776 1701
2487 2 2 20 20 1700 1775 1800
2488 2 2 20 20 1700 1800 1725
2489 2 2 20 20 1726 1801 1826
2490 2 2 20 20 1726 1826 1751
2491 2 2 20 20 1750 1825 1850
2492 2 2 20 20 1750 1850 1775
2493 2 2 20 20 1751 1826 1851
2494 2 2 20 20 1751 1851 1776
2495 2 2 20 20 1775 1850 1875
2496 2 2 20 20 1775 1875 1800
2497 3 2 10 10 1 26 27 2
2498 3 2 20 20 1 26 27 2
2499 3 2 11 11 1801 1826 1827 1802
2500 3 2 20 20 1801 1826 1827 1802
2501 3 2 10 10 2 27 28 3
2502 3 2 20 20 2 27 28 3
2503 3 2 11 11 1802 1827 1828 1803
2504 3 2 20 20 1802 1827 1828 1803
2505 3 2 10 10 3 28 29 4
2506 3 2 20 20 3 28 29 4
2507 3 2 11 11 1803 1828 1829 1804
2508 3 2 20 20 1803 1828 1829 1804
2509 3 2 10 10 4 29 30 5
2510 3 2 20 20 4 29 30 5
2511 3 2 11 11 1804 1829 1830 1805
2512 3 2 20 20 1804 1829 1830 1805
2513 3 2 10 10 5 30 31 6
2514 3 2 20 20 5 30 31 6
2515 3 2 11 11 1805 1830 1831 1806
2516 3 2 20 20 1805 1830 1831 1806
2517 3 2 10 10 6 31 32 7
2518 3 2 20 20 6 31 32 7
2519 3 2 11 11 1806 1831 1832 1807
2520 3 2 20 20 1806 1831 1832 1807
2521 3 2 10 10 7 32 33 8
2522 3 2 20 20 7 32 33 8
2523 3 2 11 11 1807 1832 1833 1808
2524 3 2 20 20 1807 1832 1833 1808
2525 3 2 10 10 8 33 34 9
2526 3 2 20 20 8 33 34 9
2527 3 2 11 11 1808 1833 1834 1809
2528 3 2 20 20 1808 1833 1834 1809
2529 3 2 10 10 9 34 35 10
2530 3 2 20 20 9 34 35 10
2531 3 2 11 11 1809 1834 1835 1810
2532 3 2 20 20 1809 1834 1835 1810
2533 3 2 10 10 10 35 36 11
2534 3 2 20 20 10 35 36 11
2535 3 2 11 11 1810 1835 1836 1811
2536 3 2 20 20 1810 1835 1836 1811
2537 3 2 10 10 11 36 37 12
2538 3 2 20 20 11 36 37 12
2539 3 2 11 11 1811 1836 1837 1812
2540 3 2 20 20 1811 1836 1837 1812
2541 3 2 10 10 12 37 38 13
2542 3 2 20 20 12 37 38 13
2543 3 2 11 11 1812 1837 1838 1813
2544 3 2 20 20 1812 1837 1838 1813
2545 3 2 10 10 13 38 39 14
2546 3 2 20 20 13 38 39 14
2547 3 2 11 11 1813 1838 1839 1814
2548 3 2 20 20 1813 1838 1839 1814
2549 3 2 10 10 14 39 40 15
2550 3 2 20 20 14 39 40 15
2551 3 2 11 11 1814 1839 1840 1815
2552 3 2 20 20 1814 1839 1840 1815
2553 3 2 10 10 15 40 41 16
2554 3 2 20 20 15 40 41 16
2555 3 2 11 11 1815 1840 1841 1816
2556 3 2 20 20 1815 1840 1841 1816
2557 3 2 10 10 16 41 42 17
2558 3 2 20 20 16 41 42 17
2559 3 2 11 11 1816 1841 1842 1817
2560 3 2 20 20 1816 1841 1842 1817
2561 3 2 10 10 17 42 43 18
2562 3 2 20 20 17 42 43 18
2563 3 2 11 11 1817 1842 1843 1818
2564 3 2 20 20 1817 1842 1843 1818
2565 3 2 10 10 18 43 44 19
2566 3 2 20 20 18 43 44 19
2567 3 2 11 11 1818 1843 1844 1819
2568 3 2 20 20 1818 1843 1844 1819
2569 3 2 10 10 19 44 45 20
2570 3 2 20 20 19 44 45 20
2571 3 2 11 11 1819 1844 1845 1820
2572 3 2 20 20 1819 1844 1845 1820
2573 3 2 10 10 20 45 46 21
2574 3 2 20 20 20 45 46 21
2575 3 2 11 11 1820 1845 1846 1821
2576 3 2 20 20 1820 1845 1846 1821
2577 3 2 10 10 21 46 47 22
2578 3 2 20 20 21 46 47 22
2579 3 2 11 11 1821 1846 1847 1822
2580 3 2 20 20 1821 1846 1847 1822
2581 3 2 10 10 22 47 48 23
2582 3 2 20 20 22 47 48 23
2583 3 2 11 11 1822 1847 1848 1823
2584 3 2 20 20 1822 1847 1848 1823
2585 3 2 10 10 23 48 49 24
2586 3 2 20 20 23 48 49 24
2587 3 2 11 11 1823 1848 1849 1824
2588 3 2 20 20 1823 1848 1849 1824
2589 3 2 10 10 24 49 50 25
2590 3 2 20 20 24 49 50 25
2591 3 2 11 11 1824 1849 1850 1825
2592 3 2 20 20 1824 1849 1850 1825
2593 3 2 10 10 26 51 52 27
2594 3 2 20 20 26 51 52 27
2595 3 2 11 11 1826 1851 1852 1827
2596 3 2 20 20 1826 1851 1852 1827
2597 3 2 10 10 27 52 53 28
2598 3 2 20 20 27 52 53 28
2599 3 2 11 11 1827 1852 1853 1828
2600 3 2 20 20 1827 1852 1853 1828
2601 3 2 10 10 28 53 54 29
2602 3 2 20 20 28 53 54 29
2603 3 2 11 11 1828 1853 1854 1829
2604 3 2 20 20 1828 1853 1854 1829
2605 3 2 10 10 29 54 55 30
2606 3 2 20 20 29 54 55 30
2607 3 2 11 11 1829 1854 1855 1830
2608 3 2 20 20 1829 1854 1855 1830
2609 3 2 10 10 30 55 56 31
2610 3 2 20 20 30 55 56 31
2611 3 2 11 11 1830 1855 1856 1831
2612 3 2 20 20 1830 1855 1856 1831
2613 3 2 10 10 31 56 57 32
2614 3 2 20 20 31 56 57 32
2615 3 2 11 11 1831 1856 1857 1832
2616 3 2 20 20 1831 1856 1857 1832
2617 3 2 10 10 32 57 58 33
2618 3 2 20 20 32 57 58 33
2619 3 2 11 11 1832 1857 1858 1833
2620 3 2 20 20 1832 1857 1858 1833
2621 3 2 10 10 33 58 59 34
2622 3 2 20 20 33 58 59 34
2623 3 2 11 11 1833 1858 1859 1834
2624 3 2 20 20 1833 1858 1859 1834
2625 3 2 10 10 34 59 60 35
2626 3 2 20 20 34 59 60 35
2627 3 2 11 11 1834 1859 1860 1835
2628 3 2 20 20 1834 1859 1860 1835
2629 3 2 10 10 35 60 61 36
2630 3 2 20 20 35 60 61 36
2631 3 2 11 11 1835 1860 1861 1836
2632 3 2 20 20 1835 1860 1861 1836
2633 3 2 10 10 36 61 62 37
2634 3 2 20 20 36 61 62 37
2635 3 2 11 11 1836 1861 1862 1837
2636 3 2 20 20 1836 1861 1862 1837
2637 3 2 10 10 37 62 63 38
2638 3 2 20 20 37 62 63 38
2639 3 2 11 11 1837 1862 1863 1838
2640 3 2 20 20 1837 1862 1863 1838
2641 3 2 10 10 38 63 64 39
2642 3 2 20 20 38 63 64 39
2643 3 2 11 11 1838 1863 1864 1839
2644 3 2 20 20 1838 1863 1864 1839
2645 3 2 10 10 39 64 65 40
2646 3 2 20 20 39 64 65 40
2647 3 2 11 11 1839 1864 1865 1840
2648 3 2 20 20 1839 1864 1865 1840
2649 3 2 10 10 40 65 66 41
2650 3 2 20 20 40 65 66 41
2651 3 2 11 11 1840 1865 1866 1841
2652 3 2 20 20 1840 1865 1866 1841
2653 3 2 10 10 41 66 67 42
2654 3 2 20 20 41 66 67 42
2655 3 2 11 11 1841 1866 1867 1842
2656 3 2 20 20 1841 1866 1867 1842
2657 3 2 10 10 42 67 68 43
2658 3 2 20 20 42 67 68 43
2659 3 2 11 11 1842 1867 1868 1843
2660 3 2 20 20 1842 1867 1868 1843
2661 3 2 10 10 43 68 69 44
2662 3 2 20 20 43 68 69 44
2663 3 2 11 11 1843 1868 1869 1844
2664 3 2 20 20 1843 1868 1869 1844
2665 3 2 10 10 44 69 70 45
2666 3 2 20 20 44 69 70 45
2667 3 2 11 11 1844 1869 1870 1845
2668 3 2 20 20 1844 1869 1870 1845
2669 3 2 10 10 45 70 71 46
2670 3 2 20 20 45 70 71 46
2671 3 2 11 11 1845 1870 1871 1846
2672 3 2 20 20 1845 1870 1871 1846
2673 3 2 10 10 46 71 72 47
2674 3 2 20 20 46 71 72 47
2675 3 2 11 11 1846 1871 1872 1847
2676 3 2 20 20 1846 1871 1872 1847
2677 3 2 10 10 47 72 73 48
2678 3 2 20 20 47 72 73 48
2679 3 2 11 11 1847 1872 1873 1848
2680 3 2 20 20 1847 1872 1873 1848
2681 3 2 10 10 48 73 74 49
2682 3 2 20 20 48 73 74 49
2683 3 2 11 11 1848 1873 1874 1849
2684 3 2 20 20 1848 1873 1874 1849
2685 3 2 10 10 49 74 75 50
2686 3 2 20 20 49 74 75 50
2687 3 2 11 11 1849 1874 1875 1850
2688 3 2 20 20 1849 1874 1875 1850
$EndElements
