$MeshFormat
2.2 0 8
$EndMeshFormat
$Nodes
1875
1 0 0 0
2 0 0 4.166666666666667e-05
3 0 0 8.333333333333333e-05
4 0 0 0.000125
5 0 0 0.0001666666666666667
6 0 0 0.0002083333333333333
7 0 0 0.00025
8 0 0 0.0002916666666666667
9 0 0 0.0003333333333333333
10 0 0 0.0003750000000000001
11 0 0 0.0004166666666666667
12 0 0 0.0004583333333333333
13 0 0 0.0005
14 0 0 0.0005416666666666668
15 0 0 0.0005833333333333334
16 0 0 0.000625
17 0 0 0.0006666666666666666
18 0 0 0.0007083333333333334
19 0 0 0.0007500000000000001
20 0 0 0.0007916666666666666
21 0 0 0.0008333333333333334
22 0 0 0.000875
23 0 0 0.0009166666666666666
24 0 0 0.0009583333333333333
25 0 0 0.001
26 0 0.000125 0
27 0 0.000125 4.166666666666667e-05
28 0 0.000125 8.333333333333333e-05
29 0 0.000125 0.000125
30 0 0.000125 0.0001666666666666667
31 0 0.000125 0.0002083333333333333
32 0 0.000125 0.00025
33 0 0.000125 0.0002916666666666667
34 0 0.000125 0.0003333333333333333
35 0 0.000125 0.0003750000000000001
36 0 0.000125 0.0004166666666666667
37 0 0.000125 0.0004583333333333333
38 0 0.000125 0.0005
39 0 0.000125 0.0005416666666666668
40 0 0.000125 0.0005833333333333334
41 0 0.000125 0.000625
42 0 0.000125 0.0006666666666666666
43 0 0.000125 0.0007083333333333334
44 0 0.000125 0.0007500000000000001
45 0 0.000125 0.0007916666666666666
46 0 0.000125 0.0008333333333333334
47 0 0.000125 0.000875
48 0 0.000125 0.0009166666666666666
49 0 0.000125 0.0009583333333333333
50 0 0.000125 0.001
51 0 0.00025 0
52 0 0.00025 4.166666666666667e-05
53 0 0.00025 8.333333333333333e-05
54 0 0.00025 0.000125
55 0 0.00025 0.0001666666666666667
56 0 0.00025 0.0002083333333333333
57 0 0.00025 0.00025
58 0 0.00025 0.0002916666666666667
59 0 0.00025 0.0003333333333333333
60 0 0.00025 0.0003750000000000001
61 0 0.00025 0.0004166666666666667
62 0 0.00025 0.0004583333333333333
63 0 0.00025 0.0005
64 0 0.00025 0.0005416666666666668
65 0 0.00025 0.0005833333333333334
66 0 0.00025 0.000625
67 0 0.00025 0.0006666666666666666
68 0 0.00025 0.0007083333333333334
69 0 0.00025 0.0007500000000000001
70 0 0.00025 0.0007916666666666666
71 0 0.00025 0.0008333333333333334
72 0 0.00025 0.000875
73 0 0.00025 0.0009166666666666666
74 0 0.00025 0.0009583333333333333
75 0 0.00025 0.001
76 8.333333333333333e-05 0 0
77 8.333333333333333e-05 0 4.166666666666667e-05
78 8.333333333333333e-05 0 8.333333333333333e-05
79 8.333333333333333e-05 0 0.000125
80 8.333333333333333e-05 0 0.0001666666666666667
81 8.333333333333333e-05 0 0.0002083333333333333
82 8.333333333333333e-05 0 0.00025
83 8.333333333333333e-05 0 0.0002916666666666667
84 8.333333333333333e-05 0 0.0003333333333333333
85 8.333333333333333e-05 0 0.0003750000000000001
86 8.333333333333333e-05 0 0.0004166666666666667
87 8.333333333333333e-05 0 0.0004583333333333333
88 8.333333333333333e-05 0 0.0005
89 8.333333333333333e-05 0 0.0005416666666666668
90 8.333333333333333e-05 0 0.0005833333333333334
91 8.333333333333333e-05 0 0.000625
92 8.333333333333333e-05 0 0.0006666666666666666
93 8.333333333333333e-05 0 0.0007083333333333334
94 8.333333333333333e-05 0 0.0007500000000000001
95 8.333333333333333e-05 0 0.0007916666666666666
96 8.333333333333333e-05 0 0.0008333333333333334
97 8.333333333333333e-05 0 0.000875
98 8.333333333333333e-05 0 0.0009166666666666666
99 8.333333333333333e-05 0 0.0009583333333333333
100 8.333333333333333e-05 0 0.001
101 8.333333333333333e-05 0.000125 0
102 8.333333333333333e-05 0.000125 4.166666666666667e-05
103 8.333333333333333e-05 0.000125 8.333333333333333e-05
104 8.333333333333333e-05 0.000125 0.000125
105 8.333333333333333e-05 0.000125 0.0001666666666666667
106 8.333333333333333e-05 0.000125 0.0002083333333333333
107 8.333333333333333e-05 0.000125 0.00025
108 8.333333333333333e-05 0.000125 0.0002916666666666667
109 8.333333333333333e-05 0.000125 0.0003333333333333333
110 8.333333333333333e-05 0.000125 0.0003750000000000001
111 8.333333333333333e-05 0.000125 0.0004166666666666667
112 8.333333333333333e-05 0.000125 0.0004583333333333333
113 8.333333333333333e-05 0.000125 0.0005
114 8.333333333333333e-05 0.000125 0.0005416666666666668
115 8.333333333333333e-05 0.000125 0.0005833333333333334
116 8.333333333333333e-05 0.000125 0.000625
117 8.333333333333333e-05 0.000125 0.0006666666666666666
118 8.333333333333333e-05 0.000125 0.0007083333333333334
119 8.333333333333333e-05 0.000125 0.0007500000000000001
120 8.333333333333333e-05 0.000125 0.0007916666666666666
121 8.333333333333333e-05 0.000125 0.0008333333333333334
122 8.333333333333333e-05 0.000125 0.000875
123 8.333333333333333e-05 0.000125 0.0009166666666666666
124 8.333333333333333e-05 0.000125 0.0009583333333333333
125 8.333333333333333e-05 0.000125 0.001
126 8.333333333333333e-05 0.00025 0
127 8.333333333333333e-05 0.00025 4.166666666666667e-05
128 8.333333333333333e-05 0.00025 8.333333333333333e-05
129 8.333333333333333e-05 0.00025 0.000125
130 8.333333333333333e-05 0.00025 0.0001666666666666667
131 8.333333333333333e-05 0.00025 0.0002083333333333333
132 8.333333333333333e-05 0.00025 0.00025
133 8.333333333333333e-05 0.00025 0.0002916666666666667
134 8.333333333333333e-05 0.00025 0.0003333333333333333
135 8.333333333333333e-05 0.00025 0.0003750000000000001
136 8.333333333333333e-05 0.00025 0.0004166666666666667
137 8.333333333333333e-05 0.00025 0.0004583333333333333
138 8.333333333333333e-05 0.00025 0.0005
139 8.333333333333333e-05 0.00025 0.0005416666666666668
140 8.333333333333333e-05 0.00025 0.0005833333333333334
141 8.333333333333333e-05 0.00025 0.000625
142 8.333333333333333e-05 0.00025 0.0006666666666666666
143 8.333333333333333e-05 0.00025 0.0007083333333333334
144 8.333333333333333e-05 0.00025 0.0007500000000000001
145 8.333333333333333e-05 0.00025 0.0007916666666666666
146 8.333333333333333e-05 0.00025 0.0008333333333333334
147 8.333333333333333e-05 0.00025 0.000875
148 8.333333333333333e-05 0.00025 0.0009166666666666666
149 8.333333333333333e-05 0.00025 0.0009583333333333333
150 8.333333333333333e-05 0.00025 0.001
151 0.0001666666666666667 0 0
152 0.0001666666666666667 0 4.166666666666667e-05
153 0.0001666666666666667 0 8.333333333333333e-05
154 0.0001666666666666667 0 0.000125
155 0.0001666666666666667 0 0.0001666666666666667
156 0.0001666666666666667 0 0.0002083333333333333
157 0.0001666666666666667 0 0.00025
158 0.0001666666666666667 0 0.0002916666666666667
159 0.0001666666666666667 0 0.0003333333333333333
160 0.0001666666666666667 0 0.0003750000000000001
161 0.0001666666666666667 0 0.0004166666666666667
162 0.0001666666666666667 0 0.0004583333333333333
163 0.0001666666666666667 0 0.0005
164 0.0001666666666666667 0 0.0005416666666666668
165 0.0001666666666666667 0 0.0005833333333333334
166 0.0001666666666666667 0 0.000625
167 0.0001666666666666667 0 0.0006666666666666666
168 0.0001666666666666667 0 0.0007083333333333334
169 0.0001666666666666667 0 0.0007500000000000001
170 0.0001666666666666667 0 0.0007916666666666666
171 0.0001666666666666667 0 0.0008333333333333334
172 0.0001666666666666667 0 0.000875
173 0.0001666666666666667 0 0.0009166666666666666
174 0.0001666666666666667 0 0.0009583333333333333
175 0.0001666666666666667 0 0.001
176 0.0001666666666666667 0.000125 0
177 0.0001666666666666667 0.000125 4.166666666666667e-05
178 0.0001666666666666667 0.000125 8.333333333333333e-05
179 0.0001666666666666667 0.000125 0.000125
180 0.0001666666666666667 0.000125 0.0001666666666666667
181 0.0001666666666666667 0.000125 0.0002083333333333333
182 0.0001666666666666667 0.000125 0.00025
183 0.0001666666666666667 0.000125 0.0002916666666666667
184 0.0001666666666666667 0.000125 0.0003333333333333333
185 0.0001666666666666667 0.000125 0.0003750000000000001
186 0.0001666666666666667 0.000125 0.0004166666666666667
187 0.0001666666666666667 0.000125 0.0004583333333333333
188 0.0001666666666666667 0.000125 0.0005
189 0.0001666666666666667 0.000125 0.0005416666666666668
190 0.0001666666666666667 0.000125 0.0005833333333333334
191 0.0001666666666666667 0.000125 0.000625
192 0.0001666666666666667 0.000125 0.0006666666666666666
193 0.0001666666666666667 0.000125 0.0007083333333333334
194 0.0001666666666666667 0.000125 0.0007500000000000001
195 0.0001666666666666667 0.000125 0.0007916666666666666
196 0.0001666666666666667 0.000125 0.0008333333333333334
197 0.0001666666666666667 0.000125 0.000875
198 0.0001666666666666667 0.000125 0.0009166666666666666
199 0.0001666666666666667 0.000125 0.0009583333333333333
200 0.0001666666666666667 0.000125 0.001
201 0.0001666666666666667 0.00025 0
202 0.0001666666666666667 0.00025 4.166666666666667e-05
203 0.0001666666666666667 0.00025 8.333333333333333e-05
204 0.0001666666666666667 0.00025 0.000125
205 0.0001666666666666667 0.00025 0.0001666666666666667
206 0.0001666666666666667 0.00025 0.0002083333333333333
207 0.0001666666666666667 0.00025 0.00025
208 0.0001666666666666667 0.00025 0.0002916666666666667
209 0.0001666666666666667 0.00025 0.0003333333333333333
210 0.0001666666666666667 0.00025 0.0003750000000000001
211 0.0001666666666666667 0.00025 0.0004166666666666667
212 0.0001666666666666667 0.00025 0.0004583333333333333
213 0.0001666666666666667 0.00025 0.0005
214 0.0001666666666666667 0.00025 0.0005416666666666668
215 0.0001666666666666667 0.00025 0.0005833333333333334
216 0.0001666666666666667 0.00025 0.000625
217 0.0001666666666666667 0.00025 0.0006666666666666666
218 0.0001666666666666667 0.00025 0.0007083333333333334
219 0.0001666666666666667 0.00025 0.0007500000000000001
220 0.0001666666666666667 0.00025 0.0007916666666666666
221 0.0001666666666666667 0.00025 0.0008333333333333334
222 0.0001666666666666667 0.00025 0.000875
223 0.0001666666666666667 0.00025 0.0009166666666666666
224 0.0001666666666666667 0.00025 0.0009583333333333333
225 0.0001666666666666667 0.00025 0.001
226 0.00025 0 0
227 0.00025 0 4.166666666666667e-05
228 0.00025 0 8.333333333333333e-05
229 0.00025 0 0.000125
230 0.00025 0 0.0001666666666666667
231 0.00025 0 0.0002083333333333333
232 0.00025 0 0.00025
233 0.00025 0 0.0002916666666666667
234 0.00025 0 0.0003333333333333333
235 0.00025 0 0.0003750000000000001
236 0.00025 0 0.0004166666666666667
237 0.00025 0 0.0004583333333333333
238 0.00025 0 0.0005
239 0.00025 0 0.0005416666666666668
240 0.00025 0 0.0005833333333333334
241 0.00025 0 0.000625
242 0.00025 0 0.0006666666666666666
243 0.00025 0 0.0007083333333333334
244 0.00025 0 0.0007500000000000001
245 0.00025 0 0.0007916666666666666
246 0.00025 0 0.0008333333333333334
247 0.00025 0 0.000875
248 0.00025 0 0.0009166666666666666
249 0.00025 0 0.0009583333333333333
250 0.00025 0 0.001
251 0.00025 0.000125 0
252 0.00025 0.000125 4.166666666666667e-05
253 0.00025 0.000125 8.333333333333333e-05
254 0.00025 0.000125 0.000125
255 0.00025 0.000125 0.0001666666666666667
256 0.00025 0.000125 0.0002083333333333333
257 0.00025 0.000125 0.00025
258 0.00025 0.000125 0.0002916666666666667
259 0.00025 0.000125 0.0003333333333333333
260 0.00025 0.000125 0.0003750000000000001
261 0.00025 0.000125 0.0004166666666666667
262 0.00025 0.000125 0.0004583333333333333
263 0.00025 0.000125 0.0005
264 0.00025 0.000125 0.0005416666666666668
265 0.00025 0.000125 0.0005833333333333334
266 0.00025 0.000125 0.000625
267 0.00025 0.000125 0.0006666666666666666
268 0.00025 0.000125 0.0007083333333333334
269 0.00025 0.000125 0.0007500000000000001
270 0.00025 0.000125 0.0007916666666666666
271 0.00025 0.000125 0.0008333333333333334
272 0.00025 0.000125 0.000875
273 0.00025 0.000125 0.0009166666666666666
274 0.00025 0.000125 0.0009583333333333333
275 0.00025 0.000125 0.001
276 0.00025 0.00025 0
277 0.00025 0.00025 4.166666666666667e-05
278 0.00025 0.00025 8.333333333333333e-05
279 0.00025 0.00025 0.000125
280 0.00025 0.00025 0.0001666666666666667
281 0.00025 0.00025 0.0002083333333333333
282 0.00025 0.00025 0.00025
283 0.00025 0.00025 0.0002916666666666667
284 0.00025 0.00025 0.0003333333333333333
285 0.00025 0.00025 0.0003750000000000001
286 0.00025 0.00025 0.0004166666666666667
287 0.00025 0.00025 0.0004583333333333333
288 0.00025 0.00025 0.0005
289 0.00025 0.00025 0.0005416666666666668
290 0.00025 0.00025 0.0005833333333333334
291 0.00025 0.00025 0.000625
292 0.00025 0.00025 0.0006666666666666666
293 0.00025 0.00025 0.0007083333333333334
294 0.00025 0.00025 0.0007500000000000001
295 0.00025 0.00025 0.0007916666666666666
296 0.00025 0.00025 0.0008333333333333334
297 0.00025 0.00025 0.000875
298 0.00025 0.00025 0.0009166666666666666
299 0.00025 0.00025 0.0009583333333333333
300 0.00025 0.00025 0.001
301 0.0003333333333333333 0 0
302 0.0003333333333333333 0 4.166666666666667e-05
303 0.0003333333333333333 0 8.333333333333333e-05
304 0.0003333333333333333 0 0.000125
305 0.0003333333333333333 0 0.0001666666666666667
306 0.0003333333333333333 0 0.0002083333333333333
307 0.0003333333333333333 0 0.00025
308 0.0003333333333333333 0 0.0002916666666666667
309 0.0003333333333333333 0 0.0003333333333333333
310 0.0003333333333333333 0 0.0003750000000000001
311 0.0003333333333333333 0 0.0004166666666666667
312 0.0003333333333333333 0 0.0004583333333333333
313 0.0003333333333333333 0 0.0005
314 0.0003333333333333333 0 0.0005416666666666668
315 0.0003333333333333333 0 0.0005833333333333334
316 0.0003333333333333333 0 0.000625
317 0.0003333333333333333 0 0.0006666666666666666
318 0.0003333333333333333 0 0.0007083333333333334
319 0.0003333333333333333 0 0.0007500000000000001
320 0.0003333333333333333 0 0.0007916666666666666
321 0.0003333333333333333 0 0.0008333333333333334
322 0.0003333333333333333 0 0.000875
323 0.0003333333333333333 0 0.0009166666666666666
324 0.0003333333333333333 0 0.0009583333333333333
325 0.0003333333333333333 0 0.001
326 0.0003333333333333333 0.000125 0
327 0.0003333333333333333 0.000125 4.166666666666667e-05
328 0.0003333333333333333 0.000125 8.333333333333333e-05
329 0.0003333333333333333 0.000125 0.000125
330 0.0003333333333333333 0.000125 0.0001666666666666667
331 0.0003333333333333333 0.000125 0.0002083333333333333
332 0.0003333333333333333 0.000125 0.00025
333 0.0003333333333333333 0.000125 0.0002916666666666667
334 0.0003333333333333333 0.000125 0.0003333333333333333
335 0.0003333333333333333 0.000125 0.0003750000000000001
336 0.0003333333333333333 0.000125 0.0004166666666666667
337 0.0003333333333333333 0.000125 0.0004583333333333333
338 0.0003333333333333333 0.000125 0.0005
339 0.0003333333333333333 0.000125 0.0005416666666666668
340 0.0003333333333333333 0.000125 0.0005833333333333334
341 0.0003333333333333333 0.000125 0.000625
342 0.0003333333333333333 0.000125 0.0006666666666666666
343 0.0003333333333333333 0.000125 0.0007083333333333334
344 0.0003333333333333333 0.000125 0.0007500000000000001
345 0.0003333333333333333 0.000125 0.0007916666666666666
346 0.0003333333333333333 0.000125 0.0008333333333333334
347 0.0003333333333333333 0.000125 0.000875
348 0.0003333333333333333 0.000125 0.0009166666666666666
349 0.0003333333333333333 0.000125 0.0009583333333333333
350 0.0003333333333333333 0.000125 0.001
351 0.0003333333333333333 0.00025 0
352 0.0003333333333333333 0.00025 4.166666666666667e-05
353 0.0003333333333333333 0.00025 8.333333333333333e-05
354 0.0003333333333333333 0.00025 0.000125
355 0.0003333333333333333 0.00025 0.0001666666666666667
356 0.0003333333333333333 0.00025 0.0002083333333333333
357 0.0003333333333333333 0.00025 0.00025
358 0.0003333333333333333 0.00025 0.0002916666666666667
359 0.0003333333333333333 0.00025 0.0003333333333333333
360 0.0003333333333333333 0.00025 0.0003750000000000001
361 0.0003333333333333333 0.00025 0.0004166666666666667
362 0.0003333333333333333 0.00025 0.0004583333333333333
363 0.0003333333333333333 0.00025 0.0005
364 0.0003333333333333333 0.00025 0.0005416666666666668
365 0.0003333333333333333 0.00025 0.0005833333333333334
366 0.0003333333333333333 0.00025 0.000625
367 0.0003333333333333333 0.00025 0.0006666666666666666
368 0.0003333333333333333 0.00025 0.0007083333333333334
369 0.0003333333333333333 0.00025 0.0007500000000000001
370 0.0003333333333333333 0.00025 0.0007916666666666666
371 0.0003333333333333333 0.00025 0.0008333333333333334
372 0.0003333333333333333 0.00025 0.000875
373 0.0003333333333333333 0.00025 0.0009166666666666666
374 0.0003333333333333333 0.00025 0.0009583333333333333
375 0.0003333333333333333 0.00025 0.001
376 0.0004166666666666667 0 0
377 0.0004166666666666667 0 4.166666666666667e-05
378 0.0004166666666666667 0 8.333333333333333e-05
379 0.0004166666666666667 0 0.000125
380 0.0004166666666666667 0 0.0001666666666666667
381 0.0004166666666666667 0 0.0002083333333333333
382 0.0004166666666666667 0 0.00025
383 0.0004166666666666667 0 0.0002916666666666667
384 0.0004166666666666667 0 0.0003333333333333333
385 0.0004166666666666667 0 0.0003750000000000001
386 0.0004166666666666667 0 0.0004166666666666667
387 0.0004166666666666667 0 0.0004583333333333333
388 0.0004166666666666667 0 0.0005
389 0.0004166666666666667 0 0.0005416666666666668
390 0.0004166666666666667 0 0.0005833333333333334
391 0.0004166666666666667 0 0.000625
392 0.0004166666666666667 0 0.0006666666666666666
393 0.0004166666666666667 0 0.0007083333333333334
394 0.0004166666666666667 0 0.0007500000000000001
395 0.0004166666666666667 0 0.0007916666666666666
396 0.0004166666666666667 0 0.0008333333333333334
397 0.0004166666666666667 0 0.000875
398 0.0004166666666666667 0 0.0009166666666666666
399 0.0004166666666666667 0 0.0009583333333333333
400 0.0004166666666666667 0 0.001
401 0.0004166666666666667 0.000125 0
402 0.0004166666666666667 0.000125 4.166666666666667e-05
403 0.0004166666666666667 0.000125 8.333333333333333e-05
404 0.0004166666666666667 0.000125 0.000125
405 0.0004166666666666667 0.000125 0.0001666666666666667
406 0.0004166666666666667 0.000125 0.0002083333333333333
407 0.0004166666666666667 0.000125 0.00025
408 0.0004166666666666667 0.000125 0.0002916666666666667
409 0.0004166666666666667 0.000125 0.0003333333333333333
410 0.0004166666666666667 0.000125 0.0003750000000000001
411 0.0004166666666666667 0.000125 0.0004166666666666667
412 0.0004166666666666667 0.000125 0.0004583333333333333
413 0.0004166666666666667 0.000125 0.0005
414 0.0004166666666666667 0.000125 0.0005416666666666668
415 0.0004166666666666667 0.000125 0.0005833333333333334
416 0.0004166666666666667 0.000125 0.000625
417 0.0004166666666666667 0.000125 0.0006666666666666666
418 0.0004166666666666667 0.000125 0.0007083333333333334
419 0.0004166666666666667 0.000125 0.0007500000000000001
420 0.0004166666666666667 0.000125 0.0007916666666666666
421 0.0004166666666666667 0.000125 0.0008333333333333334
422 0.0004166666666666667 0.000125 0.000875
423 0.0004166666666666667 0.000125 0.0009166666666666666
424 0.0004166666666666667 0.000125 0.0009583333333333333
425 0.0004166666666666667 0.000125 0.001
426 0.0004166666666666667 0.00025 0
427 0.0004166666666666667 0.00025 4.166666666666667e-05
428 0.0004166666666666667 0.00025 8.333333333333333e-05
429 0.0004166666666666667 0.00025 0.000125
430 0.0004166666666666667 0.00025 0.0001666666666666667
431 0.0004166666666666667 0.00025 0.0002083333333333333
432 0.0004166666666666667 0.00025 0.00025
433 0.0004166666666666667 0.00025 0.0002916666666666667
434 0.0004166666666666667 0.00025 0.0003333333333333333
435 0.0004166666666666667 0.00025 0.0003750000000000001
436 0.0004166666666666667 0.00025 0.0004166666666666667
437 0.0004166666666666667 0.00025 0.0004583333333333333
438 0.0004166666666666667 0.00025 0.0005
439 0.0004166666666666667 0.00025 0.0005416666666666668
440 0.0004166666666666667 0.00025 0.0005833333333333334
441 0.0004166666666666667 0.00025 0.000625
442 0.0004166666666666667 0.00025 0.0006666666666666666
443 0.0004166666666666667 0.00025 0.0007083333333333334
444 0.0004166666666666667 0.00025 0.0007500000000000001
445 0.0004166666666666667 0.00025 0.0007916666666666666
446 0.0004166666666666667 0.00025 0.0008333333333333334
447 0.0004166666666666667 0.00025 0.000875
448 0.0004166666666666667 0.00025 0.0009166666666666666
449 0.0004166666666666667 0.00025 0.0009583333333333333
450 0.0004166666666666667 0.00025 0.001
451 0.0005 0 0
452 0.0005 0 4.166666666666667e-05
453 0.0005 0 8.333333333333333e-05
454 0.0005 0 0.000125
455 0.0005 0 0.0001666666666666667
456 0.0005 0 0.0002083333333333333
457 0.0005 0 0.00025
458 0.0005 0 0.0002916666666666667
459 0.0005 0 0.0003333333333333333
460 0.0005 0 0.0003750000000000001
461 0.0005 0 0.0004166666666666667
462 0.0005 0 0.0004583333333333333
463 0.0005 0 0.0005
464 0.0005 0 0.0005416666666666668
465 0.0005 0 0.0005833333333333334
466 0.0005 0 0.000625
467 0.0005 0 0.0006666666666666666
468 0.0005 0 0.0007083333333333334
469 0.0005 0 0.0007500000000000001
470 0.0005 0 0.0007916666666666666
471 0.0005 0 0.0008333333333333334
472 0.0005 0 0.000875
473 0.0005 0 0.0009166666666666666
474 0.0005 0 0.0009583333333333333
475 0.0005 0 0.001
476 0.0005 0.000125 0
477 0.0005 0.000125 4.166666666666667e-05
478 0.0005 0.000125 8.333333333333333e-05
479 0.0005 0.000125 0.000125
480 0.0005 0.000125 0.0001666666666666667
481 0.0005 0.000125 0.0002083333333333333
482 0.0005 0.000125 0.00025
483 0.0005 0.000125 0.0002916666666666667
484 0.0005 0.000125 0.0003333333333333333
485 0.0005 0.000125 0.0003750000000000001
486 0.0005 0.000125 0.0004166666666666667
487 0.0005 0.000125 0.0004583333333333333
488 0.0005 0.000125 0.0005
489 0.0005 0.000125 0.0005416666666666668
490 0.0005 0.000125 0.0005833333333333334
491 0.0005 0.000125 0.000625
492 0.0005 0.000125 0.0006666666666666666
493 0.0005 0.000125 0.0007083333333333334
494 0.0005 0.000125 0.0007500000000000001
495 0.0005 0.000125 0.0007916666666666666
496 0.0005 0.000125 0.0008333333333333334
497 0.0005 0.000125 0.000875
498 0.0005 0.000125 0.0009166666666666666
499 0.0005 0.000125 0.0009583333333333333
500 0.0005 0.000125 0.001
501 0.0005 0.00025 0
502 0.0005 0.00025 4.166666666666667e-05
503 0.0005 0.00025 8.333333333333333e-05
504 0.0005 0.00025 0.000125
505 0.0005 0.00025 0.0001666666666666667
506 0.0005 0.00025 0.0002083333333333333
507 0.0005 0.00025 0.00025
508 0.0005 0.00025 0.0002916666666666667
509 0.0005 0.00025 0.0003333333333333333
510 0.0005 0.00025 0.0003750000000000001
511 0.0005 0.00025 0.0004166666666666667
512 0.0005 0.00025 0.0004583333333333333
513 0.0005 0.00025 0.0005
514 0.0005 0.00025 0.0005416666666666668
515 0.0005 0.00025 0.0005833333333333334
516 0.0005 0.00025 0.000625
517 0.0005 0.00025 0.0006666666666666666
518 0.0005 0.00025 0.0007083333333333334
519 0.0005 0.00025 0.0007500000000000001
520 0.0005 0.00025 0.0007916666666666666
521 0.0005 0.00025 0.0008333333333333334
522 0.0005 0.00025 0.000875
523 0.0005 0.00025 0.0009166666666666666
524 0.0005 0.00025 0.0009583333333333333
525 0.0005 0.00025 0.001
526 0.0005833333333333334 0 0
527 0.0005833333333333334 0 4.166666666666667e-05
528 0.0005833333333333334 0 8.333333333333333e-05
529 0.0005833333333333334 0 0.000125
530 0.0005833333333333334 0 0.0001666666666666667
531 0.0005833333333333334 0 0.0002083333333333333
532 0.0005833333333333334 0 0.00025
533 0.0005833333333333334 0 0.0002916666666666667
534 0.0005833333333333334 0 0.0003333333333333333
535 0.0005833333333333334 0 0.0003750000000000001
536 0.0005833333333333334 0 0.0004166666666666667
537 0.0005833333333333334 0 0.0004583333333333333
538 0.0005833333333333334 0 0.0005
539 0.0005833333333333334 0 0.0005416666666666668
540 0.0005833333333333334 0 0.0005833333333333334
541 0.0005833333333333334 0 0.000625
542 0.0005833333333333334 0 0.0006666666666666666
543 0.0005833333333333334 0 0.0007083333333333334
544 0.0005833333333333334 0 0.0007500000000000001
545 0.0005833333333333334 0 0.0007916666666666666
546 0.0005833333333333334 0 0.0008333333333333334
547 0.0005833333333333334 0 0.000875
548 0.0005833333333333334 0 0.0009166666666666666
549 0.0005833333333333334 0 0.0009583333333333333
550 0.0005833333333333334 0 0.001
551 0.0005833333333333334 0.000125 0
552 0.0005833333333333334 0.000125 4.166666666666667e-05
553 0.0005833333333333334 0.000125 8.333333333333333e-05
554 0.0005833333333333334 0.000125 0.000125
555 0.0005833333333333334 0.000125 0.0001666666666666667
556 0.0005833333333333334 0.000125 0.0002083333333333333
557 0.0005833333333333334 0.000125 0.00025
558 0.0005833333333333334 0.000125 0.0002916666666666667
559 0.0005833333333333334 0.000125 0.0003333333333333333
560 0.0005833333333333334 0.000125 0.0003750000000000001
561 0.0005833333333333334 0.000125 0.0004166666666666667
562 0.0005833333333333334 0.000125 0.0004583333333333333
563 0.0005833333333333334 0.000125 0.0005
564 0.0005833333333333334 0.000125 0.0005416666666666668
565 0.0005833333333333334 0.000125 0.0005833333333333334
566 0.0005833333333333334 0.000125 0.000625
567 0.0005833333333333334 0.000125 0.0006666666666666666
568 0.0005833333333333334 0.000125 0.0007083333333333334
569 0.0005833333333333334 0.000125 0.0007500000000000001
570 0.0005833333333333334 0.000125 0.0007916666666666666
571 0.0005833333333333334 0.000125 0.0008333333333333334
572 0.0005833333333333334 0.000125 0.000875
573 0.0005833333333333334 0.000125 0.0009166666666666666
574 0.0005833333333333334 0.000125 0.0009583333333333333
575 0.0005833333333333334 0.000125 0.001
576 0.0005833333333333334 0.00025 0
577 0.0005833333333333334 0.00025 4.166666666666667e-05
578 0.0005833333333333334 0.00025 8.333333333333333e-05
579 0.0005833333333333334 0.00025 0.000125
580 0.0005833333333333334 0.00025 0.0001666666666666667
581 0.0005833333333333334 0.00025 0.0002083333333333333
582 0.0005833333333333334 0.00025 0.00025
583 0.0005833333333333334 0.00025 0.0002916666666666667
584 0.0005833333333333334 0.00025 0.0003333333333333333
585 0.0005833333333333334 0.00025 0.0003750000000000001
586 0.0005833333333333334 0.00025 0.0004166666666666667
587 0.0005833333333333334 0.00025 0.0004583333333333333
588 0.0005833333333333334 0.00025 0.0005
589 0.0005833333333333334 0.00025 0.0005416666666666668
590 0.0005833333333333334 0.00025 0.0005833333333333334
591 0.0005833333333333334 0.00025 0.000625
592 0.0005833333333333334 0.00025 0.0006666666666666666
593 0.0005833333333333334 0.00025 0.0007083333333333334
594 0.0005833333333333334 0.00025 0.0007500000000000001
595 0.0005833333333333334 0.00025 0.0007916666666666666
596 0.0005833333333333334 0.00025 0.0008333333333333334
597 0.0005833333333333334 0.00025 0.000875
598 0.0005833333333333334 0.00025 0.0009166666666666666
599 0.0005833333333333334 0.00025 0.0009583333333333333
600 0.0005833333333333334 0.00025 0.001
601 0.0006666666666666666 0 0
602 0.0006666666666666666 0 4.166666666666667e-05
603 0.0006666666666666666 0 8.333333333333333e-05
604 0.0006666666666666666 0 0.000125
605 0.0006666666666666666 0 0.0001666666666666667
606 0.0006666666666666666 0 0.0002083333333333333
607 0.0006666666666666666 0 0.00025
608 0.0006666666666666666 0 0.0002916666666666667
609 0.0006666666666666666 0 0.0003333333333333333
610 0.0006666666666666666 0 0.0003750000000000001
611 0.0006666666666666666 0 0.0004166666666666667
612 0.0006666666666666666 0 0.0004583333333333333
613 0.0006666666666666666 0 0.0005
614 0.0006666666666666666 0 0.0005416666666666668
615 0.0006666666666666666 0 0.0005833333333333334
616 0.0006666666666666666 0 0.000625
617 0.0006666666666666666 0 0.0006666666666666666
618 0.0006666666666666666 0 0.0007083333333333334
619 0.0006666666666666666 0 0.0007500000000000001
620 0.0006666666666666666 0 0.0007916666666666666
621 0.0006666666666666666 0 0.0008333333333333334
622 0.0006666666666666666 0 0.000875
623 0.0006666666666666666 0 0.0009166666666666666
624 0.0006666666666666666 0 0.0009583333333333333
625 0.0006666666666666666 0 0.001
626 0.0006666666666666666 0.000125 0
627 0.0006666666666666666 0.000125 4.166666666666667e-05
628 0.0006666666666666666 0.000125 8.333333333333333e-05
629 0.0006666666666666666 0.000125 0.000125
630 0.0006666666666666666 0.000125 0.0001666666666666667
631 0.0006666666666666666 0.000125 0.0002083333333333333
632 0.0006666666666666666 0.000125 0.00025
633 0.0006666666666666666 0.000125 0.0002916666666666667
634 0.0006666666666666666 0.000125 0.0003333333333333333
635 0.0006666666666666666 0.000125 0.0003750000000000001
636 0.0006666666666666666 0.000125 0.0004166666666666667
637 0.0006666666666666666 0.000125 0.0004583333333333333
638 0.0006666666666666666 0.000125 0.0005
639 0.0006666666666666666 0.000125 0.0005416666666666668
640 0.0006666666666666666 0.000125 0.0005833333333333334
641 0.0006666666666666666 0.000125 0.000625
642 0.0006666666666666666 0.000125 0.0006666666666666666
643 0.0006666666666666666 0.000125 0.0007083333333333334
644 0.0006666666666666666 0.000125 0.0007500000000000001
645 0.0006666666666666666 0.000125 0.0007916666666666666
646 0.0006666666666666666 0.000125 0.0008333333333333334
647 0.0006666666666666666 0.000125 0.000875
648 0.0006666666666666666 0.000125 0.0009166666666666666
649 0.0006666666666666666 0.000125 0.0009583333333333333
650 0.0006666666666666666 0.000125 0.001
651 0.0006666666666666666 0.00025 0
652 0.0006666666666666666 0.00025 4.166666666666667e-05
653 0.0006666666666666666 0.00025 8.333333333333333e-05
654 0.0006666666666666666 0.00025 0.000125
655 0.0006666666666666666 0.00025 0.0001666666666666667
656 0.0006666666666666666 0.00025 0.0002083333333333333
657 0.0006666666666666666 0.00025 0.00025
658 0.0006666666666666666 0.00025 0.0002916666666666667
659 0.0006666666666666666 0.00025 0.0003333333333333333
660 0.0006666666666666666 0.00025 0.0003750000000000001
661 0.0006666666666666666 0.00025 0.0004166666666666667
662 0.0006666666666666666 0.00025 0.0004583333333333333
663 0.0006666666666666666 0.00025 0.0005
664 0.0006666666666666666 0.00025 0.0005416666666666668
665 0.0006666666666666666 0.00025 0.0005833333333333334
666 0.0006666666666666666 0.00025 0.000625
667 0.0006666666666666666 0.00025 0.0006666666666666666
668 0.0006666666666666666 0.00025 0.0007083333333333334
669 0.0006666666666666666 0.00025 0.0007500000000000001
670 0.0006666666666666666 0.00025 0.0007916666666666666
671 0.0006666666666666666 0.00025 0.0008333333333333334
672 0.0006666666666666666 0.00025 0.000875
673 0.0006666666666666666 0.00025 0.0009166666666666666
674 0.0006666666666666666 0.00025 0.0009583333333333333
675 0.0006666666666666666 0.00025 0.001
676 0.0007500000000000001 0 0
677 0.0007500000000000001 0 4.166666666666667e-05
678 0.0007500000000000001 0 8.333333333333333e-05
679 0.0007500000000000001 0 0.000125
680 0.0007500000000000001 0 0.0001666666666666667
681 0.0007500000000000001 0 0.0002083333333333333
682 0.0007500000000000001 0 0.00025
683 0.0007500000000000001 0 0.0002916666666666667
684 0.0007500000000000001 0 0.0003333333333333333
685 0.0007500000000000001 0 0.0003750000000000001
686 0.0007500000000000001 0 0.0004166666666666667
687 0.0007500000000000001 0 0.0004583333333333333
688 0.0007500000000000001 0 0.0005
689 0.0007500000000000001 0 0.0005416666666666668
690 0.0007500000000000001 0 0.0005833333333333334
691 0.0007500000000000001 0 0.000625
692 0.0007500000000000001 0 0.0006666666666666666
693 0.0007500000000000001 0 0.0007083333333333334
694 0.0007500000000000001 0 0.0007500000000000001
695 0.0007500000000000001 0 0.0007916666666666666
696 0.0007500000000000001 0 0.0008333333333333334
697 0.0007500000000000001 0 0.000875
698 0.0007500000000000001 0 0.0009166666666666666
699 0.0007500000000000001 0 0.0009583333333333333
700 0.0007500000000000001 0 0.001
701 0.0007500000000000001 0.000125 0
702 0.0007500000000000001 0.000125 4.166666666666667e-05
703 0.0007500000000000001 0.000125 8.333333333333333e-05
704 0.0007500000000000001 0.000125 0.000125
705 0.0007500000000000001 0.000125 0.0001666666666666667
706 0.0007500000000000001 0.000125 0.0002083333333333333
707 0.0007500000000000001 0.000125 0.00025
708 0.0007500000000000001 0.000125 0.0002916666666666667
709 0.0007500000000000001 0.000125 0.0003333333333333333
710 0.0007500000000000001 0.000125 0.0003750000000000001
711 0.0007500000000000001 0.000125 0.0004166666666666667
712 0.0007500000000000001 0.000125 0.0004583333333333333
713 0.0007500000000000001 0.000125 0.0005
714 0.0007500000000000001 0.000125 0.0005416666666666668
715 0.0007500000000000001 0.000125 0.0005833333333333334
716 0.0007500000000000001 0.000125 0.000625
717 0.0007500000000000001 0.000125 0.0006666666666666666
718 0.0007500000000000001 0.000125 0.0007083333333333334
719 0.0007500000000000001 0.000125 0.0007500000000000001
720 0.0007500000000000001 0.000125 0.0007916666666666666
721 0.0007500000000000001 0.000125 0.0008333333333333334
722 0.0007500000000000001 0.000125 0.000875
723 0.0007500000000000001 0.000125 0.0009166666666666666
724 0.0007500000000000001 0.000125 0.0009583333333333333
725 0.0007500000000000001 0.000125 0.001
726 0.0007500000000000001 0.00025 0
727 0.0007500000000000001 0.00025 4.166666666666667e-05
728 0.0007500000000000001 0.00025 8.333333333333333e-05
729 0.0007500000000000001 0.00025 0.000125
730 0.0007500000000000001 0.00025 0.0001666666666666667
731 0.0007500000000000001 0.00025 0.0002083333333333333
732 0.0007500000000000001 0.00025 0.00025
733 0.0007500000000000001 0.00025 0.0002916666666666667
734 0.0007500000000000001 0.00025 0.0003333333333333333
735 0.0007500000000000001 0.00025 0.0003750000000000001
736 0.0007500000000000001 0.00025 0.0004166666666666667
737 0.0007500000000000001 0.00025 0.0004583333333333333
738 0.0007500000000000001 0.00025 0.0005
739 0.0007500000000000001 0.00025 0.0005416666666666668
740 0.0007500000000000001 0.00025 0.0005833333333333334
741 0.0007500000000000001 0.00025 0.000625
742 0.0007500000000000001 0.00025 0.0006666666666666666
743 0.0007500000000000001 0.00025 0.0007083333333333334
744 0.0007500000000000001 0.00025 0.0007500000000000001
745 0.0007500000000000001 0.00025 0.0007916666666666666
746 0.0007500000000000001 0.00025 0.0008333333333333334
747 0.0007500000000000001 0.00025 0.000875
748 0.0007500000000000001 0.00025 0.0009166666666666666
749 0.0007500000000000001 0.00025 0.0009583333333333333
750 0.0007500000000000001 0.00025 0.001
751 0.0008333333333333334 0 0
752 0.0008333333333333334 0 4.166666666666667e-05
753 0.0008333333333333334 0 8.333333333333333e-05
754 0.0008333333333333334 0 0.000125
755 0.0008333333333333334 0 0.0001666666666666667
756 0.0008333333333333334 0 0.0002083333333333333
757 0.0008333333333333334 0 0.00025
758 0.0008333333333333334 0 0.0002916666666666667
759 0.0008333333333333334 0 0.0003333333333333333
760 0.0008333333333333334 0 0.0003750000000000001
761 0.0008333333333333334 0 0.0004166666666666667
762 0.0008333333333333334 0 0.0004583333333333333
763 0.0008333333333333334 0 0.0005
764 0.0008333333333333334 0 0.0005416666666666668
765 0.0008333333333333334 0 0.0005833333333333334
766 0.0008333333333333334 0 0.000625
767 0.0008333333333333334 0 0.0006666666666666666
768 0.0008333333333333334 0 0.0007083333333333334
769 0.0008333333333333334 0 0.0007500000000000001
770 0.0008333333333333334 0 0.0007916666666666666
771 0.0008333333333333334 0 0.0008333333333333334
772 0.0008333333333333334 0 0.000875
773 0.0008333333333333334 0 0.0009166666666666666
774 0.0008333333333333334 0 0.0009583333333333333
775 0.0008333333333333334 0 0.001
776 0.0008333333333333334 0.000125 0
777 0.0008333333333333334 0.000125 4.166666666666667e-05
778 0.0008333333333333334 0.000125 8.333333333333333e-05
779 0.0008333333333333334 0.000125 0.000125
780 0.0008333333333333334 0.000125 0.0001666666666666667
781 0.0008333333333333334 0.000125 0.0002083333333333333
782 0.0008333333333333334 0.000125 0.00025
783 0.0008333333333333334 0.000125 0.0002916666666666667
784 0.0008333333333333334 0.000125 0.0003333333333333333
785 0.0008333333333333334 0.000125 0.0003750000000000001
786 0.0008333333333333334 0.000125 0.0004166666666666667
787 0.0008333333333333334 0.000125 0.0004583333333333333
788 0.0008333333333333334 0.000125 0.0005
789 0.0008333333333333334 0.000125 0.0005416666666666668
790 0.0008333333333333334 0.000125 0.0005833333333333334
791 0.0008333333333333334 0.000125 0.000625
792 0.0008333333333333334 0.000125 0.0006666666666666666
793 0.0008333333333333334 0.000125 0.0007083333333333334
794 0.0008333333333333334 0.000125 0.0007500000000000001
795 0.0008333333333333334 0.000125 0.0007916666666666666
796 0.0008333333333333334 0.000125 0.0008333333333333334
797 0.0008333333333333334 0.000125 0.000875
798 0.0008333333333333334 0.000125 0.0009166666666666666
799 0.0008333333333333334 0.000125 0.0009583333333333333
800 0.0008333333333333334 0.000125 0.001
801 0.0008333333333333334 0.00025 0
802 0.0008333333333333334 0.00025 4.166666666666667e-05
803 0.0008333333333333334 0.00025 8.333333333333333e-05
804 0.0008333333333333334 0.00025 0.000125
805 0.0008333333333333334 0.00025 0.0001666666666666667
806 0.0008333333333333334 0.00025 0.0002083333333333333
807 0.0008333333333333334 0.00025 0.00025
808 0.0008333333333333334 0.00025 0.0002916666666666667
809 0.0008333333333333334 0.00025 0.0003333333333333333
810 0.0008333333333333334 0.00025 0.0003750000000000001
811 0.0008333333333333334 0.00025 0.0004166666666666667
812 0.0008333333333333334 0.00025 0.0004583333333333333
813 0.0008333333333333334 0.00025 0.0005
814 0.0008333333333333334 0.00025 0.0005416666666666668
815 0.0008333333333333334 0.00025 0.0005833333333333334
816 0.0008333333333333334 0.00025 0.000625
817 0.0008333333333333334 0.00025 0.0006666666666666666
818 0.0008333333333333334 0.00025 0.0007083333333333334
819 0.0008333333333333334 0.00025 0.0007500000000000001
820 0.0008333333333333334 0.00025 0.0007916666666666666
821 0.0008333333333333334 0.00025 0.0008333333333333334
822 0.0008333333333333334 0.00025 0.000875
823 0.0008333333333333334 0.00025 0.0009166666666666666
824 0.0008333333333333334 0.00025 0.0009583333333333333
825 0.0008333333333333334 0.00025 0.001
826 0.0009166666666666666 0 0
827 0.0009166666666666666 0 4.166666666666667e-05
828 0.0009166666666666666 0 8.333333333333333e-05
829 0.0009166666666666666 0 0.000125
830 0.0009166666666666666 0 0.0001666666666666667
831 0.0009166666666666666 0 0.0002083333333333333
832 0.0009166666666666666 0 0.00025
833 0.0009166666666666666 0 0.0002916666666666667
834 0.0009166666666666666 0 0.0003333333333333333
835 0.0009166666666666666 0 0.0003750000000000001
836 0.0009166666666666666 0 0.0004166666666666667
837 0.0009166666666666666 0 0.0004583333333333333
838 0.0009166666666666666 0 0.0005
839 0.0009166666666666666 0 0.0005416666666666668
840 0.0009166666666666666 0 0.0005833333333333334
841 0.0009166666666666666 0 0.000625
842 0.0009166666666666666 0 0.0006666666666666666
843 0.0009166666666666666 0 0.0007083333333333334
844 0.0009166666666666666 0 0.0007500000000000001
845 0.0009166666666666666 0 0.0007916666666666666
846 0.0009166666666666666 0 0.0008333333333333334
847 0.0009166666666666666 0 0.000875
848 0.0009166666666666666 0 0.0009166666666666666
849 0.0009166666666666666 0 0.0009583333333333333
850 0.0009166666666666666 0 0.001
851 0.0009166666666666666 0.000125 0
852 0.0009166666666666666 0.000125 4.166666666666667e-05
853 0.0009166666666666666 0.000125 8.333333333333333e-05
854 0.0009166666666666666 0.000125 0.000125
855 0.0009166666666666666 0.000125 0.0001666666666666667
856 0.0009166666666666666 0.000125 0.0002083333333333333
857 0.0009166666666666666 0.000125 0.00025
858 0.0009166666666666666 0.000125 0.0002916666666666667
859 0.0009166666666666666 0.000125 0.0003333333333333333
860 0.0009166666666666666 0.000125 0.0003750000000000001
861 0.0009166666666666666 0.000125 0.0004166666666666667
862 0.0009166666666666666 0.000125 0.0004583333333333333
863 0.0009166666666666666 0.000125 0.0005
864 0.0009166666666666666 0.000125 0.0005416666666666668
865 0.0009166666666666666 0.000125 0.0005833333333333334
866 0.0009166666666666666 0.000125 0.000625
867 0.0009166666666666666 0.000125 0.0006666666666666666
868 0.0009166666666666666 0.000125 0.0007083333333333334
869 0.0009166666666666666 0.000125 0.0007500000000000001
870 0.0009166666666666666 0.000125 0.0007916666666666666
871 0.0009166666666666666 0.000125 0.0008333333333333334
872 0.0009166666666666666 0.000125 0.000875
873 0.0009166666666666666 0.000125 0.0009166666666666666
874 0.0009166666666666666 0.000125 0.0009583333333333333
875 0.0009166666666666666 0.000125 0.001
876 0.0009166666666666666 0.00025 0
877 0.0009166666666666666 0.00025 4.166666666666667e-05
878 0.0009166666666666666 0.00025 8.333333333333333e-05
879 0.0009166666666666666 0.00025 0.000125
880 0.0009166666666666666 0.00025 0.0001666666666666667
881 0.0009166666666666666 0.00025 0.0002083333333333333
882 0.0009166666666666666 0.00025 0.00025
883 0.0009166666666666666 0.00025 0.0002916666666666667
884 0.0009166666666666666 0.00025 0.0003333333333333333
885 0.0009166666666666666 0.00025 0.0003750000000000001
886 0.0009166666666666666 0.00025 0.0004166666666666667
887 0.0009166666666666666 0.00025 0.0004583333333333333
888 0.0009166666666666666 0.00025 0.0005
889 0.0009166666666666666 0.00025 0.0005416666666666668
890 0.0009166666666666666 0.00025 0.0005833333333333334
891 0.0009166666666666666 0.00025 0.000625
892 0.0009166666666666666 0.00025 0.0006666666666666666
893 0.0009166666666666666 0.00025 0.0007083333333333334
894 0.0009166666666666666 0.00025 0.0007500000000000001
895 0.0009166666666666666 0.00025 0.0007916666666666666
896 0.0009166666666666666 0.00025 0.0008333333333333334
897 0.0009166666666666666 0.00025 0.000875
898 0.0009166666666666666 0.00025 0.0009166666666666666
899 0.0009166666666666666 0.00025 0.0009583333333333333
900 0.0009166666666666666 0.00025 0.001
901 0.001 0 0
902 0.001 0 4.166666666666667e-05
903 0.001 0 8.333333333333333e-05
904 0.001 0 0.000125
905 0.001 0 0.0001666666666666667
906 0.001 0 0.0002083333333333333
907 0.001 0 0.00025
908 0.001 0 0.0002916666666666667
909 0.001 0 0.0003333333333333333
910 0.001 0 0.0003750000000000001
911 0.001 0 0.0004166666666666667
912 0.001 0 0.0004583333333333333
913 0.001 0 0.0005
914 0.001 0 0.0005416666666666668
915 0.001 0 0.0005833333333333334
916 0.001 0 0.000625
917 0.001 0 0.0006666666666666666
918 0.001 0 0.0007083333333333334
919 0.001 0 0.0007500000000000001
920 0.001 0 0.0007916666666666666
921 0.001 0 0.0008333333333333334
922 0.001 0 0.000875
923 0.001 0 0.0009166666666666666
924 0.001 0 0.0009583333333333333
925 0.001 0 0.001
926 0.001 0.000125 0
927 0.001 0.000125 4.166666666666667e-05
928 0.001 0.000125 8.333333333333333e-05
929 0.001 0.000125 0.000125
930 0.001 0.000125 0.0001666666666666667
931 0.001 0.000125 0.0002083333333333333
932 0.001 0.000125 0.00025
933 0.001 0.000125 0.0002916666666666667
934 0.001 0.000125 0.0003333333333333333
935 0.001 0.000125 0.0003750000000000001
936 0.001 0.000125 0.0004166666666666667
937 0.001 0.000125 0.0004583333333333333
938 0.001 0.000125 0.0005
939 0.001 0.000125 0.0005416666666666668
940 0.001 0.000125 0.0005833333333333334
941 0.001 0.000125 0.000625
942 0.001 0.000125 0.0006666666666666666
943 0.001 0.000125 0.0007083333333333334
944 0.001 0.000125 0.0007500000000000001
945 0.001 0.000125 0.0007916666666666666
946 0.001 0.000125 0.0008333333333333334
947 0.001 0.000125 0.000875
948 0.001 0.000125 0.0009166666666666666
949 0.001 0.000125 0.0009583333333333333
950 0.001 0.000125 0.001
951 0.001 0.00025 0
952 0.001 0.00025 4.166666666666667e-05
953 0.001 0.00025 8.333333333333333e-05
954 0.001 0.00025 0.000125
955 0.001 0.00025 0.0001666666666666667
956 0.001 0.00025 0.0002083333333333333
957 0.001 0.00025 0.00025
958 0.001 0.00025 0.0002916666666666667
959 0.001 0.00025 0.0003333333333333333
960 0.001 0.00025 0.0003750000000000001
961 0.001 0.00025 0.0004166666666666667
962 0.001 0.00025 0.0004583333333333333
963 0.001 0.00025 0.0005
964 0.001 0.00025 0.0005416666666666668
965 0.001 0.00025 0.0005833333333333334
966 0.001 0.00025 0.000625
967 0.001 0.00025 0.0006666666666666666
968 0.001 0.00025 0.0007083333333333334
969 0.001 0.00025 0.0007500000000000001
970 0.001 0.00025 0.0007916666666666666
971 0.001 0.00025 0.0008333333333333334
972 0.001 0.00025 0.000875
973 0.001 0.00025 0.0009166666666666666
974 0.001 0.00025 0.0009583333333333333
975 0.001 0.00025 0.001
976 0.001083333333333334 0 0
977 0.001083333333333334 0 4.166666666666667e-05
978 0.001083333333333334 0 8.333333333333333e-05
979 0.001083333333333334 0 0.000125
980 0.001083333333333334 0 0.0001666666666666667
981 0.001083333333333334 0 0.0002083333333333333
982 0.001083333333333334 0 0.00025
983 0.001083333333333334 0 0.0002916666666666667
984 0.001083333333333334 0 0.0003333333333333333
985 0.001083333333333334 0 0.0003750000000000001
986 0.001083333333333334 0 0.0004166666666666667
987 0.001083333333333334 0 0.0004583333333333333
988 0.001083333333333334 0 0.0005
989 0.001083333333333334 0 0.0005416666666666668
990 0.001083333333333334 0 0.0005833333333333334
991 0.001083333333333334 0 0.000625
992 0.001083333333333334 0 0.0006666666666666666
993 0.001083333333333334 0 0.0007083333333333334
994 0.001083333333333334 0 0.0007500000000000001
995 0.001083333333333334 0 0.0007916666666666666
996 0.001083333333333334 0 0.0008333333333333334
997 0.001083333333333334 0 0.000875
998 0.001083333333333334 0 0.0009166666666666666
999 0.001083333333333334 0 0.0009583333333333333
1000 0.001083333333333334 0 0.001
1001 0.001083333333333334 0.000125 0
1002 0.001083333333333334 0.000125 4.166666666666667e-05
1003 0.001083333333333334 0.000125 8.333333333333333e-05
1004 0.001083333333333334 0.000125 0.000125
1005 0.001083333333333334 0.000125 0.0001666666666666667
1006 0.001083333333333334 0.000125 0.0002083333333333333
1007 0.001083333333333334 0.000125 0.00025
1008 0.001083333333333334 0.000125 0.0002916666666666667
1009 0.001083333333333334 0.000125 0.0003333333333333333
1010 0.001083333333333334 0.000125 0.0003750000000000001
1011 0.001083333333333334 0.000125 0.0004166666666666667
1012 0.001083333333333334 0.000125 0.0004583333333333333
1013 0.001083333333333334 0.000125 0.0005
1014 0.001083333333333334 0.000125 0.0005416666666666668
1015 0.001083333333333334 0.000125 0.0005833333333333334
1016 0.001083333333333334 0.000125 0.000625
1017 0.001083333333333334 0.000125 0.0006666666666666666
1018 0.001083333333333334 0.000125 0.0007083333333333334
1019 0.001083333333333334 0.000125 0.0007500000000000001
1020 0.001083333333333334 0.000125 0.0007916666666666666
1021 0.001083333333333334 0.000125 0.0008333333333333334
1022 0.001083333333333334 0.000125 0.000875
1023 0.001083333333333334 0.000125 0.0009166666666666666
1024 0.001083333333333334 0.000125 0.0009583333333333333
1025 0.001083333333333334 0.000125 0.001
1026 0.001083333333333334 0.00025 0
1027 0.001083333333333334 0.00025 4.166666666666667e-05
1028 0.001083333333333334 0.00025 8.333333333333333e-05
1029 0.001083333333333334 0.00025 0.000125
1030 0.001083333333333334 0.00025 0.0001666666666666667
1031 0.001083333333333334 0.00025 0.0002083333333333333
1032 0.001083333333333334 0.00025 0.00025
1033 0.001083333333333334 0.00025 0.0002916666666666667
1034 0.001083333333333334 0.00025 0.0003333333333333333
1035 0.001083333333333334 0.00025 0.0003750000000000001
1036 0.001083333333333334 0.00025 0.0004166666666666667
1037 0.001083333333333334 0.00025 0.0004583333333333333
1038 0.001083333333333334 0.00025 0.0005
1039 0.001083333333333334 0.00025 0.0005416666666666668
1040 0.001083333333333334 0.00025 0.0005833333333333334
1041 0.001083333333333334 0.00025 0.000625
1042 0.001083333333333334 0.00025 0.0006666666666666666
1043 0.001083333333333334 0.00025 0.0007083333333333334
1044 0.001083333333333334 0.00025 0.0007500000000000001
1045 0.001083333333333334 0.00025 0.0007916666666666666
1046 0.001083333333333334 0.00025 0.0008333333333333334
1047 0.001083333333333334 0.00025 0.000875
1048 0.001083333333333334 0.00025 0.0009166666666666666
1049 0.001083333333333334 0.00025 0.0009583333333333333
1050 0.001083333333333334 0.00025 0.001
1051 0.001166666666666667 0 0
1052 0.001166666666666667 0 4.166666666666667e-05
1053 0.001166666666666667 0 8.333333333333333e-05
1054 0.001166666666666667 0 0.000125
1055 0.001166666666666667 0 0.0001666666666666667
1056 0.001166666666666667 0 0.0002083333333333333
1057 0.001166666666666667 0 0.00025
1058 0.001166666666666667 0 0.0002916666666666667
1059 0.001166666666666667 0 0.0003333333333333333
1060 0.001166666666666667 0 0.0003750000000000001
1061 0.001166666666666667 0 0.0004166666666666667
1062 0.001166666666666667 0 0.0004583333333333333
1063 0.001166666666666667 0 0.0005
1064 0.001166666666666667 0 0.0005416666666666668
1065 0.001166666666666667 0 0.0005833333333333334
1066 0.001166666666666667 0 0.000625
1067 0.001166666666666667 0 0.0006666666666666666
1068 0.001166666666666667 0 0.0007083333333333334
1069 0.001166666666666667 0 0.0007500000000000001
1070 0.001166666666666667 0 0.0007916666666666666
1071 0.001166666666666667 0 0.0008333333333333334
1072 0.001166666666666667 0 0.000875
1073 0.001166666666666667 0 0.0009166666666666666
1074 0.001166666666666667 0 0.0009583333333333333
1075 0.001166666666666667 0 0.001
1076 0.001166666666666667 0.000125 0
1077 0.001166666666666667 0.000125 4.166666666666667e-05
1078 0.001166666666666667 0.000125 8.333333333333333e-05
1079 0.001166666666666667 0.000125 0.000125
1080 0.001166666666666667 0.000125 0.0001666666666666667
1081 0.001166666666666667 0.000125 0.0002083333333333333
1082 0.001166666666666667 0.000125 0.00025
1083 0.001166666666666667 0.000125 0.0002916666666666667
1084 0.001166666666666667 0.000125 0.0003333333333333333
1085 0.001166666666666667 0.000125 0.0003750000000000001
1086 0.001166666666666667 0.000125 0.0004166666666666667
1087 0.001166666666666667 0.000125 0.0004583333333333333
1088 0.001166666666666667 0.000125 0.0005
1089 0.001166666666666667 0.000125 0.0005416666666666668
1090 0.001166666666666667 0.000125 0.0005833333333333334
1091 0.001166666666666667 0.000125 0.000625
1092 0.001166666666666667 0.000125 0.0006666666666666666
1093 0.001166666666666667 0.000125 0.0007083333333333334
1094 0.001166666666666667 0.000125 0.0007500000000000001
1095 0.001166666666666667 0.000125 0.0007916666666666666
1096 0.001166666666666667 0.000125 0.0008333333333333334
1097 0.001166666666666667 0.000125 0.000875
1098 0.001166666666666667 0.000125 0.0009166666666666666
1099 0.001166666666666667 0.000125 0.0009583333333333333
1100 0.001166666666666667 0.000125 0.001
1101 0.001166666666666667 0.00025 0
1102 0.001166666666666667 0.00025 4.166666666666667e-05
1103 0.001166666666666667 0.00025 8.333333333333333e-05
1104 0.001166666666666667 0.00025 0.000125
1105 0.001166666666666667 0.00025 0.0001666666666666667
1106 0.001166666666666667 0.00025 0.0002083333333333333
1107 0.001166666666666667 0.00025 0.00025
1108 0.001166666666666667 0.00025 0.0002916666666666667
1109 0.001166666666666667 0.00025 0.0003333333333333333
1110 0.001166666666666667 0.00025 0.0003750000000000001
1111 0.001166666666666667 0.00025 0.0004166666666666667
1112 0.001166666666666667 0.00025 0.0004583333333333333
1113 0.001166666666666667 0.00025 0.0005
1114 0.001166666666666667 0.00025 0.0005416666666666668
1115 0.001166666666666667 0.00025 0.0005833333333333334
1116 0.001166666666666667 0.00025 0.000625
1117 0.001166666666666667 0.00025 0.0006666666666666666
1118 0.001166666666666667 0.00025 0.0007083333333333334
1119 0.001166666666666667 0.00025 0.0007500000000000001
1120 0.001166666666666667 0.00025 0.0007916666666666666
1121 0.001166666666666667 0.00025 0.0008333333333333334
1122 0.001166666666666667 0.00025 0.000875
1123 0.001166666666666667 0.00025 0.0009166666666666666
1124 0.001166666666666667 0.00025 0.0009583333333333333
1125 0.001166666666666667 0.00025 0.001
1126 0.00125 0 0
1127 0.00125 0 4.166666666666667e-05
1128 0.00125 0 8.333333333333333e-05
1129 0.00125 0 0.000125
1130 0.00125 0 0.0001666666666666667
1131 0.00125 0 0.0002083333333333333
1132 0.00125 0 0.00025
1133 0.00125 0 0.0002916666666666667
1134 0.00125 0 0.0003333333333333333
1135 0.00125 0 0.0003750000000000001
1136 0.00125 0 0.0004166666666666667
1137 0.00125 0 0.0004583333333333333
1138 0.00125 0 0.0005
1139 0.00125 0 0.0005416666666666668
1140 0.00125 0 0.0005833333333333334
1141 0.00125 0 0.000625
1142 0.00125 0 0.0006666666666666666
1143 0.00125 0 0.0007083333333333334
1144 0.00125 0 0.0007500000000000001
1145 0.00125 0 0.0007916666666666666
1146 0.00125 0 0.0008333333333333334
1147 0.00125 0 0.000875
1148 0.00125 0 0.0009166666666666666
1149 0.00125 0 0.0009583333333333333
1150 0.00125 0 0.001
1151 0.00125 0.000125 0
1152 0.00125 0.000125 4.166666666666667e-05
1153 0.00125 0.000125 8.333333333333333e-05
1154 0.00125 0.000125 0.000125
1155 0.00125 0.000125 0.0001666666666666667
1156 0.00125 0.000125 0.0002083333333333333
1157 0.00125 0.000125 0.00025
1158 0.00125 0.000125 0.0002916666666666667
1159 0.00125 0.000125 0.0003333333333333333
1160 0.00125 0.000125 0.0003750000000000001
1161 0.00125 0.000125 0.0004166666666666667
1162 0.00125 0.000125 0.0004583333333333333
1163 0.00125 0.000125 0.0005
1164 0.00125 0.000125 0.0005416666666666668
1165 0.00125 0.000125 0.0005833333333333334
1166 0.00125 0.000125 0.000625
1167 0.00125 0.000125 0.0006666666666666666
1168 0.00125 0.000125 0.0007083333333333334
1169 0.00125 0.000125 0.0007500000000000001
1170 0.00125 0.000125 0.0007916666666666666
1171 0.00125 0.000125 0.0008333333333333334
1172 0.00125 0.000125 0.000875
1173 0.00125 0.000125 0.0009166666666666666
1174 0.00125 0.000125 0.0009583333333333333
1175 0.00125 0.000125 0.001
1176 0.00125 0.00025 0
1177 0.00125 0.00025 4.166666666666667e-05
1178 0.00125 0.00025 8.333333333333333e-05
1179 0.00125 0.00025 0.000125
1180 0.00125 0.00025 0.0001666666666666667
1181 0.00125 0.00025 0.0002083333333333333
1182 0.00125 0.00025 0.00025
1183 0.00125 0.00025 0.0002916666666666667
1184 0.00125 0.00025 0.0003333333333333333
1185 0.00125 0.00025 0.0003750000000000001
1186 0.00125 0.00025 0.0004166666666666667
1187 0.00125 0.00025 0.0004583333333333333
1188 0.00125 0.00025 0.0005
1189 0.00125 0.00025 0.0005416666666666668
1190 0.00125 0.00025 0.0005833333333333334
1191 0.00125 0.00025 0.000625
1192 0.00125 0.00025 0.0006666666666666666
1193 0.00125 0.00025 0.0007083333333333334
1194 0.00125 0.00025 0.0007500000000000001
1195 0.00125 0.00025 0.0007916666666666666
1196 0.00125 0.00025 0.0008333333333333334
1197 0.00125 0.00025 0.000875
1198 0.00125 0.00025 0.0009166666666666666
1199 0.00125 0.00025 0.0009583333333333333
1200 0.00125 0.00025 0.001
1201 0.001333333333333333 0 0
1202 0.001333333333333333 0 4.166666666666667e-05
1203 0.001333333333333333 0 8.333333333333333e-05
1204 0.001333333333333333 0 0.000125
1205 0.001333333333333333 0 0.0001666666666666667
1206 0.001333333333333333 0 0.0002083333333333333
1207 0.001333333333333333 0 0.00025
1208 0.001333333333333333 0 0.0002916666666666667
1209 0.001333333333333333 0 0.0003333333333333333
1210 0.001333333333333333 0 0.0003750000000000001
1211 0.001333333333333333 0 0.0004166666666666667
1212 0.001333333333333333 0 0.0004583333333333333
1213 0.001333333333333333 0 0.0005
1214 0.001333333333333333 0 0.0005416666666666668
1215 0.001333333333333333 0 0.0005833333333333334
1216 0.001333333333333333 0 0.000625
1217 0.001333333333333333 0 0.0006666666666666666
1218 0.001333333333333333 0 0.0007083333333333334
1219 0.001333333333333333 0 0.0007500000000000001
1220 0.001333333333333333 0 0.0007916666666666666
1221 0.001333333333333333 0 0.0008333333333333334
1222 0.001333333333333333 0 0.000875
1223 0.001333333333333333 0 0.0009166666666666666
1224 0.001333333333333333 0 0.0009583333333333333
1225 0.001333333333333333 0 0.001
1226 0.001333333333333333 0.000125 0
1227 0.001333333333333333 0.000125 4.166666666666667e-05
1228 0.001333333333333333 0.000125 8.333333333333333e-05
1229 0.001333333333333333 0.000125 0.000125
1230 0.001333333333333333 0.000125 0.0001666666666666667
1231 0.001333333333333333 0.000125 0.0002083333333333333
1232 0.001333333333333333 0.000125 0.00025
1233 0.001333333333333333 0.000125 0.0002916666666666667
1234 0.001333333333333333 0.000125 0.0003333333333333333
1235 0.001333333333333333 0.000125 0.0003750000000000001
1236 0.001333333333333333 0.000125 0.0004166666666666667
1237 0.001333333333333333 0.000125 0.0004583333333333333
1238 0.001333333333333333 0.000125 0.0005
1239 0.001333333333333333 0.000125 0.0005416666666666668
1240 0.001333333333333333 0.000125 0.0005833333333333334
1241 0.001333333333333333 0.000125 0.000625
1242 0.001333333333333333 0.000125 0.0006666666666666666
1243 0.001333333333333333 0.000125 0.0007083333333333334
1244 0.001333333333333333 0.000125 0.0007500000000000001
1245 0.001333333333333333 0.000125 0.0007916666666666666
1246 0.001333333333333333 0.000125 0.0008333333333333334
1247 0.001333333333333333 0.000125 0.000875
1248 0.001333333333333333 0.000125 0.0009166666666666666
1249 0.001333333333333333 0.000125 0.0009583333333333333
1250 0.001333333333333333 0.000125 0.001
1251 0.001333333333333333 0.00025 0
1252 0.001333333333333333 0.00025 4.166666666666667e-05
1253 0.001333333333333333 0.00025 8.333333333333333e-05
1254 0.001333333333333333 0.00025 0.000125
1255 0.001333333333333333 0.00025 0.0001666666666666667
1256 0.001333333333333333 0.00025 0.0002083333333333333
1257 0.001333333333333333 0.00025 0.00025
1258 0.001333333333333333 0.00025 0.0002916666666666667
1259 0.001333333333333333 0.00025 0.0003333333333333333
1260 0.001333333333333333 0.00025 0.0003750000000000001
1261 0.001333333333333333 0.00025 0.0004166666666666667
1262 0.001333333333333333 0.00025 0.0004583333333333333
1263 0.001333333333333333 0.00025 0.0005
1264 0.001333333333333333 0.00025 0.0005416666666666668
1265 0.001333333333333333 0.00025 0.0005833333333333334
1266 0.001333333333333333 0.00025 0.000625
1267 0.001333333333333333 0.00025 0.0006666666666666666
1268 0.001333333333333333 0.00025 0.0007083333333333334
1269 0.001333333333333333 0.00025 0.0007500000000000001
1270 0.001333333333333333 0.00025 0.0007916666666666666
1271 0.001333333333333333 0.00025 0.0008333333333333334
1272 0.001333333333333333 0.00025 0.000875
1273 0.001333333333333333 0.00025 0.0009166666666666666
1274 0.001333333333333333 0.00025 0.0009583333333333333
1275 0.001333333333333333 0.00025 0.001
1276 0.001416666666666667 0 0
1277 0.001416666666666667 0 4.166666666666667e-05
1278 0.001416666666666667 0 8.333333333333333e-05
1279 0.001416666666666667 0 0.000125
1280 0.001416666666666667 0 0.0001666666666666667
1281 0.001416666666666667 0 0.0002083333333333333
1282 0.001416666666666667 0 0.00025
1283 0.001416666666666667 0 0.0002916666666666667
1284 0.001416666666666667 0 0.0003333333333333333
1285 0.001416666666666667 0 0.0003750000000000001
1286 0.001416666666666667 0 0.0004166666666666667
1287 0.001416666666666667 0 0.0004583333333333333
1288 0.001416666666666667 0 0.0005
1289 0.001416666666666667 0 0.0005416666666666668
1290 0.001416666666666667 0 0.0005833333333333334
1291 0.001416666666666667 0 0.000625
1292 0.001416666666666667 0 0.0006666666666666666
1293 0.001416666666666667 0 0.0007083333333333334
1294 0.001416666666666667 0 0.0007500000000000001
1295 0.001416666666666667 0 0.0007916666666666666
1296 0.001416666666666667 0 0.0008333333333333334
1297 0.001416666666666667 0 0.000875
1298 0.001416666666666667 0 0.0009166666666666666
1299 0.001416666666666667 0 0.0009583333333333333
1300 0.001416666666666667 0 0.001
1301 0.001416666666666667 0.000125 0
1302 0.001416666666666667 0.000125 4.166666666666667e-05
1303 0.001416666666666667 0.000125 8.333333333333333e-05
1304 0.001416666666666667 0.000125 0.000125
1305 0.001416666666666667 0.000125 0.0001666666666666667
1306 0.001416666666666667 0.000125 0.0002083333333333333
1307 0.001416666666666667 0.000125 0.00025
1308 0.001416666666666667 0.000125 0.0002916666666666667
1309 0.001416666666666667 0.000125 0.0003333333333333333
1310 0.001416666666666667 0.000125 0.0003750000000000001
1311 0.001416666666666667 0.000125 0.0004166666666666667
1312 0.001416666666666667 0.000125 0.0004583333333333333
1313 0.001416666666666667 0.000125 0.0005
1314 0.001416666666666667 0.000125 0.0005416666666666668
1315 0.001416666666666667 0.000125 0.0005833333333333334
1316 0.001416666666666667 0.000125 0.000625
1317 0.001416666666666667 0.000125 0.0006666666666666666
1318 0.001416666666666667 0.000125 0.0007083333333333334
1319 0.001416666666666667 0.000125 0.0007500000000000001
1320 0.001416666666666667 0.000125 0.0007916666666666666
1321 0.001416666666666667 0.000125 0.0008333333333333334
1322 0.001416666666666667 0.000125 0.000875
1323 0.001416666666666667 0.000125 0.0009166666666666666
1324 0.001416666666666667 0.000125 0.0009583333333333333
1325 0.001416666666666667 0.000125 0.001
1326 0.001416666666666667 0.00025 0
1327 0.001416666666666667 0.00025 4.166666666666667e-05
1328 0.001416666666666667 0.00025 8.333333333333333e-05
1329 0.001416666666666667 0.00025 0.000125
1330 0.001416666666666667 0.00025 0.0001666666666666667
1331 0.001416666666666667 0.00025 0.0002083333333333333
1332 0.001416666666666667 0.00025 0.00025
1333 0.001416666666666667 0.00025 0.0002916666666666667
1334 0.001416666666666667 0.00025 0.0003333333333333333
1335 0.001416666666666667 0.00025 0.0003750000000000001
1336 0.001416666666666667 0.00025 0.0004166666666666667
1337 0.001416666666666667 0.00025 0.0004583333333333333
1338 0.001416666666666667 0.00025 0.0005
1339 0.001416666666666667 0.00025 0.0005416666666666668
1340 0.001416666666666667 0.00025 0.0005833333333333334
1341 0.001416666666666667 0.00025 0.000625
1342 0.001416666666666667 0.00025 0.0006666666666666666
1343 0.001416666666666667 0.00025 0.0007083333333333334
1344 0.001416666666666667 0.00025 0.0007500000000000001
1345 0.001416666666666667 0.00025 0.0007916666666666666
1346 0.001416666666666667 0.00025 0.0008333333333333334
1347 0.001416666666666667 0.00025 0.000875
1348 0.001416666666666667 0.00025 0.0009166666666666666
1349 0.001416666666666667 0.00025 0.0009583333333333333
1350 0.001416666666666667 0.00025 0.001
1351 0.0015 0 0
1352 0.0015 0 4.166666666666667e-05
1353 0.0015 0 8.333333333333333e-05
1354 0.0015 0 0.000125
1355 0.0015 0 0.0001666666666666667
1356 0.0015 0 0.0002083333333333333
1357 0.0015 0 0.00025
1358 0.0015 0 0.0002916666666666667
1359 0.0015 0 0.0003333333333333333
1360 0.0015 0 0.0003750000000000001
1361 0.0015 0 0.0004166666666666667
1362 0.0015 0 0.0004583333333333333
1363 0.0015 0 0.0005
1364 0.0015 0 0.0005416666666666668
1365 0.0015 0 0.0005833333333333334
1366 0.0015 0 0.000625
1367 0.0015 0 0.0006666666666666666
1368 0.0015 0 0.0007083333333333334
1369 0.0015 0 0.0007500000000000001
1370 0.0015 0 0.0007916666666666666
1371 0.0015 0 0.0008333333333333334
1372 0.0015 0 0.000875
1373 0.0015 0 0.0009166666666666666
1374 0.0015 0 0.0009583333333333333
1375 0.0015 0 0.001
1376 0.0015 0.000125 0
1377 0.0015 0.000125 4.166666666666667e-05
1378 0.0015 0.000125 8.333333333333333e-05
1379 0.0015 0.000125 0.000125
1380 0.0015 0.000125 0.0001666666666666667
1381 0.0015 0.000125 0.0002083333333333333
1382 0.0015 0.000125 0.00025
1383 0.0015 0.000125 0.0002916666666666667
1384 0.0015 0.000125 0.0003333333333333333
1385 0.0015 0.000125 0.0003750000000000001
1386 0.0015 0.000125 0.0004166666666666667
1387 0.0015 0.000125 0.0004583333333333333
1388 0.0015 0.000125 0.0005
1389 0.0015 0.000125 0.0005416666666666668
1390 0.0015 0.000125 0.0005833333333333334
1391 0.0015 0.000125 0.000625
1392 0.0015 0.000125 0.0006666666666666666
1393 0.0015 0.000125 0.0007083333333333334
1394 0.0015 0.000125 0.0007500000000000001
1395 0.0015 0.000125 0.0007916666666666666
1396 0.0015 0.000125 0.0008333333333333334
1397 0.0015 0.000125 0.000875
1398 0.0015 0.000125 0.0009166666666666666
1399 0.0015 0.000125 0.0009583333333333333
1400 0.0015 0.000125 0.001
1401 0.0015 0.00025 0
1402 0.0015 0.00025 4.166666666666667e-05
1403 0.0015 0.00025 8.333333333333333e-05
1404 0.0015 0.00025 0.000125
1405 0.0015 0.00025 0.0001666666666666667
1406 0.0015 0.00025 0.0002083333333333333
1407 0.0015 0.00025 0.00025
1408 0.0015 0.00025 0.0002916666666666667
1409 0.0015 0.00025 0.0003333333333333333
1410 0.0015 0.00025 0.0003750000000000001
1411 0.0015 0.00025 0.0004166666666666667
1412 0.0015 0.00025 0.0004583333333333333
1413 0.0015 0.00025 0.0005
1414 0.0015 0.00025 0.0005416666666666668
1415 0.0015 0.00025 0.0005833333333333334
1416 0.0015 0.00025 0.000625
1417 0.0015 0.00025 0.0006666666666666666
1418 0.0015 0.00025 0.0007083333333333334
1419 0.0015 0.00025 0.0007500000000000001
1420 0.0015 0.00025 0.0007916666666666666
1421 0.0015 0.00025 0.0008333333333333334
1422 0.0015 0.00025 0.000875
1423 0.0015 0.00025 0.0009166666666666666
1424 0.0015 0.00025 0.0009583333333333333
1425 0.0015 0.00025 0.001
1426 0.001583333333333333 0 0
1427 0.001583333333333333 0 4.166666666666667e-05
1428 0.001583333333333333 0 8.333333333333333e-05
1429 0.001583333333333333 0 0.000125
1430 0.001583333333333333 0 0.0001666666666666667
1431 0.001583333333333333 0 0.0002083333333333333
1432 0.001583333333333333 0 0.00025
1433 0.001583333333333333 0 0.0002916666666666667
1434 0.001583333333333333 0 0.0003333333333333333
1435 0.001583333333333333 0 0.0003750000000000001
1436 0.001583333333333333 0 0.0004166666666666667
1437 0.001583333333333333 0 0.0004583333333333333
1438 0.001583333333333333 0 0.0005
1439 0.001583333333333333 0 0.0005416666666666668
1440 0.001583333333333333 0 0.0005833333333333334
1441 0.001583333333333333 0 0.000625
1442 0.001583333333333333 0 0.0006666666666666666
1443 0.001583333333333333 0 0.0007083333333333334
1444 0.001583333333333333 0 0.0007500000000000001
1445 0.001583333333333333 0 0.0007916666666666666
1446 0.001583333333333333 0 0.0008333333333333334
1447 0.001583333333333333 0 0.000875
1448 0.001583333333333333 0 0.0009166666666666666
1449 0.001583333333333333 0 0.0009583333333333333
1450 0.001583333333333333 0 0.001
1451 0.001583333333333333 0.000125 0
1452 0.001583333333333333 0.000125 4.166666666666667e-05
1453 0.001583333333333333 0.000125 8.333333333333333e-05
1454 0.001583333333333333 0.000125 0.000125
1455 0.001583333333333333 0.000125 0.0001666666666666667
1456 0.001583333333333333 0.000125 0.0002083333333333333
1457 0.001583333333333333 0.000125 0.00025
1458 0.001583333333333333 0.000125 0.0002916666666666667
1459 0.001583333333333333 0.000125 0.0003333333333333333
1460 0.001583333333333333 0.000125 0.0003750000000000001
1461 0.001583333333333333 0.000125 0.0004166666666666667
1462 0.001583333333333333 0.000125 0.0004583333333333333
1463 0.001583333333333333 0.000125 0.0005
1464 0.001583333333333333 0.000125 0.0005416666666666668
1465 0.001583333333333333 0.000125 0.0005833333333333334
1466 0.001583333333333333 0.000125 0.000625
1467 0.001583333333333333 0.000125 0.0006666666666666666
1468 0.001583333333333333 0.000125 0.0007083333333333334
1469 0.001583333333333333 0.000125 0.0007500000000000001
1470 0.001583333333333333 0.000125 0.0007916666666666666
1471 0.001583333333333333 0.000125 0.0008333333333333334
1472 0.001583333333333333 0.000125 0.000875
1473 0.001583333333333333 0.000125 0.0009166666666666666
1474 0.001583333333333333 0.000125 0.0009583333333333333
1475 0.001583333333333333 0.000125 0.001
1476 0.001583333333333333 0.00025 0
1477 0.001583333333333333 0.00025 4.166666666666667e-05
1478 0.001583333333333333 0.00025 8.333333333333333e-05
1479 0.001583333333333333 0.00025 0.000125
1480 0.001583333333333333 0.00025 0.0001666666666666667
1481 0.001583333333333333 0.00025 0.0002083333333333333
1482 0.001583333333333333 0.00025 0.00025
1483 0.001583333333333333 0.00025 0.0002916666666666667
1484 0.001583333333333333 0.00025 0.0003333333333333333
1485 0.001583333333333333 0.00025 0.0003750000000000001
1486 0.001583333333333333 0.00025 0.0004166666666666667
1487 0.001583333333333333 0.00025 0.0004583333333333333
1488 0.001583333333333333 0.00025 0.0005
1489 0.001583333333333333 0.00025 0.0005416666666666668
1490 0.001583333333333333 0.00025 0.0005833333333333334
1491 0.001583333333333333 0.00025 0.000625
1492 0.001583333333333333 0.00025 0.0006666666666666666
1493 0.001583333333333333 0.00025 0.0007083333333333334
1494 0.001583333333333333 0.00025 0.0007500000000000001
1495 0.001583333333333333 0.00025 0.0007916666666666666
1496 0.001583333333333333 0.00025 0.0008333333333333334
1497 0.001583333333333333 0.00025 0.000875
1498 0.001583333333333333 0.00025 0.0009166666666666666
1499 0.001583333333333333 0.00025 0.0009583333333333333
1500 0.001583333333333333 0.00025 0.001
1501 0.001666666666666667 0 0
1502 0.001666666666666667 0 4.166666666666667e-05
1503 0.001666666666666667 0 8.333333333333333e-05
1504 0.001666666666666667 0 0.000125
1505 0.001666666666666667 0 0.0001666666666666667
1506 0.001666666666666667 0 0.0002083333333333333
1507 0.001666666666666667 0 0.00025
1508 0.001666666666666667 0 0.0002916666666666667
1509 0.001666666666666667 0 0.0003333333333333333
1510 0.001666666666666667 0 0.0003750000000000001
1511 0.001666666666666667 0 0.0004166666666666667
1512 0.001666666666666667 0 0.0004583333333333333
1513 0.001666666666666667 0 0.0005
1514 0.001666666666666667 0 0.0005416666666666668
1515 0.001666666666666667 0 0.0005833333333333334
1516 0.001666666666666667 0 0.000625
1517 0.001666666666666667 0 0.0006666666666666666
1518 0.001666666666666667 0 0.0007083333333333334
1519 0.001666666666666667 0 0.0007500000000000001
1520 0.001666666666666667 0 0.0007916666666666666
1521 0.001666666666666667 0 0.0008333333333333334
1522 0.001666666666666667 0 0.000875
1523 0.001666666666666667 0 0.0009166666666666666
1524 0.001666666666666667 0 0.0009583333333333333
1525 0.001666666666666667 0 0.001
1526 0.001666666666666667 0.000125 0
1527 0.001666666666666667 0.000125 4.166666666666667e-05
1528 0.001666666666666667 0.000125 8.333333333333333e-05
1529 0.001666666666666667 0.000125 0.000125
1530 0.001666666666666667 0.000125 0.0001666666666666667
1531 0.001666666666666667 0.000125 0.0002083333333333333
1532 0.001666666666666667 0.000125 0.00025
1533 0.001666666666666667 0.000125 0.0002916666666666667
1534 0.001666666666666667 0.000125 0.0003333333333333333
1535 0.001666666666666667 0.000125 0.0003750000000000001
1536 0.001666666666666667 0.000125 0.0004166666666666667
1537 0.001666666666666667 0.000125 0.0004583333333333333
1538 0.001666666666666667 0.000125 0.0005
1539 0.001666666666666667 0.000125 0.0005416666666666668
1540 0.001666666666666667 0.000125 0.0005833333333333334
1541 0.001666666666666667 0.000125 0.000625
1542 0.001666666666666667 0.000125 0.0006666666666666666
1543 0.001666666666666667 0.000125 0.0007083333333333334
1544 0.001666666666666667 0.000125 0.0007500000000000001
1545 0.001666666666666667 0.000125 0.0007916666666666666
1546 0.001666666666666667 0.000125 0.0008333333333333334
1547 0.001666666666666667 0.000125 0.000875
1548 0.001666666666666667 0.000125 0.0009166666666666666
1549 0.001666666666666667 0.000125 0.0009583333333333333
1550 0.001666666666666667 0.000125 0.001
1551 0.001666666666666667 0.00025 0
1552 0.001666666666666667 0.00025 4.166666666666667e-05
1553 0.001666666666666667 0.00025 8.333333333333333e-05
1554 0.001666666666666667 0.00025 0.000125
1555 0.001666666666666667 0.00025 0.0001666666666666667
1556 0.001666666666666667 0.00025 0.0002083333333333333
1557 0.001666666666666667 0.00025 0.00025
1558 0.001666666666666667 0.00025 0.0002916666666666667
1559 0.001666666666666667 0.00025 0.0003333333333333333
1560 0.001666666666666667 0.00025 0.0003750000000000001
1561 0.001666666666666667 0.00025 0.0004166666666666667
1562 0.001666666666666667 0.00025 0.0004583333333333333
1563 0.001666666666666667 0.00025 0.0005
1564 0.001666666666666667 0.00025 0.0005416666666666668
1565 0.001666666666666667 0.00025 0.0005833333333333334
1566 0.001666666666666667 0.00025 0.000625
1567 0.001666666666666667 0.00025 0.0006666666666666666
1568 0.001666666666666667 0.00025 0.0007083333333333334
1569 0.001666666666666667 0.00025 0.0007500000000000001
1570 0.001666666666666667 0.00025 0.0007916666666666666
1571 0.001666666666666667 0.00025 0.0008333333333333334
1572 0.001666666666666667 0.00025 0.000875
1573 0.001666666666666667 0.00025 0.0009166666666666666
1574 0.001666666666666667 0.00025 0.0009583333333333333
1575 0.001666666666666667 0.00025 0.001
1576 0.00175 0 0
1577 0.00175 0 4.166666666666667e-05
1578 0.00175 0 8.333333333333333e-05
1579 0.00175 0 0.000125
1580 0.00175 0 0.0001666666666666667
1581 0.00175 0 0.0002083333333333333
1582 0.00175 0 0.00025
1583 0.00175 0 0.0002916666666666667
1584 0.00175 0 0.0003333333333333333
1585 0.00175 0 0.0003750000000000001
1586 0.00175 0 0.0004166666666666667
1587 0.00175 0 0.0004583333333333333
1588 0.00175 0 0.0005
1589 0.00175 0 0.0005416666666666668
1590 0.00175 0 0.0005833333333333334
1591 0.00175 0 0.000625
1592 0.00175 0 0.0006666666666666666
1593 0.00175 0 0.0007083333333333334
1594 0.00175 0 0.0007500000000000001
1595 0.00175 0 0.0007916666666666666
1596 0.00175 0 0.0008333333333333334
1597 0.00175 0 0.000875
1598 0.00175 0 0.0009166666666666666
1599 0.00175 0 0.0009583333333333333
1600 0.00175 0 0.001
1601 0.00175 0.000125 0
1602 0.00175 0.000125 4.166666666666667e-05
1603 0.00175 0.000125 8.333333333333333e-05
1604 0.00175 0.000125 0.000125
1605 0.00175 0.000125 0.0001666666666666667
1606 0.00175 0.000125 0.0002083333333333333
1607 0.00175 0.000125 0.00025
1608 0.00175 0.000125 0.0002916666666666667
1609 0.00175 0.000125 0.0003333333333333333
1610 0.00175 0.000125 0.0003750000000000001
1611 0.00175 0.000125 0.0004166666666666667
1612 0.00175 0.000125 0.0004583333333333333
1613 0.00175 0.000125 0.0005
1614 0.00175 0.000125 0.0005416666666666668
1615 0.00175 0.000125 0.0005833333333333334
1616 0.00175 0.000125 0.000625
1617 0.00175 0.000125 0.0006666666666666666
1618 0.00175 0.000125 0.0007083333333333334
1619 0.00175 0.000125 0.0007500000000000001
1620 0.00175 0.000125 0.0007916666666666666
1621 0.00175 0.000125 0.0008333333333333334
1622 0.00175 0.000125 0.000875
1623 0.00175 0.000125 0.0009166666666666666
1624 0.00175 0.000125 0.0009583333333333333
1625 0.00175 0.000125 0.001
1626 0.00175 0.00025 0
1627 0.00175 0.00025 4.166666666666667e-05
1628 0.00175 0.00025 8.333333333333333e-05
1629 0.00175 0.00025 0.000125
1630 0.00175 0.00025 0.0001666666666666667
1631 0.00175 0.00025 0.0002083333333333333
1632 0.00175 0.00025 0.00025
1633 0.00175 0.00025 0.0002916666666666667
1634 0.00175 0.00025 0.0003333333333333333
1635 0.00175 0.00025 0.0003750000000000001
1636 0.00175 0.00025 0.0004166666666666667
1637 0.00175 0.00025 0.0004583333333333333
1638 0.00175 0.00025 0.0005
1639 0.00175 0.00025 0.0005416666666666668
1640 0.00175 0.00025 0.0005833333333333334
1641 0.00175 0.00025 0.000625
1642 0.00175 0.00025 0.0006666666666666666
1643 0.00175 0.00025 0.0007083333333333334
1644 0.00175 0.00025 0.0007500000000000001
1645 0.00175 0.00025 0.0007916666666666666
1646 0.00175 0.00025 0.0008333333333333334
1647 0.00175 0.00025 0.000875
1648 0.00175 0.00025 0.0009166666666666666
1649 0.00175 0.00025 0.0009583333333333333
1650 0.00175 0.00025 0.001
1651 0.001833333333333333 0 0
1652 0.001833333333333333 0 4.166666666666667e-05
1653 0.001833333333333333 0 8.333333333333333e-05
1654 0.001833333333333333 0 0.000125
1655 0.001833333333333333 0 0.0001666666666666667
1656 0.001833333333333333 0 0.0002083333333333333
1657 0.001833333333333333 0 0.00025
1658 0.001833333333333333 0 0.0002916666666666667
1659 0.001833333333333333 0 0.0003333333333333333
1660 0.001833333333333333 0 0.0003750000000000001
1661 0.001833333333333333 0 0.0004166666666666667
1662 0.001833333333333333 0 0.0004583333333333333
1663 0.001833333333333333 0 0.0005
1664 0.001833333333333333 0 0.0005416666666666668
1665 0.001833333333333333 0 0.0005833333333333334
1666 0.001833333333333333 0 0.000625
1667 0.001833333333333333 0 0.0006666666666666666
1668 0.001833333333333333 0 0.0007083333333333334
1669 0.001833333333333333 0 0.0007500000000000001
1670 0.001833333333333333 0 0.0007916666666666666
1671 0.001833333333333333 0 0.0008333333333333334
1672 0.001833333333333333 0 0.000875
1673 0.001833333333333333 0 0.0009166666666666666
1674 0.001833333333333333 0 0.0009583333333333333
1675 0.001833333333333333 0 0.001
1676 0.001833333333333333 0.000125 0
1677 0.001833333333333333 0.000125 4.166666666666667e-05
1678 0.001833333333333333 0.000125 8.333333333333333e-05
1679 0.001833333333333333 0.000125 0.000125
1680 0.001833333333333333 0.000125 0.0001666666666666667
1681 0.001833333333333333 0.000125 0.0002083333333333333
1682 0.001833333333333333 0.000125 0.00025
1683 0.001833333333333333 0.000125 0.0002916666666666667
1684 0.001833333333333333 0.000125 0.0003333333333333333
1685 0.001833333333333333 0.000125 0.0003750000000000001
1686 0.001833333333333333 0.000125 0.0004166666666666667
1687 0.001833333333333333 0.000125 0.0004583333333333333
1688 0.001833333333333333 0.000125 0.0005
1689 0.001833333333333333 0.000125 0.0005416666666666668
1690 0.001833333333333333 0.000125 0.0005833333333333334
1691 0.001833333333333333 0.000125 0.000625
1692 0.001833333333333333 0.000125 0.0006666666666666666
1693 0.001833333333333333 0.000125 0.0007083333333333334
1694 0.001833333333333333 0.000125 0.0007500000000000001
1695 0.001833333333333333 0.000125 0.0007916666666666666
1696 0.001833333333333333 0.000125 0.0008333333333333334
1697 0.001833333333333333 0.000125 0.000875
1698 0.001833333333333333 0.000125 0.0009166666666666666
1699 0.001833333333333333 0.000125 0.0009583333333333333
1700 0.001833333333333333 0.000125 0.001
1701 0.001833333333333333 0.00025 0
1702 0.001833333333333333 0.00025 4.166666666666667e-05
1703 0.001833333333333333 0.00025 8.333333333333333e-05
1704 0.001833333333333333 0.00025 0.000125
1705 0.001833333333333333 0.00025 0.0001666666666666667
1706 0.001833333333333333 0.00025 0.0002083333333333333
1707 0.001833333333333333 0.00025 0.00025
1708 0.001833333333333333 0.00025 0.0002916666666666667
1709 0.001833333333333333 0.00025 0.0003333333333333333
1710 0.001833333333333333 0.00025 0.0003750000000000001
1711 0.001833333333333333 0.00025 0.0004166666666666667
1712 0.001833333333333333 0.00025 0.0004583333333333333
1713 0.001833333333333333 0.00025 0.0005
1714 0.001833333333333333 0.00025 0.0005416666666666668
1715 0.001833333333333333 0.00025 0.0005833333333333334
1716 0.001833333333333333 0.00025 0.000625
1717 0.001833333333333333 0.00025 0.0006666666666666666
1718 0.001833333333333333 0.00025 0.0007083333333333334
1719 0.001833333333333333 0.00025 0.0007500000000000001
1720 0.001833333333333333 0.00025 0.0007916666666666666
1721 0.001833333333333333 0.00025 0.0008333333333333334
1722 0.001833333333333333 0.00025 0.000875
1723 0.001833333333333333 0.00025 0.0009166666666666666
1724 0.001833333333333333 0.00025 0.0009583333333333333
1725 0.001833333333333333 0.00025 0.001
1726 0.001916666666666667 0 0
1727 0.001916666666666667 0 4.166666666666667e-05
1728 0.001916666666666667 0 8.333333333333333e-05
1729 0.001916666666666667 0 0.000125
1730 0.001916666666666667 0 0.0001666666666666667
1731 0.001916666666666667 0 0.0002083333333333333
1732 0.001916666666666667 0 0.00025
1733 0.001916666666666667 0 0.0002916666666666667
1734 0.001916666666666667 0 0.0003333333333333333
1735 0.001916666666666667 0 0.0003750000000000001
1736 0.001916666666666667 0 0.0004166666666666667
1737 0.001916666666666667 0 0.0004583333333333333
1738 0.001916666666666667 0 0.0005
1739 0.001916666666666667 0 0.0005416666666666668
1740 0.001916666666666667 0 0.0005833333333333334
1741 0.001916666666666667 0 0.000625
1742 0.001916666666666667 0 0.0006666666666666666
1743 0.001916666666666667 0 0.0007083333333333334
1744 0.001916666666666667 0 0.0007500000000000001
1745 0.001916666666666667 0 0.0007916666666666666
1746 0.001916666666666667 0 0.0008333333333333334
1747 0.001916666666666667 0 0.000875
1748 0.001916666666666667 0 0.0009166666666666666
1749 0.001916666666666667 0 0.0009583333333333333
1750 0.001916666666666667 0 0.001
1751 0.001916666666666667 0.000125 0
1752 0.001916666666666667 0.000125 4.166666666666667e-05
1753 0.001916666666666667 0.000125 8.333333333333333e-05
1754 0.001916666666666667 0.000125 0.000125
1755 0.001916666666666667 0.000125 0.0001666666666666667
1756 0.001916666666666667 0.000125 0.0002083333333333333
1757 0.001916666666666667 0.000125 0.00025
1758 0.001916666666666667 0.000125 0.0002916666666666667
1759 0.001916666666666667 0.000125 0.0003333333333333333
1760 0.001916666666666667 0.000125 0.0003750000000000001
1761 0.001916666666666667 0.000125 0.0004166666666666667
1762 0.001916666666666667 0.000125 0.0004583333333333333
1763 0.001916666666666667 0.000125 0.0005
1764 0.001916666666666667 0.000125 0.0005416666666666668
1765 0.001916666666666667 0.000125 0.0005833333333333334
1766 0.001916666666666667 0.000125 0.000625
1767 0.001916666666666667 0.000125 0.0006666666666666666
1768 0.001916666666666667 0.000125 0.0007083333333333334
1769 0.001916666666666667 0.000125 0.0007500000000000001
1770 0.001916666666666667 0.000125 0.0007916666666666666
1771 0.001916666666666667 0.000125 0.0008333333333333334
1772 0.001916666666666667 0.000125 0.000875
1773 0.001916666666666667 0.000125 0.0009166666666666666
1774 0.001916666666666667 0.000125 0.0009583333333333333
1775 0.001916666666666667 0.000125 0.001
1776 0.001916666666666667 0.00025 0
1777 0.001916666666666667 0.00025 4.166666666666667e-05
1778 0.001916666666666667 0.00025 8.333333333333333e-05
1779 0.001916666666666667 0.00025 0.000125
1780 0.001916666666666667 0.00025 0.0001666666666666667
1781 0.001916666666666667 0.00025 0.0002083333333333333
1782 0.001916666666666667 0.00025 0.00025
1783 0.001916666666666667 0.00025 0.0002916666666666667
1784 0.001916666666666667 0.00025 0.0003333333333333333
1785 0.001916666666666667 0.00025 0.0003750000000000001
1786 0.001916666666666667 0.00025 0.0004166666666666667
1787 0.001916666666666667 0.00025 0.0004583333333333333
1788 0.001916666666666667 0.00025 0.0005
1789 0.001916666666666667 0.00025 0.0005416666666666668
1790 0.001916666666666667 0.00025 0.0005833333333333334
1791 0.001916666666666667 0.00025 0.000625
1792 0.001916666666666667 0.00025 0.0006666666666666666
1793 0.001916666666666667 0.00025 0.0007083333333333334
1794 0.001916666666666667 0.00025 0.0007500000000000001
1795 0.001916666666666667 0.00025 0.0007916666666666666
1796 0.001916666666666667 0.00025 0.0008333333333333334
1797 0.001916666666666667 0.00025 0.000875
1798 0.001916666666666667 0.00025 0.0009166666666666666
1799 0.001916666666666667 0.00025 0.0009583333333333333
1800 0.001916666666666667 0.00025 0.001
1801 0.002 0 0
1802 0.002 0 4.166666666666667e-05
1803 0.002 0 8.333333333333333e-05
1804 0.002 0 0.000125
1805 0.002 0 0.0001666666666666667
1806 0.002 0 0.0002083333333333333
1807 0.002 0 0.00025
1808 0.002 0 0.0002916666666666667
1809 0.002 0 0.0003333333333333333
1810 0.002 0 0.0003750000000000001
1811 0.002 0 0.0004166666666666667
1812 0.002 0 0.0004583333333333333
1813 0.002 0 0.0005
1814 0.002 0 0.0005416666666666668
1815 0.002 0 0.0005833333333333334
1816 0.002 0 0.000625
1817 0.002 0 0.0006666666666666666
1818 0.002 0 0.0007083333333333334
1819 0.002 0 0.0007500000000000001
1820 0.002 0 0.0007916666666666666
1821 0.002 0 0.0008333333333333334
1822 0.002 0 0.000875
1823 0.002 0 0.0009166666666666666
1824 0.002 0 0.0009583333333333333
1825 0.002 0 0.001
1826 0.002 0.000125 0
1827 0.002 0.000125 4.166666666666667e-05
1828 0.002 0.000125 8.333333333333333e-05
1829 0.002 0.000125 0.000125
1830 0.002 0.000125 0.0001666666666666667
1831 0.002 0.000125 0.0002083333333333333
1832 0.002 0.000125 0.00025
1833 0.002 0.000125 0.0002916666666666667
1834 0.002 0.000125 0.0003333333333333333
1835 0.002 0.000125 0.0003750000000000001
1836 0.002 0.000125 0.0004166666666666667
1837 0.002 0.000125 0.0004583333333333333
1838 0.002 0.000125 0.0005
1839 0.002 0.000125 0.0005416666666666668
1840 0.002 0.000125 0.0005833333333333334
1841 0.002 0.000125 0.000625
1842 0.002 0.000125 0.0006666666666666666
1843 0.002 0.000125 0.0007083333333333334
1844 0.002 0.000125 0.0007500000000000001
1845 0.002 0.000125 0.0007916666666666666
1846 0.002 0.000125 0.0008333333333333334
1847 0.002 0.000125 0.000875
1848 0.002 0.000125 0.0009166666666666666
1849 0.002 0.000125 0.0009583333333333333
1850 0.002 0.000125 0.001
1851 0.002 0.00025 0
1852 0.002 0.00025 4.166666666666667e-05
1853 0.002 0.00025 8.333333333333333e-05
1854 0.002 0.00025 0.000125
1855 0.002 0.00025 0.0001666666666666667
1856 0.002 0.00025 0.0002083333333333333
1857 0.002 0.00025 0.00025
1858 0.002 0.00025 0.0002916666666666667
1859 0.002 0.00025 0.0003333333333333333
1860 0.002 0.00025 0.0003750000000000001
1861 0.002 0.00025 0.0004166666666666667
1862 0.002 0.00025 0.0004583333333333333
1863 0.002 0.00025 0.0005
1864 0.002 0.00025 0.0005416666666666668
1865 0.002 0.00025 0.0005833333333333334
1866 0.002 0.00025 0.000625
1867 0.002 0.00025 0.0006666666666666666
1868 0.002 0.00025 0.0007083333333333334
1869 0.002 0.00025 0.0007500000000000001
1870 0.002 0.00025 0.0007916666666666666
1871 0.002 0.00025 0.0008333333333333334
1872 0.002 0.00025 0.000875
1873 0.002 0.00025 0.0009166666666666666
1874 0.002 0.00025 0.0009583333333333333
1875 0.002 0.00025 0.001
$EndNodes
$Elements
2064
1 5 2 1 1 1 76 101 26 2 77 102 27
2 5 2 1 1 2 77 102 27 3 78 103 28
3 5 2 1 1 3 78 103 28 4 79 104 29
4 5 2 1 1 4 79 104 29 5 80 105 30
5 5 2 1 1 5 80 105 30 6 81 106 31
6 5 2 1 1 6 81 106 31 7 82 107 32
7 5 2 1 1 7 82 107 32 8 83 108 33
8 5 2 1 1 8 83 108 33 9 84 109 34
9 5 2 1 1 9 84 109 34 10 85 110 35
10 5 2 1 1 10 85 110 35 11 86 111 36
11 5 2 1 1 11 86 111 36 12 87 112 37
12 5 2 1 1 12 87 112 37 13 88 113 38
13 5 2 1 1 13 88 113 38 14 89 114 39
14 5 2 1 1 14 89 114 39 15 90 115 40
15 5 2 1 1 15 90 115 40 16 91 116 41
16 5 2 1 1 16 91 116 41 17 92 117 42
17 5 2 1 1 17 92 117 42 18 93 118 43
18 5 2 1 1 18 93 118 43 19 94 119 44
19 5 2 1 1 19 94 119 44 20 95 120 45
20 5 2 1 1 20 95 120 45 21 96 121 46
21 5 2 1 1 21 96 121 46 22 97 122 47
22 5 2 1 1 22 97 122 47 23 98 123 48
23 5 2 1 1 23 98 123 48 24 99 124 49
24 5 2 1 1 24 99 124 49 25 100 125 50
25 5 2 1 1 26 101 126 51 27 102 127 52
26 5 2 1 1 27 102 127 52 28 103 128 53
27 5 2 1 1 28 103 128 53 29 104 129 54
28 5 2 1 1 29 104 129 54 30 105 130 55
29 5 2 1 1 30 105 130 55 31 106 131 56
30 5 2 1 1 31 106 131 56 32 107 132 57
31 5 2 1 1 32 107 132 57 33 108 133 58
32 5 2 1 1 33 108 133 58 34 109 134 59
33 5 2 1 1 34 109 134 59 35 110 135 60
34 5 2 1 1 35 110 135 60 36 111 136 61
35 5 2 1 1 36 111 136 61 37 112 137 62
36 5 2 1 1 37 112 137 62 38 113 138 63
37 5 2 1 1 38 113 138 63 39 114 139 64
38 5 2 1 1 39 114 139 64 40 115 140 65
39 5 2 1 1 40 115 140 65 41 116 141 66
40 5 2 1 1 41 116 141 66 42 117 142 67
41 5 2 1 1 42 117 142 67 43 118 143 68
42 5 2 1 1 43 118 143 68 44 119 144 69
43 5 2 1 1 44 119 144 69 45 120 145 70
44 5 2 1 1 45 120 145 70 46 121 146 71
45 5 2 1 1 46 121 146 71 47 122 147 72
46 5 2 1 1 47 122 147 72 48 123 148 73
47 5 2 1 1 48 123 148 73 49 124 149 74
48 5 2 1 1 49 124 149 74 50 125 150 75
49 5 2 1 1 76 151 176 101 77 152 177 102
50 5 2 1 1 77 152 177 102 78 153 178 103
51 5 2 1 1 78 153 178 103 79 154 179 104
52 5 2 1 1 79 154 179 104 80 155 180 105
53 5 2 1 1 80 155 180 105 81 156 181 106
54 5 2 1 1 81 156 181 106 82 157 182 107
55 5 2 1 1 82 157 182 107 83 158 183 108
56 5 2 1 1 83 158 183 108 84 159 184 109
57 5 2 1 1 84 159 184 109 85 160 185 110
58 5 2 1 1 85 160 185 110 86 161 186 111
59 5 2 1 1 86 161 186 111 87 162 187 112
60 5 2 1 1 87 162 187 112 88 163 188 113
61 5 2 1 1 88 163 188 113 89 164 189 114
62 5 2 1 1 89 164 189 114 90 165 190 115
63 5 2 1 1 90 165 190 115 91 166 191 116
64 5 2 1 1 91 166 191 116 92 167 192 117
65 5 2 1 1 92 167 192 117 93 168 193 118
66 5 2 1 1 93 168 193 118 94 169 194 119
67 5 2 1 1 94 169 194 119 95 170 195 120
68 5 2 1 1 95 170 195 120 96 171 196 121
69 5 2 1 1 96 171 196 121 97 172 197 122
70 5 2 1 1 97 172 197 122 98 173 198 123
71 5 2 1 1 98 173 198 123 99 174 199 124
72 5 2 1 1 99 174 199 124 100 175 200 125
73 5 2 1 1 101 176 201 126 102 177 202 127
74 5 2 1 1 102 177 202 127 103 178 203 128
75 5 2 1 1 103 178 203 128 104 179 204 129
76 5 2 1 1 104 179 204 129 105 180 205 130
77 5 2 1 1 105 180 205 130 106 181 206 131
78 5 2 1 1 106 181 206 131 107 182 207 132
79 5 2 1 1 107 182 207 132 108 183 208 133
80 5 2 1 1 108 183 208 133 109 184 209 134
81 5 2 1 1 109 184 209 134 110 185 210 135
82 5 2 1 1 110 185 210 135 111 186 211 136
83 5 2 1 1 111 186 211 136 112 187 212 137
84 5 2 1 1 112 187 212 137 113 188 213 138
85 5 2 1 1 113 188 213 138 114 189 214 139
86 5 2 1 1 114 189 214 139 115 190 215 140
87 5 2 1 1 115 190 215 140 116 191 216 141
88 5 2 1 1 116 191 216 141 117 192 217 142
89 5 2 1 1 117 192 217 142 118 193 218 143
90 5 2 1 1 118 193 218 143 119 194 219 144
91 5 2 1 1 119 194 219 144 120 195 220 145
92 5 2 1 1 120 195 220 145 121 196 221 146
93 5 2 1 1 121 196 221 146 122 197 222 147
94 5 2 1 1 122 197 222 147 123 198 223 148
95 5 2 1 1 123 198 223 148 124 199 224 149
96 5 2 1 1 124 199 224 149 125 200 225 150
97 5 2 1 1 151 226 251 176 152 227 252 177
98 5 2 1 1 152 227 252 177 153 228 253 178
99 5 2 1 1 153 228 253 178 154 229 254 179
100 5 2 1 1 154 229 254 179 155 230 255 180
101 5 2 1 1 155 230 255 180 156 231 256 181
102 5 2 1 1 156 231 256 181 157 232 257 182
103 5 2 1 1 157 232 257 182 158 233 258 183
104 5 2 1 1 158 233 258 183 159 234 259 184
105 5 2 1 1 159 234 259 184 160 235 260 185
106 5 2 1 1 160 235 260 185 161 236 261 186
107 5 2 1 1 161 236 261 186 162 237 262 187
108 5 2 1 1 162 237 262 187 163 238 263 188
109 5 2 1 1 163 238 263 188 164 239 264 189
110 5 2 1 1 164 239 264 189 165 240 265 190
111 5 2 1 1 165 240 265 190 166 241 266 191
112 5 2 1 1 166 241 266 191 167 242 267 192
113 5 2 1 1 167 242 267 192 168 243 268 193
114 5 2 1 1 168 243 268 193 169 244 269 194
115 5 2 1 1 169 244 269 194 170 245 270 195
116 5 2 1 1 170 245 270 195 171 246 271 196
117 5 2 1 1 171 246 271 196 172 247 272 197
118 5 2 1 1 172 247 272 197 173 248 273 198
119 5 2 1 1 173 248 273 198 174 249 274 199
120 5 2 1 1 174 249 274 199 175 250 275 200
121 5 2 1 1 176 251 276 201 177 252 277 202
122 5 2 1 1 177 252 277 202 178 253 278 203
123 5 2 1 1 178 253 278 203 179 254 279 204
124 5 2 1 1 179 254 279 204 180 255 280 205
125 5 2 1 1 180 255 280 205 181 256 281 206
126 5 2 1 1 181 256 281 206 182 257 282 207
127 5 2 1 1 182 257 282 207 183 258 283 208
128 5 2 1 1 183 258 283 208 184 259 284 209
129 5 2 1 1 184 259 284 209 185 260 285 210
130 5 2 1 1 185 260 285 210 186 261 286 211
131 5 2 1 1 186 261 286 211 187 262 287 212
132 5 2 1 1 187 262 287 212 188 263 288 213
133 5 2 1 1 188 263 288 213 189 264 289 214
134 5 2 1 1 189 264 289 214 190 265 290 215
135 5 2 1 1 190 265 290 215 191 266 291 216
136 5 2 1 1 191 266 291 216 192 267 292 217
137 5 2 1 1 192 267 292 217 193 268 293 218
138 5 2 1 1 193 268 293 218 194 269 294 219
139 5 2 1 1 194 269 294 219 195 270 295 220
140 5 2 1 1 195 270 295 220 196 271 296 221
141 5 2 1 1 196 271 296 221 197 272 297 222
142 5 2 1 1 197 272 297 222 198 273 298 223
143 5 2 1 1 198 273 298 223 199 274 299 224
144 5 2 1 1 199 274 299 224 200 275 300 225
145 5 2 1 1 226 301 326 251 227 302 327 252
146 5 2 1 1 227 302 327 252 228 303 328 253
147 5 2 1 1 228 303 328 253 229 304 329 254
148 5 2 1 1 229 304 329 254 230 305 330 255
149 5 2 1 1 230 305 330 255 231 306 331 256
150 5 2 1 1 231 306 331 256 232 307 332 257
151 5 2 1 1 232 307 332 257 233 308 333 258
152 5 2 1 1 233 308 333 258 234 309 334 259
153 5 2 1 1 234 309 334 259 235 310 335 260
154 5 2 1 1 235 310 335 260 236 311 336 261
155 5 2 1 1 236 311 336 261 237 312 337 262
156 5 2 1 1 237 312 337 262 238 313 338 263
157 5 2 1 1 238 313 338 263 239 314 339 264
158 5 2 1 1 239 314 339 264 240 315 340 265
159 5 2 1 1 240 315 340 265 241 316 341 266
160 5 2 1 1 241 316 341 266 242 317 342 267
161 5 2 1 1 242 317 342 267 243 318 343 268
162 5 2 1 1 243 318 343 268 244 319 344 269
163 5 2 1 1 244 319 344 269 245 320 345 270
164 5 2 1 1 245 320 345 270 246 321 346 271
165 5 2 1 1 246 321 346 271 247 322 347 272
166 5 2 1 1 247 322 347 272 248 323 348 273
167 5 2 1 1 248 323 348 273 249 324 349 274
168 5 2 1 1 249 324 349 274 250 325 350 275
169 5 2 1 1 251 326 351 276 252 327 352 277
170 5 2 1 1 252 327 352 277 253 328 353 278
171 5 2 1 1 253 328 353 278 254 329 354 279
172 5 2 1 1 254 329 354 279 255 330 355 280
173 5 2 1 1 255 330 355 280 256 331 356 281
174 5 2 1 1 256 331 356 281 257 332 357 282
175 5 2 1 1 257 332 357 282 258 333 358 283
176 5 2 1 1 258 333 358 283 259 334 359 284
177 5 2 1 1 259 334 359 284 260 335 360 285
178 5 2 1 1 260 335 360 285 261 336 361 286
179 5 2 1 1 261 336 361 286 262 337 362 287
180 5 2 1 1 262 337 362 287 263 338 363 288
181 5 2 1 1 263 338 363 288 264 339 364 289
182 5 2 1 1 264 339 364 289 265 340 365 290
183 5 2 1 1 265 340 365 290 266 341 366 291
184 5 2 1 1 266 341 366 291 267 342 367 292
185 5 2 1 1 267 342 367 292 268 343 368 293
186 5 2 1 1 268 343 368 293 269 344 369 294
187 5 2 1 1 269 344 369 294 270 345 370 295
188 5 2 1 1 270 345 370 295 271 346 371 296
189 5 2 1 1 271 346 371 296 272 347 372 297
190 5 2 1 1 272 347 372 297 273 348 373 298
191 5 2 1 1 273 348 373 298 274 349 374 299
192 5 2 1 1 274 349 374 299 275 350 375 300
193 5 2 1 1 301 376 401 326 302 377 402 327
194 5 2 1 1 302 377 402 327 303 378 403 328
195 5 2 1 1 303 378 403 328 304 379 404 329
196 5 2 1 1 304 379 404 329 305 380 405 330
197 5 2 1 1 305 380 405 330 306 381 406 331
198 5 2 1 1 306 381 406 331 307 382 407 332
199 5 2 1 1 307 382 407 332 308 383 408 333
200 5 2 1 1 308 383 408 333 309 384 409 334
201 5 2 1 1 309 384 409 334 310 385 410 335
202 5 2 1 1 310 385 410 335 311 386 411 336
203 5 2 1 1 311 386 411 336 312 387 412 337
204 5 2 1 1 312 387 412 337 313 388 413 338
205 5 2 1 1 313 388 413 338 314 389 414 339
206 5 2 1 1 314 389 414 339 315 390 415 340
207 5 2 1 1 315 390 415 340 316 391 416 341
208 5 2 1 1 316 391 416 341 317 392 417 342
209 5 2 1 1 317 392 417 342 318 393 418 343
210 5 2 1 1 318 393 418 343 319 394 419 344
211 5 2 1 1 319 394 419 344 320 395 420 345
212 5 2 1 1 320 395 420 345 321 396 421 346
213 5 2 1 1 321 396 421 346 322 397 422 347
214 5 2 1 1 322 397 422 347 323 398 423 348
215 5 2 1 1 323 398 423 348 324 399 424 349
216 5 2 1 1 324 399 424 349 325 400 425 350
217 5 2 1 1 326 401 426 351 327 402 427 352
218 5 2 1 1 327 402 427 352 328 403 428 353
219 5 2 1 1 328 403 428 353 329 404 429 354
220 5 2 1 1 329 404 429 354 330 405 430 355
221 5 2 1 1 330 405 430 355 331 406 431 356
222 5 2 1 1 331 406 431 356 332 407 432 357
223 5 2 1 1 332 407 432 357 333 408 433 358
224 5 2 1 1 333 408 433 358 334 409 434 359
225 5 2 1 1 334 409 434 359 335 410 435 360
226 5 2 1 1 335 410 435 360 336 411 436 361
227 5 2 1 1 336 411 436 361 337 412 437 362
228 5 2 1 1 337 412 437 362 338 413 438 363
229 5 2 1 1 338 413 438 363 339 414 439 364
230 5 2 1 1 339 414 439 364 340 415 440 365
231 5 2 1 1 340 415 440 365 341 416 441 366
232 5 2 1 1 341 416 441 366 342 417 442 367
233 5 2 1 1 342 417 442 367 343 418 443 368
234 5 2 1 1 343 418 443 368 344 419 444 369
235 5 2 1 1 344 419 444 369 345 420 445 370
236 5 2 1 1 345 420 445 370 346 421 446 371
237 5 2 1 1 346 421 446 371 347 422 447 372
238 5 2 1 1 347 422 447 372 348 423 448 373
239 5 2 1 1 348 423 448 373 349 424 449 374
240 5 2 1 1 349 424 449 374 350 425 450 375
241 5 2 1 1 376 451 476 401 377 452 477 402
242 5 2 1 1 377 452 477 402 378 453 478 403
243 5 2 1 1 378 453 478 403 379 454 479 404
244 5 2 1 1 379 454 479 404 380 455 480 405
245 5 2 1 1 380 455 480 405 381 456 481 406
246 5 2 1 1 381 456 481 406 382 457 482 407
247 5 2 1 1 382 457 482 407 383 458 483 408
248 5 2 1 1 383 458 483 408 384 459 484 409
249 5 2 1 1 384 459 484 409 385 460 485 410
250 5 2 1 1 385 460 485 410 386 461 486 411
251 5 2 1 1 386 461 486 411 387 462 487 412
252 5 2 1 1 387 462 487 412 388 463 488 413
253 5 2 1 1 388 463 488 413 389 464 489 414
254 5 2 1 1 389 464 489 414 390 465 490 415
255 5 2 1 1 390 465 490 415 391 466 491 416
256 5 2 1 1 391 466 491 416 392 467 492 417
257 5 2 1 1 392 467 492 417 393 468 493 418
258 5 2 1 1 393 468 493 418 394 469 494 419
259 5 2 1 1 394 469 494 419 395 470 495 420
260 5 2 1 1 395 470 495 420 396 471 496 421
261 5 2 1 1 396 471 496 421 397 472 497 422
262 5 2 1 1 397 472 497 422 398 473 498 423
263 5 2 1 1 398 473 498 423 399 474 499 424
264 5 2 1 1 399 474 499 424 400 475 500 425
265 5 2 1 1 401 476 501 426 402 477 502 427
266 5 2 1 1 402 477 502 427 403 478 503 428
267 5 2 1 1 403 478 503 428 404 479 504 429
268 5 2 1 1 404 479 504 429 405 480 505 430
269 5 2 1 1 405 480 505 430 406 481 506 431
270 5 2 1 1 406 481 506 431 407 482 507 432
271 5 2 1 1 407 482 507 432 408 483 508 433
272 5 2 1 1 408 483 508 433 409 484 509 434
273 5 2 1 1 409 484 509 434 410 485 510 435
274 5 2 1 1 410 485 510 435 411 486 511 436
275 5 2 1 1 411 486 511 436 412 487 512 437
276 5 2 1 1 412 487 512 437 413 488 513 438
277 5 2 1 1 413 488 513 438 414 489 514 439
278 5 2 1 1 414 489 514 439 415 490 515 440
279 5 2 1 1 415 490 515 440 416 491 516 441
280 5 2 1 1 416 491 516 441 417 492 517 442
281 5 2 1 1 417 492 517 442 418 493 518 443
282 5 2 1 1 418 493 518 443 419 494 519 444
283 5 2 1 1 419 494 519 444 420 495 520 445
284 5 2 1 1 420 495 520 445 421 496 521 446
285 5 2 1 1 421 496 521 446 422 497 522 447
286 5 2 1 1 422 497 522 447 423 498 523 448
287 5 2 1 1 423 498 523 448 424 499 524 449
288 5 2 1 1 424 499 524 449 425 500 525 450
289 5 2 1 1 451 526 551 476 452 527 552 477
290 5 2 1 1 452 527 552 477 453 528 553 478
291 5 2 1 1 453 528 553 478 454 529 554 479
292 5 2 1 1 454 529 554 479 455 530 555 480
293 5 2 1 1 455 530 555 480 456 531 556 481
294 5 2 1 1 456 531 556 481 457 532 557 482
295 5 2 1 1 457 532 557 482 458 533 558 483
296 5 2 1 1 458 533 558 483 459 534 559 484
297 5 2 1 1 459 534 559 484 460 535 560 485
298 5 2 1 1 460 535 560 485 461 536 561 486
299 5 2 1 1 461 536 561 486 462 537 562 487
300 5 2 1 1 462 537 562 487 463 538 563 488
301 5 2 1 1 463 538 563 488 464 539 564 489
302 5 2 1 1 464 539 564 489 465 540 565 490
303 5 2 1 1 465 540 565 490 466 541 566 491
304 5 2 1 1 466 541 566 491 467 542 567 492
305 5 2 1 1 467 542 567 492 468 543 568 493
306 5 2 1 1 468 543 568 493 469 544 569 494
307 5 2 1 1 469 544 569 494 470 545 570 495
308 5 2 1 1 470 545 570 495 471 546 571 496
309 5 2 1 1 471 546 571 496 472 547 572 497
310 5 2 1 1 472 547 572 497 473 548 573 498
311 5 2 1 1 473 548 573 498 474 549 574 499
312 5 2 1 1 474 549 574 499 475 550 575 500
313 5 2 1 1 476 551 576 501 477 552 577 502
314 5 2 1 1 477 552 577 502 478 553 578 503
315 5 2 1 1 478 553 578 503 479 554 579 504
316 5 2 1 1 479 554 579 504 480 555 580 505
317 5 2 1 1 480 555 580 505 481 556 581 506
318 5 2 1 1 481 556 581 506 482 557 582 507
319 5 2 1 1 482 557 582 507 483 558 583 508
320 5 2 1 1 483 558 583 508 484 559 584 509
321 5 2 1 1 484 559 584 509 485 560 585 510
322 5 2 1 1 485 560 585 510 486 561 586 511
323 5 2 1 1 486 561 586 511 487 562 587 512
324 5 2 1 1 487 562 587 512 488 563 588 513
325 5 2 1 1 488 563 588 513 489 564 589 514
326 5 2 1 1 489 564 589 514 490 565 590 515
327 5 2 1 1 490 565 590 515 491 566 591 516
328 5 2 1 1 491 566 591 516 492 567 592 517
329 5 2 1 1 492 567 592 517 493 568 593 518
330 5 2 1 1 493 568 593 518 494 569 594 519
331 5 2 1 1 494 569 594 519 495 570 595 520
332 5 2 1 1 495 570 595 520 496 571 596 521
333 5 2 1 1 496 571 596 521 497 572 597 522
334 5 2 1 1 497 572 597 522 498 573 598 523
335 5 2 1 1 498 573 598 523 499 574 599 524
336 5 2 1 1 499 574 599 524 500 575 600 525
337 5 2 1 1 526 601 626 551 527 602 627 552
338 5 2 1 1 527 602 627 552 528 603 628 553
339 5 2 1 1 528 603 628 553 529 604 629 554
340 5 2 1 1 529 604 629 554 530 605 630 555
341 5 2 1 1 530 605 630 555 531 606 631 556
342 5 2 1 1 531 606 631 556 532 607 632 557
343 5 2 1 1 532 607 632 557 533 608 633 558
344 5 2 1 1 533 608 633 558 534 609 634 559
345 5 2 1 1 534 609 634 559 535 610 635 560
346 5 2 1 1 535 610 635 560 536 611 636 561
347 5 2 1 1 536 611 636 561 537 612 637 562
348 5 2 1 1 537 612 637 562 538 613 638 563
349 5 2 1 1 538 613 638 563 539 614 639 564
350 5 2 1 1 539 614 639 564 540 615 640 565
351 5 2 1 1 540 615 640 565 541 616 641 566
352 5 2 1 1 541 616 641 566 542 617 642 567
353 5 2 1 1 542 617 642 567 543 618 643 568
354 5 2 1 1 543 618 643 568 544 619 644 569
355 5 2 1 1 544 619 644 569 545 620 645 570
356 5 2 1 1 545 620 645 570 546 621 646 571
357 5 2 1 1 546 621 646 571 547 622 647 572
358 5 2 1 1 547 622 647 572 548 623 648 573
359 5 2 1 1 548 623 648 573 549 624 649 574
360 5 2 1 1 549 624 649 574 550 625 650 575
361 5 2 1 1 551 626 651 576 552 627 652 577
362 5 2 1 1 552 627 652 577 553 628 653 578
363 5 2 1 1 553 628 653 578 554 629 654 579
364 5 2 1 1 554 629 654 579 555 630 655 580
365 5 2 1 1 555 630 655 580 556 631 656 581
366 5 2 1 1 556 631 656 581 557 632 657 582
367 5 2 1 1 557 632 657 582 558 633 658 583
368 5 2 1 1 558 633 658 583 559 634 659 584
369 5 2 1 1 559 634 659 584 560 635 660 585
370 5 2 1 1 560 635 660 585 561 636 661 586
371 5 2 1 1 561 636 661 586 562 637 662 587
372 5 2 1 1 562 637 662 587 563 638 663 588
373 5 2 1 1 563 638 663 588 564 639 664 589
374 5 2 1 1 564 639 664 589 565 640 665 590
375 5 2 1 1 565 640 665 590 566 641 666 591
376 5 2 1 1 566 641 666 591 567 642 667 592
377 5 2 1 1 567 642 667 592 568 643 668 593
378 5 2 1 1 568 643 668 593 569 644 669 594
379 5 2 1 1 569 644 669 594 570 645 670 595
380 5 2 1 1 570 645 670 595 571 646 671 596
381 5 2 1 1 571 646 671 596 572 647 672 597
382 5 2 1 1 572 647 672 597 573 648 673 598
383 5 2 1 1 573 648 673 598 574 649 674 599
384 5 2 1 1 574 649 674 599 575 650 675 600
385 5 2 1 1 601 676 701 626 602 677 702 627
386 5 2 1 1 602 677 702 627 603 678 703 628
387 5 2 1 1 603 678 703 628 604 679 704 629
388 5 2 1 1 604 679 704 629 605 680 705 630
389 5 2 1 1 605 680 705 630 606 681 706 631
390 5 2 1 1 606 681 706 631 607 682 707 632
391 5 2 1 1 607 682 707 632 608 683 708 633
392 5 2 1 1 608 683 708 633 609 684 709 634
393 5 2 1 1 609 684 709 634 610 685 710 635
394 5 2 1 1 610 685 710 635 611 686 711 636
395 5 2 1 1 611 686 711 636 612 687 712 637
396 5 2 1 1 612 687 712 637 613 688 713 638
397 5 2 1 1 613 688 713 638 614 689 714 639
398 5 2 1 1 614 689 714 639 615 690 715 640
399 5 2 1 1 615 690 715 640 616 691 716 641
400 5 2 1 1 616 691 716 641 617 692 717 642
401 5 2 1 1 617 692 717 642 618 693 718 643
402 5 2 1 1 618 693 718 643 619 694 719 644
403 5 2 1 1 619 694 719 644 620 695 720 645
404 5 2 1 1 620 695 720 645 621 696 721 646
405 5 2 1 1 621 696 721 646 622 697 722 647
406 5 2 1 1 622 697 722 647 623 698 723 648
407 5 2 1 1 623 698 723 648 624 699 724 649
408 5 2 1 1 624 699 724 649 625 700 725 650
409 5 2 1 1 626 701 726 651 627 702 727 652
410 5 2 1 1 627 702 727 652 628 703 728 653
411 5 2 1 1 628 703 728 653 629 704 729 654
412 5 2 1 1 629 704 729 654 630 705 730 655
413 5 2 1 1 630 705 730 655 631 706 731 656
414 5 2 1 1 631 706 731 656 632 707 732 657
415 5 2 1 1 632 707 732 657 633 708 733 658
416 5 2 1 1 633 708 733 658 634 709 734 659
417 5 2 1 1 634 709 734 659 635 710 735 660
418 5 2 1 1 635 710 735 660 636 711 736 661
419 5 2 1 1 636 711 736 661 637 712 737 662
420 5 2 1 1 637 712 737 662 638 713 738 663
421 5 2 1 1 638 713 738 663 639 714 739 664
422 5 2 1 1 639 714 739 664 640 715 740 665
423 5 2 1 1 640 715 740 665 641 716 741 666
424 5 2 1 1 641 716 741 666 642 717 742 667
425 5 2 1 1 642 717 742 667 643 718 743 668
426 5 2 1 1 643 718 743 668 644 719 744 669
427 5 2 1 1 644 719 744 669 645 720 745 670
428 5 2 1 1 645 720 745 670 646 721 746 671
429 5 2 1 1 646 721 746 671 647 722 747 672
430 5 2 1 1 647 722 747 672 648 723 748 673
431 5 2 1 1 648 723 748 673 649 724 749 674
432 5 2 1 1 649 724 749 674 650 725 750 675
433 5 2 1 1 676 751 776 701 677 752 777 702
434 5 2 1 1 677 752 777 702 678 753 778 703
435 5 2 1 1 678 753 778 703 679 754 779 704
436 5 2 1 1 679 754 779 704 680 755 780 705
437 5 2 1 1 680 755 780 705 681 756 781 706
438 5 2 1 1 681 756 781 706 682 757 782 707
439 5 2 1 1 682 757 782 707 683 758 783 708
440 5 2 1 1 683 758 783 708 684 759 784 709
441 5 2 1 1 684 759 784 709 685 760 785 710
442 5 2 1 1 685 760 785 710 686 761 786 711
443 5 2 1 1 686 761 786 711 687 762 787 712
444 5 2 1 1 687 762 787 712 688 763 788 713
445 5 2 1 1 688 763 788 713 689 764 789 714
446 5 2 1 1 689 764 789 714 690 765 790 715
447 5 2 1 1 690 765 790 715 691 766 791 716
448 5 2 1 1 691 766 791 716 692 767 792 717
449 5 2 1 1 692 767 792 717 693 768 793 718
450 5 2 1 1 693 768 793 718 694 769 794 719
451 5 2 1 1 694 769 794 719 695 770 795 720
452 5 2 1 1 695 770 795 720 696 771 796 721
453 5 2 1 1 696 771 796 721 697 772 797 722
454 5 2 1 1 697 772 797 722 698 773 798 723
455 5 2 1 1 698 773 798 723 699 774 799 724
456 5 2 1 1 699 774 799 724 700 775 800 725
457 5 2 1 1 701 776 801 726 702 777 802 727
458 5 2 1 1 702 777 802 727 703 778 803 728
459 5 2 1 1 703 778 803 728 704 779 804 729
460 5 2 1 1 704 779 804 729 705 780 805 730
461 5 2 1 1 705 780 805 730 706 781 806 731
462 5 2 1 1 706 781 806 731 707 782 807 732
463 5 2 1 1 707 782 807 732 708 783 808 733
464 5 2 1 1 708 783 808 733 709 784 809 734
465 5 2 1 1 709 784 809 734 710 785 810 735
466 5 2 1 1 710 785 810 735 711 786 811 736
467 5 2 1 1 711 786 811 736 712 787 812 737
468 5 2 1 1 712 787 812 737 713 788 813 738
469 5 2 1 1 713 788 813 738 714 789 814 739
470 5 2 1 1 714 789 814 739 715 790 815 740
471 5 2 1 1 715 790 815 740 716 791 816 741
472 5 2 1 1 716 791 816 741 717 792 817 742
473 5 2 1 1 717 792 817 742 718 793 818 743
474 5 2 1 1 718 793 818 743 719 794 819 744
475 5 2 1 1 719 794 819 744 720 795 820 745
476 5 2 1 1 720 795 820 745 721 796 821 746
477 5 2 1 1 721 796 821 746 722 797 822 747
478 5 2 1 1 722 797 822 747 723 798 823 748
479 5 2 1 1 723 798 823 748 724 799 824 749
480 5 2 1 1 724 799 824 749 725 800 825 750
481 5 2 1 1 751 826 851 776 752 827 852 777
482 5 2 1 1 752 827 852 777 753 828 853 778
483 5 2 1 1 753 828 853 778 754 829 854 779
484 5 2 1 1 754 829 854 779 755 830 855 780
485 5 2 1 1 755 830 855 780 756 831 856 781
486 5 2 1 1 756 831 856 781 757 832 857 782
487 5 2 1 1 757 832 857 782 758 833 858 783
488 5 2 1 1 758 833 858 783 759 834 859 784
489 5 2 1 1 759 834 859 784 760 835 860 785
490 5 2 1 1 760 835 860 785 761 836 861 786
491 5 2 1 1 761 836 861 786 762 837 862 787
492 5 2 1 1 762 837 862 787 763 838 863 788
493 5 2 1 1 763 838 863 788 764 839 864 789
494 5 2 1 1 764 839 864 789 765 840 865 790
495 5 2 1 1 765 840 865 790 766 841 866 791
496 5 2 1 1 766 841 866 791 767 842 867 792
497 5 2 1 1 767 842 867 792 768 843 868 793
498 5 2 1 1 768 843 868 793 769 844 869 794
499 5 2 1 1 769 844 869 794 770 845 870 795
500 5 2 1 1 770 845 870 795 771 846 871 796
501 5 2 1 1 771 846 871 796 772 847 872 797
502 5 2 1 1 772 847 872 797 773 848 873 798
503 5 2 1 1 773 848 873 798 774 849 874 799
504 5 2 1 1 774 849 874 799 775 850 875 800
505 5 2 1 1 776 851 876 801 777 852 877 802
506 5 2 1 1 777 852 877 802 778 853 878 803
507 5 2 1 1 778 853 878 803 779 854 879 804
508 5 2 1 1 779 854 879 804 780 855 880 805
509 5 2 1 1 780 855 880 805 781 856 881 806
510 5 2 1 1 781 856 881 806 782 857 882 807
511 5 2 1 1 782 857 882 807 783 858 883 808
512 5 2 1 1 783 858 883 808 784 859 884 809
513 5 2 1 1 784 859 884 809 785 860 885 810
514 5 2 1 1 785 860 885 810 786 861 886 811
515 5 2 1 1 786 861 886 811 787 862 887 812
516 5 2 1 1 787 862 887 812 788 863 888 813
517 5 2 1 1 788 863 888 813 789 864 889 814
518 5 2 1 1 789 864 889 814 790 865 890 815
519 5 2 1 1 790 865 890 815 791 866 891 816
520 5 2 1 1 791 866 891 816 792 867 892 817
521 5 2 1 1 792 867 892 817 793 868 893 818
522 5 2 1 1 793 868 893 818 794 869 894 819
523 5 2 1 1 794 869 894 819 795 870 895 820
524 5 2 1 1 795 870 895 820 796 871 896 821
525 5 2 1 1 796 871 896 821 797 872 897 822
526 5 2 1 1 797 872 897 822 798 873 898 823
527 5 2 1 1 798 873 898 823 799 874 899 824
528 5 2 1 1 799 874 899 824 800 875 900 825
529 5 2 1 1 826 901 926 851 827 902 927 852
530 5 2 1 1 827 902 927 852 828 903 928 853
531 5 2 1 1 828 903 928 853 829 904 929 854
532 5 2 1 1 829 904 929 854 830 905 930 855
533 5 2 1 1 830 905 930 855 831 906 931 856
534 5 2 1 1 831 906 931 856 832 907 932 857
535 5 2 1 1 832 907 932 857 833 908 933 858
536 5 2 1 1 833 908 933 858 834 909 934 859
537 5 2 1 1 834 909 934 859 835 910 935 860
538 5 2 1 1 835 910 935 860 836 911 936 861
539 5 2 1 1 836 911 936 861 837 912 937 862
540 5 2 1 1 837 912 937 862 838 913 938 863
541 5 2 1 1 838 913 938 863 839 914 939 864
542 5 2 1 1 839 914 939 864 840 915 940 865
543 5 2 1 1 840 915 940 865 841 916 941 866
544 5 2 1 1 841 916 941 866 842 917 942 867
545 5 2 1 1 842 917 942 867 843 918 943 868
546 5 2 1 1 843 918 943 868 844 919 944 869
547 5 2 1 1 844 919 944 869 845 920 945 870
548 5 2 1 1 845 920 945 870 846 921 946 871
549 5 2 1 1 846 921 946 871 847 922 947 872
550 5 2 1 1 847 922 947 872 848 923 948 873
551 5 2 1 1 848 923 948 873 849 924 949 874
552 5 2 1 1 849 924 949 874 850 925 950 875
553 5 2 1 1 851 926 951 876 852 927 952 877
554 5 2 1 1 852 927 952 877 853 928 953 878
555 5 2 1 1 853 928 953 878 854 929 954 879
556 5 2 1 1 854 929 954 879 855 930 955 880
557 5 2 1 1 855 930 955 880 856 931 956 881
558 5 2 1 1 856 931 956 881 857 932 957 882
559 5 2 1 1 857 932 957 882 858 933 958 883
560 5 2 1 1 858 933 958 883 859 934 959 884
561 5 2 1 1 859 934 959 884 860 935 960 885
562 5 2 1 1 860 935 960 885 861 936 961 886
563 5 2 1 1 861 936 961 886 862 937 962 887
564 5 2 1 1 862 937 962 887 863 938 963 888
565 5 2 1 1 863 938 963 888 864 939 964 889
566 5 2 1 1 864 939 964 889 865 940 965 890
567 5 2 1 1 865 940 965 890 866 941 966 891
568 5 2 1 1 866 941 966 891 867 942 967 892
569 5 2 1 1 867 942 967 892 868 943 968 893
570 5 2 1 1 868 943 968 893 869 944 969 894
571 5 2 1 1 869 944 969 894 870 945 970 895
572 5 2 1 1 870 945 970 895 871 946 971 896
573 5 2 1 1 871 946 971 896 872 947 972 897
574 5 2 1 1 872 947 972 897 873 948 973 898
575 5 2 1 1 873 948 973 898 874 949 974 899
576 5 2 1 1 874 949 974 899 875 950 975 900
577 6 2 2 2 901 976 1001 902 977 1002
578 6 2 2 2 901 1001 926 902 1002 927
579 6 2 2 2 902 977 1002 903 978 1003
580 6 2 2 2 902 1002 927 903 1003 928
581 6 2 2 2 903 978 1003 904 979 1004
582 6 2 2 2 903 1003 928 904 1004 929
583 6 2 2 2 904 979 1004 905 980 1005
584 6 2 2 2 904 1004 929 905 1005 930
585 6 2 2 2 905 980 1005 906 981 1006
586 6 2 2 2 905 1005 930 906 1006 931
587 6 2 2 2 906 981 1006 907 982 1007
588 6 2 2 2 906 1006 931 907 1007 932
589 6 2 2 2 907 982 1007 908 983 1008
590 6 2 2 2 907 1007 932 908 1008 933
591 6 2 2 2 908 983 1008 909 984 1009
592 6 2 2 2 908 1008 933 909 1009 934
593 6 2 2 2 909 984 1009 910 985 1010
594 6 2 2 2 909 1009 934 910 1010 935
595 6 2 2 2 910 985 1010 911 986 1011
596 6 2 2 2 910 1010 935 911 1011 936
597 6 2 2 2 911 986 1011 912 987 1012
598 6 2 2 2 911 1011 936 912 1012 937
599 6 2 2 2 912 987 1012 913 988 1013
600 6 2 2 2 912 1012 937 913 1013 938
601 6 2 2 2 913 988 1013 914 989 1014
602 6 2 2 2 913 1013 938 914 1014 939
603 6 2 2 2 914 989 1014 915 990 1015
604 6 2 2 2 914 1014 939 915 1015 940
605 6 2 2 2 915 990 1015 916 991 1016
606 6 2 2 2 915 1015 940 916 1016 941
607 6 2 2 2 916 991 1016 917 992 1017
608 6 2 2 2 916 1016 941 917 1017 942
609 6 2 2 2 917 992 1017 918 993 1018
610 6 2 2 2 917 1017 942 918 1018 943
611 6 2 2 2 918 993 1018 919 994 1019
612 6 2 2 2 918 1018 943 919 1019 944
613 6 2 2 2 919 994 1019 920 995 1020
614 6 2 2 2 919 1019 944 920 1020 945
615 6 2 2 2 920 995 1020 921 996 1021
616 6 2 2 2 920 1020 945 921 1021 946
617 6 2 2 2 921 996 1021 922 997 1022
618 6 2 2 2 921 1021 946 922 1022 947
619 6 2 2 2 922 997 1022 923 998 1023
620 6 2 2 2 922 1022 947 923 1023 948
621 6 2 2 2 923 998 1023 924 999 1024
622 6 2 2 2 923 1023 948 924 1024 949
623 6 2 2 2 924 999 1024 925 1000 1025
624 6 2 2 2 924 1024 949 925 1025 950
625 6 2 2 2 926 1001 1026 927 1002 1027
626 6 2 2 2 926 1026 951 927 1027 952
627 6 2 2 2 927 1002 1027 928 1003 1028
628 6 2 2 2 927 1027 952 928 1028 953
629 6 2 2 2 928 1003 1028 929 1004 1029
630 6 2 2 2 928 1028 953 929 1029 954
631 6 2 2 2 929 1004 1029 930 1005 1030
632 6 2 2 2 929 1029 954 930 1030 955
633 6 2 2 2 930 1005 1030 931 1006 1031
634 6 2 2 2 930 1030 955 931 1031 956
635 6 2 2 2 931 1006 1031 932 1007 1032
636 6 2 2 2 931 1031 956 932 1032 957
637 6 2 2 2 932 1007 1032 933 1008 1033
638 6 2 2 2 932 1032 957 933 1033 958
639 6 2 2 2 933 1008 1033 934 1009 1034
640 6 2 2 2 933 1033 958 934 1034 959
641 6 2 2 2 934 1009 1034 935 1010 1035
642 6 2 2 2 934 1034 959 935 1035 960
643 6 2 2 2 935 1010 1035 936 1011 1036
644 6 2 2 2 935 1035 960 936 1036 961
645 6 2 2 2 936 1011 1036 937 1012 1037
646 6 2 2 2 936 1036 961 937 1037 962
647 6 2 2 2 937 1012 1037 938 1013 1038
648 6 2 2 2 937 1037 962 938 1038 963
649 6 2 2 2 938 1013 1038 939 1014 1039
650 6 2 2 2 938 1038 963 939 1039 964
651 6 2 2 2 939 1014 1039 940 1015 1040
652 6 2 2 2 939 1039 964 940 1040 965
653 6 2 2 2 940 1015 1040 941 1016 1041
654 6 2 2 2 940 1040 965 941 1041 966
655 6 2 2 2 941 1016 1041 942 1017 1042
656 6 2 2 2 941 1041 966 942 1042 967
657 6 2 2 2 942 1017 1042 943 1018 1043
658 6 2 2 2 942 1042 967 943 1043 968
659 6 2 2 2 943 1018 1043 944 1019 1044
660 6 2 2 2 943 1043 968 944 1044 969
661 6 2 2 2 944 1019 1044 945 1020 1045
662 6 2 2 2 944 1044 969 945 1045 970
663 6 2 2 2 945 1020 1045 946 1021 1046
664 6 2 2 2 945 1045 970 946 1046 971
665 6 2 2 2 946 1021 1046 947 1022 1047
666 6 2 2 2 946 1046 971 947 1047 972
667 6 2 2 2 947 1022 1047 948 1023 1048
668 6 2 2 2 947 1047 972 948 1048 973
669 6 2 2 2 948 1023 1048 949 1024 1049
670 6 2 2 2 948 1048 973 949 1049 974
671 6 2 2 2 949 1024 1049 950 1025 1050
672 6 2 2 2 949 1049 974 950 1050 975
673 6 2 2 2 976 1051 1076 977 1052 1077
674 6 2 2 2 976 1076 1001 977 1077 1002
675 6 2 2 2 977 1052 1077 978 1053 1078
676 6 2 2 2 977 1077 1002 978 1078 1003
677 6 2 2 2 978 1053 1078 979 1054 1079
678 6 2 2 2 978 1078 1003 979 1079 1004
679 6 2 2 2 979 1054 1079 980 1055 1080
680 6 2 2 2 979 1079 1004 980 1080 1005
681 6 2 2 2 980 1055 1080 981 1056 1081
682 6 2 2 2 980 1080 1005 981 1081 1006
683 6 2 2 2 981 1056 1081 982 1057 1082
684 6 2 2 2 981 1081 1006 982 1082 1007
685 6 2 2 2 982 1057 1082 983 1058 1083
686 6 2 2 2 982 1082 1007 983 1083 1008
687 6 2 2 2 983 1058 1083 984 1059 1084
688 6 2 2 2 983 1083 1008 984 1084 1009
689 6 2 2 2 984 1059 1084 985 1060 1085
690 6 2 2 2 984 1084 1009 985 1085 1010
691 6 2 2 2 985 1060 1085 986 1061 1086
692 6 2 2 2 985 1085 1010 986 1086 1011
693 6 2 2 2 986 1061 1086 987 1062 1087
694 6 2 2 2 986 1086 1011 987 1087 1012
695 6 2 2 2 987 1062 1087 988 1063 1088
696 6 2 2 2 987 1087 1012 988 1088 1013
697 6 2 2 2 988 1063 1088 989 1064 1089
698 6 2 2 2 988 1088 1013 989 1089 1014
699 6 2 2 2 989 1064 1089 990 1065 1090
700 6 2 2 2 989 1089 1014 990 1090 1015
701 6 2 2 2 990 1065 1090 991 1066 1091
702 6 2 2 2 990 1090 1015 991 1091 1016
703 6 2 2 2 991 1066 1091 992 1067 1092
704 6 2 2 2 991 1091 1016 992 1092 1017
705 6 2 2 2 992 1067 1092 993 1068 1093
706 6 2 2 2 992 1092 1017 993 1093 1018
707 6 2 2 2 993 1068 1093 994 1069 1094
708 6 2 2 2 993 1093 1018 994 1094 1019
709 6 2 2 2 994 1069 1094 995 1070 1095
710 6 2 2 2 994 1094 1019 995 1095 1020
711 6 2 2 2 995 1070 1095 996 1071 1096
712 6 2 2 2 995 1095 1020 996 1096 1021
713 6 2 2 2 996 1071 1096 997 1072 1097
714 6 2 2 2 996 1096 1021 997 1097 1022
715 6 2 2 2 997 1072 1097 998 1073 1098
716 6 2 2 2 997 1097 1022 998 1098 1023
717 6 2 2 2 998 1073 1098 999 1074 1099
718 6 2 2 2 998 1098 1023 999 1099 1024
719 6 2 2 2 999 1074 1099 1000 1075 1100
720 6 2 2 2 999 1099 1024 1000 1100 1025
721 6 2 2 2 1001 1076 1101 1002 1077 1102
722 6 2 2 2 1001 1101 1026 1002 1102 1027
723 6 2 2 2 1002 1077 1102 1003 1078 1103
724 6 2 2 2 1002 1102 1027 1003 1103 1028
725 6 2 2 2 1003 1078 1103 1004 1079 1104
726 6 2 2 2 1003 1103 1028 1004 1104 1029
727 6 2 2 2 1004 1079 1104 1005 1080 1105
728 6 2 2 2 1004 1104 1029 1005 1105 1030
729 6 2 2 2 1005 1080 1105 1006 1081 1106
730 6 2 2 2 1005 1105 1030 1006 1106 1031
731 6 2 2 2 1006 1081 1106 1007 1082 1107
732 6 2 2 2 1006 1106 1031 1007 1107 1032
733 6 2 2 2 1007 1082 1107 1008 1083 1108
734 6 2 2 2 1007 1107 1032 1008 1108 1033
735 6 2 2 2 1008 1083 1108 1009 1084 1109
736 6 2 2 2 1008 1108 1033 1009 1109 1034
737 6 2 2 2 1009 1084 1109 1010 1085 1110
738 6 2 2 2 1009 1109 1034 1010 1110 1035
739 6 2 2 2 1010 1085 1110 1011 1086 1111
740 6 2 2 2 1010 1110 1035 1011 1111 1036
741 6 2 2 2 1011 1086 1111 1012 1087 1112
742 6 2 2 2 1011 1111 1036 1012 1112 1037
743 6 2 2 2 1012 1087 1112 1013 1088 1113
744 6 2 2 2 1012 1112 1037 1013 1113 1038
745 6 2 2 2 1013 1088 1113 1014 1089 1114
746 6 2 2 2 1013 1113 1038 1014 1114 1039
747 6 2 2 2 1014 1089 1114 1015 1090 1115
748 6 2 2 2 1014 1114 1039 1015 1115 1040
749 6 2 2 2 1015 1090 1115 1016 1091 1116
750 6 2 2 2 1015 1115 1040 1016 1116 1041
751 6 2 2 2 1016 1091 1116 1017 1092 1117
752 6 2 2 2 1016 1116 1041 1017 1117 1042
753 6 2 2 2 1017 1092 1117 1018 1093 1118
754 6 2 2 2 1017 1117 1042 1018 1118 1043
755 6 2 2 2 1018 1093 1118 1019 1094 1119
756 6 2 2 2 1018 1118 1043 1019 1119 1044
757 6 2 2 2 1019 1094 1119 1020 1095 1120
758 6 2 2 2 1019 1119 1044 1020 1120 1045
759 6 2 2 2 1020 1095 1120 1021 1096 1121
760 6 2 2 2 1020 1120 1045 1021 1121 1046
761 6 2 2 2 1021 1096 1121 1022 1097 1122
762 6 2 2 2 1021 1121 1046 1022 1122 1047
763 6 2 2 2 1022 1097 1122 1023 1098 1123
764 6 2 2 2 1022 1122 1047 1023 1123 1048
765 6 2 2 2 1023 1098 1123 1024 1099 1124
766 6 2 2 2 1023 1123 1048 1024 1124 1049
767 6 2 2 2 1024 1099 1124 1025 1100 1125
768 6 2 2 2 1024 1124 1049 1025 1125 1050
769 6 2 2 2 1051 1126 1151 1052 1127 1152
770 6 2 2 2 1051 1151 1076 1052 1152 1077
771 6 2 2 2 1052 1127 1152 1053 1128 1153
772 6 2 2 2 1052 1152 1077 1053 1153 1078
773 6 2 2 2 1053 1128 1153 1054 1129 1154
774 6 2 2 2 1053 1153 1078 1054 1154 1079
775 6 2 2 2 1054 1129 1154 1055 1130 1155
776 6 2 2 2 1054 1154 1079 1055 1155 1080
777 6 2 2 2 1055 1130 1155 1056 1131 1156
778 6 2 2 2 1055 1155 1080 1056 1156 1081
779 6 2 2 2 1056 1131 1156 1057 1132 1157
780 6 2 2 2 1056 1156 1081 1057 1157 1082
781 6 2 2 2 1057 1132 1157 1058 1133 1158
782 6 2 2 2 1057 1157 1082 1058 1158 1083
783 6 2 2 2 1058 1133 1158 1059 1134 1159
784 6 2 2 2 1058 1158 1083 1059 1159 1084
785 6 2 2 2 1059 1134 1159 1060 1135 1160
786 6 2 2 2 1059 1159 1084 1060 1160 1085
787 6 2 2 2 1060 1135 1160 1061 1136 1161
788 6 2 2 2 1060 1160 1085 1061 1161 1086
789 6 2 2 2 1061 1136 1161 1062 1137 1162
790 6 2 2 2 1061 1161 1086 1062 1162 1087
791 6 2 2 2 1062 1137 1162 1063 1138 1163
792 6 2 2 2 1062 1162 1087 1063 1163 1088
793 6 2 2 2 1063 1138 1163 1064 1139 1164
794 6 2 2 2 1063 1163 1088 1064 1164 1089
795 6 2 2 2 1064 1139 1164 1065 1140 1165
796 6 2 2 2 1064 1164 1089 1065 1165 1090
797 6 2 2 2 1065 1140 1165 1066 1141 1166
798 6 2 2 2 1065 1165 1090 1066 1166 1091
799 6 2 2 2 1066 1141 1166 1067 1142 1167
800 6 2 2 2 1066 1166 1091 1067 1167 1092
801 6 2 2 2 1067 1142 1167 1068 1143 1168
802 6 2 2 2 1067 1167 1092 1068 1168 1093
803 6 2 2 2 1068 1143 1168 1069 1144 1169
804 6 2 2 2 1068 1168 1093 1069 1169 1094
805 6 2 2 2 1069 1144 1169 1070 1145 1170
806 6 2 2 2 1069 1169 1094 1070 1170 1095
807 6 2 2 2 1070 1145 1170 1071 1146 1171
808 6 2 2 2 1070 1170 1095 1071 1171 1096
809 6 2 2 2 1071 1146 1171 1072 1147 1172
810 6 2 2 2 1071 1171 1096 1072 1172 1097
811 6 2 2 2 1072 1147 1172 1073 1148 1173
812 6 2 2 2 1072 1172 1097 1073 1173 1098
813 6 2 2 2 1073 1148 1173 1074 1149 1174
814 6 2 2 2 1073 1173 1098 1074 1174 1099
815 6 2 2 2 1074 1149 1174 1075 1150 1175
816 6 2 2 2 1074 1174 1099 1075 1175 1100
817 6 2 2 2 1076 1151 1176 1077 1152 1177
818 6 2 2 2 1076 1176 1101 1077 1177 1102
819 6 2 2 2 1077 1152 1177 1078 1153 1178
820 6 2 2 2 1077 1177 1102 1078 1178 1103
821 6 2 2 2 1078 1153 1178 1079 1154 1179
822 6 2 2 2 1078 1178 1103 1079 1179 1104
823 6 2 2 2 1079 1154 1179 1080 1155 1180
824 6 2 2 2 1079 1179 1104 1080 1180 1105
825 6 2 2 2 1080 1155 1180 1081 1156 1181
826 6 2 2 2 1080 1180 1105 1081 1181 1106
827 6 2 2 2 1081 1156 1181 1082 1157 1182
828 6 2 2 2 1081 1181 1106 1082 1182 1107
829 6 2 2 2 1082 1157 1182 1083 1158 1183
830 6 2 2 2 1082 1182 1107 1083 1183 1108
831 6 2 2 2 1083 1158 1183 1084 1159 1184
832 6 2 2 2 1083 1183 1108 1084 1184 1109
833 6 2 2 2 1084 1159 1184 1085 1160 1185
834 6 2 2 2 1084 1184 1109 1085 1185 1110
835 6 2 2 2 1085 1160 1185 1086 1161 1186
836 6 2 2 2 1085 1185 1110 1086 1186 1111
837 6 2 2 2 1086 1161 1186 1087 1162 1187
838 6 2 2 2 1086 1186 1111 1087 1187 1112
839 6 2 2 2 1087 1162 1187 1088 1163 1188
840 6 2 2 2 1087 1187 1112 1088 1188 1113
841 6 2 2 2 1088 1163 1188 1089 1164 1189
842 6 2 2 2 1088 1188 1113 1089 1189 1114
843 6 2 2 2 1089 1164 1189 1090 1165 1190
844 6 2 2 2 1089 1189 1114 1090 1190 1115
845 6 2 2 2 1090 1165 1190 1091 1166 1191
846 6 2 2 2 1090 1190 1115 1091 1191 1116
847 6 2 2 2 1091 1166 1191 1092 1167 1192
848 6 2 2 2 1091 1191 1116 1092 1192 1117
849 6 2 2 2 1092 1167 1192 1093 1168 1193
850 6 2 2 2 1092 1192 1117 1093 1193 1118
851 6 2 2 2 1093 1168 1193 1094 1169 1194
852 6 2 2 2 1093 1193 1118 1094 1194 1119
853 6 2 2 2 1094 1169 1194 1095 1170 1195
854 6 2 2 2 1094 1194 1119 1095 1195 1120
855 6 2 2 2 1095 1170 1195 1096 1171 1196
856 6 2 2 2 1095 1195 1120 1096 1196 1121
857 6 2 2 2 1096 1171 1196 1097 1172 1197
858 6 2 2 2 1096 1196 1121 1097 1197 1122
859 6 2 2 2 1097 1172 1197 1098 1173 1198
860 6 2 2 2 1097 1197 1122 1098 1198 1123
861 6 2 2 2 1098 1173 1198 1099 1174 1199
862 6 2 2 2 1098 1198 1123 1099 1199 1124
863 6 2 2 2 1099 1174 1199 1100 1175 1200
864 6 2 2 2 1099 1199 1124 1100 1200 1125
865 6 2 2 2 1126 1201 1226 1127 1202 1227
866 6 2 2 2 1126 1226 1151 1127 1227 1152
867 6 2 2 2 1127 1202 1227 1128 1203 1228
868 6 2 2 2 1127 1227 1152 1128 1228 1153
869 6 2 2 2 1128 1203 1228 1129 1204 1229
870 6 2 2 2 1128 1228 1153 1129 1229 1154
871 6 2 2 2 1129 1204 1229 1130 1205 1230
872 6 2 2 2 1129 1229 1154 1130 1230 1155
873 6 2 2 2 1130 1205 1230 1131 1206 1231
874 6 2 2 2 1130 1230 1155 1131 1231 1156
875 6 2 2 2 1131 1206 1231 1132 1207 1232
876 6 2 2 2 1131 1231 1156 1132 1232 1157
877 6 2 2 2 1132 1207 1232 1133 1208 1233
878 6 2 2 2 1132 1232 1157 1133 1233 1158
879 6 2 2 2 1133 1208 1233 1134 1209 1234
880 6 2 2 2 1133 1233 1158 1134 1234 1159
881 6 2 2 2 1134 1209 1234 1135 1210 1235
882 6 2 2 2 1134 1234 1159 1135 1235 1160
883 6 2 2 2 1135 1210 1235 1136 1211 1236
884 6 2 2 2 1135 1235 1160 1136 1236 1161
885 6 2 2 2 1136 1211 1236 1137 1212 1237
886 6 2 2 2 1136 1236 1161 1137 1237 1162
887 6 2 2 2 1137 1212 1237 1138 1213 1238
888 6 2 2 2 1137 1237 1162 1138 1238 1163
889 6 2 2 2 1138 1213 1238 1139 1214 1239
890 6 2 2 2 1138 1238 1163 1139 1239 1164
891 6 2 2 2 1139 1214 1239 1140 1215 1240
892 6 2 2 2 1139 1239 1164 1140 1240 1165
893 6 2 2 2 1140 1215 1240 1141 1216 1241
894 6 2 2 2 1140 1240 1165 1141 1241 1166
895 6 2 2 2 1141 1216 1241 1142 1217 1242
896 6 2 2 2 1141 1241 1166 1142 1242 1167
897 6 2 2 2 1142 1217 1242 1143 1218 1243
898 6 2 2 2 1142 1242 1167 1143 1243 1168
899 6 2 2 2 1143 1218 1243 1144 1219 1244
900 6 2 2 2 1143 1243 1168 1144 1244 1169
901 6 2 2 2 1144 1219 1244 1145 1220 1245
902 6 2 2 2 1144 1244 1169 1145 1245 1170
903 6 2 2 2 1145 1220 1245 1146 1221 1246
904 6 2 2 2 1145 1245 1170 1146 1246 1171
905 6 2 2 2 1146 1221 1246 1147 1222 1247
906 6 2 2 2 1146 1246 1171 1147 1247 1172
907 6 2 2 2 1147 1222 1247 1148 1223 1248
908 6 2 2 2 1147 1247 1172 1148 1248 1173
909 6 2 2 2 1148 1223 1248 1149 1224 1249
910 6 2 2 2 1148 1248 1173 1149 1249 1174
911 6 2 2 2 1149 1224 1249 1150 1225 1250
912 6 2 2 2 1149 1249 1174 1150 1250 1175
913 6 2 2 2 1151 1226 1251 1152 1227 1252
914 6 2 2 2 1151 1251 1176 1152 1252 1177
915 6 2 2 2 1152 1227 1252 1153 1228 1253
916 6 2 2 2 1152 1252 1177 1153 1253 1178
917 6 2 2 2 1153 1228 1253 1154 1229 1254
918 6 2 2 2 1153 1253 1178 1154 1254 1179
919 6 2 2 2 1154 1229 1254 1155 1230 1255
920 6 2 2 2 1154 1254 1179 1155 1255 1180
921 6 2 2 2 1155 1230 1255 1156 1231 1256
922 6 2 2 2 1155 1255 1180 1156 1256 1181
923 6 2 2 2 1156 1231 1256 1157 1232 1257
924 6 2 2 2 1156 1256 1181 1157 1257 1182
925 6 2 2 2 1157 1232 1257 1158 1233 1258
926 6 2 2 2 1157 1257 1182 1158 1258 1183
927 6 2 2 2 1158 1233 1258 1159 1234 1259
928 6 2 2 2 1158 1258 1183 1159 1259 1184
929 6 2 2 2 1159 1234 1259 1160 1235 1260
930 6 2 2 2 1159 1259 1184 1160 1260 1185
931 6 2 2 2 1160 1235 1260 1161 1236 1261
932 6 2 2 2 1160 1260 1185 1161 1261 1186
933 6 2 2 2 1161 1236 1261 1162 1237 1262
934 6 2 2 2 1161 1261 1186 1162 1262 1187
935 6 2 2 2 1162 1237 1262 1163 1238 1263
936 6 2 2 2 1162 1262 1187 1163 1263 1188
937 6 2 2 2 1163 1238 1263 1164 1239 1264
938 6 2 2 2 1163 1263 1188 1164 1264 1189
939 6 2 2 2 1164 1239 1264 1165 1240 1265
940 6 2 2 2 1164 1264 1189 1165 1265 1190
941 6 2 2 2 1165 1240 1265 1166 1241 1266
942 6 2 2 2 1165 1265 1190 1166 1266 1191
943 6 2 2 2 1166 1241 1266 1167 1242 1267
944 6 2 2 2 1166 1266 1191 1167 1267 1192
945 6 2 2 2 1167 1242 1267 1168 1243 1268
946 6 2 2 2 1167 1267 1192 1168 1268 1193
947 6 2 2 2 1168 1243 1268 1169 1244 1269
948 6 2 2 2 1168 1268 1193 1169 1269 1194
949 6 2 2 2 1169 1244 1269 1170 1245 1270
950 6 2 2 2 1169 1269 1194 1170 1270 1195
951 6 2 2 2 1170 1245 1270 1171 1246 1271
952 6 2 2 2 1170 1270 1195 1171 1271 1196
953 6 2 2 2 1171 1246 1271 1172 1247 1272
954 6 2 2 2 1171 1271 1196 1172 1272 1197
955 6 2 2 2 1172 1247 1272 1173 1248 1273
956 6 2 2 2 1172 1272 1197 1173 1273 1198
957 6 2 2 2 1173 1248 1273 1174 1249 1274
958 6 2 2 2 1173 1273 1198 1174 1274 1199
959 6 2 2 2 1174 1249 1274 1175 1250 1275
960 6 2 2 2 1174 1274 1199 1175 1275 1200
961 6 2 2 2 1201 1276 1301 1202 1277 1302
962 6 2 2 2 1201 1301 1226 1202 1302 1227
963 6 2 2 2 1202 1277 1302 1203 1278 1303
964 6 2 2 2 1202 1302 1227 1203 1303 1228
965 6 2 2 2 1203 1278 1303 1204 1279 1304
966 6 2 2 2 1203 1303 1228 1204 1304 1229
967 6 2 2 2 1204 1279 1304 1205 1280 1305
968 6 2 2 2 1204 1304 1229 1205 1305 1230
969 6 2 2 2 1205 1280 1305 1206 1281 1306
970 6 2 2 2 1205 1305 1230 1206 1306 1231
971 6 2 2 2 1206 1281 1306 1207 1282 1307
972 6 2 2 2 1206 1306 1231 1207 1307 1232
973 6 2 2 2 1207 1282 1307 1208 1283 1308
974 6 2 2 2 1207 1307 1232 1208 1308 1233
975 6 2 2 2 1208 1283 1308 1209 1284 1309
976 6 2 2 2 1208 1308 1233 1209 1309 1234
977 6 2 2 2 1209 1284 1309 1210 1285 1310
978 6 2 2 2 1209 1309 1234 1210 1310 1235
979 6 2 2 2 1210 1285 1310 1211 1286 1311
980 6 2 2 2 1210 1310 1235 1211 1311 1236
981 6 2 2 2 1211 1286 1311 1212 1287 1312
982 6 2 2 2 1211 1311 1236 1212 1312 1237
983 6 2 2 2 1212 1287 1312 1213 1288 1313
984 6 2 2 2 1212 1312 1237 1213 1313 1238
985 6 2 2 2 1213 1288 1313 1214 1289 1314
986 6 2 2 2 1213 1313 1238 1214 1314 1239
987 6 2 2 2 1214 1289 1314 1215 1290 1315
988 6 2 2 2 1214 1314 1239 1215 1315 1240
989 6 2 2 2 1215 1290 1315 1216 1291 1316
990 6 2 2 2 1215 1315 1240 1216 1316 1241
991 6 2 2 2 1216 1291 1316 1217 1292 1317
992 6 2 2 2 1216 1316 1241 1217 1317 1242
993 6 2 2 2 1217 1292 1317 1218 1293 1318
994 6 2 2 2 1217 1317 1242 1218 1318 1243
995 6 2 2 2 1218 1293 1318 1219 1294 1319
996 6 2 2 2 1218 1318 1243 1219 1319 1244
997 6 2 2 2 1219 1294 1319 1220 1295 1320
998 6 2 2 2 1219 1319 1244 1220 1320 1245
999 6 2 2 2 1220 1295 1320 1221 1296 1321
1000 6 2 2 2 1220 1320 1245 1221 1321 1246
1001 6 2 2 2 1221 1296 1321 1222 1297 1322
1002 6 2 2 2 1221 1321 1246 1222 1322 1247
1003 6 2 2 2 1222 1297 1322 1223 1298 1323
1004 6 2 2 2 1222 1322 1247 1223 1323 1248
1005 6 2 2 2 1223 1298 1323 1224 1299 1324
1006 6 2 2 2 1223 1323 1248 1224 1324 1249
1007 6 2 2 2 1224 1299 1324 1225 1300 1325
1008 6 2 2 2 1224 1324 1249 1225 1325 1250
1009 6 2 2 2 1226 1301 1326 1227 1302 1327
1010 6 2 2 2 1226 1326 1251 1227 1327 1252
1011 6 2 2 2 1227 1302 1327 1228 1303 1328
1012 6 2 2 2 1227 1327 1252 1228 1328 1253
1013 6 2 2 2 1228 1303 1328 1229 1304 1329
1014 6 2 2 2 1228 1328 1253 1229 1329 1254
1015 6 2 2 2 1229 1304 1329 1230 1305 1330
1016 6 2 2 2 1229 1329 1254 1230 1330 1255
1017 6 2 2 2 1230 1305 1330 1231 1306 1331
1018 6 2 2 2 1230 1330 1255 1231 1331 1256
1019 6 2 2 2 1231 1306 1331 1232 1307 1332
1020 6 2 2 2 1231 1331 1256 1232 1332 1257
1021 6 2 2 2 1232 1307 1332 1233 1308 1333
1022 6 2 2 2 1232 1332 1257 1233 1333 1258
1023 6 2 2 2 1233 1308 1333 1234 1309 1334
1024 6 2 2 2 1233 1333 1258 1234 1334 1259
1025 6 2 2 2 1234 1309 1334 1235 1310 1335
1026 6 2 2 2 1234 1334 1259 1235 1335 1260
1027 6 2 2 2 1235 1310 1335 1236 1311 1336
1028 6 2 2 2 1235 1335 1260 1236 1336 1261
1029 6 2 2 2 1236 1311 1336 1237 1312 1337
1030 6 2 2 2 1236 1336 1261 1237 1337 1262
1031 6 2 2 2 1237 1312 1337 1238 1313 1338
1032 6 2 2 2 1237 1337 1262 1238 1338 1263
1033 6 2 2 2 1238 1313 1338 1239 1314 1339
1034 6 2 2 2 1238 1338 1263 1239 1339 1264
1035 6 2 2 2 1239 1314 1339 1240 1315 1340
1036 6 2 2 2 1239 1339 1264 1240 1340 1265
1037 6 2 2 2 1240 1315 1340 1241 1316 1341
1038 6 2 2 2 1240 1340 1265 1241 1341 1266
1039 6 2 2 2 1241 1316 1341 1242 1317 1342
1040 6 2 2 2 1241 1341 1266 1242 1342 1267
1041 6 2 2 2 1242 1317 1342 1243 1318 1343
1042 6 2 2 2 1242 1342 1267 1243 1343 1268
1043 6 2 2 2 1243 1318 1343 1244 1319 1344
1044 6 2 2 2 1243 1343 1268 1244 1344 1269
1045 6 2 2 2 1244 1319 1344 1245 1320 1345
1046 6 2 2 2 1244 1344 1269 1245 1345 1270
1047 6 2 2 2 1245 1320 1345 1246 1321 1346
1048 6 2 2 2 1245 1345 1270 1246 1346 1271
1049 6 2 2 2 1246 1321 1346 1247 1322 1347
1050 6 2 2 2 1246 1346 1271 1247 1347 1272
1051 6 2 2 2 1247 1322 1347 1248 1323 1348
1052 6 2 2 2 1247 1347 1272 1248 1348 1273
1053 6 2 2 2 1248 1323 1348 1249 1324 1349
1054 6 2 2 2 1248 1348 1273 1249 1349 1274
1055 6 2 2 2 1249 1324 1349 1250 1325 1350
1056 6 2 2 2 1249 1349 1274 1250 1350 1275
1057 6 2 2 2 1276 1351 1376 1277 1352 1377
1058 6 2 2 2 1276 1376 1301 1277 1377 1302
1059 6 2 2 2 1277 1352 1377 1278 1353 1378
1060 6 2 2 2 1277 1377 1302 1278 1378 1303
1061 6 2 2 2 1278 1353 1378 1279 1354 1379
1062 6 2 2 2 1278 1378 1303 1279 1379 1304
1063 6 2 2 2 1279 1354 1379 1280 1355 1380
1064 6 2 2 2 1279 1379 1304 1280 1380 1305
1065 6 2 2 2 1280 1355 1380 1281 1356 1381
1066 6 2 2 2 1280 1380 1305 1281 1381 1306
1067 6 2 2 2 1281 1356 1381 1282 1357 1382
1068 6 2 2 2 1281 1381 1306 1282 1382 1307
1069 6 2 2 2 1282 1357 1382 1283 1358 1383
1070 6 2 2 2 1282 1382 1307 1283 1383 1308
1071 6 2 2 2 1283 1358 1383 1284 1359 1384
1072 6 2 2 2 1283 1383 1308 1284 1384 1309
1073 6 2 2 2 1284 1359 1384 1285 1360 1385
1074 6 2 2 2 1284 1384 1309 1285 1385 1310
1075 6 2 2 2 1285 1360 1385 1286 1361 1386
1076 6 2 2 2 1285 1385 1310 1286 1386 1311
1077 6 2 2 2 1286 1361 1386 1287 1362 1387
1078 6 2 2 2 1286 1386 1311 1287 1387 1312
1079 6 2 2 2 1287 1362 1387 1288 1363 1388
1080 6 2 2 2 1287 1387 1312 1288 1388 1313
1081 6 2 2 2 1288 1363 1388 1289 1364 1389
1082 6 2 2 2 1288 1388 1313 1289 1389 1314
1083 6 2 2 2 1289 1364 1389 1290 1365 1390
1084 6 2 2 2 1289 1389 1314 1290 1390 1315
1085 6 2 2 2 1290 1365 1390 1291 1366 1391
1086 6 2 2 2 1290 1390 1315 1291 1391 1316
1087 6 2 2 2 1291 1366 1391 1292 1367 1392
1088 6 2 2 2 1291 1391 1316 1292 1392 1317
1089 6 2 2 2 1292 1367 1392 1293 1368 1393
1090 6 2 2 2 1292 1392 1317 1293 1393 1318
1091 6 2 2 2 1293 1368 1393 1294 1369 1394
1092 6 2 2 2 1293 1393 1318 1294 1394 1319
1093 6 2 2 2 1294 1369 1394 1295 1370 1395
1094 6 2 2 2 1294 1394 1319 1295 1395 1320
1095 6 2 2 2 1295 1370 1395 1296 1371 1396
1096 6 2 2 2 1295 1395 1320 1296 1396 1321
1097 6 2 2 2 1296 1371 1396 1297 1372 1397
1098 6 2 2 2 1296 1396 1321 1297 1397 1322
1099 6 2 2 2 1297 1372 1397 1298 1373 1398
1100 6 2 2 2 1297 1397 1322 1298 1398 1323
1101 6 2 2 2 1298 1373 1398 1299 1374 1399
1102 6 2 2 2 1298 1398 1323 1299 1399 1324
1103 6 2 2 2 1299 1374 1399 1300 1375 1400
1104 6 2 2 2 1299 1399 1324 1300 1400 1325
1105 6 2 2 2 1301 1376 1401 1302 1377 1402
1106 6 2 2 2 1301 1401 1326 1302 1402 1327
1107 6 2 2 2 1302 1377 1402 1303 1378 1403
1108 6 2 2 2 1302 1402 1327 1303 1403 1328
1109 6 2 2 2 1303 1378 1403 1304 1379 1404
1110 6 2 2 2 1303 1403 1328 1304 1404 1329
1111 6 2 2 2 1304 1379 1404 1305 1380 1405
1112 6 2 2 2 1304 1404 1329 1305 1405 1330
1113 6 2 2 2 1305 1380 1405 1306 1381 1406
1114 6 2 2 2 1305 1405 1330 1306 1406 1331
1115 6 2 2 2 1306 1381 1406 1307 1382 1407
1116 6 2 2 2 1306 1406 1331 1307 1407 1332
1117 6 2 2 2 1307 1382 1407 1308 1383 1408
1118 6 2 2 2 1307 1407 1332 1308 1408 1333
1119 6 2 2 2 1308 1383 1408 1309 1384 1409
1120 6 2 2 2 1308 1408 1333 1309 1409 1334
1121 6 2 2 2 1309 1384 1409 1310 1385 1410
1122 6 2 2 2 1309 1409 1334 1310 1410 1335
1123 6 2 2 2 1310 1385 1410 1311 1386 1411
1124 6 2 2 2 1310 1410 1335 1311 1411 1336
1125 6 2 2 2 1311 1386 1411 1312 1387 1412
1126 6 2 2 2 1311 1411 1336 1312 1412 1337
1127 6 2 2 2 1312 1387 1412 1313 1388 1413
1128 6 2 2 2 1312 1412 1337 1313 1413 1338
1129 6 2 2 2 1313 1388 1413 1314 1389 1414
1130 6 2 2 2 1313 1413 1338 1314 1414 1339
1131 6 2 2 2 1314 1389 1414 1315 1390 1415
1132 6 2 2 2 1314 1414 1339 1315 1415 1340
1133 6 2 2 2 1315 1390 1415 1316 1391 1416
1134 6 2 2 2 1315 1415 1340 1316 1416 1341
1135 6 2 2 2 1316 1391 1416 1317 1392 1417
1136 6 2 2 2 1316 1416 1341 1317 1417 1342
1137 6 2 2 2 1317 1392 1417 1318 1393 1418
1138 6 2 2 2 1317 1417 1342 1318 1418 1343
1139 6 2 2 2 1318 1393 1418 1319 1394 1419
1140 6 2 2 2 1318 1418 1343 1319 1419 1344
1141 6 2 2 2 1319 1394 1419 1320 1395 1420
1142 6 2 2 2 1319 1419 1344 1320 1420 1345
1143 6 2 2 2 1320 1395 1420 1321 1396 1421
1144 6 2 2 2 1320 1420 1345 1321 1421 1346
1145 6 2 2 2 1321 1396 1421 1322 1397 1422
1146 6 2 2 2 1321 1421 1346 1322 1422 1347
1147 6 2 2 2 1322 1397 1422 1323 1398 1423
1148 6 2 2 2 1322 1422 1347 1323 1423 1348
1149 6 2 2 2 1323 1398 1423 1324 1399 1424
1150 6 2 2 2 1323 1423 1348 1324 1424 1349
1151 6 2 2 2 1324 1399 1424 1325 1400 1425
1152 6 2 2 2 1324 1424 1349 1325 1425 1350
1153 6 2 2 2 1351 1426 1451 1352 1427 1452
1154 6 2 2 2 1351 1451 1376 1352 1452 1377
1155 6 2 2 2 1352 1427 1452 1353 1428 1453
1156 6 2 2 2 1352 1452 1377 1353 1453 1378
1157 6 2 2 2 1353 1428 1453 1354 1429 1454
1158 6 2 2 2 1353 1453 1378 1354 1454 1379
1159 6 2 2 2 1354 1429 1454 1355 1430 1455
1160 6 2 2 2 1354 1454 1379 1355 1455 1380
1161 6 2 2 2 1355 1430 1455 1356 1431 1456
1162 6 2 2 2 1355 1455 1380 1356 1456 1381
1163 6 2 2 2 1356 1431 1456 1357 1432 1457
1164 6 2 2 2 1356 1456 1381 1357 1457 1382
1165 6 2 2 2 1357 1432 1457 1358 1433 1458
1166 6 2 2 2 1357 1457 1382 1358 1458 1383
1167 6 2 2 2 1358 1433 1458 1359 1434 1459
1168 6 2 2 2 1358 1458 1383 1359 1459 1384
1169 6 2 2 2 1359 1434 1459 1360 1435 1460
1170 6 2 2 2 1359 1459 1384 1360 1460 1385
1171 6 2 2 2 1360 1435 1460 1361 1436 1461
1172 6 2 2 2 1360 1460 1385 1361 1461 1386
1173 6 2 2 2 1361 1436 1461 1362 1437 1462
1174 6 2 2 2 1361 1461 1386 1362 1462 1387
1175 6 2 2 2 1362 1437 1462 1363 1438 1463
1176 6 2 2 2 1362 1462 1387 1363 1463 1388
1177 6 2 2 2 1363 1438 1463 1364 1439 1464
1178 6 2 2 2 1363 1463 1388 1364 1464 1389
1179 6 2 2 2 1364 1439 1464 1365 1440 1465
1180 6 2 2 2 1364 1464 1389 1365 1465 1390
1181 6 2 2 2 1365 1440 1465 1366 1441 1466
1182 6 2 2 2 1365 1465 1390 1366 1466 1391
1183 6 2 2 2 1366 1441 1466 1367 1442 1467
1184 6 2 2 2 1366 1466 1391 1367 1467 1392
1185 6 2 2 2 1367 1442 1467 1368 1443 1468
1186 6 2 2 2 1367 1467 1392 1368 1468 1393
1187 6 2 2 2 1368 1443 1468 1369 1444 1469
1188 6 2 2 2 1368 1468 1393 1369 1469 1394
1189 6 2 2 2 1369 1444 1469 1370 1445 1470
1190 6 2 2 2 1369 1469 1394 1370 1470 1395
1191 6 2 2 2 1370 1445 1470 1371 1446 1471
1192 6 2 2 2 1370 1470 1395 1371 1471 1396
1193 6 2 2 2 1371 1446 1471 1372 1447 1472
1194 6 2 2 2 1371 1471 1396 1372 1472 1397
1195 6 2 2 2 1372 1447 1472 1373 1448 1473
1196 6 2 2 2 1372 1472 1397 1373 1473 1398
1197 6 2 2 2 1373 1448 1473 1374 1449 1474
1198 6 2 2 2 1373 1473 1398 1374 1474 1399
1199 6 2 2 2 1374 1449 1474 1375 1450 1475
1200 6 2 2 2 1374 1474 1399 1375 1475 1400
1201 6 2 2 2 1376 1451 1476 1377 1452 1477
1202 6 2 2 2 1376 1476 1401 1377 1477 1402
1203 6 2 2 2 1377 1452 1477 1378 1453 1478
1204 6 2 2 2 1377 1477 1402 1378 1478 1403
1205 6 2 2 2 1378 1453 1478 1379 1454 1479
1206 6 2 2 2 1378 1478 1403 1379 1479 1404
1207 6 2 2 2 1379 1454 1479 1380 1455 1480
1208 6 2 2 2 1379 1479 1404 1380 1480 1405
1209 6 2 2 2 1380 1455 1480 1381 1456 1481
1210 6 2 2 2 1380 1480 1405 1381 1481 1406
1211 6 2 2 2 1381 1456 1481 1382 1457 1482
1212 6 2 2 2 1381 1481 1406 1382 1482 1407
1213 6 2 2 2 1382 1457 1482 1383 1458 1483
1214 6 2 2 2 1382 1482 1407 1383 1483 1408
1215 6 2 2 2 1383 1458 1483 1384 1459 1484
1216 6 2 2 2 1383 1483 1408 1384 1484 1409
1217 6 2 2 2 1384 1459 1484 1385 1460 1485
1218 6 2 2 2 1384 1484 1409 1385 1485 1410
1219 6 2 2 2 1385 1460 1485 1386 1461 1486
1220 6 2 2 2 1385 1485 1410 1386 1486 1411
1221 6 2 2 2 1386 1461 1486 1387 1462 1487
1222 6 2 2 2 1386 1486 1411 1387 1487 1412
1223 6 2 2 2 1387 1462 1487 1388 1463 1488
1224 6 2 2 2 1387 1487 1412 1388 1488 1413
1225 6 2 2 2 1388 1463 1488 1389 1464 1489
1226 6 2 2 2 1388 1488 1413 1389 1489 1414
1227 6 2 2 2 1389 1464 1489 1390 1465 1490
1228 6 2 2 2 1389 1489 1414 1390 1490 1415
1229 6 2 2 2 1390 1465 1490 1391 1466 1491
1230 6 2 2 2 1390 1490 1415 1391 1491 1416
1231 6 2 2 2 1391 1466 1491 1392 1467 1492
1232 6 2 2 2 1391 1491 1416 1392 1492 1417
1233 6 2 2 2 1392 1467 1492 1393 1468 1493
1234 6 2 2 2 1392 1492 1417 1393 1493 1418
1235 6 2 2 2 1393 1468 1493 1394 1469 1494
1236 6 2 2 2 1393 1493 1418 1394 1494 1419
1237 6 2 2 2 1394 1469 1494 1395 1470 1495
1238 6 2 2 2 1394 1494 1419 1395 1495 1420
1239 6 2 2 2 1395 1470 1495 1396 1471 1496
1240 6 2 2 2 1395 1495 1420 1396 1496 1421
1241 6 2 2 2 1396 1471 1496 1397 1472 1497
1242 6 2 2 2 1396 1496 1421 1397 1497 1422
1243 6 2 2 2 1397 1472 1497 1398 1473 1498
1244 6 2 2 2 1397 1497 1422 1398 1498 1423
1245 6 2 2 2 1398 1473 1498 1399 1474 1499
1246 6 2 2 2 1398 1498 1423 1399 1499 1424
1247 6 2 2 2 1399 1474 1499 1400 1475 1500
1248 6 2 2 2 1399 1499 1424 1400 1500 1425
1249 6 2 2 2 1426 1501 1526 1427 1502 1527
1250 6 2 2 2 1426 1526 1451 1427 1527 1452
1251 6 2 2 2 1427 1502 1527 1428 1503 1528
1252 6 2 2 2 1427 1527 1452 1428 1528 1453
1253 6 2 2 2 1428 1503 1528 1429 1504 1529
1254 6 2 2 2 1428 1528 1453 1429 1529 1454
1255 6 2 2 2 1429 1504 1529 1430 1505 1530
1256 6 2 2 2 1429 1529 1454 1430 1530 1455
1257 6 2 2 2 1430 1505 1530 1431 1506 1531
1258 6 2 2 2 1430 1530 1455 1431 1531 1456
1259 6 2 2 2 1431 1506 1531 1432 1507 1532
1260 6 2 2 2 1431 1531 1456 1432 1532 1457
1261 6 2 2 2 1432 1507 1532 1433 1508 1533
1262 6 2 2 2 1432 1532 1457 1433 1533 1458
1263 6 2 2 2 1433 1508 1533 1434 1509 1534
1264 6 2 2 2 1433 1533 1458 1434 1534 1459
1265 6 2 2 2 1434 1509 1534 1435 1510 1535
1266 6 2 2 2 1434 1534 1459 1435 1535 1460
1267 6 2 2 2 1435 1510 1535 1436 1511 1536
1268 6 2 2 2 1435 1535 1460 1436 1536 1461
1269 6 2 2 2 1436 1511 1536 1437 1512 1537
1270 6 2 2 2 1436 1536 1461 1437 1537 1462
1271 6 2 2 2 1437 1512 1537 1438 1513 1538
1272 6 2 2 2 1437 1537 1462 1438 1538 1463
1273 6 2 2 2 1438 1513 1538 1439 1514 1539
1274 6 2 2 2 1438 1538 1463 1439 1539 1464
1275 6 2 2 2 1439 1514 1539 1440 1515 1540
1276 6 2 2 2 1439 1539 1464 1440 1540 1465
1277 6 2 2 2 1440 1515 1540 1441 1516 1541
1278 6 2 2 2 1440 1540 1465 1441 1541 1466
1279 6 2 2 2 1441 1516 1541 1442 1517 1542
1280 6 2 2 2 1441 1541 1466 1442 1542 1467
1281 6 2 2 2 1442 1517 1542 1443 1518 1543
1282 6 2 2 2 1442 1542 1467 1443 1543 1468
1283 6 2 2 2 1443 1518 1543 1444 1519 1544
1284 6 2 2 2 1443 1543 1468 1444 1544 1469
1285 6 2 2 2 1444 1519 1544 1445 1520 1545
1286 6 2 2 2 1444 1544 1469 1445 1545 1470
1287 6 2 2 2 1445 1520 1545 1446 1521 1546
1288 6 2 2 2 1445 1545 1470 1446 1546 1471
1289 6 2 2 2 1446 1521 1546 1447 1522 1547
1290 6 2 2 2 1446 1546 1471 1447 1547 1472
1291 6 2 2 2 1447 1522 1547 1448 1523 1548
1292 6 2 2 2 1447 1547 1472 1448 1548 1473
1293 6 2 2 2 1448 1523 1548 1449 1524 1549
1294 6 2 2 2 1448 1548 1473 1449 1549 1474
1295 6 2 2 2 1449 1524 1549 1450 1525 1550
1296 6 2 2 2 1449 1549 1474 1450 1550 1475
1297 6 2 2 2 1451 1526 1551 1452 1527 1552
1298 6 2 2 2 1451 1551 1476 1452 1552 1477
1299 6 2 2 2 1452 1527 1552 1453 1528 1553
1300 6 2 2 2 1452 1552 1477 1453 1553 1478
1301 6 2 2 2 1453 1528 1553 1454 1529 1554
1302 6 2 2 2 1453 1553 1478 1454 1554 1479
1303 6 2 2 2 1454 1529 1554 1455 1530 1555
1304 6 2 2 2 1454 1554 1479 1455 1555 1480
1305 6 2 2 2 1455 1530 1555 1456 1531 1556
1306 6 2 2 2 1455 1555 1480 1456 1556 1481
1307 6 2 2 2 1456 1531 1556 1457 1532 1557
1308 6 2 2 2 1456 1556 1481 1457 1557 1482
1309 6 2 2 2 1457 1532 1557 1458 1533 1558
1310 6 2 2 2 1457 1557 1482 1458 1558 1483
1311 6 2 2 2 1458 1533 1558 1459 1534 1559
1312 6 2 2 2 1458 1558 1483 1459 1559 1484
1313 6 2 2 2 1459 1534 1559 1460 1535 1560
1314 6 2 2 2 1459 1559 1484 1460 1560 1485
1315 6 2 2 2 1460 1535 1560 1461 1536 1561
1316 6 2 2 2 1460 1560 1485 1461 1561 1486
1317 6 2 2 2 1461 1536 1561 1462 1537 1562
1318 6 2 2 2 1461 1561 1486 1462 1562 1487
1319 6 2 2 2 1462 1537 1562 1463 1538 1563
1320 6 2 2 2 1462 1562 1487 1463 1563 1488
1321 6 2 2 2 1463 1538 1563 1464 1539 1564
1322 6 2 2 2 1463 1563 1488 1464 1564 1489
1323 6 2 2 2 1464 1539 1564 1465 1540 1565
1324 6 2 2 2 1464 1564 1489 1465 1565 1490
1325 6 2 2 2 1465 1540 1565 1466 1541 1566
1326 6 2 2 2 1465 1565 1490 1466 1566 1491
1327 6 2 2 2 1466 1541 1566 1467 1542 1567
1328 6 2 2 2 1466 1566 1491 1467 1567 1492
1329 6 2 2 2 1467 1542 1567 1468 1543 1568
1330 6 2 2 2 1467 1567 1492 1468 1568 1493
1331 6 2 2 2 1468 1543 1568 1469 1544 1569
1332 6 2 2 2 1468 1568 1493 1469 1569 1494
1333 6 2 2 2 1469 1544 1569 1470 1545 1570
1334 6 2 2 2 1469 1569 1494 1470 1570 1495
1335 6 2 2 2 1470 1545 1570 1471 1546 1571
1336 6 2 2 2 1470 1570 1495 1471 1571 1496
1337 6 2 2 2 1471 1546 1571 1472 1547 1572
1338 6 2 2 2 1471 1571 1496 1472 1572 1497
1339 6 2 2 2 1472 1547 1572 1473 1548 1573
1340 6 2 2 2 1472 1572 1497 1473 1573 1498
1341 6 2 2 2 1473 1548 1573 1474 1549 1574
1342 6 2 2 2 1473 1573 1498 1474 1574 1499
1343 6 2 2 2 1474 1549 1574 1475 1550 1575
1344 6 2 2 2 1474 1574 1499 1475 1575 1500
1345 6 2 2 2 1501 1576 1601 1502 1577 1602
1346 6 2 2 2 1501 1601 1526 1502 1602 1527
1347 6 2 2 2 1502 1577 1602 1503 1578 1603
1348 6 2 2 2 1502 1602 1527 1503 1603 1528
1349 6 2 2 2 1503 1578 1603 1504 1579 1604
1350 6 2 2 2 1503 1603 1528 1504 1604 1529
1351 6 2 2 2 1504 1579 1604 1505 1580 1605
1352 6 2 2 2 1504 1604 1529 1505 1605 1530
1353 6 2 2 2 1505 1580 1605 1506 1581 1606
1354 6 2 2 2 1505 1605 1530 1506 1606 1531
1355 6 2 2 2 1506 1581 1606 1507 1582 1607
1356 6 2 2 2 1506 1606 1531 1507 1607 1532
1357 6 2 2 2 1507 1582 1607 1508 1583 1608
1358 6 2 2 2 1507 1607 1532 1508 1608 1533
1359 6 2 2 2 1508 1583 1608 1509 1584 1609
1360 6 2 2 2 1508 1608 1533 1509 1609 1534
1361 6 2 2 2 1509 1584 1609 1510 1585 1610
1362 6 2 2 2 1509 1609 1534 1510 1610 1535
1363 6 2 2 2 1510 1585 1610 1511 1586 1611
1364 6 2 2 2 1510 1610 1535 1511 1611 1536
1365 6 2 2 2 1511 1586 1611 1512 1587 1612
1366 6 2 2 2 1511 1611 1536 1512 1612 1537
1367 6 2 2 2 1512 1587 1612 1513 1588 1613
1368 6 2 2 2 1512 1612 1537 1513 1613 1538
1369 6 2 2 2 1513 1588 1613 1514 1589 1614
1370 6 2 2 2 1513 1613 1538 1514 1614 1539
1371 6 2 2 2 1514 1589 1614 1515 1590 1615
1372 6 2 2 2 1514 1614 1539 1515 1615 1540
1373 6 2 2 2 1515 1590 1615 1516 1591 1616
1374 6 2 2 2 1515 1615 1540 1516 1616 1541
1375 6 2 2 2 1516 1591 1616 1517 1592 1617
1376 6 2 2 2 1516 1616 1541 1517 1617 1542
1377 6 2 2 2 1517 1592 1617 1518 1593 1618
1378 6 2 2 2 1517 1617 1542 1518 1618 1543
1379 6 2 2 2 1518 1593 1618 1519 1594 1619
1380 6 2 2 2 1518 1618 1543 1519 1619 1544
1381 6 2 2 2 1519 1594 1619 1520 1595 1620
1382 6 2 2 2 1519 1619 1544 1520 1620 1545
1383 6 2 2 2 1520 1595 1620 1521 1596 1621
1384 6 2 2 2 1520 1620 1545 1521 1621 1546
1385 6 2 2 2 1521 1596 1621 1522 1597 1622
1386 6 2 2 2 1521 1621 1546 1522 1622 1547
1387 6 2 2 2 1522 1597 1622 1523 1598 1623
1388 6 2 2 2 1522 1622 1547 1523 1623 1548
1389 6 2 2 2 1523 1598 1623 1524 1599 1624
1390 6 2 2 2 1523 1623 1548 1524 1624 1549
1391 6 2 2 2 1524 1599 1624 1525 1600 1625
1392 6 2 2 2 1524 1624 1549 1525 1625 1550
1393 6 2 2 2 1526 1601 1626 1527 1602 1627
1394 6 2 2 2 1526 1626 1551 1527 1627 1552
1395 6 2 2 2 1527 1602 1627 1528 1603 1628
1396 6 2 2 2 1527 1627 1552 1528 1628 1553
1397 6 2 2 2 1528 1603 1628 1529 1604 1629
1398 6 2 2 2 1528 1628 1553 1529 1629 1554
1399 6 2 2 2 1529 1604 1629 1530 1605 1630
1400 6 2 2 2 1529 1629 1554 1530 1630 1555
1401 6 2 2 2 1530 1605 1630 1531 1606 1631
1402 6 2 2 2 1530 1630 1555 1531 1631 1556
1403 6 2 2 2 1531 1606 1631 1532 1607 1632
1404 6 2 2 2 1531 1631 1556 1532 1632 1557
1405 6 2 2 2 1532 1607 1632 1533 1608 1633
1406 6 2 2 2 1532 1632 1557 1533 1633 1558
1407 6 2 2 2 1533 1608 1633 1534 1609 1634
1408 6 2 2 2 1533 1633 1558 1534 1634 1559
1409 6 2 2 2 1534 1609 1634 1535 1610 1635
1410 6 2 2 2 1534 1634 1559 1535 1635 1560
1411 6 2 2 2 1535 1610 1635 1536 1611 1636
1412 6 2 2 2 1535 1635 1560 1536 1636 1561
1413 6 2 2 2 1536 1611 1636 1537 1612 1637
1414 6 2 2 2 1536 1636 1561 1537 1637 1562
1415 6 2 2 2 1537 1612 1637 1538 1613 1638
1416 6 2 2 2 1537 1637 1562 1538 1638 1563
1417 6 2 2 2 1538 1613 1638 1539 1614 1639
1418 6 2 2 2 1538 1638 1563 1539 1639 1564
1419 6 2 2 2 1539 1614 1639 1540 1615 1640
1420 6 2 2 2 1539 1639 1564 1540 1640 1565
1421 6 2 2 2 1540 1615 1640 1541 1616 1641
1422 6 2 2 2 1540 1640 1565 1541 1641 1566
1423 6 2 2 2 1541 1616 1641 1542 1617 1642
1424 6 2 2 2 1541 1641 1566 1542 1642 1567
1425 6 2 2 2 1542 1617 1642 1543 1618 1643
1426 6 2 2 2 1542 1642 1567 1543 1643 1568
1427 6 2 2 2 1543 1618 1643 1544 1619 1644
1428 6 2 2 2 1543 1643 1568 1544 1644 1569
1429 6 2 2 2 1544 1619 1644 1545 1620 1645
1430 6 2 2 2 1544 1644 1569 1545 1645 1570
1431 6 2 2 2 1545 1620 1645 1546 1621 1646
1432 6 2 2 2 1545 1645 1570 1546 1646 1571
1433 6 2 2 2 1546 1621 1646 1547 1622 1647
1434 6 2 2 2 1546 1646 1571 1547 1647 1572
1435 6 2 2 2 1547 1622 1647 1548 1623 1648
1436 6 2 2 2 1547 1647 1572 1548 1648 1573
1437 6 2 2 2 1548 1623 1648 1549 1624 1649
1438 6 2 2 2 1548 1648 1573 1549 1649 1574
1439 6 2 2 2 1549 1624 1649 1550 1625 1650
1440 6 2 2 2 1549 1649 1574 1550 1650 1575
1441 6 2 2 2 1576 1651 1676 1577 1652 1677
1442 6 2 2 2 1576 1676 1601 1577 1677 1602
1443 6 2 2 2 1577 1652 1677 1578 1653 1678
1444 6 2 2 2 1577 1677 1602 1578 1678 1603
1445 6 2 2 2 1578 1653 1678 1579 1654 1679
1446 6 2 2 2 1578 1678 1603 1579 1679 1604
1447 6 2 2 2 1579 1654 1679 1580 1655 1680
1448 6 2 2 2 1579 1679 1604 1580 1680 1605
1449 6 2 2 2 1580 1655 1680 1581 1656 1681
1450 6 2 2 2 1580 1680 1605 1581 1681 1606
1451 6 2 2 2 1581 1656 1681 1582 1657 1682
1452 6 2 2 2 1581 1681 1606 1582 1682 1607
1453 6 2 2 2 1582 1657 1682 1583 1658 1683
1454 6 2 2 2 1582 1682 1607 1583 1683 1608
1455 6 2 2 2 1583 1658 1683 1584 1659 1684
1456 6 2 2 2 1583 1683 1608 1584 1684 1609
1457 6 2 2 2 1584 1659 1684 1585 1660 1685
1458 6 2 2 2 1584 1684 1609 1585 1685 1610
1459 6 2 2 2 1585 1660 1685 1586 1661 1686
1460 6 2 2 2 1585 1685 1610 1586 1686 1611
1461 6 2 2 2 1586 1661 1686 1587 1662 1687
1462 6 2 2 2 1586 1686 1611 1587 1687 1612
1463 6 2 2 2 1587 1662 1687 1588 1663 1688
1464 6 2 2 2 1587 1687 1612 1588 1688 1613
1465 6 2 2 2 1588 1663 1688 1589 1664 1689
1466 6 2 2 2 1588 1688 1613 1589 1689 1614
1467 6 2 2 2 1589 1664 1689 1590 1665 1690
1468 6 2 2 2 1589 1689 1614 1590 1690 1615
1469 6 2 2 2 1590 1665 1690 1591 1666 1691
1470 6 2 2 2 1590 1690 1615 1591 1691 1616
1471 6 2 2 2 1591 1666 1691 1592 1667 1692
1472 6 2 2 2 1591 1691 1616 1592 1692 1617
1473 6 2 2 2 1592 1667 1692 1593 1668 1693
1474 6 2 2 2 1592 1692 1617 1593 1693 1618
1475 6 2 2 2 1593 1668 1693 1594 1669 1694
1476 6 2 2 2 1593 1693 1618 1594 1694 1619
1477 6 2 2 2 1594 1669 1694 1595 1670 1695
1478 6 2 2 2 1594 1694 1619 1595 1695 1620
1479 6 2 2 2 1595 1670 1695 1596 1671 1696
1480 6 2 2 2 1595 1695 1620 1596 1696 1621
1481 6 2 2 2 1596 1671 1696 1597 1672 1697
1482 6 2 2 2 1596 1696 1621 1597 1697 1622
1483 6 2 2 2 1597 1672 1697 1598 1673 1698
1484 6 2 2 2 1597 1697 1622 1598 1698 1623
1485 6 2 2 2 1598 1673 1698 1599 1674 1699
1486 6 2 2 2 1598 1698 1623 1599 1699 1624
1487 6 2 2 2 1599 1674 1699 1600 1675 1700
1488 6 2 2 2 1599 1699 1624 1600 1700 1625
1489 6 2 2 2 1601 1676 1701 1602 1677 1702
1490 6 2 2 2 1601 1701 1626 1602 1702 1627
1491 6 2 2 2 1602 1677 1702 1603 1678 1703
1492 6 2 2 2 1602 1702 1627 1603 1703 1628
1493 6 2 2 2 1603 1678 1703 1604 1679 1704
1494 6 2 2 2 1603 1703 1628 1604 1704 1629
1495 6 2 2 2 1604 1679 1704 1605 1680 1705
1496 6 2 2 2 1604 1704 1629 1605 1705 1630
1497 6 2 2 2 1605 1680 1705 1606 1681 1706
1498 6 2 2 2 1605 1705 1630 1606 1706 1631
1499 6 2 2 2 1606 1681 1706 1607 1682 1707
1500 6 2 2 2 1606 1706 1631 1607 1707 1632
1501 6 2 2 2 1607 1682 1707 1608 1683 1708
1502 6 2 2 2 1607 1707 1632 1608 1708 1633
1503 6 2 2 2 1608 1683 1708 1609 1684 1709
1504 6 2 2 2 1608 1708 1633 1609 1709 1634
1505 6 2 2 2 1609 1684 1709 1610 1685 1710
1506 6 2 2 2 1609 1709 1634 1610 1710 1635
1507 6 2 2 2 1610 1685 1710 1611 1686 1711
1508 6 2 2 2 1610 1710 1635 1611 1711 1636
1509 6 2 2 2 1611 1686 1711 1612 1687 1712
1510 6 2 2 2 1611 1711 1636 1612 1712 1637
1511 6 2 2 2 1612 1687 1712 1613 1688 1713
1512 6 2 2 2 1612 1712 1637 1613 1713 1638
1513 6 2 2 2 1613 1688 1713 1614 1689 1714
1514 6 2 2 2 1613 1713 1638 1614 1714 1639
1515 6 2 2 2 1614 1689 1714 1615 1690 1715
1516 6 2 2 2 1614 1714 1639 1615 1715 1640
1517 6 2 2 2 1615 1690 1715 1616 1691 1716
1518 6 2 2 2 1615 1715 1640 1616 1716 1641
1519 6 2 2 2 1616 1691 1716 1617 1692 1717
1520 6 2 2 2 1616 1716 1641 1617 1717 1642
1521 6 2 2 2 1617 1692 1717 1618 1693 1718
1522 6 2 2 2 1617 1717 1642 1618 1718 1643
1523 6 2 2 2 1618 1693 1718 1619 1694 1719
1524 6 2 2 2 1618 1718 1643 1619 1719 1644
1525 6 2 2 2 1619 1694 1719 1620 1695 1720
1526 6 2 2 2 1619 1719 1644 1620 1720 1645
1527 6 2 2 2 1620 1695 1720 1621 1696 1721
1528 6 2 2 2 1620 1720 1645 1621 1721 1646
1529 6 2 2 2 1621 1696 1721 1622 1697 1722
1530 6 2 2 2 1621 1721 1646 1622 1722 1647
1531 6 2 2 2 1622 1697 1722 1623 1698 1723
1532 6 2 2 2 1622 1722 1647 1623 1723 1648
1533 6 2 2 2 1623 1698 1723 1624 1699 1724
1534 6 2 2 2 1623 1723 1648 1624 1724 1649
1535 6 2 2 2 1624 1699 1724 1625 1700 1725
1536 6 2 2 2 1624 1724 1649 1625 1725 1650
1537 6 2 2 2 1651 1726 1751 1652 1727 1752
1538 6 2 2 2 1651 1751 1676 1652 1752 1677
1539 6 2 2 2 1652 1727 1752 1653 1728 1753
1540 6 2 2 2 1652 1752 1677 1653 1753 1678
1541 6 2 2 2 1653 1728 1753 1654 1729 1754
1542 6 2 2 2 1653 1753 1678 1654 1754 1679
1543 6 2 2 2 1654 1729 1754 1655 1730 1755
1544 6 2 2 2 1654 1754 1679 1655 1755 1680
1545 6 2 2 2 1655 1730 1755 1656 1731 1756
1546 6 2 2 2 1655 1755 1680 1656 1756 1681
1547 6 2 2 2 1656 1731 1756 1657 1732 1757
1548 6 2 2 2 1656 1756 1681 1657 1757 1682
1549 6 2 2 2 1657 1732 1757 1658 1733 1758
1550 6 2 2 2 1657 1757 1682 1658 1758 1683
1551 6 2 2 2 1658 1733 1758 1659 1734 1759
1552 6 2 2 2 1658 1758 1683 1659 1759 1684
1553 6 2 2 2 1659 1734 1759 1660 1735 1760
1554 6 2 2 2 1659 1759 1684 1660 1760 1685
1555 6 2 2 2 1660 1735 1760 1661 1736 1761
1556 6 2 2 2 1660 1760 1685 1661 1761 1686
1557 6 2 2 2 1661 1736 1761 1662 1737 1762
1558 6 2 2 2 1661 1761 1686 1662 1762 1687
1559 6 2 2 2 1662 1737 1762 1663 1738 1763
1560 6 2 2 2 1662 1762 1687 1663 1763 1688
1561 6 2 2 2 1663 1738 1763 1664 1739 1764
1562 6 2 2 2 1663 1763 1688 1664 1764 1689
1563 6 2 2 2 1664 1739 1764 1665 1740 1765
1564 6 2 2 2 1664 1764 1689 1665 1765 1690
1565 6 2 2 2 1665 1740 1765 1666 1741 1766
1566 6 2 2 2 1665 1765 1690 1666 1766 1691
1567 6 2 2 2 1666 1741 1766 1667 1742 1767
1568 6 2 2 2 1666 1766 1691 1667 1767 1692
1569 6 2 2 2 1667 1742 1767 1668 1743 1768
1570 6 2 2 2 1667 1767 1692 1668 1768 1693
1571 6 2 2 2 1668 1743 1768 1669 1744 1769
1572 6 2 2 2 1668 1768 1693 1669 1769 1694
1573 6 2 2 2 1669 1744 1769 1670 1745 1770
1574 6 2 2 2 1669 1769 1694 1670 1770 1695
1575 6 2 2 2 1670 1745 1770 1671 1746 1771
1576 6 2 2 2 1670 1770 1695 1671 1771 1696
1577 6 2 2 2 1671 1746 1771 1672 1747 1772
1578 6 2 2 2 1671 1771 1696 1672 1772 1697
1579 6 2 2 2 1672 1747 1772 1673 1748 1773
1580 6 2 2 2 1672 1772 1697 1673 1773 1698
1581 6 2 2 2 1673 1748 1773 1674 1749 1774
1582 6 2 2 2 1673 1773 1698 1674 1774 1699
1583 6 2 2 2 1674 1749 1774 1675 1750 1775
1584 6 2 2 2 1674 1774 1699 1675 1775 1700
1585 6 2 2 2 1676 1751 1776 1677 1752 1777
1586 6 2 2 2 1676 1776 1701 1677 1777 1702
1587 6 2 2 2 1677 1752 1777 1678 1753 1778
1588 6 2 2 2 1677 1777 1702 1678 1778 1703
1589 6 2 2 2 1678 1753 1778 1679 1754 1779
1590 6 2 2 2 1678 1778 1703 1679 1779 1704
1591 6 2 2 2 1679 1754 1779 1680 1755 1780
1592 6 2 2 2 1679 1779 1704 1680 1780 1705
1593 6 2 2 2 1680 1755 1780 1681 1756 1781
1594 6 2 2 2 1680 1780 1705 1681 1781 1706
1595 6 2 2 2 1681 1756 1781 1682 1757 1782
1596 6 2 2 2 1681 1781 1706 1682 1782 1707
1597 6 2 2 2 1682 1757 1782 1683 1758 1783
1598 6 2 2 2 1682 1782 1707 1683 1783 1708
1599 6 2 2 2 1683 1758 1783 1684 1759 1784
1600 6 2 2 2 1683 1783 1708 1684 1784 1709
1601 6 2 2 2 1684 1759 1784 1685 1760 1785
1602 6 2 2 2 1684 1784 1709 1685 1785 1710
1603 6 2 2 2 1685 1760 1785 1686 1761 1786
1604 6 2 2 2 1685 1785 1710 1686 1786 1711
1605 6 2 2 2 1686 1761 1786 1687 1762 1787
1606 6 2 2 2 1686 1786 1711 1687 1787 1712
1607 6 2 2 2 1687 1762 1787 1688 1763 1788
1608 6 2 2 2 1687 1787 1712 1688 1788 1713
1609 6 2 2 2 1688 1763 1788 1689 1764 1789
1610 6 2 2 2 1688 1788 1713 1689 1789 1714
1611 6 2 2 2 1689 1764 1789 1690 1765 1790
1612 6 2 2 2 1689 1789 1714 1690 1790 1715
1613 6 2 2 2 1690 1765 1790 1691 1766 1791
1614 6 2 2 2 1690 1790 1715 1691 1791 1716
1615 6 2 2 2 1691 1766 1791 1692 1767 1792
1616 6 2 2 2 1691 1791 1716 1692 1792 1717
1617 6 2 2 2 1692 1767 1792 1693 1768 1793
1618 6 2 2 2 1692 1792 1717 1693 1793 1718
1619 6 2 2 2 1693 1768 1793 1694 1769 1794
1620 6 2 2 2 1693 1793 1718 1694 1794 1719
1621 6 2 2 2 1694 1769 1794 1695 1770 1795
1622 6 2 2 2 1694 1794 1719 1695 1795 1720
1623 6 2 2 2 1695 1770 1795 1696 1771 1796
1624 6 2 2 2 1695 1795 1720 1696 1796 1721
1625 6 2 2 2 1696 1771 1796 1697 1772 1797
1626 6 2 2 2 1696 1796 1721 1697 1797 1722
1627 6 2 2 2 1697 1772 1797 1698 1773 1798
1628 6 2 2 2 1697 1797 1722 1698 1798 1723
1629 6 2 2 2 1698 1773 1798 1699 1774 1799
1630 6 2 2 2 1698 1798 1723 1699 1799 1724
1631 6 2 2 2 1699 1774 1799 1700 1775 1800
1632 6 2 2 2 1699 1799 1724 1700 1800 1725
1633 6 2 2 2 1726 1801 1826 1727 1802 1827
1634 6 2 2 2 1726 1826 1751 1727 1827 1752
1635 6 2 2 2 1727 1802 1827 1728 1803 1828
1636 6 2 2 2 1727 1827 1752 1728 1828 1753
1637 6 2 2 2 1728 1803 1828 1729 1804 1829
1638 6 2 2 2 1728 1828 1753 1729 1829 1754
1639 6 2 2 2 1729 1804 1829 1730 1805 1830
1640 6 2 2 2 1729 1829 1754 1730 1830 1755
1641 6 2 2 2 1730 1805 1830 1731 1806 1831
1642 6 2 2 2 1730 1830 1755 1731 1831 1756
1643 6 2 2 2 1731 1806 1831 1732 1807 1832
1644 6 2 2 2 1731 1831 1756 1732 1832 1757
1645 6 2 2 2 1732 1807 1832 1733 1808 1833
1646 6 2 2 2 1732 1832 1757 1733 1833 1758
1647 6 2 2 2 1733 1808 1833 1734 1809 1834
1648 6 2 2 2 1733 1833 1758 1734 1834 1759
1649 6 2 2 2 1734 1809 1834 1735 1810 1835
1650 6 2 2 2 1734 1834 1759 1735 1835 1760
1651 6 2 2 2 1735 1810 1835 1736 1811 1836
1652 6 2 2 2 1735 1835 1760 1736 1836 1761
1653 6 2 2 2 1736 1811 1836 1737 1812 1837
1654 6 2 2 2 1736 1836 1761 1737 1837 1762
1655 6 2 2 2 1737 1812 1837 1738 1813 1838
1656 6 2 2 2 1737 1837 1762 1738 1838 1763
1657 6 2 2 2 1738 1813 1838 1739 1814 1839
1658 6 2 2 2 1738 1838 1763 1739 1839 1764
1659 6 2 2 2 1739 1814 1839 1740 1815 1840
1660 6 2 2 2 1739 1839 1764 1740 1840 1765
1661 6 2 2 2 1740 1815 1840 1741 1816 1841
1662 6 2 2 2 1740 1840 1765 1741 1841 1766
1663 6 2 2 2 1741 1816 1841 1742 1817 1842
1664 6 2 2 2 1741 1841 1766 1742 1842 1767
1665 6 2 2 2 1742 1817 1842 1743 1818 1843
1666 6 2 2 2 1742 1842 1767 1743 1843 1768
1667 6 2 2 2 1743 1818 1843 1744 1819 1844
1668 6 2 2 2 1743 1843 1768 1744 1844 1769
1669 6 2 2 2 1744 1819 1844 1745 1820 1845
1670 6 2 2 2 1744 1844 1769 1745 1845 1770
1671 6 2 2 2 1745 1820 1845 1746 1821 1846
1672 6 2 2 2 1745 1845 1770 1746 1846 1771
1673 6 2 2 2 1746 1821 1846 1747 1822 1847
1674 6 2 2 2 1746 1846 1771 1747 1847 1772
1675 6 2 2 2 1747 1822 1847 1748 1823 1848
1676 6 2 2 2 1747 1847 1772 1748 1848 1773
1677 6 2 2 2 1748 1823 1848 1749 1824 1849
1678 6 2 2 2 1748 1848 1773 1749 1849 1774
1679 6 2 2 2 1749 1824 1849 1750 1825 1850
1680 6 2 2 2 1749 1849 1774 1750 1850 1775
1681 6 2 2 2 1751 1826 1851 1752 1827 1852
1682 6 2 2 2 1751 1851 1776 1752 1852 1777
1683 6 2 2 2 1752 1827 1852 1753 1828 1853
1684 6 2 2 2 1752 1852 1777 1753 1853 1778
1685 6 2 2 2 1753 1828 1853 1754 1829 1854
1686 6 2 2 2 1753 1853 1778 1754 1854 1779
1687 6 2 2 2 1754 1829 1854 1755 1830 1855
1688 6 2 2 2 1754 1854 1779 1755 1855 1780
1689 6 2 2 2 1755 1830 1855 1756 1831 1856
1690 6 2 2 2 1755 1855 1780 1756 1856 1781
1691 6 2 2 2 1756 1831 1856 1757 1832 1857
1692 6 2 2 2 1756 1856 1781 1757 1857 1782
1693 6 2 2 2 1757 1832 1857 1758 1833 1858
1694 6 2 2 2 1757 1857 1782 1758 1858 1783
1695 6 2 2 2 1758 1833 1858 1759 1834 1859
1696 6 2 2 2 1758 1858 1783 1759 1859 1784
1697 6 2 2 2 1759 1834 1859 1760 1835 1860
1698 6 2 2 2 1759 1859 1784 1760 1860 1785
1699 6 2 2 2 1760 1835 1860 1761 1836 1861
1700 6 2 2 2 1760 1860 1785 1761 1861 1786
1701 6 2 2 2 1761 1836 1861 1762 1837 1862
1702 6 2 2 2 1761 1861 1786 1762 1862 1787
1703 6 2 2 2 1762 1837 1862 1763 1838 1863
1704 6 2 2 2 1762 1862 1787 1763 1863 1788
1705 6 2 2 2 1763 1838 1863 1764 1839 1864
1706 6 2 2 2 1763 1863 1788 1764 1864 1789
1707 6 2 2 2 1764 1839 1864 1765 1840 1865
1708 6 2 2 2 1764 1864 1789 1765 1865 1790
1709 6 2 2 2 1765 1840 1865 1766 1841 1866
1710 6 2 2 2 1765 1865 1790 1766 1866 1791
1711 6 2 2 2 1766 1841 1866 1767 1842 1867
1712 6 2 2 2 1766 1866 1791 1767 1867 1792
1713 6 2 2 2 1767 1842 1867 1768 1843 1868
1714 6 2 2 2 1767 1867 1792 1768 1868 1793
1715 6 2 2 2 1768 1843 1868 1769 1844 1869
1716 6 2 2 2 1768 1868 1793 1769 1869 1794
1717 6 2 2 2 1769 1844 1869 1770 1845 1870
1718 6 2 2 2 1769 1869 1794 1770 1870 1795
1719 6 2 2 2 1770 1845 1870 1771 1846 1871
1720 6 2 2 2 1770 1870 1795 1771 1871 1796
1721 6 2 2 2 1771 1846 1871 1772 1847 1872
1722 6 2 2 2 1771 1871 1796 1772 1872 1797
1723 6 2 2 2 1772 1847 1872 1773 1848 1873
1724 6 2 2 2 1772 1872 1797 1773 1873 1798
1725 6 2 2 2 1773 1848 1873 1774 1849 1874
1726 6 2 2 2 1773 1873 1798 1774 1874 1799
1727 6 2 2 2 1774 1849 1874 1775 1850 1875
1728 6 2 2 2 1774 1874 1799 1775 1875 1800
1729 3 2 20 20 1 76 101 26
1730 3 2 20 20 25 100 125 50
1731 3 2 20 20 26 101 126 51
1732 3 2 20 20 50 125 150 75
1733 3 2 20 20 76 151 176 101
1734 3 2 20 20 100 175 200 125
1735 3 2 20 20 101 176 201 126
1736 3 2 20 20 125 200 225 150
1737 3 2 20 20 151 226 251 176
1738 3 2 20 20 175 250 275 200
1739 3 2 20 20 176 251 276 201
1740 3 2 20 20 200 275 300 225
1741 3 2 20 20 226 301 326 251
1742 3 2 20 20 250 325 350 275
1743 3 2 20 20 251 326 351 276
1744 3 2 20 20 275 350 375 300
1745 3 2 20 20 301 376 401 326
1746 3 2 20 20 325 400 425 350
1747 3 2 20 20 326 401 426 351
1748 3 2 20 20 350 425 450 375
1749 3 2 20 20 376 451 476 401
1750 3 2 20 20 400 475 500 425
1751 3 2 20 20 401 476 501 426
1752 3 2 20 20 425 500 525 450
1753 3 2 20 20 451 526 551 476
1754 3 2 20 20 475 550 575 500
1755 3 2 20 20 476 551 576 501
1756 3 2 20 20 500 575 600 525
1757 3 2 20 20 526 601 626 551
1758 3 2 20 20 550 625 650 575
1759 3 2 20 20 551 626 651 576
1760 3 2 20 20 575 650 675 600
1761 3 2 20 20 601 676 701 626
1762 3 2 20 20 625 700 725 650
1763 3 2 20 20 626 701 726 651
1764 3 2 20 20 650 725 750 675
1765 3 2 20 20 676 751 776 701
1766 3 2 20 20 700 775 800 725
1767 3 2 20 20 701 776 801 726
1768 3 2 20 20 725 800 825 750
1769 3 2 20 20 751 826 851 776
1770 3 2 20 20 775 850 875 800
1771 3 2 20 20 776 851 876 801
1772 3 2 20 20 800 875 900 825
1773 3 2 20 20 826 901 926 851
1774 3 2 20 20 850 925 950 875
1775 3 2 20 20 851 926 951 876
1776 3 2 20 20 875 950 975 900
1777 2 2 20 20 901 976 1001
1778 2 2 20 20 901 1001 926
1779 2 2 20 20 925 1000 1025
1780 2 2 20 20 925 1025 950
1781 2 2 20 20 926 1001 1026
1782 2 2 20 20 926 1026 951
1783 2 2 20 20 950 1025 1050
1784 2 2 20 20 950 1050 975
1785 2 2 20 20 976 1051 1076
1786 2 2 20 20 976 1076 1001
1787 2 2 20 20 1000 1075 1100
1788 2 2 20 20 1000 1100 1025
1789 2 2 20 20 1001 1076 1101
1790 2 2 20 20 1001 1101 1026
1791 2 2 20 20 1025 1100 1125
1792 2 2 20 20 1025 1125 1050
1793 2 2 20 20 1051 1126 1151
1794 2 2 20 20 1051 1151 1076
1795 2 2 20 20 1075 1150 1175
1796 2 2 20 20 1075 1175 1100
1797 2 2 20 20 1076 1151 1176
1798 2 2 20 20 1076 1176 1101
1799 2 2 20 20 1100 1175 1200
1800 2 2 20 20 1100 1200 1125
1801 2 2 20 20 1126 1201 1226
1802 2 2 20 20 1126 1226 1151
1803 2 2 20 20 1150 1225 1250
1804 2 2 20 20 1150 1250 1175
1805 2 2 20 20 1151 1226 1251
1806 2 2 20 20 1151 1251 1176
1807 2 2 20 20 1175 1250 1275
1808 2 2 20 20 1175 1275 1200
1809 2 2 20 20 1201 1276 1301
1810 2 2 20 20 1201 1301 1226
1811 2 2 20 20 1225 1300 1325
1812 2 2 20 20 1225 1325 1250
1813 2 2 20 20 1226 1301 1326
1814 2 2 20 20 1226 1326 1251
1815 2 2 20 20 1250 1325 1350
1816 2 2 20 20 1250 1350 1275
1817 2 2 20 20 1276 1351 1376
1818 2 2 20 20 1276 1376 1301
1819 2 2 20 20 1300 1375 1400
1820 2 2 20 20 1300 1400 1325
1821 2 2 20 20 1301 1376 1401
1822 2 2 20 20 1301 1401 1326
1823 2 2 20 20 1325 1400 1425
1824 2 2 20 20 1325 1425 1350
1825 2 2 20 20 1351 1426 1451
1826 2 2 20 20 1351 1451 1376
1827 2 2 20 20 1375 1450 1475
1828 2 2 20 20 1375 1475 1400
1829 2 2 20 20 1376 1451 1476
1830 2 2 20 20 1376 1476 1401
1831 2 2 20 20 1400 1475 1500
1832 2 2 20 20 1400 1500 1425
1833 2 2 20 20 1426 1501 1526
1834 2 2 20 20 1426 1526 1451
1835 2 2 20 20 1450 1525 1550
1836 2 2 20 20 1450 1550 1475
1837 2 2 20 20 1451 1526 1551
1838 2 2 20 20 1451 1551 1476
1839 2 2 20 20 1475 1550 1575
1840 2 2 20 20 1475 1575 1500
1841 2 2 20 20 1501 1576 1601
1842 2 2 20 20 1501 1601 1526
1843 2 2 20 20 1525 1600 1625
1844 2 2 20 20 1525 1625 1550
1845 2 2 20 20 1526 1601 1626
1846 2 2 20 20 1526 1626 1551
1847 2 2 20 20 1550 1625 1650
1848 2 2 20 20 1550 1650 1575
1849 2 2 20 20 1576 1651 1676
1850 2 2 20 20 1576 1676 1601
1851 2 2 20 20 1600 1675 1700
1852 2 2 20 20 1600 1700 1625
1853 2 2 20 20 1601 1676 1701
1854 2 2 20 20 1601 1701 1626
1855 2 2 20 20 1625 1700 1725
1856 2 2 20 20 1625 1725 1650
1857 2 2 20 20 1651 1726 1751
1858 2 2 20 20 1651 1751 1676
1859 2 2 20 20 1675 1750 1775
1860 2 2 20 20 1675 1775 1700
1861 2 2 20 20 1676 1751 1776
1862 2 2 20 20 1676 1776 1701
1863 2 2 20 20 1700 1775 1800
1864 2 2 20 20 1700 1800 1725
1865 2 2 20 20 1726 1801 1826
1866 2 2 20 20 1726 1826 1751
1867 2 2 20 20 1750 1825 1850
1868 2 2 20 20 1750 1850 1775
1869 2 2 20 20 1751 1826 1851
1870 2 2 20 20 1751 1851 1776
1871 2 2 20 20 1775 1850 1875
1872 2 2 20 20 1775 1875 1800
1873 3 2 10 10 1 26 27 2
1874 3 2 20 20 1 26 27 2
1875 3 2 11 11 1801 1826 1827 1802
1876 3 2 20 20 1801 1826 1827 1802
1877 3 2 10 10 2 27 28 3
1878 3 2 20 20 2 27 28 3
1879 3 2 11 11 1802 1827 1828 1803
1880 3 2 20 20 1802 1827 1828 1803
1881 3 2 10 10 3 28 29 4
1882 3 2 20 20 3 28 29 4
1883 3 2 11 11 1803 1828 1829 1804
1884 3 2 20 20 1803 1828 1829 1804
1885 3 2 10 10 4 29 30 5
1886 3 2 20 20 4 29 30 5
1887 3 2 11 11 1804 1829 1830 1805
1888 3 2 20 20 1804 1829 1830 1805
1889 3 2 10 10 5 30 31 6
1890 3 2 20 20 5 30 31 6
1891 3 2 11 11 1805 1830 1831 1806
1892 3 2 20 20 1805 1830 1831 1806
1893 3 2 10 10 6 31 32 7
1894 3 2 20 20 6 31 32 7
1895 3 2 11 11 1806 1831 1832 1807
1896 3 2 20 20 1806 1831 1832 1807
1897 3 2 10 10 7 32 33 8
1898 3 2 20 20 7 32 33 8
1899 3 2 11 11 1807 1832 1833 1808
1900 3 2 20 20 1807 1832 1833 1808
1901 3 2 10 10 8 33 34 9
1902 3 2 20 20 8 33 34 9
1903 3 2 11 11 1808 1833 1834 1809
1904 3 2 20 20 1808 1833 1834 1809
1905 3 2 10 10 9 34 35 10
1906 3 2 20 20 9 34 35 10
1907 3 2 11 11 1809 1834 1835 1810
1908 3 2 20 20 1809 1834 1835 1810
1909 3 2 10 10 10 35 36 11
1910 3 2 20 20 10 35 36 11
1911 3 2 11 11 1810 1835 1836 1811
1912 3 2 20 20 1810 1835 1836 1811
1913 3 2 10 10 11 36 37 12
1914 3 2 20 20 11 36 37 12
1915 3 2 11 11 1811 1836 1837 1812
1916 3 2 20 20 1811 1836 1837 1812
1917 3 2 10 10 12 37 38 13
1918 3 2 20 20 12 37 38 13
1919 3 2 11 11 1812 1837 1838 1813
1920 3 2 20 20 1812 1837 1838 1813
1921 3 2 10 10 13 38 39 14
1922 3 2 20 20 13 38 39 14
1923 3 2 11 11 1813 1838 1839 1814
1924 3 2 20 20 1813 1838 1839 1814
1925 3 2 10 10 14 39 40 15
1926 3 2 20 20 14 39 40 15
1927 3 2 11 11 1814 1839 1840 1815
1928 3 2 20 20 1814 1839 1840 1815
1929 3 2 10 10 15 40 41 16
1930 3 2 20 20 15 40 41 16
1931 3 2 11 11 1815 1840 1841 1816
1932 3 2 20 20 1815 1840 1841 1816
1933 3 2 10 10 16 41 42 17
1934 3 2 20 20 16 41 42 17
1935 3 2 11 11 1816 1841 1842 1817
1936 3 2 20 20 1816 1841 1842 1817
1937 3 2 10 10 17 42 43 18
1938 3 2 20 20 17 42 43 18
1939 3 2 11 11 1817 1842 1843 1818
1940 3 2 20 20 1817 1842 1843 1818
1941 3 2 10 10 18 43 44 19
1942 3 2 20 20 18 43 44 19
1943 3 2 11 11 1818 1843 1844 1819
1944 3 2 20 20 1818 1843 1844 1819
1945 3 2 10 10 19 44 45 20
1946 3 2 20 20 19 44 45 20
1947 3 2 11 11 1819 1844 1845 1820
1948 3 2 20 20 1819 1844 1845 1820
1949 3 2 10 10 20 45 46 21
1950 3 2 20 20 20 45 46 21
1951 3 2 11 11 1820 1845 1846 1821
1952 3 2 20 20 1820 1845 1846 1821
1953 3 2 10 10 21 46 47 22
1954 3 2 20 20 21 46 47 22
1955 3 2 11 11 1821 1846 1847 1822
1956 3 2 20 20 1821 1846 1847 1822
1957 3 2 10 10 22 47 48 23
1958 3 2 20 20 22 47 48 23
1959 3 2 11 11 1822 1847 1848 1823
1960 3 2 20 20 1822 1847 1848 1823
1961 3 2 10 10 23 48 49 24
1962 3 2 20 20 23 48 49 24
1963 3 2 11 11 1823 1848 1849 1824
1964 3 2 20 20 1823 1848 1849 1824
1965 3 2 10 10 24 49 50 25
1966 3 2 20 20 24 49 50 25
1967 3 2 11 11 1824 1849 1850 1825
1968 3 2 20 20 1824 1849 1850 1825
1969 3 2 10 10 26 51 52 27
1970 3 2 20 20 26 51 52 27
1971 3 2 11 11 1826 1851 1852 1827
1972 3 2 20 20 1826 1851 1852 1827
1973 3 2 10 10 27 52 53 28
1974 3 2 20 20 27 52 53 28
1975 3 2 11 11 1827 1852 1853 1828
1976 3 2 20 20 1827 1852 1853 1828
1977 3 2 10 10 28 53 54 29
1978 3 2 20 20 28 53 54 29
1979 3 2 11 11 1828 1853 1854 1829
1980 3 2 20 20 1828 1853 1854 1829
1981 3 2 10 10 29 54 55 30
1982 3 2 20 20 29 54 55 30
1983 3 2 11 11 1829 1854 1855 1830
1984 3 2 20 20 1829 1854 1855 1830
1985 3 2 10 10 30 55 56 31
1986 3 2 20 20 30 55 56 31
1987 3 2 11 11 1830 1855 1856 1831
1988 3 2 20 20 1830 1855 1856 1831
1989 3 2 10 10 31 56 57 32
1990 3 2 20 20 31 56 57 32
1991 3 2 11 11 1831 1856 1857 1832
1992 3 2 20 20 1831 1856 1857 1832
1993 3 2 10 10 32 57 58 33
1994 3 2 20 20 32 57 58 33
1995 3 2 11 11 1832 1857 1858 1833
1996 3 2 20 20 1832 1857 1858 1833
1997 3 2 10 10 33 58 59 34
1998 3 2 20 20 33 58 59 34
1999 3 2 11 11 1833 1858 1859 1834
2000 3 2 20 20 1833 1858 1859 1834
2001 3 2 10 10 34 59 60 35
2002 3 2 20 20 34 59 60 35
2003 3 2 11 11 1834 1859 1860 1835
2004 3 2 20 20 1834 1859 1860 1835
2005 3 2 10 10 35 60 61 36
2006 3 2 20 20 35 60 61 36
2007 3 2 11 11 1835 1860 1861 1836
2008 3 2 20 20 1835 1860 1861 1836
2009 3 2 10 10 36 61 62 37
2010 3 2 20 20 36 61 62 37
2011 3 2 11 11 1836 1861 1862 1837
2012 3 2 20 20 1836 1861 1862 1837
2013 3 2 10 10 37 62 63 38
2014 3 2 20 20 37 62 63 38
2015 3 2 11 11 1837 1862 1863 1838
2016 3 2 20 20 1837 1862 1863 1838
2017 3 2 10 10 38 63 64 39
2018 3 2 20 20 38 63 64 39
2019 3 2 11 11 1838 1863 1864 1839
2020 3 2 20 20 1838 1863 1864 1839
2021 3 2 10 10 39 64 65 40
2022 3 2 20 20 39 64 65 40
2023 3 2 11 11 1839 1864 1865 1840
2024 3 2 20 20 1839 1864 1865 1840
2025 3 2 10 10 40 65 66 41
2026 3 2 20 20 40 65 66 41
2027 3 2 11 11 1840 1865 1866 1841
2028 3 2 20 20 1840 1865 1866 1841
2029 3 2 10 10 41 66 67 42
2030 3 2 20 20 41 66 67 42
2031 3 2 11 11 1841 1866 1867 1842
2032 3 2 20 20 1841 1866 1867 1842
2033 3 2 10 10 42 67 68 43
2034 3 2 20 20 42 67 68 43
2035 3 2 11 11 1842 1867 1868 1843
2036 3 2 20 20 1842 1867 1868 1843
2037 3 2 10 10 43 68 69 44
2038 3 2 20 20 43 68 69 44
2039 3 2 11 11 1843 1868 1869 1844
2040 3 2 20 20 1843 1868 1869 1844
2041 3 2 10 10 44 69 70 45
2042 3 2 20 20 44 69 70 45
2043 3 2 11 11 1844 1869 1870 1845
2044 3 2 20 20 1844 1869 1870 1845
2045 3 2 10 10 45 70 71 46
2046 3 2 20 20 45 70 71 46
2047 3 2 11 11 1845 1870 1871 1846
2048 3 2 20 20 1845 1870 1871 1846
2049 3 2 10 10 46 71 72 47
2050 3 2 20 20 46 71 72 47
2051 3 2 11 11 1846 1871 1872 1847
2052 3 2 20 20 1846 1871 1872 1847
2053 3 2 10 10 47 72 73 48
2054 3 2 20 20 47 72 73 48
2055 3 2 11 11 1847 1872 1873 1848
2056 3 2 20 20 1847 1872 1873 1848
2057 3 2 10 10 48 73 74 49
2058 3 2 20 20 48 73 74 49
2059 3 2 11 11 1848 1873 1874 1849
2060 3 2 20 20 1848 1873 1874 1849
2061 3 2 10 10 49 74 75 50
2062 3 2 20 20 49 74 75 50
2063 3 2 11 11 1849 1874 1875 1850
2064 3 2 20 20 1849 1874 1875 1850
$EndElements
