$MeshFormat
2.2 0 8
$EndMeshFormat
$Nodes
1632
1 0.0005 0 0
2 0.0005 0 0.0001
3 0.0004957224307 6.526309611e-05 0
4 0.0004957224307 6.526309611e-05 0.0001
5 0.0004829629131 0.0001294095226 0
6 0.0004829629131 0.0001294095226 0.0001
7 0.0004619397663 0.0001913417162 0
8 0.0004619397663 0.0001913417162 0.0001
9 0.0004330127019 0.00025 0
10 0.0004330127019 0.00025 0.0001
11 0.0003966766701 0.0003043807145 0
12 0.0003966766701 0.0003043807145 0.0001
13 0.0003535533906 0.0003535533906 0
14 0.0003535533906 0.0003535533906 0.0001
15 0.0003043807145 0.0003966766701 0
16 0.0003043807145 0.0003966766701 0.0001
17 0.00025 0.0004330127019 0
18 0.00025 0.0004330127019 0.0001
19 0.0001913417162 0.0004619397663 0
20 0.0001913417162 0.0004619397663 0.0001
21 0.0001294095226 0.0004829629131 0
22 0.0001294095226 0.0004829629131 0.0001
23 6.526309611e-05 0.0004957224307 0
24 6.526309611e-05 0.0004957224307 0.0001
25 3.061616998e-20 0.0005 0
26 3.061616998e-20 0.0005 0.0001
27 -6.526309611e-05 0.0004957224307 0
28 -6.526309611e-05 0.0004957224307 0.0001
29 -0.0001294095226 0.0004829629131 0
30 -0.0001294095226 0.0004829629131 0.0001
31 -0.0001913417162 0.0004619397663 0
32 -0.0001913417162 0.0004619397663 0.0001
33 -0.00025 0.0004330127019 0
34 -0.00025 0.0004330127019 0.0001
35 -0.0003043807145 0.0003966766701 0
36 -0.0003043807145 0.0003966766701 0.0001
37 -0.0003535533906 0.0003535533906 0
38 -0.0003535533906 0.0003535533906 0.0001
39 -0.0003966766701 0.0003043807145 0
40 -0.0003966766701 0.0003043807145 0.0001
41 -0.0004330127019 0.00025 0
42 -0.0004330127019 0.00025 0.0001
43 -0.0004619397663 0.0001913417162 0
44 -0.0004619397663 0.0001913417162 0.0001
45 -0.0004829629131 0.0001294095226 0
46 -0.0004829629131 0.0001294095226 0.0001
47 -0.0004957224307 6.526309611e-05 0
48 -0.0004957224307 6.526309611e-05 0.0001
49 -0.0005 6.123233996e-20 0
50 -0.0005 6.123233996e-20 0.0001
51 -0.0004957224307 -6.526309611e-05 0
52 -0.0004957224307 -6.526309611e-05 0.0001
53 -0.0004829629131 -0.0001294095226 0
54 -0.0004829629131 -0.0001294095226 0.0001
55 -0.0004619397663 -0.0001913417162 0
56 -0.0004619397663 -0.0001913417162 0.0001
57 -0.0004330127019 -0.00025 0
58 -0.0004330127019 -0.00025 0.0001
59 -0.0003966766701 -0.0003043807145 0
60 -0.0003966766701 -0.0003043807145 0.0001
61 -0.0003535533906 -0.0003535533906 0
62 -0.0003535533906 -0.0003535533906 0.0001
63 -0.0003043807145 -0.0003966766701 0
64 -0.0003043807145 -0.0003966766701 0.0001
65 -0.00025 -0.0004330127019 0
66 -0.00025 -0.0004330127019 0.0001
67 -0.0001913417162 -0.0004619397663 0
68 -0.0001913417162 -0.0004619397663 0.0001
69 -0.0001294095226 -0.0004829629131 0
70 -0.0001294095226 -0.0004829629131 0.0001
71 -6.526309611e-05 -0.0004957224307 0
72 -6.526309611e-05 -0.0004957224307 0.0001
73 -9.184850994e-20 -0.0005 0
74 -9.184850994e-20 -0.0005 0.0001
75 6.526309611e-05 -0.0004957224307 0
76 6.526309611e-05 -0.0004957224307 0.0001
77 0.0001294095226 -0.0004829629131 0
78 0.0001294095226 -0.0004829629131 0.0001
79 0.0001913417162 -0.0004619397663 0
80 0.0001913417162 -0.0004619397663 0.0001
81 0.00025 -0.0004330127019 0
82 0.00025 -0.0004330127019 0.0001
83 0.0003043807145 -0.0003966766701 0
84 0.0003043807145 -0.0003966766701 0.0001
85 0.0003535533906 -0.0003535533906 0
86 0.0003535533906 -0.0003535533906 0.0001
87 0.0003966766701 -0.0003043807145 0
88 0.0003966766701 -0.0003043807145 0.0001
89 0.0004330127019 -0.00025 0
90 0.0004330127019 -0.00025 0.0001
91 0.0004619397663 -0.0001913417162 0
92 0.0004619397663 -0.0001913417162 0.0001
93 0.0004829629131 -0.0001294095226 0
94 0.0004829629131 -0.0001294095226 0.0001
95 0.0004957224307 -6.526309611e-05 0
96 0.0004957224307 -6.526309611e-05 0.0001
97 0.0005355377415 0 0
98 0.0005355377415 0 0.0001
99 0.0005309561419 6.990170219e-05 0
100 0.0005309561419 6.990170219e-05 0.0001
101 0.0005172897355 0.0001386073669 0
102 0.0005172897355 0.0001386073669 0.0001
103 0.0004947723583 0.0002049414211 0
104 0.0004947723583 0.0002049414211 0.0001
105 0.0004637892889 0.0002677688708 0
106 0.0004637892889 0.0002677688708 0.0001
107 0.0004248706561 0.0003260147208 0
108 0.0004248706561 0.0003260147208 0.0001
109 0.0003786823686 0.0003786823686 0
110 0.0003786823686 0.0003786823686 0.0001
111 0.0003260147208 0.0004248706561 0
112 0.0003260147208 0.0004248706561 0.0001
113 0.0002677688708 0.0004637892889 0
114 0.0002677688708 0.0004637892889 0.0001
115 0.0002049414211 0.0004947723583 0
116 0.0002049414211 0.0004947723583 0.0001
117 0.0001386073669 0.0005172897355 0
118 0.0001386073669 0.0005172897355 0.0001
119 6.990170219e-05 0.0005309561419 0
120 6.990170219e-05 0.0005309561419 0.0001
121 3.279222905e-20 0.0005355377415 0
122 3.279222905e-20 0.0005355377415 0.0001
123 -6.990170219e-05 0.0005309561419 0
124 -6.990170219e-05 0.0005309561419 0.0001
125 -0.0001386073669 0.0005172897355 0
126 -0.0001386073669 0.0005172897355 0.0001
127 -0.0002049414211 0.0004947723583 0
128 -0.0002049414211 0.0004947723583 0.0001
129 -0.0002677688708 0.0004637892889 0
130 -0.0002677688708 0.0004637892889 0.0001
131 -0.0003260147208 0.0004248706561 0
132 -0.0003260147208 0.0004248706561 0.0001
133 -0.0003786823686 0.0003786823686 0
134 -0.0003786823686 0.0003786823686 0.0001
135 -0.0004248706561 0.0003260147208 0
136 -0.0004248706561 0.0003260147208 0.0001
137 -0.0004637892889 0.0002677688708 0
138 -0.0004637892889 0.0002677688708 0.0001
139 -0.0004947723583 0.0002049414211 0
140 -0.0004947723583 0.0002049414211 0.0001
141 -0.0005172897355 0.0001386073669 0
142 -0.0005172897355 0.0001386073669 0.0001
143 -0.0005309561419 6.990170219e-05 0
144 -0.0005309561419 6.990170219e-05 0.0001
145 -0.0005355377415 6.55844581e-20 0
146 -0.0005355377415 6.55844581e-20 0.0001
147 -0.0005309561419 -6.990170219e-05 0
148 -0.0005309561419 -6.990170219e-05 0.0001
149 -0.0005172897355 -0.0001386073669 0
150 -0.0005172897355 -0.0001386073669 0.0001
151 -0.0004947723583 -0.0002049414211 0
152 -0.0004947723583 -0.0002049414211 0.0001
153 -0.0004637892889 -0.0002677688708 0
154 -0.0004637892889 -0.0002677688708 0.0001
155 -0.0004248706561 -0.0003260147208 0
156 -0.0004248706561 -0.0003260147208 0.0001
157 -0.0003786823686 -0.0003786823686 0
158 -0.0003786823686 -0.0003786823686 0.0001
159 -0.0003260147208 -0.0004248706561 0
160 -0.0003260147208 -0.0004248706561 0.0001
161 -0.0002677688708 -0.0004637892889 0
162 -0.0002677688708 -0.0004637892889 0.0001
163 -0.0002049414211 -0.0004947723583 0
164 -0.0002049414211 -0.0004947723583 0.0001
165 -0.0001386073669 -0.0005172897355 0
166 -0.0001386073669 -0.0005172897355 0.0001
167 -6.990170219e-05 -0.0005309561419 0
168 -6.990170219e-05 -0.0005309561419 0.0001
169 -9.837668715e-20 -0.0005355377415 0
170 -9.837668715e-20 -0.0005355377415 0.0001
171 6.990170219e-05 -0.0005309561419 0
172 6.990170219e-05 -0.0005309561419 0.0001
173 0.0001386073669 -0.0005172897355 0
174 0.0001386073669 -0.0005172897355 0.0001
175 0.0002049414211 -0.0004947723583 0
176 0.0002049414211 -0.0004947723583 0.0001
177 0.0002677688708 -0.0004637892889 0
178 0.0002677688708 -0.0004637892889 0.0001
179 0.0003260147208 -0.0004248706561 0
180 0.0003260147208 -0.0004248706561 0.0001
181 0.0003786823686 -0.0003786823686 0
182 0.0003786823686 -0.0003786823686 0.0001
183 0.0004248706561 -0.0003260147208 0
184 0.0004248706561 -0.0003260147208 0.0001
185 0.0004637892889 -0.0002677688708 0
186 0.0004637892889 -0.0002677688708 0.0001
187 0.0004947723583 -0.0002049414211 0
188 0.0004947723583 -0.0002049414211 0.0001
189 0.0005172897355 -0.0001386073669 0
190 0.0005172897355 -0.0001386073669 0.0001
191 0.0005309561419 -6.990170219e-05 0
192 0.0005309561419 -6.990170219e-05 0.0001
193 0.0005736013452 0 0
194 0.0005736013452 0 0.0001
195 0.0005686941062 7.486999944e-05 0
196 0.0005686941062 7.486999944e-05 0.0001
197 0.0005540563533 0.0001484589524 0
198 0.0005540563533 0.0001484589524 0.0001
199 0.0005299385427 0.0002195077316 0
200 0.0005299385427 0.0002195077316 0.0001
201 0.0004967533366 0.0002868006726 0
202 0.0004967533366 0.0002868006726 0.0001
203 0.0004550685432 0.0003491863746 0
204 0.0004550685432 0.0003491863746 0.0001
205 0.0004055974009 0.0004055974009 0
206 0.0004055974009 0.0004055974009 0.0001
207 0.0003491863746 0.0004550685432 0
208 0.0003491863746 0.0004550685432 0.0001
209 0.0002868006726 0.0004967533366 0
210 0.0002868006726 0.0004967533366 0.0001
211 0.0002195077316 0.0005299385427 0
212 0.0002195077316 0.0005299385427 0.0001
213 0.0001484589524 0.0005540563533 0
214 0.0001484589524 0.0005540563533 0.0001
215 7.486999944e-05 0.0005686941062 0
216 7.486999944e-05 0.0005686941062 0.0001
217 3.512295257e-20 0.0005736013452 0
218 3.512295257e-20 0.0005736013452 0.0001
219 -7.486999944e-05 0.0005686941062 0
220 -7.486999944e-05 0.0005686941062 0.0001
221 -0.0001484589524 0.0005540563533 0
222 -0.0001484589524 0.0005540563533 0.0001
223 -0.0002195077316 0.0005299385427 0
224 -0.0002195077316 0.0005299385427 0.0001
225 -0.0002868006726 0.0004967533366 0
226 -0.0002868006726 0.0004967533366 0.0001
227 -0.0003491863746 0.0004550685432 0
228 -0.0003491863746 0.0004550685432 0.0001
229 -0.0004055974009 0.0004055974009 0
230 -0.0004055974009 0.0004055974009 0.0001
231 -0.0004550685432 0.0003491863746 0
232 -0.0004550685432 0.0003491863746 0.0001
233 -0.0004967533366 0.0002868006726 0
234 -0.0004967533366 0.0002868006726 0.0001
235 -0.0005299385427 0.0002195077316 0
236 -0.0005299385427 0.0002195077316 0.0001
237 -0.0005540563533 0.0001484589524 0
238 -0.0005540563533 0.0001484589524 0.0001
239 -0.0005686941062 7.486999944e-05 0
240 -0.0005686941062 7.486999944e-05 0.0001
241 -0.0005736013452 7.024590514e-20 0
242 -0.0005736013452 7.024590514e-20 0.0001
243 -0.0005686941062 -7.486999944e-05 0
244 -0.0005686941062 -7.486999944e-05 0.0001
245 -0.0005540563533 -0.0001484589524 0
246 -0.0005540563533 -0.0001484589524 0.0001
247 -0.0005299385427 -0.0002195077316 0
248 -0.0005299385427 -0.0002195077316 0.0001
249 -0.0004967533366 -0.0002868006726 0
250 -0.0004967533366 -0.0002868006726 0.0001
251 -0.0004550685432 -0.0003491863746 0
252 -0.0004550685432 -0.0003491863746 0.0001
253 -0.0004055974009 -0.0004055974009 0
254 -0.0004055974009 -0.0004055974009 0.0001
255 -0.0003491863746 -0.0004550685432 0
256 -0.0003491863746 -0.0004550685432 0.0001
257 -0.0002868006726 -0.0004967533366 0
258 -0.0002868006726 -0.0004967533366 0.0001
259 -0.0002195077316 -0.0005299385427 0
260 -0.0002195077316 -0.0005299385427 0.0001
261 -0.0001484589524 -0.0005540563533 0
262 -0.0001484589524 -0.0005540563533 0.0001
263 -7.486999944e-05 -0.0005686941062 0
264 -7.486999944e-05 -0.0005686941062 0.0001
265 -1.053688577e-19 -0.0005736013452 0
266 -1.053688577e-19 -0.0005736013452 0.0001
267 7.486999944e-05 -0.0005686941062 0
268 7.486999944e-05 -0.0005686941062 0.0001
269 0.0001484589524 -0.0005540563533 0
270 0.0001484589524 -0.0005540563533 0.0001
271 0.0002195077316 -0.0005299385427 0
272 0.0002195077316 -0.0005299385427 0.0001
273 0.0002868006726 -0.0004967533366 0
274 0.0002868006726 -0.0004967533366 0.0001
275 0.0003491863746 -0.0004550685432 0
276 0.0003491863746 -0.0004550685432 0.0001
277 0.0004055974009 -0.0004055974009 0
278 0.0004055974009 -0.0004055974009 0.0001
279 0.0004550685432 -0.0003491863746 0
280 0.0004550685432 -0.0003491863746 0.0001
281 0.0004967533366 -0.0002868006726 0
282 0.0004967533366 -0.0002868006726 0.0001
283 0.0005299385427 -0.0002195077316 0
284 0.0005299385427 -0.0002195077316 0.0001
285 0.0005540563533 -0.0001484589524 0
286 0.0005540563533 -0.0001484589524 0.0001
287 0.0005686941062 -7.486999944e-05 0
288 0.0005686941062 -7.486999944e-05 0.0001
289 0.0006143703379 0 0
290 0.0006143703379 0 0.0001
291 0.0006091143145 8.019142082e-05 0
292 0.0006091143145 8.019142082e-05 0.0001
293 0.0005934361763 0.0001590107442 0
294 0.0005934361763 0.0001590107442 0.0001
295 0.0005676041806 0.0002351093497 0
296 0.0005676041806 0.0002351093497 0.0001
297 0.00053206032 0.000307185169 0
298 0.00053206032 0.000307185169 0.0001
299 0.0004874127598 0.0003740049649 0
300 0.0004874127598 0.0003740049649 0.0001
301 0.0004344254321 0.0004344254321 0
302 0.0004344254321 0.0004344254321 0.0001
303 0.0003740049649 0.0004874127598 0
304 0.0003740049649 0.0004874127598 0.0001
305 0.000307185169 0.00053206032 0
306 0.000307185169 0.00053206032 0.0001
307 0.0002351093497 0.0005676041806 0
308 0.0002351093497 0.0005676041806 0.0001
309 0.0001590107442 0.0005934361763 0
310 0.0001590107442 0.0005934361763 0.0001
311 8.019142082e-05 0.0006091143145 0
312 8.019142082e-05 0.0006091143145 0.0001
313 3.761933339e-20 0.0006143703379 0
314 3.761933339e-20 0.0006143703379 0.0001
315 -8.019142082e-05 0.0006091143145 0
316 -8.019142082e-05 0.0006091143145 0.0001
317 -0.0001590107442 0.0005934361763 0
318 -0.0001590107442 0.0005934361763 0.0001
319 -0.0002351093497 0.0005676041806 0
320 -0.0002351093497 0.0005676041806 0.0001
321 -0.000307185169 0.00053206032 0
322 -0.000307185169 0.00053206032 0.0001
323 -0.0003740049649 0.0004874127598 0
324 -0.0003740049649 0.0004874127598 0.0001
325 -0.0004344254321 0.0004344254321 0
326 -0.0004344254321 0.0004344254321 0.0001
327 -0.0004874127598 0.0003740049649 0
328 -0.0004874127598 0.0003740049649 0.0001
329 -0.00053206032 0.000307185169 0
330 -0.00053206032 0.000307185169 0.0001
331 -0.0005676041806 0.0002351093497 0
332 -0.0005676041806 0.0002351093497 0.0001
333 -0.0005934361763 0.0001590107442 0
334 -0.0005934361763 0.0001590107442 0.0001
335 -0.0006091143145 8.019142082e-05 0
336 -0.0006091143145 8.019142082e-05 0.0001
337 -0.0006143703379 7.523866678e-20 0
338 -0.0006143703379 7.523866678e-20 0.0001
339 -0.0006091143145 -8.019142082e-05 0
340 -0.0006091143145 -8.019142082e-05 0.0001
341 -0.0005934361763 -0.0001590107442 0
342 -0.0005934361763 -0.0001590107442 0.0001
343 -0.0005676041806 -0.0002351093497 0
344 -0.0005676041806 -0.0002351093497 0.0001
345 -0.00053206032 -0.000307185169 0
346 -0.00053206032 -0.000307185169 0.0001
347 -0.0004874127598 -0.0003740049649 0
348 -0.0004874127598 -0.0003740049649 0.0001
349 -0.0004344254321 -0.0004344254321 0
350 -0.0004344254321 -0.0004344254321 0.0001
351 -0.0003740049649 -0.0004874127598 0
352 -0.0003740049649 -0.0004874127598 0.0001
353 -0.000307185169 -0.00053206032 0
354 -0.000307185169 -0.00053206032 0.0001
355 -0.0002351093497 -0.0005676041806 0
356 -0.0002351093497 -0.0005676041806 0.0001
357 -0.0001590107442 -0.0005934361763 0
358 -0.0001590107442 -0.0005934361763 0.0001
359 -8.019142082e-05 -0.0006091143145 0
360 -8.019142082e-05 -0.0006091143145 0.0001
361 -1.128580002e-19 -0.0006143703379 0
362 -1.128580002e-19 -0.0006143703379 0.0001
363 8.019142082e-05 -0.0006091143145 0
364 8.019142082e-05 -0.0006091143145 0.0001
365 0.0001590107442 -0.0005934361763 0
366 0.0001590107442 -0.0005934361763 0.0001
367 0.0002351093497 -0.0005676041806 0
368 0.0002351093497 -0.0005676041806 0.0001
369 0.000307185169 -0.00053206032 0
370 0.000307185169 -0.00053206032 0.0001
371 0.0003740049649 -0.0004874127598 0
372 0.0003740049649 -0.0004874127598 0.0001
373 0.0004344254321 -0.0004344254321 0
374 0.0004344254321 -0.0004344254321 0.0001
375 0.0004874127598 -0.0003740049649 0
376 0.0004874127598 -0.0003740049649 0.0001
377 0.00053206032 -0.000307185169 0
378 0.00053206032 -0.000307185169 0.0001
379 0.0005676041806 -0.0002351093497 0
380 0.0005676041806 -0.0002351093497 0.0001
381 0.0005934361763 -0.0001590107442 0
382 0.0005934361763 -0.0001590107442 0.0001
383 0.0006091143145 -8.019142082e-05 0
384 0.0006091143145 -8.019142082e-05 0.0001
385 0.0006580370065 0 0
386 0.0006580370065 0 0.0001
387 0.0006524074087 8.58910648e-05 0
388 0.0006524074087 8.58910648e-05 0.0001
389 0.0006356149392 0.0001703125097 0
390 0.0006356149392 0.0001703125097 0.0001
391 0.0006079469219 0.0002518198603 0
392 0.0006079469219 0.0002518198603 0.0001
393 0.0005698767642 0.0003290185032 0
394 0.0005698767642 0.0003290185032 0.0001
395 0.0005220558571 0.0004005875484 0
396 0.0005220558571 0.0004005875484 0.0001
397 0.0004653024296 0.0004653024296 0
398 0.0004653024296 0.0004653024296 0.0001
399 0.0004005875484 0.0005220558571 0
400 0.0004005875484 0.0005220558571 0.0001
401 0.0003290185032 0.0005698767642 0
402 0.0003290185032 0.0005698767642 0.0001
403 0.0002518198603 0.0006079469219 0
404 0.0002518198603 0.0006079469219 0.0001
405 0.0001703125097 0.0006356149392 0
406 0.0001703125097 0.0006356149392 0.0001
407 8.58910648e-05 0.0006524074087 0
408 8.58910648e-05 0.0006524074087 0.0001
409 4.029314569e-20 0.0006580370065 0
410 4.029314569e-20 0.0006580370065 0.0001
411 -8.58910648e-05 0.0006524074087 0
412 -8.58910648e-05 0.0006524074087 0.0001
413 -0.0001703125097 0.0006356149392 0
414 -0.0001703125097 0.0006356149392 0.0001
415 -0.0002518198603 0.0006079469219 0
416 -0.0002518198603 0.0006079469219 0.0001
417 -0.0003290185032 0.0005698767642 0
418 -0.0003290185032 0.0005698767642 0.0001
419 -0.0004005875484 0.0005220558571 0
420 -0.0004005875484 0.0005220558571 0.0001
421 -0.0004653024296 0.0004653024296 0
422 -0.0004653024296 0.0004653024296 0.0001
423 -0.0005220558571 0.0004005875484 0
424 -0.0005220558571 0.0004005875484 0.0001
425 -0.0005698767642 0.0003290185032 0
426 -0.0005698767642 0.0003290185032 0.0001
427 -0.0006079469219 0.0002518198603 0
428 -0.0006079469219 0.0002518198603 0.0001
429 -0.0006356149392 0.0001703125097 0
430 -0.0006356149392 0.0001703125097 0.0001
431 -0.0006524074087 8.58910648e-05 0
432 -0.0006524074087 8.58910648e-05 0.0001
433 -0.0006580370065 8.058629137e-20 0
434 -0.0006580370065 8.058629137e-20 0.0001
435 -0.0006524074087 -8.58910648e-05 0
436 -0.0006524074087 -8.58910648e-05 0.0001
437 -0.0006356149392 -0.0001703125097 0
438 -0.0006356149392 -0.0001703125097 0.0001
439 -0.0006079469219 -0.0002518198603 0
440 -0.0006079469219 -0.0002518198603 0.0001
441 -0.0005698767642 -0.0003290185032 0
442 -0.0005698767642 -0.0003290185032 0.0001
443 -0.0005220558571 -0.0004005875484 0
444 -0.0005220558571 -0.0004005875484 0.0001
445 -0.0004653024296 -0.0004653024296 0
446 -0.0004653024296 -0.0004653024296 0.0001
447 -0.0004005875484 -0.0005220558571 0
448 -0.0004005875484 -0.0005220558571 0.0001
449 -0.0003290185032 -0.0005698767642 0
450 -0.0003290185032 -0.0005698767642 0.0001
451 -0.0002518198603 -0.0006079469219 0
452 -0.0002518198603 -0.0006079469219 0.0001
453 -0.0001703125097 -0.0006356149392 0
454 -0.0001703125097 -0.0006356149392 0.0001
455 -8.58910648e-05 -0.0006524074087 0
456 -8.58910648e-05 -0.0006524074087 0.0001
457 -1.208794371e-19 -0.0006580370065 0
458 -1.208794371e-19 -0.0006580370065 0.0001
459 8.58910648e-05 -0.0006524074087 0
460 8.58910648e-05 -0.0006524074087 0.0001
461 0.0001703125097 -0.0006356149392 0
462 0.0001703125097 -0.0006356149392 0.0001
463 0.0002518198603 -0.0006079469219 0
464 0.0002518198603 -0.0006079469219 0.0001
465 0.0003290185032 -0.0005698767642 0
466 0.0003290185032 -0.0005698767642 0.0001
467 0.0004005875484 -0.0005220558571 0
468 0.0004005875484 -0.0005220558571 0.0001
469 0.0004653024296 -0.0004653024296 0
470 0.0004653024296 -0.0004653024296 0.0001
471 0.0005220558571 -0.0004005875484 0
472 0.0005220558571 -0.0004005875484 0.0001
473 0.0005698767642 -0.0003290185032 0
474 0.0005698767642 -0.0003290185032 0.0001
475 0.0006079469219 -0.0002518198603 0
476 0.0006079469219 -0.0002518198603 0.0001
477 0.0006356149392 -0.0001703125097 0
478 0.0006356149392 -0.0001703125097 0.0001
479 0.0006524074087 -8.58910648e-05 0
480 0.0006524074087 -8.58910648e-05 0.0001
481 0.0007048073046 0 0
482 0.0007048073046 0 0.0001
483 0.0006987775804 9.199581372e-05 0
484 0.0006987775804 9.199581372e-05 0.0001
485 0.0006807915781 0.0001824175536 0
486 0.0006807915781 0.0001824175536 0.0001
487 0.0006511570431 0.0002697180785 0
488 0.0006511570431 0.0002697180785 0.0001
489 0.0006103810305 0.0003524036523 0
490 0.0006103810305 0.0003524036523 0.0001
491 0.0005591612294 0.0004290595019 0
492 0.0005591612294 0.0004290595019 0.0001
493 0.0004983740245 0.0004983740245 0
494 0.0004983740245 0.0004983740245 0.0001
495 0.0004290595019 0.0005591612294 0
496 0.0004290595019 0.0005591612294 0.0001
497 0.0003524036523 0.0006103810305 0
498 0.0003524036523 0.0006103810305 0.0001
499 0.0002697180785 0.0006511570431 0
500 0.0002697180785 0.0006511570431 0.0001
501 0.0001824175536 0.0006807915781 0
502 0.0001824175536 0.0006807915781 0.0001
503 9.199581372e-05 0.0006987775804 0
504 9.199581372e-05 0.0006987775804 0.0001
505 4.315700048e-20 0.0007048073046 0
506 4.315700048e-20 0.0007048073046 0.0001
507 -9.199581372e-05 0.0006987775804 0
508 -9.199581372e-05 0.0006987775804 0.0001
509 -0.0001824175536 0.0006807915781 0
510 -0.0001824175536 0.0006807915781 0.0001
511 -0.0002697180785 0.0006511570431 0
512 -0.0002697180785 0.0006511570431 0.0001
513 -0.0003524036523 0.0006103810305 0
514 -0.0003524036523 0.0006103810305 0.0001
515 -0.0004290595019 0.0005591612294 0
516 -0.0004290595019 0.0005591612294 0.0001
517 -0.0004983740245 0.0004983740245 0
518 -0.0004983740245 0.0004983740245 0.0001
519 -0.0005591612294 0.0004290595019 0
520 -0.0005591612294 0.0004290595019 0.0001
521 -0.0006103810305 0.0003524036523 0
522 -0.0006103810305 0.0003524036523 0.0001
523 -0.0006511570431 0.0002697180785 0
524 -0.0006511570431 0.0002697180785 0.0001
525 -0.0006807915781 0.0001824175536 0
526 -0.0006807915781 0.0001824175536 0.0001
527 -0.0006987775804 9.199581372e-05 0
528 -0.0006987775804 9.199581372e-05 0.0001
529 -0.0007048073046 8.631400096e-20 0
530 -0.0007048073046 8.631400096e-20 0.0001
531 -0.0006987775804 -9.199581372e-05 0
532 -0.0006987775804 -9.199581372e-05 0.0001
533 -0.0006807915781 -0.0001824175536 0
534 -0.0006807915781 -0.0001824175536 0.0001
535 -0.0006511570431 -0.0002697180785 0
536 -0.0006511570431 -0.0002697180785 0.0001
537 -0.0006103810305 -0.0003524036523 0
538 -0.0006103810305 -0.0003524036523 0.0001
539 -0.0005591612294 -0.0004290595019 0
540 -0.0005591612294 -0.0004290595019 0.0001
541 -0.0004983740245 -0.0004983740245 0
542 -0.0004983740245 -0.0004983740245 0.0001
543 -0.0004290595019 -0.0005591612294 0
544 -0.0004290595019 -0.0005591612294 0.0001
545 -0.0003524036523 -0.0006103810305 0
546 -0.0003524036523 -0.0006103810305 0.0001
547 -0.0002697180785 -0.0006511570431 0
548 -0.0002697180785 -0.0006511570431 0.0001
549 -0.0001824175536 -0.0006807915781 0
550 -0.0001824175536 -0.0006807915781 0.0001
551 -9.199581372e-05 -0.0006987775804 0
552 -9.199581372e-05 -0.0006987775804 0.0001
553 -1.294710014e-19 -0.0007048073046 0
554 -1.294710014e-19 -0.0007048073046 0.0001
555 9.199581372e-05 -0.0006987775804 0
556 9.199581372e-05 -0.0006987775804 0.0001
557 0.0001824175536 -0.0006807915781 0
558 0.0001824175536 -0.0006807915781 0.0001
559 0.0002697180785 -0.0006511570431 0
560 0.0002697180785 -0.0006511570431 0.0001
561 0.0003524036523 -0.0006103810305 0
562 0.0003524036523 -0.0006103810305 0.0001
563 0.0004290595019 -0.0005591612294 0
564 0.0004290595019 -0.0005591612294 0.0001
565 0.0004983740245 -0.0004983740245 0
566 0.0004983740245 -0.0004983740245 0.0001
567 0.0005591612294 -0.0004290595019 0
568 0.0005591612294 -0.0004290595019 0.0001
569 0.0006103810305 -0.0003524036523 0
570 0.0006103810305 -0.0003524036523 0.0001
571 0.0006511570431 -0.0002697180785 0
572 0.0006511570431 -0.0002697180785 0.0001
573 0.0006807915781 -0.0001824175536 0
574 0.0006807915781 -0.0001824175536 0.0001
575 0.0006987775804 -9.199581372e-05 0
576 0.0006987775804 -9.199581372e-05 0.0001
577 0.0007549018242 0 0
578 0.0007549018242 0 0.0001
579 0.0007484435345 9.853446062e-05 0
580 0.0007484435345 9.853446062e-05 0.0001
581 0.0007291791683 0.0001953829693 0
582 0.0007291791683 0.0001953829693 0.0001
583 0.0006974383445 0.0002888884212 0
584 0.0006974383445 0.0002888884212 0.0001
585 0.0006537641572 0.0003774509121 0
586 0.0006537641572 0.0003774509121 0.0001
587 0.0005989038839 0.0004595551133 0
588 0.0005989038839 0.0004595551133 0.0001
589 0.000533796199 0.000533796199 0
590 0.000533796199 0.000533796199 0.0001
591 0.0004595551133 0.0005989038839 0
592 0.0004595551133 0.0005989038839 0.0001
593 0.0003774509121 0.0006537641572 0
594 0.0003774509121 0.0006537641572 0.0001
595 0.0002888884212 0.0006974383445 0
596 0.0002888884212 0.0006974383445 0.0001
597 0.0001953829693 0.0007291791683 0
598 0.0001953829693 0.0007291791683 0.0001
599 9.853446062e-05 0.0007484435345 0
600 9.853446062e-05 0.0007484435345 0.0001
601 4.622440514e-20 0.0007549018242 0
602 4.622440514e-20 0.0007549018242 0.0001
603 -9.853446062e-05 0.0007484435345 0
604 -9.853446062e-05 0.0007484435345 0.0001
605 -0.0001953829693 0.0007291791683 0
606 -0.0001953829693 0.0007291791683 0.0001
607 -0.0002888884212 0.0006974383445 0
608 -0.0002888884212 0.0006974383445 0.0001
609 -0.0003774509121 0.0006537641572 0
610 -0.0003774509121 0.0006537641572 0.0001
611 -0.0004595551133 0.0005989038839 0
612 -0.0004595551133 0.0005989038839 0.0001
613 -0.000533796199 0.000533796199 0
614 -0.000533796199 0.000533796199 0.0001
615 -0.0005989038839 0.0004595551133 0
616 -0.0005989038839 0.0004595551133 0.0001
617 -0.0006537641572 0.0003774509121 0
618 -0.0006537641572 0.0003774509121 0.0001
619 -0.0006974383445 0.0002888884212 0
620 -0.0006974383445 0.0002888884212 0.0001
621 -0.0007291791683 0.0001953829693 0
622 -0.0007291791683 0.0001953829693 0.0001
623 -0.0007484435345 9.853446062e-05 0
624 -0.0007484435345 9.853446062e-05 0.0001
625 -0.0007549018242 9.244881027e-20 0
626 -0.0007549018242 9.244881027e-20 0.0001
627 -0.0007484435345 -9.853446062e-05 0
628 -0.0007484435345 -9.853446062e-05 0.0001
629 -0.0007291791683 -0.0001953829693 0
630 -0.0007291791683 -0.0001953829693 0.0001
631 -0.0006974383445 -0.0002888884212 0
632 -0.0006974383445 -0.0002888884212 0.0001
633 -0.0006537641572 -0.0003774509121 0
634 -0.0006537641572 -0.0003774509121 0.0001
635 -0.0005989038839 -0.0004595551133 0
636 -0.0005989038839 -0.0004595551133 0.0001
637 -0.000533796199 -0.000533796199 0
638 -0.000533796199 -0.000533796199 0.0001
639 -0.0004595551133 -0.0005989038839 0
640 -0.0004595551133 -0.0005989038839 0.0001
641 -0.0003774509121 -0.0006537641572 0
642 -0.0003774509121 -0.0006537641572 0.0001
643 -0.0002888884212 -0.0006974383445 0
644 -0.0002888884212 -0.0006974383445 0.0001
645 -0.0001953829693 -0.0007291791683 0
646 -0.0001953829693 -0.0007291791683 0.0001
647 -9.853446062e-05 -0.0007484435345 0
648 -9.853446062e-05 -0.0007484435345 0.0001
649 -1.386732154e-19 -0.0007549018242 0
650 -1.386732154e-19 -0.0007549018242 0.0001
651 9.853446062e-05 -0.0007484435345 0
652 9.853446062e-05 -0.0007484435345 0.0001
653 0.0001953829693 -0.0007291791683 0
654 0.0001953829693 -0.0007291791683 0.0001
655 0.0002888884212 -0.0006974383445 0
656 0.0002888884212 -0.0006974383445 0.0001
657 0.0003774509121 -0.0006537641572 0
658 0.0003774509121 -0.0006537641572 0.0001
659 0.0004595551133 -0.0005989038839 0
660 0.0004595551133 -0.0005989038839 0.0001
661 0.000533796199 -0.000533796199 0
662 0.000533796199 -0.000533796199 0.0001
663 0.0005989038839 -0.0004595551133 0
664 0.0005989038839 -0.0004595551133 0.0001
665 0.0006537641572 -0.0003774509121 0
666 0.0006537641572 -0.0003774509121 0.0001
667 0.0006974383445 -0.0002888884212 0
668 0.0006974383445 -0.0002888884212 0.0001
669 0.0007291791683 -0.0001953829693 0
670 0.0007291791683 -0.0001953829693 0.0001
671 0.0007484435345 -9.853446062e-05 0
672 0.0007484435345 -9.853446062e-05 0.0001
673 0.0008085568361 0 0
674 0.0008085568361 0 0.0001
675 0.0008016395202 0.000105537845 0
676 0.0008016395202 0.000105537845 0.0001
677 0.00078100593 0.0002092699082 0
678 0.00078100593 0.0002092699082 0.0001
679 0.0007470091117 0.0003094213053 0
680 0.0007470091117 0.0003094213053 0.0001
681 0.0007002307604 0.000404278418 0
682 0.0007002307604 0.000404278418 0.0001
683 0.0006414712667 0.000492218215 0
684 0.0006414712667 0.000492218215 0.0001
685 0.0005717360218 0.0005717360218 0
686 0.0005717360218 0.0005717360218 0.0001
687 0.000492218215 0.0006414712667 0
688 0.000492218215 0.0006414712667 0.0001
689 0.000404278418 0.0007002307604 0
690 0.000404278418 0.0007002307604 0.0001
691 0.0003094213053 0.0007470091117 0
692 0.0003094213053 0.0007470091117 0.0001
693 0.0002092699082 0.00078100593 0
694 0.0002092699082 0.00078100593 0.0001
695 0.000105537845 0.0008016395202 0
696 0.000105537845 0.0008016395202 0.0001
697 4.950982706e-20 0.0008085568361 0
698 4.950982706e-20 0.0008085568361 0.0001
699 -0.000105537845 0.0008016395202 0
700 -0.000105537845 0.0008016395202 0.0001
701 -0.0002092699082 0.00078100593 0
702 -0.0002092699082 0.00078100593 0.0001
703 -0.0003094213053 0.0007470091117 0
704 -0.0003094213053 0.0007470091117 0.0001
705 -0.000404278418 0.0007002307604 0
706 -0.000404278418 0.0007002307604 0.0001
707 -0.000492218215 0.0006414712667 0
708 -0.000492218215 0.0006414712667 0.0001
709 -0.0005717360218 0.0005717360218 0
710 -0.0005717360218 0.0005717360218 0.0001
711 -0.0006414712667 0.000492218215 0
712 -0.0006414712667 0.000492218215 0.0001
713 -0.0007002307604 0.000404278418 0
714 -0.0007002307604 0.000404278418 0.0001
715 -0.0007470091117 0.0003094213053 0
716 -0.0007470091117 0.0003094213053 0.0001
717 -0.00078100593 0.0002092699082 0
718 -0.00078100593 0.0002092699082 0.0001
719 -0.0008016395202 0.000105537845 0
720 -0.0008016395202 0.000105537845 0.0001
721 -0.0008085568361 9.901965412e-20 0
722 -0.0008085568361 9.901965412e-20 0.0001
723 -0.0008016395202 -0.000105537845 0
724 -0.0008016395202 -0.000105537845 0.0001
725 -0.00078100593 -0.0002092699082 0
726 -0.00078100593 -0.0002092699082 0.0001
727 -0.0007470091117 -0.0003094213053 0
728 -0.0007470091117 -0.0003094213053 0.0001
729 -0.0007002307604 -0.000404278418 0
730 -0.0007002307604 -0.000404278418 0.0001
731 -0.0006414712667 -0.000492218215 0
732 -0.0006414712667 -0.000492218215 0.0001
733 -0.0005717360218 -0.0005717360218 0
734 -0.0005717360218 -0.0005717360218 0.0001
735 -0.000492218215 -0.0006414712667 0
736 -0.000492218215 -0.0006414712667 0.0001
737 -0.000404278418 -0.0007002307604 0
738 -0.000404278418 -0.0007002307604 0.0001
739 -0.0003094213053 -0.0007470091117 0
740 -0.0003094213053 -0.0007470091117 0.0001
741 -0.0002092699082 -0.00078100593 0
742 -0.0002092699082 -0.00078100593 0.0001
743 -0.000105537845 -0.0008016395202 0
744 -0.000105537845 -0.0008016395202 0.0001
745 -1.485294812e-19 -0.0008085568361 0
746 -1.485294812e-19 -0.0008085568361 0.0001
747 0.000105537845 -0.0008016395202 0
748 0.000105537845 -0.0008016395202 0.0001
749 0.0002092699082 -0.00078100593 0
750 0.0002092699082 -0.00078100593 0.0001
751 0.0003094213053 -0.0007470091117 0
752 0.0003094213053 -0.0007470091117 0.0001
753 0.000404278418 -0.0007002307604 0
754 0.000404278418 -0.0007002307604 0.0001
755 0.000492218215 -0.0006414712667 0
756 0.000492218215 -0.0006414712667 0.0001
757 0.0005717360218 -0.0005717360218 0
758 0.0005717360218 -0.0005717360218 0.0001
759 0.0006414712667 -0.000492218215 0
760 0.0006414712667 -0.000492218215 0.0001
761 0.0007002307604 -0.000404278418 0
762 0.0007002307604 -0.000404278418 0.0001
763 0.0007470091117 -0.0003094213053 0
764 0.0007470091117 -0.0003094213053 0.0001
765 0.00078100593 -0.0002092699082 0
766 0.00078100593 -0.0002092699082 0.0001
767 0.0008016395202 -0.000105537845 0
768 0.0008016395202 -0.000105537845 0.0001
769 0.0008660254038 0 0
770 0.0008660254038 0 0.0001
771 0.0008586164364 0.0001130389983 0
772 0.0008586164364 0.0001130389983 0.0001
773 0.0008365163037 0.000224143868 0
774 0.0008365163037 0.000224143868 0.0001
775 0.0008001031452 0.000331413574 0
776 0.0008001031452 0.000331413574 0.0001
777 0.00075 0.0004330127019 0
778 0.00075 0.0004330127019 0.0001
779 0.0006870641469 0.0005272028624 0
780 0.0006870641469 0.0005272028624 0.0001
781 0.0006123724357 0.0006123724357 0
782 0.0006123724357 0.0006123724357 0.0001
783 0.0005272028624 0.0006870641469 0
784 0.0005272028624 0.0006870641469 0.0001
785 0.0004330127019 0.00075 0
786 0.0004330127019 0.00075 0.0001
787 0.000331413574 0.0008001031452 0
788 0.000331413574 0.0008001031452 0.0001
789 0.000224143868 0.0008365163037 0
790 0.000224143868 0.0008365163037 0.0001
791 0.0001130389983 0.0008586164364 0
792 0.0001130389983 0.0008586164364 0.0001
793 5.302876194e-20 0.0008660254038 0
794 5.302876194e-20 0.0008660254038 0.0001
795 -0.0001130389983 0.0008586164364 0
796 -0.0001130389983 0.0008586164364 0.0001
797 -0.000224143868 0.0008365163037 0
798 -0.000224143868 0.0008365163037 0.0001
799 -0.000331413574 0.0008001031452 0
800 -0.000331413574 0.0008001031452 0.0001
801 -0.0004330127019 0.00075 0
802 -0.0004330127019 0.00075 0.0001
803 -0.0005272028624 0.0006870641469 0
804 -0.0005272028624 0.0006870641469 0.0001
805 -0.0006123724357 0.0006123724357 0
806 -0.0006123724357 0.0006123724357 0.0001
807 -0.0006870641469 0.0005272028624 0
808 -0.0006870641469 0.0005272028624 0.0001
809 -0.00075 0.0004330127019 0
810 -0.00075 0.0004330127019 0.0001
811 -0.0008001031452 0.000331413574 0
812 -0.0008001031452 0.000331413574 0.0001
813 -0.0008365163037 0.000224143868 0
814 -0.0008365163037 0.000224143868 0.0001
815 -0.0008586164364 0.0001130389983 0
816 -0.0008586164364 0.0001130389983 0.0001
817 -0.0008660254038 1.060575239e-19 0
818 -0.0008660254038 1.060575239e-19 0.0001
819 -0.0008586164364 -0.0001130389983 0
820 -0.0008586164364 -0.0001130389983 0.0001
821 -0.0008365163037 -0.000224143868 0
822 -0.0008365163037 -0.000224143868 0.0001
823 -0.0008001031452 -0.000331413574 0
824 -0.0008001031452 -0.000331413574 0.0001
825 -0.00075 -0.0004330127019 0
826 -0.00075 -0.0004330127019 0.0001
827 -0.0006870641469 -0.0005272028624 0
828 -0.0006870641469 -0.0005272028624 0.0001
829 -0.0006123724357 -0.0006123724357 0
830 -0.0006123724357 -0.0006123724357 0.0001
831 -0.0005272028624 -0.0006870641469 0
832 -0.0005272028624 -0.0006870641469 0.0001
833 -0.0004330127019 -0.00075 0
834 -0.0004330127019 -0.00075 0.0001
835 -0.000331413574 -0.0008001031452 0
836 -0.000331413574 -0.0008001031452 0.0001
837 -0.000224143868 -0.0008365163037 0
838 -0.000224143868 -0.0008365163037 0.0001
839 -0.0001130389983 -0.0008586164364 0
840 -0.0001130389983 -0.0008586164364 0.0001
841 -1.590862858e-19 -0.0008660254038 0
842 -1.590862858e-19 -0.0008660254038 0.0001
843 0.0001130389983 -0.0008586164364 0
844 0.0001130389983 -0.0008586164364 0.0001
845 0.000224143868 -0.0008365163037 0
846 0.000224143868 -0.0008365163037 0.0001
847 0.000331413574 -0.0008001031452 0
848 0.000331413574 -0.0008001031452 0.0001
849 0.0004330127019 -0.00075 0
850 0.0004330127019 -0.00075 0.0001
851 0.0005272028624 -0.0006870641469 0
852 0.0005272028624 -0.0006870641469 0.0001
853 0.0006123724357 -0.0006123724357 0
854 0.0006123724357 -0.0006123724357 0.0001
855 0.0006870641469 -0.0005272028624 0
856 0.0006870641469 -0.0005272028624 0.0001
857 0.00075 -0.0004330127019 0
858 0.00075 -0.0004330127019 0.0001
859 0.0008001031452 -0.000331413574 0
860 0.0008001031452 -0.000331413574 0.0001
861 0.0008365163037 -0.000224143868 0
862 0.0008365163037 -0.000224143868 0.0001
863 0.0008586164364 -0.0001130389983 0
864 0.0008586164364 -0.0001130389983 0.0001
865 0.0009275785777 0 0
866 0.0009275785777 0 0.0001
867 0.0009196430144 0.0001210732997 0
868 0.0009196430144 0.0001210732997 0.0001
869 0.0008959721041 0.0002400750017 0
870 0.0008959721041 0.0002400750017 0.0001
871 0.0008569708627 0.0003549689539 0
872 0.0008569708627 0.0003549689539 0.0001
873 0.0008033066123 0.0004637892889 0
874 0.0008033066123 0.0004637892889 0.0001
875 0.000735897563 0.0005646740605 0
876 0.000735897563 0.0005646740605 0.0001
877 0.0006558971024 0.0006558971024 0
878 0.0006558971024 0.0006558971024 0.0001
879 0.0005646740605 0.000735897563 0
880 0.0005646740605 0.000735897563 0.0001
881 0.0004637892889 0.0008033066123 0
882 0.0004637892889 0.0008033066123 0.0001
883 0.0003549689539 0.0008569708627 0
884 0.0003549689539 0.0008569708627 0.0001
885 0.0002400750017 0.0008959721041 0
886 0.0002400750017 0.0008959721041 0.0001
887 0.0001210732997 0.0009196430144 0
888 0.0001210732997 0.0009196430144 0.0001
889 5.679780681e-20 0.0009275785777 0
890 5.679780681e-20 0.0009275785777 0.0001
891 -0.0001210732997 0.0009196430144 0
892 -0.0001210732997 0.0009196430144 0.0001
893 -0.0002400750017 0.0008959721041 0
894 -0.0002400750017 0.0008959721041 0.0001
895 -0.0003549689539 0.0008569708627 0
896 -0.0003549689539 0.0008569708627 0.0001
897 -0.0004637892889 0.0008033066123 0
898 -0.0004637892889 0.0008033066123 0.0001
899 -0.0005646740605 0.000735897563 0
900 -0.0005646740605 0.000735897563 0.0001
901 -0.0006558971024 0.0006558971024 0
902 -0.0006558971024 0.0006558971024 0.0001
903 -0.000735897563 0.0005646740605 0
904 -0.000735897563 0.0005646740605 0.0001
905 -0.0008033066123 0.0004637892889 0
906 -0.0008033066123 0.0004637892889 0.0001
907 -0.0008569708627 0.0003549689539 0
908 -0.0008569708627 0.0003549689539 0.0001
909 -0.0008959721041 0.0002400750017 0
910 -0.0008959721041 0.0002400750017 0.0001
911 -0.0009196430144 0.0001210732997 0
912 -0.0009196430144 0.0001210732997 0.0001
913 -0.0009275785777 1.135956136e-19 0
914 -0.0009275785777 1.135956136e-19 0.0001
915 -0.0009196430144 -0.0001210732997 0
916 -0.0009196430144 -0.0001210732997 0.0001
917 -0.0008959721041 -0.0002400750017 0
918 -0.0008959721041 -0.0002400750017 0.0001
919 -0.0008569708627 -0.0003549689539 0
920 -0.0008569708627 -0.0003549689539 0.0001
921 -0.0008033066123 -0.0004637892889 0
922 -0.0008033066123 -0.0004637892889 0.0001
923 -0.000735897563 -0.0005646740605 0
924 -0.000735897563 -0.0005646740605 0.0001
925 -0.0006558971024 -0.0006558971024 0
926 -0.0006558971024 -0.0006558971024 0.0001
927 -0.0005646740605 -0.000735897563 0
928 -0.0005646740605 -0.000735897563 0.0001
929 -0.0004637892889 -0.0008033066123 0
930 -0.0004637892889 -0.0008033066123 0.0001
931 -0.0003549689539 -0.0008569708627 0
932 -0.0003549689539 -0.0008569708627 0.0001
933 -0.0002400750017 -0.0008959721041 0
934 -0.0002400750017 -0.0008959721041 0.0001
935 -0.0001210732997 -0.0009196430144 0
936 -0.0001210732997 -0.0009196430144 0.0001
937 -1.703934204e-19 -0.0009275785777 0
938 -1.703934204e-19 -0.0009275785777 0.0001
939 0.0001210732997 -0.0009196430144 0
940 0.0001210732997 -0.0009196430144 0.0001
941 0.0002400750017 -0.0008959721041 0
942 0.0002400750017 -0.0008959721041 0.0001
943 0.0003549689539 -0.0008569708627 0
944 0.0003549689539 -0.0008569708627 0.0001
945 0.0004637892889 -0.0008033066123 0
946 0.0004637892889 -0.0008033066123 0.0001
947 0.0005646740605 -0.000735897563 0
948 0.0005646740605 -0.000735897563 0.0001
949 0.0006558971024 -0.0006558971024 0
950 0.0006558971024 -0.0006558971024 0.0001
951 0.000735897563 -0.0005646740605 0
952 0.000735897563 -0.0005646740605 0.0001
953 0.0008033066123 -0.0004637892889 0
954 0.0008033066123 -0.0004637892889 0.0001
955 0.0008569708627 -0.0003549689539 0
956 0.0008569708627 -0.0003549689539 0.0001
957 0.0008959721041 -0.0002400750017 0
958 0.0008959721041 -0.0002400750017 0.0001
959 0.0009196430144 -0.0001210732997 0
960 0.0009196430144 -0.0001210732997 0.0001
961 0.0009935066732 0 0
962 0.0009935066732 0 0.0001
963 0.0009850070859 0.000129678643 0
964 0.0009850070859 0.000129678643 0.0001
965 0.0009596537542 0.0002571384485 0
966 0.0009596537542 0.0002571384485 0.0001
967 0.0009178804808 0.0003801985438 0
968 0.0009178804808 0.0003801985438 0.0001
969 0.0008604020178 0.0004967533366 0
970 0.0008604020178 0.0004967533366 0.0001
971 0.0007882018378 0.0006048085421 0
972 0.0007882018378 0.0006048085421 0.0001
973 0.0007025153058 0.0007025153058 0
974 0.0007025153058 0.0007025153058 0.0001
975 0.0006048085421 0.0007882018378 0
976 0.0006048085421 0.0007882018378 0.0001
977 0.0004967533366 0.0008604020178 0
978 0.0004967533366 0.0008604020178 0.0001
979 0.0003801985438 0.0009178804808 0
980 0.0003801985438 0.0009178804808 0.0001
981 0.0002571384485 0.0009596537542 0
982 0.0002571384485 0.0009596537542 0.0001
983 0.000129678643 0.0009850070859 0
984 0.000129678643 0.0009850070859 0.0001
985 6.083473836e-20 0.0009935066732 0
986 6.083473836e-20 0.0009935066732 0.0001
987 -0.000129678643 0.0009850070859 0
988 -0.000129678643 0.0009850070859 0.0001
989 -0.0002571384485 0.0009596537542 0
990 -0.0002571384485 0.0009596537542 0.0001
991 -0.0003801985438 0.0009178804808 0
992 -0.0003801985438 0.0009178804808 0.0001
993 -0.0004967533366 0.0008604020178 0
994 -0.0004967533366 0.0008604020178 0.0001
995 -0.0006048085421 0.0007882018378 0
996 -0.0006048085421 0.0007882018378 0.0001
997 -0.0007025153058 0.0007025153058 0
998 -0.0007025153058 0.0007025153058 0.0001
999 -0.0007882018378 0.0006048085421 0
1000 -0.0007882018378 0.0006048085421 0.0001
1001 -0.0008604020178 0.0004967533366 0
1002 -0.0008604020178 0.0004967533366 0.0001
1003 -0.0009178804808 0.0003801985438 0
1004 -0.0009178804808 0.0003801985438 0.0001
1005 -0.0009596537542 0.0002571384485 0
1006 -0.0009596537542 0.0002571384485 0.0001
1007 -0.0009850070859 0.000129678643 0
1008 -0.0009850070859 0.000129678643 0.0001
1009 -0.0009935066732 1.216694767e-19 0
1010 -0.0009935066732 1.216694767e-19 0.0001
1011 -0.0009850070859 -0.000129678643 0
1012 -0.0009850070859 -0.000129678643 0.0001
1013 -0.0009596537542 -0.0002571384485 0
1014 -0.0009596537542 -0.0002571384485 0.0001
1015 -0.0009178804808 -0.0003801985438 0
1016 -0.0009178804808 -0.0003801985438 0.0001
1017 -0.0008604020178 -0.0004967533366 0
1018 -0.0008604020178 -0.0004967533366 0.0001
1019 -0.0007882018378 -0.0006048085421 0
1020 -0.0007882018378 -0.0006048085421 0.0001
1021 -0.0007025153058 -0.0007025153058 0
1022 -0.0007025153058 -0.0007025153058 0.0001
1023 -0.0006048085421 -0.0007882018378 0
1024 -0.0006048085421 -0.0007882018378 0.0001
1025 -0.0004967533366 -0.0008604020178 0
1026 -0.0004967533366 -0.0008604020178 0.0001
1027 -0.0003801985438 -0.0009178804808 0
1028 -0.0003801985438 -0.0009178804808 0.0001
1029 -0.0002571384485 -0.0009596537542 0
1030 -0.0002571384485 -0.0009596537542 0.0001
1031 -0.000129678643 -0.0009850070859 0
1032 -0.000129678643 -0.0009850070859 0.0001
1033 -1.825042151e-19 -0.0009935066732 0
1034 -1.825042151e-19 -0.0009935066732 0.0001
1035 0.000129678643 -0.0009850070859 0
1036 0.000129678643 -0.0009850070859 0.0001
1037 0.0002571384485 -0.0009596537542 0
1038 0.0002571384485 -0.0009596537542 0.0001
1039 0.0003801985438 -0.0009178804808 0
1040 0.0003801985438 -0.0009178804808 0.0001
1041 0.0004967533366 -0.0008604020178 0
1042 0.0004967533366 -0.0008604020178 0.0001
1043 0.0006048085421 -0.0007882018378 0
1044 0.0006048085421 -0.0007882018378 0.0001
1045 0.0007025153058 -0.0007025153058 0
1046 0.0007025153058 -0.0007025153058 0.0001
1047 0.0007882018378 -0.0006048085421 0
1048 0.0007882018378 -0.0006048085421 0.0001
1049 0.0008604020178 -0.0004967533366 0
1050 0.0008604020178 -0.0004967533366 0.0001
1051 0.0009178804808 -0.0003801985438 0
1052 0.0009178804808 -0.0003801985438 0.0001
1053 0.0009596537542 -0.0002571384485 0
1054 0.0009596537542 -0.0002571384485 0.0001
1055 0.0009850070859 -0.000129678643 0
1056 0.0009850070859 -0.000129678643 0.0001
1057 0.00106412064 0 0
1058 0.00106412064 0 0.0001
1059 0.00105501694 0.0001388956152 0
1060 0.00105501694 0.0001388956152 0.0001
1061 0.001027861608 0.0002754146879 0
1062 0.001027861608 0.0002754146879 0.0001
1063 0.0009831192794 0.0004072213389 0
1064 0.0009831192794 0.0004072213389 0.0001
1065 0.0009215555069 0.00053206032 0
1066 0.0009215555069 0.00053206032 0.0001
1067 0.0008442236642 0.0006477956014 0
1068 0.0008442236642 0.0006477956014 0.0001
1069 0.0007524469205 0.0007524469205 0
1070 0.0007524469205 0.0007524469205 0.0001
1071 0.0006477956014 0.0008442236642 0
1072 0.0006477956014 0.0008442236642 0.0001
1073 0.00053206032 0.0009215555069 0
1074 0.00053206032 0.0009215555069 0.0001
1075 0.0004072213389 0.0009831192794 0
1076 0.0004072213389 0.0009831192794 0.0001
1077 0.0002754146879 0.001027861608 0
1078 0.0002754146879 0.001027861608 0.0001
1079 0.0001388956152 0.00105501694 0
1080 0.0001388956152 0.00105501694 0.0001
1081 6.515859678e-20 0.00106412064 0
1082 6.515859678e-20 0.00106412064 0.0001
1083 -0.0001388956152 0.00105501694 0
1084 -0.0001388956152 0.00105501694 0.0001
1085 -0.0002754146879 0.001027861608 0
1086 -0.0002754146879 0.001027861608 0.0001
1087 -0.0004072213389 0.0009831192794 0
1088 -0.0004072213389 0.0009831192794 0.0001
1089 -0.00053206032 0.0009215555069 0
1090 -0.00053206032 0.0009215555069 0.0001
1091 -0.0006477956014 0.0008442236642 0
1092 -0.0006477956014 0.0008442236642 0.0001
1093 -0.0007524469205 0.0007524469205 0
1094 -0.0007524469205 0.0007524469205 0.0001
1095 -0.0008442236642 0.0006477956014 0
1096 -0.0008442236642 0.0006477956014 0.0001
1097 -0.0009215555069 0.00053206032 0
1098 -0.0009215555069 0.00053206032 0.0001
1099 -0.0009831192794 0.0004072213389 0
1100 -0.0009831192794 0.0004072213389 0.0001
1101 -0.001027861608 0.0002754146879 0
1102 -0.001027861608 0.0002754146879 0.0001
1103 -0.00105501694 0.0001388956152 0
1104 -0.00105501694 0.0001388956152 0.0001
1105 -0.00106412064 1.303171936e-19 0
1106 -0.00106412064 1.303171936e-19 0.0001
1107 -0.00105501694 -0.0001388956152 0
1108 -0.00105501694 -0.0001388956152 0.0001
1109 -0.001027861608 -0.0002754146879 0
1110 -0.001027861608 -0.0002754146879 0.0001
1111 -0.0009831192794 -0.0004072213389 0
1112 -0.0009831192794 -0.0004072213389 0.0001
1113 -0.0009215555069 -0.00053206032 0
1114 -0.0009215555069 -0.00053206032 0.0001
1115 -0.0008442236642 -0.0006477956014 0
1116 -0.0008442236642 -0.0006477956014 0.0001
1117 -0.0007524469205 -0.0007524469205 0
1118 -0.0007524469205 -0.0007524469205 0.0001
1119 -0.0006477956014 -0.0008442236642 0
1120 -0.0006477956014 -0.0008442236642 0.0001
1121 -0.00053206032 -0.0009215555069 0
1122 -0.00053206032 -0.0009215555069 0.0001
1123 -0.0004072213389 -0.0009831192794 0
1124 -0.0004072213389 -0.0009831192794 0.0001
1125 -0.0002754146879 -0.001027861608 0
1126 -0.0002754146879 -0.001027861608 0.0001
1127 -0.0001388956152 -0.00105501694 0
1128 -0.0001388956152 -0.00105501694 0.0001
1129 -1.954757903e-19 -0.00106412064 0
1130 -1.954757903e-19 -0.00106412064 0.0001
1131 0.0001388956152 -0.00105501694 0
1132 0.0001388956152 -0.00105501694 0.0001
1133 0.0002754146879 -0.001027861608 0
1134 0.0002754146879 -0.001027861608 0.0001
1135 0.0004072213389 -0.0009831192794 0
1136 0.0004072213389 -0.0009831192794 0.0001
1137 0.00053206032 -0.0009215555069 0
1138 0.00053206032 -0.0009215555069 0.0001
1139 0.0006477956014 -0.0008442236642 0
1140 0.0006477956014 -0.0008442236642 0.0001
1141 0.0007524469205 -0.0007524469205 0
1142 0.0007524469205 -0.0007524469205 0.0001
1143 0.0008442236642 -0.0006477956014 0
1144 0.0008442236642 -0.0006477956014 0.0001
1145 0.0009215555069 -0.00053206032 0
1146 0.0009215555069 -0.00053206032 0.0001
1147 0.0009831192794 -0.0004072213389 0
1148 0.0009831192794 -0.0004072213389 0.0001
1149 0.001027861608 -0.0002754146879 0
1150 0.001027861608 -0.0002754146879 0.0001
1151 0.00105501694 -0.0001388956152 0
1152 0.00105501694 -0.0001388956152 0.0001
1153 0.001139753528 0 0
1154 0.001139753528 0 0.0001
1155 0.001130002779 0.0001487676881 0
1156 0.001130002779 0.0001487676881 0.0001
1157 0.001100917369 0.0002949899199 0
1158 0.001100917369 0.0002949899199 0.0001
1159 0.001052994957 0.0004361647923 0
1160 0.001052994957 0.0004361647923 0.0001
1161 0.0009870555097 0.0005698767642 0
1162 0.0009870555097 0.0005698767642 0.0001
1163 0.0009042272689 0.0006938379867 0
1164 0.0009042272689 0.0006938379867 0.0001
1165 0.0008059274489 0.0008059274489 0
1166 0.0008059274489 0.0008059274489 0.0001
1167 0.0006938379867 0.0009042272689 0
1168 0.0006938379867 0.0009042272689 0.0001
1169 0.0005698767642 0.0009870555097 0
1170 0.0005698767642 0.0009870555097 0.0001
1171 0.0004361647923 0.001052994957 0
1172 0.0004361647923 0.001052994957 0.0001
1173 0.0002949899199 0.001100917369 0
1174 0.0002949899199 0.001100917369 0.0001
1175 0.0001487676881 0.001130002779 0
1176 0.0001487676881 0.001130002779 0.0001
1177 6.978977552e-20 0.001139753528 0
1178 6.978977552e-20 0.001139753528 0.0001
1179 -0.0001487676881 0.001130002779 0
1180 -0.0001487676881 0.001130002779 0.0001
1181 -0.0002949899199 0.001100917369 0
1182 -0.0002949899199 0.001100917369 0.0001
1183 -0.0004361647923 0.001052994957 0
1184 -0.0004361647923 0.001052994957 0.0001
1185 -0.0005698767642 0.0009870555097 0
1186 -0.0005698767642 0.0009870555097 0.0001
1187 -0.0006938379867 0.0009042272689 0
1188 -0.0006938379867 0.0009042272689 0.0001
1189 -0.0008059274489 0.0008059274489 0
1190 -0.0008059274489 0.0008059274489 0.0001
1191 -0.0009042272689 0.0006938379867 0
1192 -0.0009042272689 0.0006938379867 0.0001
1193 -0.0009870555097 0.0005698767642 0
1194 -0.0009870555097 0.0005698767642 0.0001
1195 -0.001052994957 0.0004361647923 0
1196 -0.001052994957 0.0004361647923 0.0001
1197 -0.001100917369 0.0002949899199 0
1198 -0.001100917369 0.0002949899199 0.0001
1199 -0.001130002779 0.0001487676881 0
1200 -0.001130002779 0.0001487676881 0.0001
1201 -0.001139753528 1.39579551e-19 0
1202 -0.001139753528 1.39579551e-19 0.0001
1203 -0.001130002779 -0.0001487676881 0
1204 -0.001130002779 -0.0001487676881 0.0001
1205 -0.001100917369 -0.0002949899199 0
1206 -0.001100917369 -0.0002949899199 0.0001
1207 -0.001052994957 -0.0004361647923 0
1208 -0.001052994957 -0.0004361647923 0.0001
1209 -0.0009870555097 -0.0005698767642 0
1210 -0.0009870555097 -0.0005698767642 0.0001
1211 -0.0009042272689 -0.0006938379867 0
1212 -0.0009042272689 -0.0006938379867 0.0001
1213 -0.0008059274489 -0.0008059274489 0
1214 -0.0008059274489 -0.0008059274489 0.0001
1215 -0.0006938379867 -0.0009042272689 0
1216 -0.0006938379867 -0.0009042272689 0.0001
1217 -0.0005698767642 -0.0009870555097 0
1218 -0.0005698767642 -0.0009870555097 0.0001
1219 -0.0004361647923 -0.001052994957 0
1220 -0.0004361647923 -0.001052994957 0.0001
1221 -0.0002949899199 -0.001100917369 0
1222 -0.0002949899199 -0.001100917369 0.0001
1223 -0.0001487676881 -0.001130002779 0
1224 -0.0001487676881 -0.001130002779 0.0001
1225 -2.093693266e-19 -0.001139753528 0
1226 -2.093693266e-19 -0.001139753528 0.0001
1227 0.0001487676881 -0.001130002779 0
1228 0.0001487676881 -0.001130002779 0.0001
1229 0.0002949899199 -0.001100917369 0
1230 0.0002949899199 -0.001100917369 0.0001
1231 0.0004361647923 -0.001052994957 0
1232 0.0004361647923 -0.001052994957 0.0001
1233 0.0005698767642 -0.0009870555097 0
1234 0.0005698767642 -0.0009870555097 0.0001
1235 0.0006938379867 -0.0009042272689 0
1236 0.0006938379867 -0.0009042272689 0.0001
1237 0.0008059274489 -0.0008059274489 0
1238 0.0008059274489 -0.0008059274489 0.0001
1239 0.0009042272689 -0.0006938379867 0
1240 0.0009042272689 -0.0006938379867 0.0001
1241 0.0009870555097 -0.0005698767642 0
1242 0.0009870555097 -0.0005698767642 0.0001
1243 0.001052994957 -0.0004361647923 0
1244 0.001052994957 -0.0004361647923 0.0001
1245 0.001100917369 -0.0002949899199 0
1246 0.001100917369 -0.0002949899199 0.0001
1247 0.001130002779 -0.0001487676881 0
1248 0.001130002779 -0.0001487676881 0.0001
1249 0.001220762061 0 0
1250 0.001220762061 0 0.0001
1251 0.001210318272 0.0001593414234 0
1252 0.001210318272 0.0001593414234 0.0001
1253 0.001179165603 0.000315956471 0
1254 0.001179165603 0.000315956471 0.0001
1255 0.001127837082 0.0004671654156 0
1256 0.001127837082 0.0004671654156 0.0001
1257 0.001057210957 0.0006103810305 0
1258 0.001057210957 0.0006103810305 0.0001
1259 0.0009684956589 0.0007431528568 0
1260 0.0009684956589 0.0007431528568 0.0001
1261 0.0008632091316 0.0008632091316 0
1262 0.0008632091316 0.0008632091316 0.0001
1263 0.0007431528568 0.0009684956589 0
1264 0.0007431528568 0.0009684956589 0.0001
1265 0.0006103810305 0.001057210957 0
1266 0.0006103810305 0.001057210957 0.0001
1267 0.0004671654156 0.001127837082 0
1268 0.0004671654156 0.001127837082 0.0001
1269 0.000315956471 0.001179165603 0
1270 0.000315956471 0.001179165603 0.0001
1271 0.0001593414234 0.001210318272 0
1272 0.0001593414234 0.001210318272 0.0001
1273 7.475011753e-20 0.001220762061 0
1274 7.475011753e-20 0.001220762061 0.0001
1275 -0.0001593414234 0.001210318272 0
1276 -0.0001593414234 0.001210318272 0.0001
1277 -0.000315956471 0.001179165603 0
1278 -0.000315956471 0.001179165603 0.0001
1279 -0.0004671654156 0.001127837082 0
1280 -0.0004671654156 0.001127837082 0.0001
1281 -0.0006103810305 0.001057210957 0
1282 -0.0006103810305 0.001057210957 0.0001
1283 -0.0007431528568 0.0009684956589 0
1284 -0.0007431528568 0.0009684956589 0.0001
1285 -0.0008632091316 0.0008632091316 0
1286 -0.0008632091316 0.0008632091316 0.0001
1287 -0.0009684956589 0.0007431528568 0
1288 -0.0009684956589 0.0007431528568 0.0001
1289 -0.001057210957 0.0006103810305 0
1290 -0.001057210957 0.0006103810305 0.0001
1291 -0.001127837082 0.0004671654156 0
1292 -0.001127837082 0.0004671654156 0.0001
1293 -0.001179165603 0.000315956471 0
1294 -0.001179165603 0.000315956471 0.0001
1295 -0.001210318272 0.0001593414234 0
1296 -0.001210318272 0.0001593414234 0.0001
1297 -0.001220762061 1.495002351e-19 0
1298 -0.001220762061 1.495002351e-19 0.0001
1299 -0.001210318272 -0.0001593414234 0
1300 -0.001210318272 -0.0001593414234 0.0001
1301 -0.001179165603 -0.000315956471 0
1302 -0.001179165603 -0.000315956471 0.0001
1303 -0.001127837082 -0.0004671654156 0
1304 -0.001127837082 -0.0004671654156 0.0001
1305 -0.001057210957 -0.0006103810305 0
1306 -0.001057210957 -0.0006103810305 0.0001
1307 -0.0009684956589 -0.0007431528568 0
1308 -0.0009684956589 -0.0007431528568 0.0001
1309 -0.0008632091316 -0.0008632091316 0
1310 -0.0008632091316 -0.0008632091316 0.0001
1311 -0.0007431528568 -0.0009684956589 0
1312 -0.0007431528568 -0.0009684956589 0.0001
1313 -0.0006103810305 -0.001057210957 0
1314 -0.0006103810305 -0.001057210957 0.0001
1315 -0.0004671654156 -0.001127837082 0
1316 -0.0004671654156 -0.001127837082 0.0001
1317 -0.000315956471 -0.001179165603 0
1318 -0.000315956471 -0.001179165603 0.0001
1319 -0.0001593414234 -0.001210318272 0
1320 -0.0001593414234 -0.001210318272 0.0001
1321 -2.242503526e-19 -0.001220762061 0
1322 -2.242503526e-19 -0.001220762061 0.0001
1323 0.0001593414234 -0.001210318272 0
1324 0.0001593414234 -0.001210318272 0.0001
1325 0.000315956471 -0.001179165603 0
1326 0.000315956471 -0.001179165603 0.0001
1327 0.0004671654156 -0.001127837082 0
1328 0.0004671654156 -0.001127837082 0.0001
1329 0.0006103810305 -0.001057210957 0
1330 0.0006103810305 -0.001057210957 0.0001
1331 0.0007431528568 -0.0009684956589 0
1332 0.0007431528568 -0.0009684956589 0.0001
1333 0.0008632091316 -0.0008632091316 0
1334 0.0008632091316 -0.0008632091316 0.0001
1335 0.0009684956589 -0.0007431528568 0
1336 0.0009684956589 -0.0007431528568 0.0001
1337 0.001057210957 -0.0006103810305 0
1338 0.001057210957 -0.0006103810305 0.0001
1339 0.001127837082 -0.0004671654156 0
1340 0.001127837082 -0.0004671654156 0.0001
1341 0.001179165603 -0.000315956471 0
1342 0.001179165603 -0.000315956471 0.0001
1343 0.001210318272 -0.0001593414234 0
1344 0.001210318272 -0.0001593414234 0.0001
1345 0.001307528314 0 0
1346 0.001307528314 0 0.0001
1347 0.001296342228 0.0001706666921 0
1348 0.001296342228 0.0001706666921 0.0001
1349 0.001262975367 0.0003384132298 0
1350 0.001262975367 0.0003384132298 0.0001
1351 0.001207998648 0.0005003694232 0
1352 0.001207998648 0.0005003694232 0.0001
1353 0.001132352736 0.0006537641572 0
1354 0.001132352736 0.0006537641572 0.0001
1355 0.001037331956 0.0007959728051 0
1356 0.001037331956 0.0007959728051 0.0001
1357 0.0009245621376 0.0009245621376 0
1358 0.0009245621376 0.0009245621376 0.0001
1359 0.0007959728051 0.001037331956 0
1360 0.0007959728051 0.001037331956 0.0001
1361 0.0006537641572 0.001132352736 0
1362 0.0006537641572 0.001132352736 0.0001
1363 0.0005003694232 0.001207998648 0
1364 0.0005003694232 0.001207998648 0.0001
1365 0.0003384132298 0.001262975367 0
1366 0.0003384132298 0.001262975367 0.0001
1367 0.0001706666921 0.001296342228 0
1368 0.0001706666921 0.001296342228 0.0001
1369 8.006301825e-20 0.001307528314 0
1370 8.006301825e-20 0.001307528314 0.0001
1371 -0.0001706666921 0.001296342228 0
1372 -0.0001706666921 0.001296342228 0.0001
1373 -0.0003384132298 0.001262975367 0
1374 -0.0003384132298 0.001262975367 0.0001
1375 -0.0005003694232 0.001207998648 0
1376 -0.0005003694232 0.001207998648 0.0001
1377 -0.0006537641572 0.001132352736 0
1378 -0.0006537641572 0.001132352736 0.0001
1379 -0.0007959728051 0.001037331956 0
1380 -0.0007959728051 0.001037331956 0.0001
1381 -0.0009245621376 0.0009245621376 0
1382 -0.0009245621376 0.0009245621376 0.0001
1383 -0.001037331956 0.0007959728051 0
1384 -0.001037331956 0.0007959728051 0.0001
1385 -0.001132352736 0.0006537641572 0
1386 -0.001132352736 0.0006537641572 0.0001
1387 -0.001207998648 0.0005003694232 0
1388 -0.001207998648 0.0005003694232 0.0001
1389 -0.001262975367 0.0003384132298 0
1390 -0.001262975367 0.0003384132298 0.0001
1391 -0.001296342228 0.0001706666921 0
1392 -0.001296342228 0.0001706666921 0.0001
1393 -0.001307528314 1.601260365e-19 0
1394 -0.001307528314 1.601260365e-19 0.0001
1395 -0.001296342228 -0.0001706666921 0
1396 -0.001296342228 -0.0001706666921 0.0001
1397 -0.001262975367 -0.0003384132298 0
1398 -0.001262975367 -0.0003384132298 0.0001
1399 -0.001207998648 -0.0005003694232 0
1400 -0.001207998648 -0.0005003694232 0.0001
1401 -0.001132352736 -0.0006537641572 0
1402 -0.001132352736 -0.0006537641572 0.0001
1403 -0.001037331956 -0.0007959728051 0
1404 -0.001037331956 -0.0007959728051 0.0001
1405 -0.0009245621376 -0.0009245621376 0
1406 -0.0009245621376 -0.0009245621376 0.0001
1407 -0.0007959728051 -0.001037331956 0
1408 -0.0007959728051 -0.001037331956 0.0001
1409 -0.0006537641572 -0.001132352736 0
1410 -0.0006537641572 -0.001132352736 0.0001
1411 -0.0005003694232 -0.001207998648 0
1412 -0.0005003694232 -0.001207998648 0.0001
1413 -0.0003384132298 -0.001262975367 0
1414 -0.0003384132298 -0.001262975367 0.0001
1415 -0.0001706666921 -0.001296342228 0
1416 -0.0001706666921 -0.001296342228 0.0001
1417 -2.401890547e-19 -0.001307528314 0
1418 -2.401890547e-19 -0.001307528314 0.0001
1419 0.0001706666921 -0.001296342228 0
1420 0.0001706666921 -0.001296342228 0.0001
1421 0.0003384132298 -0.001262975367 0
1422 0.0003384132298 -0.001262975367 0.0001
1423 0.0005003694232 -0.001207998648 0
1424 0.0005003694232 -0.001207998648 0.0001
1425 0.0006537641572 -0.001132352736 0
1426 0.0006537641572 -0.001132352736 0.0001
1427 0.0007959728051 -0.001037331956 0
1428 0.0007959728051 -0.001037331956 0.0001
1429 0.0009245621376 -0.0009245621376 0
1430 0.0009245621376 -0.0009245621376 0.0001
1431 0.001037331956 -0.0007959728051 0
1432 0.001037331956 -0.0007959728051 0.0001
1433 0.001132352736 -0.0006537641572 0
1434 0.001132352736 -0.0006537641572 0.0001
1435 0.001207998648 -0.0005003694232 0
1436 0.001207998648 -0.0005003694232 0.0001
1437 0.001262975367 -0.0003384132298 0
1438 0.001262975367 -0.0003384132298 0.0001
1439 0.001296342228 -0.0001706666921 0
1440 0.001296342228 -0.0001706666921 0.0001
1441 0.001400461521 0 0
1442 0.001400461521 0 0.0001
1443 0.001388480378 0.0001827969097 0
1444 0.001388480378 0.0001827969097 0.0001
1445 0.001352741952 0.0003624661135 0
1446 0.001352741952 0.0003624661135 0.0001
1447 0.001293857735 0.0005359334217 0
1448 0.001293857735 0.0005359334217 0.0001
1449 0.001212835254 0.0007002307604 0
1450 0.001212835254 0.0007002307604 0.0001
1451 0.001111060826 0.0008525469567 0
1452 0.001111060826 0.0008525469567 0.0001
1453 0.0009902758382 0.0009902758382 0
1454 0.0009902758382 0.0009902758382 0.0001
1455 0.0008525469567 0.001111060826 0
1456 0.0008525469567 0.001111060826 0.0001
1457 0.0007002307604 0.001212835254 0
1458 0.0007002307604 0.001212835254 0.0001
1459 0.0005359334217 0.001293857735 0
1460 0.0005359334217 0.001293857735 0.0001
1461 0.0003624661135 0.001352741952 0
1462 0.0003624661135 0.001352741952 0.0001
1463 0.0001827969097 0.001388480378 0
1464 0.0001827969097 0.001388480378 0.0001
1465 8.575353594e-20 0.001400461521 0
1466 8.575353594e-20 0.001400461521 0.0001
1467 -0.0001827969097 0.001388480378 0
1468 -0.0001827969097 0.001388480378 0.0001
1469 -0.0003624661135 0.001352741952 0
1470 -0.0003624661135 0.001352741952 0.0001
1471 -0.0005359334217 0.001293857735 0
1472 -0.0005359334217 0.001293857735 0.0001
1473 -0.0007002307604 0.001212835254 0
1474 -0.0007002307604 0.001212835254 0.0001
1475 -0.0008525469567 0.001111060826 0
1476 -0.0008525469567 0.001111060826 0.0001
1477 -0.0009902758382 0.0009902758382 0
1478 -0.0009902758382 0.0009902758382 0.0001
1479 -0.001111060826 0.0008525469567 0
1480 -0.001111060826 0.0008525469567 0.0001
1481 -0.001212835254 0.0007002307604 0
1482 -0.001212835254 0.0007002307604 0.0001
1483 -0.001293857735 0.0005359334217 0
1484 -0.001293857735 0.0005359334217 0.0001
1485 -0.001352741952 0.0003624661135 0
1486 -0.001352741952 0.0003624661135 0.0001
1487 -0.001388480378 0.0001827969097 0
1488 -0.001388480378 0.0001827969097 0.0001
1489 -0.001400461521 1.715070719e-19 0
1490 -0.001400461521 1.715070719e-19 0.0001
1491 -0.001388480378 -0.0001827969097 0
1492 -0.001388480378 -0.0001827969097 0.0001
1493 -0.001352741952 -0.0003624661135 0
1494 -0.001352741952 -0.0003624661135 0.0001
1495 -0.001293857735 -0.0005359334217 0
1496 -0.001293857735 -0.0005359334217 0.0001
1497 -0.001212835254 -0.0007002307604 0
1498 -0.001212835254 -0.0007002307604 0.0001
1499 -0.001111060826 -0.0008525469567 0
1500 -0.001111060826 -0.0008525469567 0.0001
1501 -0.0009902758382 -0.0009902758382 0
1502 -0.0009902758382 -0.0009902758382 0.0001
1503 -0.0008525469567 -0.001111060826 0
1504 -0.0008525469567 -0.001111060826 0.0001
1505 -0.0007002307604 -0.001212835254 0
1506 -0.0007002307604 -0.001212835254 0.0001
1507 -0.0005359334217 -0.001293857735 0
1508 -0.0005359334217 -0.001293857735 0.0001
1509 -0.0003624661135 -0.001352741952 0
1510 -0.0003624661135 -0.001352741952 0.0001
1511 -0.0001827969097 -0.001388480378 0
1512 -0.0001827969097 -0.001388480378 0.0001
1513 -2.572606078e-19 -0.001400461521 0
1514 -2.572606078e-19 -0.001400461521 0.0001
1515 0.0001827969097 -0.001388480378 0
1516 0.0001827969097 -0.001388480378 0.0001
1517 0.0003624661135 -0.001352741952 0
1518 0.0003624661135 -0.001352741952 0.0001
1519 0.0005359334217 -0.001293857735 0
1520 0.0005359334217 -0.001293857735 0.0001
1521 0.0007002307604 -0.001212835254 0
1522 0.0007002307604 -0.001212835254 0.0001
1523 0.0008525469567 -0.001111060826 0
1524 0.0008525469567 -0.001111060826 0.0001
1525 0.0009902758382 -0.0009902758382 0
1526 0.0009902758382 -0.0009902758382 0.0001
1527 0.001111060826 -0.0008525469567 0
1528 0.001111060826 -0.0008525469567 0.0001
1529 0.001212835254 -0.0007002307604 0
1530 0.001212835254 -0.0007002307604 0.0001
1531 0.001293857735 -0.0005359334217 0
1532 0.001293857735 -0.0005359334217 0.0001
1533 0.001352741952 -0.0003624661135 0
1534 0.001352741952 -0.0003624661135 0.0001
1535 0.001388480378 -0.0001827969097 0
1536 0.001388480378 -0.0001827969097 0.0001
1537 0.0015 0 0
1538 0.0015 0 0.0001
1539 0.001487167292 0.0001957892883 0
1540 0.001487167292 0.0001957892883 0.0001
1541 0.001448888739 0.0003882285677 0
1542 0.001448888739 0.0003882285677 0.0001
1543 0.001385819299 0.0005740251485 0
1544 0.001385819299 0.0005740251485 0.0001
1545 0.001299038106 0.00075 0
1546 0.001299038106 0.00075 0.0001
1547 0.00119003001 0.0009131421435 0
1548 0.00119003001 0.0009131421435 0.0001
1549 0.001060660172 0.001060660172 0
1550 0.001060660172 0.001060660172 0.0001
1551 0.0009131421435 0.00119003001 0
1552 0.0009131421435 0.00119003001 0.0001
1553 0.00075 0.001299038106 0
1554 0.00075 0.001299038106 0.0001
1555 0.0005740251485 0.001385819299 0
1556 0.0005740251485 0.001385819299 0.0001
1557 0.0003882285677 0.001448888739 0
1558 0.0003882285677 0.001448888739 0.0001
1559 0.0001957892883 0.001487167292 0
1560 0.0001957892883 0.001487167292 0.0001
1561 9.184850994e-20 0.0015 0
1562 9.184850994e-20 0.0015 0.0001
1563 -0.0001957892883 0.001487167292 0
1564 -0.0001957892883 0.001487167292 0.0001
1565 -0.0003882285677 0.001448888739 0
1566 -0.0003882285677 0.001448888739 0.0001
1567 -0.0005740251485 0.001385819299 0
1568 -0.0005740251485 0.001385819299 0.0001
1569 -0.00075 0.001299038106 0
1570 -0.00075 0.001299038106 0.0001
1571 -0.0009131421435 0.00119003001 0
1572 -0.0009131421435 0.00119003001 0.0001
1573 -0.001060660172 0.001060660172 0
1574 -0.001060660172 0.001060660172 0.0001
1575 -0.00119003001 0.0009131421435 0
1576 -0.00119003001 0.0009131421435 0.0001
1577 -0.001299038106 0.00075 0
1578 -0.001299038106 0.00075 0.0001
1579 -0.001385819299 0.0005740251485 0
1580 -0.001385819299 0.0005740251485 0.0001
1581 -0.001448888739 0.0003882285677 0
1582 -0.001448888739 0.0003882285677 0.0001
1583 -0.001487167292 0.0001957892883 0
1584 -0.001487167292 0.0001957892883 0.0001
1585 -0.0015 1.836970199e-19 0
1586 -0.0015 1.836970199e-19 0.0001
1587 -0.001487167292 -0.0001957892883 0
1588 -0.001487167292 -0.0001957892883 0.0001
1589 -0.001448888739 -0.0003882285677 0
1590 -0.001448888739 -0.0003882285677 0.0001
1591 -0.001385819299 -0.0005740251485 0
1592 -0.001385819299 -0.0005740251485 0.0001
1593 -0.001299038106 -0.00075 0
1594 -0.001299038106 -0.00075 0.0001
1595 -0.00119003001 -0.0009131421435 0
1596 -0.00119003001 -0.0009131421435 0.0001
1597 -0.001060660172 -0.001060660172 0
1598 -0.001060660172 -0.001060660172 0.0001
1599 -0.0009131421435 -0.00119003001 0
1600 -0.0009131421435 -0.00119003001 0.0001
1601 -0.00075 -0.001299038106 0
1602 -0.00075 -0.001299038106 0.0001
1603 -0.0005740251485 -0.001385819299 0
1604 -0.0005740251485 -0.001385819299 0.0001
1605 -0.0003882285677 -0.001448888739 0
1606 -0.0003882285677 -0.001448888739 0.0001
1607 -0.0001957892883 -0.001487167292 0
1608 -0.0001957892883 -0.001487167292 0.0001
1609 -2.755455298e-19 -0.0015 0
1610 -2.755455298e-19 -0.0015 0.0001
1611 0.0001957892883 -0.001487167292 0
1612 0.0001957892883 -0.001487167292 0.0001
1613 0.0003882285677 -0.001448888739 0
1614 0.0003882285677 -0.001448888739 0.0001
1615 0.0005740251485 -0.001385819299 0
1616 0.0005740251485 -0.001385819299 0.0001
1617 0.00075 -0.001299038106 0
1618 0.00075 -0.001299038106 0.0001
1619 0.0009131421435 -0.00119003001 0
1620 0.0009131421435 -0.00119003001 0.0001
1621 0.001060660172 -0.001060660172 0
1622 0.001060660172 -0.001060660172 0.0001
1623 0.00119003001 -0.0009131421435 0
1624 0.00119003001 -0.0009131421435 0.0001
1625 0.001299038106 -0.00075 0
1626 0.001299038106 -0.00075 0.0001
1627 0.001385819299 -0.0005740251485 0
1628 0.001385819299 -0.0005740251485 0.0001
1629 0.001448888739 -0.0003882285677 0
1630 0.001448888739 -0.0003882285677 0.0001
1631 0.001487167292 -0.0001957892883 0
1632 0.001487167292 -0.0001957892883 0.0001
$EndNodes
$Elements
4800
1 2 2 11 11 1 3 4
2 2 2 11 11 1 4 2
3 2 2 10 10 1537 1539 1540
4 2 2 10 10 1537 1540 1538
5 2 2 11 11 3 5 6
6 2 2 11 11 3 6 4
7 2 2 10 10 1539 1541 1542
8 2 2 10 10 1539 1542 1540
9 2 2 11 11 5 7 8
10 2 2 11 11 5 8 6
11 2 2 10 10 1541 1543 1544
12 2 2 10 10 1541 1544 1542
13 2 2 11 11 7 9 10
14 2 2 11 11 7 10 8
15 2 2 10 10 1543 1545 1546
16 2 2 10 10 1543 1546 1544
17 2 2 11 11 9 11 12
18 2 2 11 11 9 12 10
19 2 2 10 10 1545 1547 1548
20 2 2 10 10 1545 1548 1546
21 2 2 11 11 11 13 14
22 2 2 11 11 11 14 12
23 2 2 10 10 1547 1549 1550
24 2 2 10 10 1547 1550 1548
25 2 2 11 11 13 15 16
26 2 2 11 11 13 16 14
27 2 2 10 10 1549 1551 1552
28 2 2 10 10 1549 1552 1550
29 2 2 11 11 15 17 18
30 2 2 11 11 15 18 16
31 2 2 10 10 1551 1553 1554
32 2 2 10 10 1551 1554 1552
33 2 2 11 11 17 19 20
34 2 2 11 11 17 20 18
35 2 2 10 10 1553 1555 1556
36 2 2 10 10 1553 1556 1554
37 2 2 11 11 19 21 22
38 2 2 11 11 19 22 20
39 2 2 10 10 1555 1557 1558
40 2 2 10 10 1555 1558 1556
41 2 2 11 11 21 23 24
42 2 2 11 11 21 24 22
43 2 2 10 10 1557 1559 1560
44 2 2 10 10 1557 1560 1558
45 2 2 11 11 23 25 26
46 2 2 11 11 23 26 24
47 2 2 10 10 1559 1561 1562
48 2 2 10 10 1559 1562 1560
49 2 2 11 11 25 27 28
50 2 2 11 11 25 28 26
51 2 2 10 10 1561 1563 1564
52 2 2 10 10 1561 1564 1562
53 2 2 11 11 27 29 30
54 2 2 11 11 27 30 28
55 2 2 10 10 1563 1565 1566
56 2 2 10 10 1563 1566 1564
57 2 2 11 11 29 31 32
58 2 2 11 11 29 32 30
59 2 2 10 10 1565 1567 1568
60 2 2 10 10 1565 1568 1566
61 2 2 11 11 31 33 34
62 2 2 11 11 31 34 32
63 2 2 10 10 1567 1569 1570
64 2 2 10 10 1567 1570 1568
65 2 2 11 11 33 35 36
66 2 2 11 11 33 36 34
67 2 2 10 10 1569 1571 1572
68 2 2 10 10 1569 1572 1570
69 2 2 11 11 35 37 38
70 2 2 11 11 35 38 36
71 2 2 10 10 1571 1573 1574
72 2 2 10 10 1571 1574 1572
73 2 2 11 11 37 39 40
74 2 2 11 11 37 40 38
75 2 2 10 10 1573 1575 1576
76 2 2 10 10 1573 1576 1574
77 2 2 11 11 39 41 42
78 2 2 11 11 39 42 40
79 2 2 10 10 1575 1577 1578
80 2 2 10 10 1575 1578 1576
81 2 2 11 11 41 43 44
82 2 2 11 11 41 44 42
83 2 2 10 10 1577 1579 1580
84 2 2 10 10 1577 1580 1578
85 2 2 11 11 43 45 46
86 2 2 11 11 43 46 44
87 2 2 10 10 1579 1581 1582
88 2 2 10 10 1579 1582 1580
89 2 2 11 11 45 47 48
90 2 2 11 11 45 48 46
91 2 2 10 10 1581 1583 1584
92 2 2 10 10 1581 1584 1582
93 2 2 11 11 47 49 50
94 2 2 11 11 47 50 48
95 2 2 10 10 1583 1585 1586
96 2 2 10 10 1583 1586 1584
97 2 2 11 11 49 51 52
98 2 2 11 11 49 52 50
99 2 2 10 10 1585 1587 1588
100 2 2 10 10 1585 1588 1586
101 2 2 11 11 51 53 54
102 2 2 11 11 51 54 52
103 2 2 10 10 1587 1589 1590
104 2 2 10 10 1587 1590 1588
105 2 2 11 11 53 55 56
106 2 2 11 11 53 56 54
107 2 2 10 10 1589 1591 1592
108 2 2 10 10 1589 1592 1590
109 2 2 11 11 55 57 58
110 2 2 11 11 55 58 56
111 2 2 10 10 1591 1593 1594
112 2 2 10 10 1591 1594 1592
113 2 2 11 11 57 59 60
114 2 2 11 11 57 60 58
115 2 2 10 10 1593 1595 1596
116 2 2 10 10 1593 1596 1594
117 2 2 11 11 59 61 62
118 2 2 11 11 59 62 60
119 2 2 10 10 1595 1597 1598
120 2 2 10 10 1595 1598 1596
121 2 2 11 11 61 63 64
122 2 2 11 11 61 64 62
123 2 2 10 10 1597 1599 1600
124 2 2 10 10 1597 1600 1598
125 2 2 11 11 63 65 66
126 2 2 11 11 63 66 64
127 2 2 10 10 1599 1601 1602
128 2 2 10 10 1599 1602 1600
129 2 2 11 11 65 67 68
130 2 2 11 11 65 68 66
131 2 2 10 10 1601 1603 1604
132 2 2 10 10 1601 1604 1602
133 2 2 11 11 67 69 70
134 2 2 11 11 67 70 68
135 2 2 10 10 1603 1605 1606
136 2 2 10 10 1603 1606 1604
137 2 2 11 11 69 71 72
138 2 2 11 11 69 72 70
139 2 2 10 10 1605 1607 1608
140 2 2 10 10 1605 1608 1606
141 2 2 11 11 71 73 74
142 2 2 11 11 71 74 72
143 2 2 10 10 1607 1609 1610
144 2 2 10 10 1607 1610 1608
145 2 2 11 11 73 75 76
146 2 2 11 11 73 76 74
147 2 2 10 10 1609 1611 1612
148 2 2 10 10 1609 1612 1610
149 2 2 11 11 75 77 78
150 2 2 11 11 75 78 76
151 2 2 10 10 1611 1613 1614
152 2 2 10 10 1611 1614 1612
153 2 2 11 11 77 79 80
154 2 2 11 11 77 80 78
155 2 2 10 10 1613 1615 1616
156 2 2 10 10 1613 1616 1614
157 2 2 11 11 79 81 82
158 2 2 11 11 79 82 80
159 2 2 10 10 1615 1617 1618
160 2 2 10 10 1615 1618 1616
161 2 2 11 11 81 83 84
162 2 2 11 11 81 84 82
163 2 2 10 10 1617 1619 1620
164 2 2 10 10 1617 1620 1618
165 2 2 11 11 83 85 86
166 2 2 11 11 83 86 84
167 2 2 10 10 1619 1621 1622
168 2 2 10 10 1619 1622 1620
169 2 2 11 11 85 87 88
170 2 2 11 11 85 88 86
171 2 2 10 10 1621 1623 1624
172 2 2 10 10 1621 1624 1622
173 2 2 11 11 87 89 90
174 2 2 11 11 87 90 88
175 2 2 10 10 1623 1625 1626
176 2 2 10 10 1623 1626 1624
177 2 2 11 11 89 91 92
178 2 2 11 11 89 92 90
179 2 2 10 10 1625 1627 1628
180 2 2 10 10 1625 1628 1626
181 2 2 11 11 91 93 94
182 2 2 11 11 91 94 92
183 2 2 10 10 1627 1629 1630
184 2 2 10 10 1627 1630 1628
185 2 2 11 11 93 95 96
186 2 2 11 11 93 96 94
187 2 2 10 10 1629 1631 1632
188 2 2 10 10 1629 1632 1630
189 2 2 11 11 95 1 2
190 2 2 11 11 95 2 96
191 2 2 10 10 1631 1537 1538
192 2 2 10 10 1631 1538 1632
193 4 2 1 1 1 97 99 100
194 4 2 1 1 1 97 100 98
195 4 2 1 1 1 98 100 2
196 4 2 1 1 1 99 3 4
197 4 2 1 1 1 99 4 100
198 4 2 1 1 1 100 4 2
199 4 2 1 1 3 99 101 102
200 4 2 1 1 3 99 102 100
201 4 2 1 1 3 100 102 4
202 4 2 1 1 3 101 5 6
203 4 2 1 1 3 101 6 102
204 4 2 1 1 3 102 6 4
205 4 2 1 1 5 101 103 104
206 4 2 1 1 5 101 104 102
207 4 2 1 1 5 102 104 6
208 4 2 1 1 5 103 7 8
209 4 2 1 1 5 103 8 104
210 4 2 1 1 5 104 8 6
211 4 2 1 1 7 103 105 106
212 4 2 1 1 7 103 106 104
213 4 2 1 1 7 104 106 8
214 4 2 1 1 7 105 9 10
215 4 2 1 1 7 105 10 106
216 4 2 1 1 7 106 10 8
217 4 2 1 1 9 105 107 108
218 4 2 1 1 9 105 108 106
219 4 2 1 1 9 106 108 10
220 4 2 1 1 9 107 11 12
221 4 2 1 1 9 107 12 108
222 4 2 1 1 9 108 12 10
223 4 2 1 1 11 107 109 110
224 4 2 1 1 11 107 110 108
225 4 2 1 1 11 108 110 12
226 4 2 1 1 11 109 13 14
227 4 2 1 1 11 109 14 110
228 4 2 1 1 11 110 14 12
229 4 2 1 1 13 109 111 112
230 4 2 1 1 13 109 112 110
231 4 2 1 1 13 110 112 14
232 4 2 1 1 13 111 15 16
233 4 2 1 1 13 111 16 112
234 4 2 1 1 13 112 16 14
235 4 2 1 1 15 111 113 114
236 4 2 1 1 15 111 114 112
237 4 2 1 1 15 112 114 16
238 4 2 1 1 15 113 17 18
239 4 2 1 1 15 113 18 114
240 4 2 1 1 15 114 18 16
241 4 2 1 1 17 113 115 116
242 4 2 1 1 17 113 116 114
243 4 2 1 1 17 114 116 18
244 4 2 1 1 17 115 19 20
245 4 2 1 1 17 115 20 116
246 4 2 1 1 17 116 20 18
247 4 2 1 1 19 115 117 118
248 4 2 1 1 19 115 118 116
249 4 2 1 1 19 116 118 20
250 4 2 1 1 19 117 21 22
251 4 2 1 1 19 117 22 118
252 4 2 1 1 19 118 22 20
253 4 2 1 1 21 117 119 120
254 4 2 1 1 21 117 120 118
255 4 2 1 1 21 118 120 22
256 4 2 1 1 21 119 23 24
257 4 2 1 1 21 119 24 120
258 4 2 1 1 21 120 24 22
259 4 2 1 1 23 119 121 122
260 4 2 1 1 23 119 122 120
261 4 2 1 1 23 120 122 24
262 4 2 1 1 23 121 25 26
263 4 2 1 1 23 121 26 122
264 4 2 1 1 23 122 26 24
265 4 2 1 1 25 121 123 124
266 4 2 1 1 25 121 124 122
267 4 2 1 1 25 122 124 26
268 4 2 1 1 25 123 27 28
269 4 2 1 1 25 123 28 124
270 4 2 1 1 25 124 28 26
271 4 2 1 1 27 123 125 126
272 4 2 1 1 27 123 126 124
273 4 2 1 1 27 124 126 28
274 4 2 1 1 27 125 29 30
275 4 2 1 1 27 125 30 126
276 4 2 1 1 27 126 30 28
277 4 2 1 1 29 125 127 128
278 4 2 1 1 29 125 128 126
279 4 2 1 1 29 126 128 30
280 4 2 1 1 29 127 31 32
281 4 2 1 1 29 127 32 128
282 4 2 1 1 29 128 32 30
283 4 2 1 1 31 127 129 130
284 4 2 1 1 31 127 130 128
285 4 2 1 1 31 128 130 32
286 4 2 1 1 31 129 33 34
287 4 2 1 1 31 129 34 130
288 4 2 1 1 31 130 34 32
289 4 2 1 1 33 129 131 132
290 4 2 1 1 33 129 132 130
291 4 2 1 1 33 130 132 34
292 4 2 1 1 33 131 35 36
293 4 2 1 1 33 131 36 132
294 4 2 1 1 33 132 36 34
295 4 2 1 1 35 131 133 134
296 4 2 1 1 35 131 134 132
297 4 2 1 1 35 132 134 36
298 4 2 1 1 35 133 37 38
299 4 2 1 1 35 133 38 134
300 4 2 1 1 35 134 38 36
301 4 2 1 1 37 133 135 136
302 4 2 1 1 37 133 136 134
303 4 2 1 1 37 134 136 38
304 4 2 1 1 37 135 39 40
305 4 2 1 1 37 135 40 136
306 4 2 1 1 37 136 40 38
307 4 2 1 1 39 135 137 138
308 4 2 1 1 39 135 138 136
309 4 2 1 1 39 136 138 40
310 4 2 1 1 39 137 41 42
311 4 2 1 1 39 137 42 138
312 4 2 1 1 39 138 42 40
313 4 2 1 1 41 137 139 140
314 4 2 1 1 41 137 140 138
315 4 2 1 1 41 138 140 42
316 4 2 1 1 41 139 43 44
317 4 2 1 1 41 139 44 140
318 4 2 1 1 41 140 44 42
319 4 2 1 1 43 139 141 142
320 4 2 1 1 43 139 142 140
321 4 2 1 1 43 140 142 44
322 4 2 1 1 43 141 45 46
323 4 2 1 1 43 141 46 142
324 4 2 1 1 43 142 46 44
325 4 2 1 1 45 141 143 144
326 4 2 1 1 45 141 144 142
327 4 2 1 1 45 142 144 46
328 4 2 1 1 45 143 47 48
329 4 2 1 1 45 143 48 144
330 4 2 1 1 45 144 48 46
331 4 2 1 1 47 143 145 146
332 4 2 1 1 47 143 146 144
333 4 2 1 1 47 144 146 48
334 4 2 1 1 47 145 49 50
335 4 2 1 1 47 145 50 146
336 4 2 1 1 47 146 50 48
337 4 2 1 1 49 145 147 148
338 4 2 1 1 49 145 148 146
339 4 2 1 1 49 146 148 50
340 4 2 1 1 49 147 51 52
341 4 2 1 1 49 147 52 148
342 4 2 1 1 49 148 52 50
343 4 2 1 1 51 147 149 150
344 4 2 1 1 51 147 150 148
345 4 2 1 1 51 148 150 52
346 4 2 1 1 51 149 53 54
347 4 2 1 1 51 149 54 150
348 4 2 1 1 51 150 54 52
349 4 2 1 1 53 149 151 152
350 4 2 1 1 53 149 152 150
351 4 2 1 1 53 150 152 54
352 4 2 1 1 53 151 55 56
353 4 2 1 1 53 151 56 152
354 4 2 1 1 53 152 56 54
355 4 2 1 1 55 151 153 154
356 4 2 1 1 55 151 154 152
357 4 2 1 1 55 152 154 56
358 4 2 1 1 55 153 57 58
359 4 2 1 1 55 153 58 154
360 4 2 1 1 55 154 58 56
361 4 2 1 1 57 153 155 156
362 4 2 1 1 57 153 156 154
363 4 2 1 1 57 154 156 58
364 4 2 1 1 57 155 59 60
365 4 2 1 1 57 155 60 156
366 4 2 1 1 57 156 60 58
367 4 2 1 1 59 155 157 158
368 4 2 1 1 59 155 158 156
369 4 2 1 1 59 156 158 60
370 4 2 1 1 59 157 61 62
371 4 2 1 1 59 157 62 158
372 4 2 1 1 59 158 62 60
373 4 2 1 1 61 157 159 160
374 4 2 1 1 61 157 160 158
375 4 2 1 1 61 158 160 62
376 4 2 1 1 61 159 63 64
377 4 2 1 1 61 159 64 160
378 4 2 1 1 61 160 64 62
379 4 2 1 1 63 159 161 162
380 4 2 1 1 63 159 162 160
381 4 2 1 1 63 160 162 64
382 4 2 1 1 63 161 65 66
383 4 2 1 1 63 161 66 162
384 4 2 1 1 63 162 66 64
385 4 2 1 1 65 161 163 164
386 4 2 1 1 65 161 164 162
387 4 2 1 1 65 162 164 66
388 4 2 1 1 65 163 67 68
389 4 2 1 1 65 163 68 164
390 4 2 1 1 65 164 68 66
391 4 2 1 1 67 163 165 166
392 4 2 1 1 67 163 166 164
393 4 2 1 1 67 164 166 68
394 4 2 1 1 67 165 69 70
395 4 2 1 1 67 165 70 166
396 4 2 1 1 67 166 70 68
397 4 2 1 1 69 165 167 168
398 4 2 1 1 69 165 168 166
399 4 2 1 1 69 166 168 70
400 4 2 1 1 69 167 71 72
401 4 2 1 1 69 167 72 168
402 4 2 1 1 69 168 72 70
403 4 2 1 1 71 167 169 170
404 4 2 1 1 71 167 170 168
405 4 2 1 1 71 168 170 72
406 4 2 1 1 71 169 73 74
407 4 2 1 1 71 169 74 170
408 4 2 1 1 71 170 74 72
409 4 2 1 1 73 169 171 172
410 4 2 1 1 73 169 172 170
411 4 2 1 1 73 170 172 74
412 4 2 1 1 73 171 75 76
413 4 2 1 1 73 171 76 172
414 4 2 1 1 73 172 76 74
415 4 2 1 1 75 171 173 174
416 4 2 1 1 75 171 174 172
417 4 2 1 1 75 172 174 76
418 4 2 1 1 75 173 77 78
419 4 2 1 1 75 173 78 174
420 4 2 1 1 75 174 78 76
421 4 2 1 1 77 173 175 176
422 4 2 1 1 77 173 176 174
423 4 2 1 1 77 174 176 78
424 4 2 1 1 77 175 79 80
425 4 2 1 1 77 175 80 176
426 4 2 1 1 77 176 80 78
427 4 2 1 1 79 175 177 178
428 4 2 1 1 79 175 178 176
429 4 2 1 1 79 176 178 80
430 4 2 1 1 79 177 81 82
431 4 2 1 1 79 177 82 178
432 4 2 1 1 79 178 82 80
433 4 2 1 1 81 177 179 180
434 4 2 1 1 81 177 180 178
435 4 2 1 1 81 178 180 82
436 4 2 1 1 81 179 83 84
437 4 2 1 1 81 179 84 180
438 4 2 1 1 81 180 84 82
439 4 2 1 1 83 179 181 182
440 4 2 1 1 83 179 182 180
441 4 2 1 1 83 180 182 84
442 4 2 1 1 83 181 85 86
443 4 2 1 1 83 181 86 182
444 4 2 1 1 83 182 86 84
445 4 2 1 1 85 181 183 184
446 4 2 1 1 85 181 184 182
447 4 2 1 1 85 182 184 86
448 4 2 1 1 85 183 87 88
449 4 2 1 1 85 183 88 184
450 4 2 1 1 85 184 88 86
451 4 2 1 1 87 183 185 186
452 4 2 1 1 87 183 186 184
453 4 2 1 1 87 184 186 88
454 4 2 1 1 87 185 89 90
455 4 2 1 1 87 185 90 186
456 4 2 1 1 87 186 90 88
457 4 2 1 1 89 185 187 188
458 4 2 1 1 89 185 188 186
459 4 2 1 1 89 186 188 90
460 4 2 1 1 89 187 91 92
461 4 2 1 1 89 187 92 188
462 4 2 1 1 89 188 92 90
463 4 2 1 1 91 187 189 190
464 4 2 1 1 91 187 190 188
465 4 2 1 1 91 188 190 92
466 4 2 1 1 91 189 93 94
467 4 2 1 1 91 189 94 190
468 4 2 1 1 91 190 94 92
469 4 2 1 1 93 189 191 192
470 4 2 1 1 93 189 192 190
471 4 2 1 1 93 190 192 94
472 4 2 1 1 93 191 95 96
473 4 2 1 1 93 191 96 192
474 4 2 1 1 93 192 96 94
475 4 2 1 1 95 191 97 98
476 4 2 1 1 95 191 98 192
477 4 2 1 1 95 192 98 96
478 4 2 1 1 95 97 1 2
479 4 2 1 1 95 97 2 98
480 4 2 1 1 95 98 2 96
481 4 2 1 1 97 193 195 196
482 4 2 1 1 97 193 196 194
483 4 2 1 1 97 194 196 98
484 4 2 1 1 97 195 99 100
485 4 2 1 1 97 195 100 196
486 4 2 1 1 97 196 100 98
487 4 2 1 1 99 195 197 198
488 4 2 1 1 99 195 198 196
489 4 2 1 1 99 196 198 100
490 4 2 1 1 99 197 101 102
491 4 2 1 1 99 197 102 198
492 4 2 1 1 99 198 102 100
493 4 2 1 1 101 197 199 200
494 4 2 1 1 101 197 200 198
495 4 2 1 1 101 198 200 102
496 4 2 1 1 101 199 103 104
497 4 2 1 1 101 199 104 200
498 4 2 1 1 101 200 104 102
499 4 2 1 1 103 199 201 202
500 4 2 1 1 103 199 202 200
501 4 2 1 1 103 200 202 104
502 4 2 1 1 103 201 105 106
503 4 2 1 1 103 201 106 202
504 4 2 1 1 103 202 106 104
505 4 2 1 1 105 201 203 204
506 4 2 1 1 105 201 204 202
507 4 2 1 1 105 202 204 106
508 4 2 1 1 105 203 107 108
509 4 2 1 1 105 203 108 204
510 4 2 1 1 105 204 108 106
511 4 2 1 1 107 203 205 206
512 4 2 1 1 107 203 206 204
513 4 2 1 1 107 204 206 108
514 4 2 1 1 107 205 109 110
515 4 2 1 1 107 205 110 206
516 4 2 1 1 107 206 110 108
517 4 2 1 1 109 205 207 208
518 4 2 1 1 109 205 208 206
519 4 2 1 1 109 206 208 110
520 4 2 1 1 109 207 111 112
521 4 2 1 1 109 207 112 208
522 4 2 1 1 109 208 112 110
523 4 2 1 1 111 207 209 210
524 4 2 1 1 111 207 210 208
525 4 2 1 1 111 208 210 112
526 4 2 1 1 111 209 113 114
527 4 2 1 1 111 209 114 210
528 4 2 1 1 111 210 114 112
529 4 2 1 1 113 209 211 212
530 4 2 1 1 113 209 212 210
531 4 2 1 1 113 210 212 114
532 4 2 1 1 113 211 115 116
533 4 2 1 1 113 211 116 212
534 4 2 1 1 113 212 116 114
535 4 2 1 1 115 211 213 214
536 4 2 1 1 115 211 214 212
537 4 2 1 1 115 212 214 116
538 4 2 1 1 115 213 117 118
539 4 2 1 1 115 213 118 214
540 4 2 1 1 115 214 118 116
541 4 2 1 1 117 213 215 216
542 4 2 1 1 117 213 216 214
543 4 2 1 1 117 214 216 118
544 4 2 1 1 117 215 119 120
545 4 2 1 1 117 215 120 216
546 4 2 1 1 117 216 120 118
547 4 2 1 1 119 215 217 218
548 4 2 1 1 119 215 218 216
549 4 2 1 1 119 216 218 120
550 4 2 1 1 119 217 121 122
551 4 2 1 1 119 217 122 218
552 4 2 1 1 119 218 122 120
553 4 2 1 1 121 217 219 220
554 4 2 1 1 121 217 220 218
555 4 2 1 1 121 218 220 122
556 4 2 1 1 121 219 123 124
557 4 2 1 1 121 219 124 220
558 4 2 1 1 121 220 124 122
559 4 2 1 1 123 219 221 222
560 4 2 1 1 123 219 222 220
561 4 2 1 1 123 220 222 124
562 4 2 1 1 123 221 125 126
563 4 2 1 1 123 221 126 222
564 4 2 1 1 123 222 126 124
565 4 2 1 1 125 221 223 224
566 4 2 1 1 125 221 224 222
567 4 2 1 1 125 222 224 126
568 4 2 1 1 125 223 127 128
569 4 2 1 1 125 223 128 224
570 4 2 1 1 125 224 128 126
571 4 2 1 1 127 223 225 226
572 4 2 1 1 127 223 226 224
573 4 2 1 1 127 224 226 128
574 4 2 1 1 127 225 129 130
575 4 2 1 1 127 225 130 226
576 4 2 1 1 127 226 130 128
577 4 2 1 1 129 225 227 228
578 4 2 1 1 129 225 228 226
579 4 2 1 1 129 226 228 130
580 4 2 1 1 129 227 131 132
581 4 2 1 1 129 227 132 228
582 4 2 1 1 129 228 132 130
583 4 2 1 1 131 227 229 230
584 4 2 1 1 131 227 230 228
585 4 2 1 1 131 228 230 132
586 4 2 1 1 131 229 133 134
587 4 2 1 1 131 229 134 230
588 4 2 1 1 131 230 134 132
589 4 2 1 1 133 229 231 232
590 4 2 1 1 133 229 232 230
591 4 2 1 1 133 230 232 134
592 4 2 1 1 133 231 135 136
593 4 2 1 1 133 231 136 232
594 4 2 1 1 133 232 136 134
595 4 2 1 1 135 231 233 234
596 4 2 1 1 135 231 234 232
597 4 2 1 1 135 232 234 136
598 4 2 1 1 135 233 137 138
599 4 2 1 1 135 233 138 234
600 4 2 1 1 135 234 138 136
601 4 2 1 1 137 233 235 236
602 4 2 1 1 137 233 236 234
603 4 2 1 1 137 234 236 138
604 4 2 1 1 137 235 139 140
605 4 2 1 1 137 235 140 236
606 4 2 1 1 137 236 140 138
607 4 2 1 1 139 235 237 238
608 4 2 1 1 139 235 238 236
609 4 2 1 1 139 236 238 140
610 4 2 1 1 139 237 141 142
611 4 2 1 1 139 237 142 238
612 4 2 1 1 139 238 142 140
613 4 2 1 1 141 237 239 240
614 4 2 1 1 141 237 240 238
615 4 2 1 1 141 238 240 142
616 4 2 1 1 141 239 143 144
617 4 2 1 1 141 239 144 240
618 4 2 1 1 141 240 144 142
619 4 2 1 1 143 239 241 242
620 4 2 1 1 143 239 242 240
621 4 2 1 1 143 240 242 144
622 4 2 1 1 143 241 145 146
623 4 2 1 1 143 241 146 242
624 4 2 1 1 143 242 146 144
625 4 2 1 1 145 241 243 244
626 4 2 1 1 145 241 244 242
627 4 2 1 1 145 242 244 146
628 4 2 1 1 145 243 147 148
629 4 2 1 1 145 243 148 244
630 4 2 1 1 145 244 148 146
631 4 2 1 1 147 243 245 246
632 4 2 1 1 147 243 246 244
633 4 2 1 1 147 244 246 148
634 4 2 1 1 147 245 149 150
635 4 2 1 1 147 245 150 246
636 4 2 1 1 147 246 150 148
637 4 2 1 1 149 245 247 248
638 4 2 1 1 149 245 248 246
639 4 2 1 1 149 246 248 150
640 4 2 1 1 149 247 151 152
641 4 2 1 1 149 247 152 248
642 4 2 1 1 149 248 152 150
643 4 2 1 1 151 247 249 250
644 4 2 1 1 151 247 250 248
645 4 2 1 1 151 248 250 152
646 4 2 1 1 151 249 153 154
647 4 2 1 1 151 249 154 250
648 4 2 1 1 151 250 154 152
649 4 2 1 1 153 249 251 252
650 4 2 1 1 153 249 252 250
651 4 2 1 1 153 250 252 154
652 4 2 1 1 153 251 155 156
653 4 2 1 1 153 251 156 252
654 4 2 1 1 153 252 156 154
655 4 2 1 1 155 251 253 254
656 4 2 1 1 155 251 254 252
657 4 2 1 1 155 252 254 156
658 4 2 1 1 155 253 157 158
659 4 2 1 1 155 253 158 254
660 4 2 1 1 155 254 158 156
661 4 2 1 1 157 253 255 256
662 4 2 1 1 157 253 256 254
663 4 2 1 1 157 254 256 158
664 4 2 1 1 157 255 159 160
665 4 2 1 1 157 255 160 256
666 4 2 1 1 157 256 160 158
667 4 2 1 1 159 255 257 258
668 4 2 1 1 159 255 258 256
669 4 2 1 1 159 256 258 160
670 4 2 1 1 159 257 161 162
671 4 2 1 1 159 257 162 258
672 4 2 1 1 159 258 162 160
673 4 2 1 1 161 257 259 260
674 4 2 1 1 161 257 260 258
675 4 2 1 1 161 258 260 162
676 4 2 1 1 161 259 163 164
677 4 2 1 1 161 259 164 260
678 4 2 1 1 161 260 164 162
679 4 2 1 1 163 259 261 262
680 4 2 1 1 163 259 262 260
681 4 2 1 1 163 260 262 164
682 4 2 1 1 163 261 165 166
683 4 2 1 1 163 261 166 262
684 4 2 1 1 163 262 166 164
685 4 2 1 1 165 261 263 264
686 4 2 1 1 165 261 264 262
687 4 2 1 1 165 262 264 166
688 4 2 1 1 165 263 167 168
689 4 2 1 1 165 263 168 264
690 4 2 1 1 165 264 168 166
691 4 2 1 1 167 263 265 266
692 4 2 1 1 167 263 266 264
693 4 2 1 1 167 264 266 168
694 4 2 1 1 167 265 169 170
695 4 2 1 1 167 265 170 266
696 4 2 1 1 167 266 170 168
697 4 2 1 1 169 265 267 268
698 4 2 1 1 169 265 268 266
699 4 2 1 1 169 266 268 170
700 4 2 1 1 169 267 171 172
701 4 2 1 1 169 267 172 268
702 4 2 1 1 169 268 172 170
703 4 2 1 1 171 267 269 270
704 4 2 1 1 171 267 270 268
705 4 2 1 1 171 268 270 172
706 4 2 1 1 171 269 173 174
707 4 2 1 1 171 269 174 270
708 4 2 1 1 171 270 174 172
709 4 2 1 1 173 269 271 272
710 4 2 1 1 173 269 272 270
711 4 2 1 1 173 270 272 174
712 4 2 1 1 173 271 175 176
713 4 2 1 1 173 271 176 272
714 4 2 1 1 173 272 176 174
715 4 2 1 1 175 271 273 274
716 4 2 1 1 175 271 274 272
717 4 2 1 1 175 272 274 176
718 4 2 1 1 175 273 177 178
719 4 2 1 1 175 273 178 274
720 4 2 1 1 175 274 178 176
721 4 2 1 1 177 273 275 276
722 4 2 1 1 177 273 276 274
723 4 2 1 1 177 274 276 178
724 4 2 1 1 177 275 179 180
725 4 2 1 1 177 275 180 276
726 4 2 1 1 177 276 180 178
727 4 2 1 1 179 275 277 278
728 4 2 1 1 179 275 278 276
729 4 2 1 1 179 276 278 180
730 4 2 1 1 179 277 181 182
731 4 2 1 1 179 277 182 278
732 4 2 1 1 179 278 182 180
733 4 2 1 1 181 277 279 280
734 4 2 1 1 181 277 280 278
735 4 2 1 1 181 278 280 182
736 4 2 1 1 181 279 183 184
737 4 2 1 1 181 279 184 280
738 4 2 1 1 181 280 184 182
739 4 2 1 1 183 279 281 282
740 4 2 1 1 183 279 282 280
741 4 2 1 1 183 280 282 184
742 4 2 1 1 183 281 185 186
743 4 2 1 1 183 281 186 282
744 4 2 1 1 183 282 186 184
745 4 2 1 1 185 281 283 284
746 4 2 1 1 185 281 284 282
747 4 2 1 1 185 282 284 186
748 4 2 1 1 185 283 187 188
749 4 2 1 1 185 283 188 284
750 4 2 1 1 185 284 188 186
751 4 2 1 1 187 283 285 286
752 4 2 1 1 187 283 286 284
753 4 2 1 1 187 284 286 188
754 4 2 1 1 187 285 189 190
755 4 2 1 1 187 285 190 286
756 4 2 1 1 187 286 190 188
757 4 2 1 1 189 285 287 288
758 4 2 1 1 189 285 288 286
759 4 2 1 1 189 286 288 190
760 4 2 1 1 189 287 191 192
761 4 2 1 1 189 287 192 288
762 4 2 1 1 189 288 192 190
763 4 2 1 1 191 287 193 194
764 4 2 1 1 191 287 194 288
765 4 2 1 1 191 288 194 192
766 4 2 1 1 191 193 97 98
767 4 2 1 1 191 193 98 194
768 4 2 1 1 191 194 98 192
769 4 2 1 1 193 289 291 292
770 4 2 1 1 193 289 292 290
771 4 2 1 1 193 290 292 194
772 4 2 1 1 193 291 195 196
773 4 2 1 1 193 291 196 292
774 4 2 1 1 193 292 196 194
775 4 2 1 1 195 291 293 294
776 4 2 1 1 195 291 294 292
777 4 2 1 1 195 292 294 196
778 4 2 1 1 195 293 197 198
779 4 2 1 1 195 293 198 294
780 4 2 1 1 195 294 198 196
781 4 2 1 1 197 293 295 296
782 4 2 1 1 197 293 296 294
783 4 2 1 1 197 294 296 198
784 4 2 1 1 197 295 199 200
785 4 2 1 1 197 295 200 296
786 4 2 1 1 197 296 200 198
787 4 2 1 1 199 295 297 298
788 4 2 1 1 199 295 298 296
789 4 2 1 1 199 296 298 200
790 4 2 1 1 199 297 201 202
791 4 2 1 1 199 297 202 298
792 4 2 1 1 199 298 202 200
793 4 2 1 1 201 297 299 300
794 4 2 1 1 201 297 300 298
795 4 2 1 1 201 298 300 202
796 4 2 1 1 201 299 203 204
797 4 2 1 1 201 299 204 300
798 4 2 1 1 201 300 204 202
799 4 2 1 1 203 299 301 302
800 4 2 1 1 203 299 302 300
801 4 2 1 1 203 300 302 204
802 4 2 1 1 203 301 205 206
803 4 2 1 1 203 301 206 302
804 4 2 1 1 203 302 206 204
805 4 2 1 1 205 301 303 304
806 4 2 1 1 205 301 304 302
807 4 2 1 1 205 302 304 206
808 4 2 1 1 205 303 207 208
809 4 2 1 1 205 303 208 304
810 4 2 1 1 205 304 208 206
811 4 2 1 1 207 303 305 306
812 4 2 1 1 207 303 306 304
813 4 2 1 1 207 304 306 208
814 4 2 1 1 207 305 209 210
815 4 2 1 1 207 305 210 306
816 4 2 1 1 207 306 210 208
817 4 2 1 1 209 305 307 308
818 4 2 1 1 209 305 308 306
819 4 2 1 1 209 306 308 210
820 4 2 1 1 209 307 211 212
821 4 2 1 1 209 307 212 308
822 4 2 1 1 209 308 212 210
823 4 2 1 1 211 307 309 310
824 4 2 1 1 211 307 310 308
825 4 2 1 1 211 308 310 212
826 4 2 1 1 211 309 213 214
827 4 2 1 1 211 309 214 310
828 4 2 1 1 211 310 214 212
829 4 2 1 1 213 309 311 312
830 4 2 1 1 213 309 312 310
831 4 2 1 1 213 310 312 214
832 4 2 1 1 213 311 215 216
833 4 2 1 1 213 311 216 312
834 4 2 1 1 213 312 216 214
835 4 2 1 1 215 311 313 314
836 4 2 1 1 215 311 314 312
837 4 2 1 1 215 312 314 216
838 4 2 1 1 215 313 217 218
839 4 2 1 1 215 313 218 314
840 4 2 1 1 215 314 218 216
841 4 2 1 1 217 313 315 316
842 4 2 1 1 217 313 316 314
843 4 2 1 1 217 314 316 218
844 4 2 1 1 217 315 219 220
845 4 2 1 1 217 315 220 316
846 4 2 1 1 217 316 220 218
847 4 2 1 1 219 315 317 318
848 4 2 1 1 219 315 318 316
849 4 2 1 1 219 316 318 220
850 4 2 1 1 219 317 221 222
851 4 2 1 1 219 317 222 318
852 4 2 1 1 219 318 222 220
853 4 2 1 1 221 317 319 320
854 4 2 1 1 221 317 320 318
855 4 2 1 1 221 318 320 222
856 4 2 1 1 221 319 223 224
857 4 2 1 1 221 319 224 320
858 4 2 1 1 221 320 224 222
859 4 2 1 1 223 319 321 322
860 4 2 1 1 223 319 322 320
861 4 2 1 1 223 320 322 224
862 4 2 1 1 223 321 225 226
863 4 2 1 1 223 321 226 322
864 4 2 1 1 223 322 226 224
865 4 2 1 1 225 321 323 324
866 4 2 1 1 225 321 324 322
867 4 2 1 1 225 322 324 226
868 4 2 1 1 225 323 227 228
869 4 2 1 1 225 323 228 324
870 4 2 1 1 225 324 228 226
871 4 2 1 1 227 323 325 326
872 4 2 1 1 227 323 326 324
873 4 2 1 1 227 324 326 228
874 4 2 1 1 227 325 229 230
875 4 2 1 1 227 325 230 326
876 4 2 1 1 227 326 230 228
877 4 2 1 1 229 325 327 328
878 4 2 1 1 229 325 328 326
879 4 2 1 1 229 326 328 230
880 4 2 1 1 229 327 231 232
881 4 2 1 1 229 327 232 328
882 4 2 1 1 229 328 232 230
883 4 2 1 1 231 327 329 330
884 4 2 1 1 231 327 330 328
885 4 2 1 1 231 328 330 232
886 4 2 1 1 231 329 233 234
887 4 2 1 1 231 329 234 330
888 4 2 1 1 231 330 234 232
889 4 2 1 1 233 329 331 332
890 4 2 1 1 233 329 332 330
891 4 2 1 1 233 330 332 234
892 4 2 1 1 233 331 235 236
893 4 2 1 1 233 331 236 332
894 4 2 1 1 233 332 236 234
895 4 2 1 1 235 331 333 334
896 4 2 1 1 235 331 334 332
897 4 2 1 1 235 332 334 236
898 4 2 1 1 235 333 237 238
899 4 2 1 1 235 333 238 334
900 4 2 1 1 235 334 238 236
901 4 2 1 1 237 333 335 336
902 4 2 1 1 237 333 336 334
903 4 2 1 1 237 334 336 238
904 4 2 1 1 237 335 239 240
905 4 2 1 1 237 335 240 336
906 4 2 1 1 237 336 240 238
907 4 2 1 1 239 335 337 338
908 4 2 1 1 239 335 338 336
909 4 2 1 1 239 336 338 240
910 4 2 1 1 239 337 241 242
911 4 2 1 1 239 337 242 338
912 4 2 1 1 239 338 242 240
913 4 2 1 1 241 337 339 340
914 4 2 1 1 241 337 340 338
915 4 2 1 1 241 338 340 242
916 4 2 1 1 241 339 243 244
917 4 2 1 1 241 339 244 340
918 4 2 1 1 241 340 244 242
919 4 2 1 1 243 339 341 342
920 4 2 1 1 243 339 342 340
921 4 2 1 1 243 340 342 244
922 4 2 1 1 243 341 245 246
923 4 2 1 1 243 341 246 342
924 4 2 1 1 243 342 246 244
925 4 2 1 1 245 341 343 344
926 4 2 1 1 245 341 344 342
927 4 2 1 1 245 342 344 246
928 4 2 1 1 245 343 247 248
929 4 2 1 1 245 343 248 344
930 4 2 1 1 245 344 248 246
931 4 2 1 1 247 343 345 346
932 4 2 1 1 247 343 346 344
933 4 2 1 1 247 344 346 248
934 4 2 1 1 247 345 249 250
935 4 2 1 1 247 345 250 346
936 4 2 1 1 247 346 250 248
937 4 2 1 1 249 345 347 348
938 4 2 1 1 249 345 348 346
939 4 2 1 1 249 346 348 250
940 4 2 1 1 249 347 251 252
941 4 2 1 1 249 347 252 348
942 4 2 1 1 249 348 252 250
943 4 2 1 1 251 347 349 350
944 4 2 1 1 251 347 350 348
945 4 2 1 1 251 348 350 252
946 4 2 1 1 251 349 253 254
947 4 2 1 1 251 349 254 350
948 4 2 1 1 251 350 254 252
949 4 2 1 1 253 349 351 352
950 4 2 1 1 253 349 352 350
951 4 2 1 1 253 350 352 254
952 4 2 1 1 253 351 255 256
953 4 2 1 1 253 351 256 352
954 4 2 1 1 253 352 256 254
955 4 2 1 1 255 351 353 354
956 4 2 1 1 255 351 354 352
957 4 2 1 1 255 352 354 256
958 4 2 1 1 255 353 257 258
959 4 2 1 1 255 353 258 354
960 4 2 1 1 255 354 258 256
961 4 2 1 1 257 353 355 356
962 4 2 1 1 257 353 356 354
963 4 2 1 1 257 354 356 258
964 4 2 1 1 257 355 259 260
965 4 2 1 1 257 355 260 356
966 4 2 1 1 257 356 260 258
967 4 2 1 1 259 355 357 358
968 4 2 1 1 259 355 358 356
969 4 2 1 1 259 356 358 260
970 4 2 1 1 259 357 261 262
971 4 2 1 1 259 357 262 358
972 4 2 1 1 259 358 262 260
973 4 2 1 1 261 357 359 360
974 4 2 1 1 261 357 360 358
975 4 2 1 1 261 358 360 262
976 4 2 1 1 261 359 263 264
977 4 2 1 1 261 359 264 360
978 4 2 1 1 261 360 264 262
979 4 2 1 1 263 359 361 362
980 4 2 1 1 263 359 362 360
981 4 2 1 1 263 360 362 264
982 4 2 1 1 263 361 265 266
983 4 2 1 1 263 361 266 362
984 4 2 1 1 263 362 266 264
985 4 2 1 1 265 361 363 364
986 4 2 1 1 265 361 364 362
987 4 2 1 1 265 362 364 266
988 4 2 1 1 265 363 267 268
989 4 2 1 1 265 363 268 364
990 4 2 1 1 265 364 268 266
991 4 2 1 1 267 363 365 366
992 4 2 1 1 267 363 366 364
993 4 2 1 1 267 364 366 268
994 4 2 1 1 267 365 269 270
995 4 2 1 1 267 365 270 366
996 4 2 1 1 267 366 270 268
997 4 2 1 1 269 365 367 368
998 4 2 1 1 269 365 368 366
999 4 2 1 1 269 366 368 270
1000 4 2 1 1 269 367 271 272
1001 4 2 1 1 269 367 272 368
1002 4 2 1 1 269 368 272 270
1003 4 2 1 1 271 367 369 370
1004 4 2 1 1 271 367 370 368
1005 4 2 1 1 271 368 370 272
1006 4 2 1 1 271 369 273 274
1007 4 2 1 1 271 369 274 370
1008 4 2 1 1 271 370 274 272
1009 4 2 1 1 273 369 371 372
1010 4 2 1 1 273 369 372 370
1011 4 2 1 1 273 370 372 274
1012 4 2 1 1 273 371 275 276
1013 4 2 1 1 273 371 276 372
1014 4 2 1 1 273 372 276 274
1015 4 2 1 1 275 371 373 374
1016 4 2 1 1 275 371 374 372
1017 4 2 1 1 275 372 374 276
1018 4 2 1 1 275 373 277 278
1019 4 2 1 1 275 373 278 374
1020 4 2 1 1 275 374 278 276
1021 4 2 1 1 277 373 375 376
1022 4 2 1 1 277 373 376 374
1023 4 2 1 1 277 374 376 278
1024 4 2 1 1 277 375 279 280
1025 4 2 1 1 277 375 280 376
1026 4 2 1 1 277 376 280 278
1027 4 2 1 1 279 375 377 378
1028 4 2 1 1 279 375 378 376
1029 4 2 1 1 279 376 378 280
1030 4 2 1 1 279 377 281 282
1031 4 2 1 1 279 377 282 378
1032 4 2 1 1 279 378 282 280
1033 4 2 1 1 281 377 379 380
1034 4 2 1 1 281 377 380 378
1035 4 2 1 1 281 378 380 282
1036 4 2 1 1 281 379 283 284
1037 4 2 1 1 281 379 284 380
1038 4 2 1 1 281 380 284 282
1039 4 2 1 1 283 379 381 382
1040 4 2 1 1 283 379 382 380
1041 4 2 1 1 283 380 382 284
1042 4 2 1 1 283 381 285 286
1043 4 2 1 1 283 381 286 382
1044 4 2 1 1 283 382 286 284
1045 4 2 1 1 285 381 383 384
1046 4 2 1 1 285 381 384 382
1047 4 2 1 1 285 382 384 286
1048 4 2 1 1 285 383 287 288
1049 4 2 1 1 285 383 288 384
1050 4 2 1 1 285 384 288 286
1051 4 2 1 1 287 383 289 290
1052 4 2 1 1 287 383 290 384
1053 4 2 1 1 287 384 290 288
1054 4 2 1 1 287 289 193 194
1055 4 2 1 1 287 289 194 290
1056 4 2 1 1 287 290 194 288
1057 4 2 1 1 289 385 387 388
1058 4 2 1 1 289 385 388 386
1059 4 2 1 1 289 386 388 290
1060 4 2 1 1 289 387 291 292
1061 4 2 1 1 289 387 292 388
1062 4 2 1 1 289 388 292 290
1063 4 2 1 1 291 387 389 390
1064 4 2 1 1 291 387 390 388
1065 4 2 1 1 291 388 390 292
1066 4 2 1 1 291 389 293 294
1067 4 2 1 1 291 389 294 390
1068 4 2 1 1 291 390 294 292
1069 4 2 1 1 293 389 391 392
1070 4 2 1 1 293 389 392 390
1071 4 2 1 1 293 390 392 294
1072 4 2 1 1 293 391 295 296
1073 4 2 1 1 293 391 296 392
1074 4 2 1 1 293 392 296 294
1075 4 2 1 1 295 391 393 394
1076 4 2 1 1 295 391 394 392
1077 4 2 1 1 295 392 394 296
1078 4 2 1 1 295 393 297 298
1079 4 2 1 1 295 393 298 394
1080 4 2 1 1 295 394 298 296
1081 4 2 1 1 297 393 395 396
1082 4 2 1 1 297 393 396 394
1083 4 2 1 1 297 394 396 298
1084 4 2 1 1 297 395 299 300
1085 4 2 1 1 297 395 300 396
1086 4 2 1 1 297 396 300 298
1087 4 2 1 1 299 395 397 398
1088 4 2 1 1 299 395 398 396
1089 4 2 1 1 299 396 398 300
1090 4 2 1 1 299 397 301 302
1091 4 2 1 1 299 397 302 398
1092 4 2 1 1 299 398 302 300
1093 4 2 1 1 301 397 399 400
1094 4 2 1 1 301 397 400 398
1095 4 2 1 1 301 398 400 302
1096 4 2 1 1 301 399 303 304
1097 4 2 1 1 301 399 304 400
1098 4 2 1 1 301 400 304 302
1099 4 2 1 1 303 399 401 402
1100 4 2 1 1 303 399 402 400
1101 4 2 1 1 303 400 402 304
1102 4 2 1 1 303 401 305 306
1103 4 2 1 1 303 401 306 402
1104 4 2 1 1 303 402 306 304
1105 4 2 1 1 305 401 403 404
1106 4 2 1 1 305 401 404 402
1107 4 2 1 1 305 402 404 306
1108 4 2 1 1 305 403 307 308
1109 4 2 1 1 305 403 308 404
1110 4 2 1 1 305 404 308 306
1111 4 2 1 1 307 403 405 406
1112 4 2 1 1 307 403 406 404
1113 4 2 1 1 307 404 406 308
1114 4 2 1 1 307 405 309 310
1115 4 2 1 1 307 405 310 406
1116 4 2 1 1 307 406 310 308
1117 4 2 1 1 309 405 407 408
1118 4 2 1 1 309 405 408 406
1119 4 2 1 1 309 406 408 310
1120 4 2 1 1 309 407 311 312
1121 4 2 1 1 309 407 312 408
1122 4 2 1 1 309 408 312 310
1123 4 2 1 1 311 407 409 410
1124 4 2 1 1 311 407 410 408
1125 4 2 1 1 311 408 410 312
1126 4 2 1 1 311 409 313 314
1127 4 2 1 1 311 409 314 410
1128 4 2 1 1 311 410 314 312
1129 4 2 1 1 313 409 411 412
1130 4 2 1 1 313 409 412 410
1131 4 2 1 1 313 410 412 314
1132 4 2 1 1 313 411 315 316
1133 4 2 1 1 313 411 316 412
1134 4 2 1 1 313 412 316 314
1135 4 2 1 1 315 411 413 414
1136 4 2 1 1 315 411 414 412
1137 4 2 1 1 315 412 414 316
1138 4 2 1 1 315 413 317 318
1139 4 2 1 1 315 413 318 414
1140 4 2 1 1 315 414 318 316
1141 4 2 1 1 317 413 415 416
1142 4 2 1 1 317 413 416 414
1143 4 2 1 1 317 414 416 318
1144 4 2 1 1 317 415 319 320
1145 4 2 1 1 317 415 320 416
1146 4 2 1 1 317 416 320 318
1147 4 2 1 1 319 415 417 418
1148 4 2 1 1 319 415 418 416
1149 4 2 1 1 319 416 418 320
1150 4 2 1 1 319 417 321 322
1151 4 2 1 1 319 417 322 418
1152 4 2 1 1 319 418 322 320
1153 4 2 1 1 321 417 419 420
1154 4 2 1 1 321 417 420 418
1155 4 2 1 1 321 418 420 322
1156 4 2 1 1 321 419 323 324
1157 4 2 1 1 321 419 324 420
1158 4 2 1 1 321 420 324 322
1159 4 2 1 1 323 419 421 422
1160 4 2 1 1 323 419 422 420
1161 4 2 1 1 323 420 422 324
1162 4 2 1 1 323 421 325 326
1163 4 2 1 1 323 421 326 422
1164 4 2 1 1 323 422 326 324
1165 4 2 1 1 325 421 423 424
1166 4 2 1 1 325 421 424 422
1167 4 2 1 1 325 422 424 326
1168 4 2 1 1 325 423 327 328
1169 4 2 1 1 325 423 328 424
1170 4 2 1 1 325 424 328 326
1171 4 2 1 1 327 423 425 426
1172 4 2 1 1 327 423 426 424
1173 4 2 1 1 327 424 426 328
1174 4 2 1 1 327 425 329 330
1175 4 2 1 1 327 425 330 426
1176 4 2 1 1 327 426 330 328
1177 4 2 1 1 329 425 427 428
1178 4 2 1 1 329 425 428 426
1179 4 2 1 1 329 426 428 330
1180 4 2 1 1 329 427 331 332
1181 4 2 1 1 329 427 332 428
1182 4 2 1 1 329 428 332 330
1183 4 2 1 1 331 427 429 430
1184 4 2 1 1 331 427 430 428
1185 4 2 1 1 331 428 430 332
1186 4 2 1 1 331 429 333 334
1187 4 2 1 1 331 429 334 430
1188 4 2 1 1 331 430 334 332
1189 4 2 1 1 333 429 431 432
1190 4 2 1 1 333 429 432 430
1191 4 2 1 1 333 430 432 334
1192 4 2 1 1 333 431 335 336
1193 4 2 1 1 333 431 336 432
1194 4 2 1 1 333 432 336 334
1195 4 2 1 1 335 431 433 434
1196 4 2 1 1 335 431 434 432
1197 4 2 1 1 335 432 434 336
1198 4 2 1 1 335 433 337 338
1199 4 2 1 1 335 433 338 434
1200 4 2 1 1 335 434 338 336
1201 4 2 1 1 337 433 435 436
1202 4 2 1 1 337 433 436 434
1203 4 2 1 1 337 434 436 338
1204 4 2 1 1 337 435 339 340
1205 4 2 1 1 337 435 340 436
1206 4 2 1 1 337 436 340 338
1207 4 2 1 1 339 435 437 438
1208 4 2 1 1 339 435 438 436
1209 4 2 1 1 339 436 438 340
1210 4 2 1 1 339 437 341 342
1211 4 2 1 1 339 437 342 438
1212 4 2 1 1 339 438 342 340
1213 4 2 1 1 341 437 439 440
1214 4 2 1 1 341 437 440 438
1215 4 2 1 1 341 438 440 342
1216 4 2 1 1 341 439 343 344
1217 4 2 1 1 341 439 344 440
1218 4 2 1 1 341 440 344 342
1219 4 2 1 1 343 439 441 442
1220 4 2 1 1 343 439 442 440
1221 4 2 1 1 343 440 442 344
1222 4 2 1 1 343 441 345 346
1223 4 2 1 1 343 441 346 442
1224 4 2 1 1 343 442 346 344
1225 4 2 1 1 345 441 443 444
1226 4 2 1 1 345 441 444 442
1227 4 2 1 1 345 442 444 346
1228 4 2 1 1 345 443 347 348
1229 4 2 1 1 345 443 348 444
1230 4 2 1 1 345 444 348 346
1231 4 2 1 1 347 443 445 446
1232 4 2 1 1 347 443 446 444
1233 4 2 1 1 347 444 446 348
1234 4 2 1 1 347 445 349 350
1235 4 2 1 1 347 445 350 446
1236 4 2 1 1 347 446 350 348
1237 4 2 1 1 349 445 447 448
1238 4 2 1 1 349 445 448 446
1239 4 2 1 1 349 446 448 350
1240 4 2 1 1 349 447 351 352
1241 4 2 1 1 349 447 352 448
1242 4 2 1 1 349 448 352 350
1243 4 2 1 1 351 447 449 450
1244 4 2 1 1 351 447 450 448
1245 4 2 1 1 351 448 450 352
1246 4 2 1 1 351 449 353 354
1247 4 2 1 1 351 449 354 450
1248 4 2 1 1 351 450 354 352
1249 4 2 1 1 353 449 451 452
1250 4 2 1 1 353 449 452 450
1251 4 2 1 1 353 450 452 354
1252 4 2 1 1 353 451 355 356
1253 4 2 1 1 353 451 356 452
1254 4 2 1 1 353 452 356 354
1255 4 2 1 1 355 451 453 454
1256 4 2 1 1 355 451 454 452
1257 4 2 1 1 355 452 454 356
1258 4 2 1 1 355 453 357 358
1259 4 2 1 1 355 453 358 454
1260 4 2 1 1 355 454 358 356
1261 4 2 1 1 357 453 455 456
1262 4 2 1 1 357 453 456 454
1263 4 2 1 1 357 454 456 358
1264 4 2 1 1 357 455 359 360
1265 4 2 1 1 357 455 360 456
1266 4 2 1 1 357 456 360 358
1267 4 2 1 1 359 455 457 458
1268 4 2 1 1 359 455 458 456
1269 4 2 1 1 359 456 458 360
1270 4 2 1 1 359 457 361 362
1271 4 2 1 1 359 457 362 458
1272 4 2 1 1 359 458 362 360
1273 4 2 1 1 361 457 459 460
1274 4 2 1 1 361 457 460 458
1275 4 2 1 1 361 458 460 362
1276 4 2 1 1 361 459 363 364
1277 4 2 1 1 361 459 364 460
1278 4 2 1 1 361 460 364 362
1279 4 2 1 1 363 459 461 462
1280 4 2 1 1 363 459 462 460
1281 4 2 1 1 363 460 462 364
1282 4 2 1 1 363 461 365 366
1283 4 2 1 1 363 461 366 462
1284 4 2 1 1 363 462 366 364
1285 4 2 1 1 365 461 463 464
1286 4 2 1 1 365 461 464 462
1287 4 2 1 1 365 462 464 366
1288 4 2 1 1 365 463 367 368
1289 4 2 1 1 365 463 368 464
1290 4 2 1 1 365 464 368 366
1291 4 2 1 1 367 463 465 466
1292 4 2 1 1 367 463 466 464
1293 4 2 1 1 367 464 466 368
1294 4 2 1 1 367 465 369 370
1295 4 2 1 1 367 465 370 466
1296 4 2 1 1 367 466 370 368
1297 4 2 1 1 369 465 467 468
1298 4 2 1 1 369 465 468 466
1299 4 2 1 1 369 466 468 370
1300 4 2 1 1 369 467 371 372
1301 4 2 1 1 369 467 372 468
1302 4 2 1 1 369 468 372 370
1303 4 2 1 1 371 467 469 470
1304 4 2 1 1 371 467 470 468
1305 4 2 1 1 371 468 470 372
1306 4 2 1 1 371 469 373 374
1307 4 2 1 1 371 469 374 470
1308 4 2 1 1 371 470 374 372
1309 4 2 1 1 373 469 471 472
1310 4 2 1 1 373 469 472 470
1311 4 2 1 1 373 470 472 374
1312 4 2 1 1 373 471 375 376
1313 4 2 1 1 373 471 376 472
1314 4 2 1 1 373 472 376 374
1315 4 2 1 1 375 471 473 474
1316 4 2 1 1 375 471 474 472
1317 4 2 1 1 375 472 474 376
1318 4 2 1 1 375 473 377 378
1319 4 2 1 1 375 473 378 474
1320 4 2 1 1 375 474 378 376
1321 4 2 1 1 377 473 475 476
1322 4 2 1 1 377 473 476 474
1323 4 2 1 1 377 474 476 378
1324 4 2 1 1 377 475 379 380
1325 4 2 1 1 377 475 380 476
1326 4 2 1 1 377 476 380 378
1327 4 2 1 1 379 475 477 478
1328 4 2 1 1 379 475 478 476
1329 4 2 1 1 379 476 478 380
1330 4 2 1 1 379 477 381 382
1331 4 2 1 1 379 477 382 478
1332 4 2 1 1 379 478 382 380
1333 4 2 1 1 381 477 479 480
1334 4 2 1 1 381 477 480 478
1335 4 2 1 1 381 478 480 382
1336 4 2 1 1 381 479 383 384
1337 4 2 1 1 381 479 384 480
1338 4 2 1 1 381 480 384 382
1339 4 2 1 1 383 479 385 386
1340 4 2 1 1 383 479 386 480
1341 4 2 1 1 383 480 386 384
1342 4 2 1 1 383 385 289 290
1343 4 2 1 1 383 385 290 386
1344 4 2 1 1 383 386 290 384
1345 4 2 1 1 385 481 483 484
1346 4 2 1 1 385 481 484 482
1347 4 2 1 1 385 482 484 386
1348 4 2 1 1 385 483 387 388
1349 4 2 1 1 385 483 388 484
1350 4 2 1 1 385 484 388 386
1351 4 2 1 1 387 483 485 486
1352 4 2 1 1 387 483 486 484
1353 4 2 1 1 387 484 486 388
1354 4 2 1 1 387 485 389 390
1355 4 2 1 1 387 485 390 486
1356 4 2 1 1 387 486 390 388
1357 4 2 1 1 389 485 487 488
1358 4 2 1 1 389 485 488 486
1359 4 2 1 1 389 486 488 390
1360 4 2 1 1 389 487 391 392
1361 4 2 1 1 389 487 392 488
1362 4 2 1 1 389 488 392 390
1363 4 2 1 1 391 487 489 490
1364 4 2 1 1 391 487 490 488
1365 4 2 1 1 391 488 490 392
1366 4 2 1 1 391 489 393 394
1367 4 2 1 1 391 489 394 490
1368 4 2 1 1 391 490 394 392
1369 4 2 1 1 393 489 491 492
1370 4 2 1 1 393 489 492 490
1371 4 2 1 1 393 490 492 394
1372 4 2 1 1 393 491 395 396
1373 4 2 1 1 393 491 396 492
1374 4 2 1 1 393 492 396 394
1375 4 2 1 1 395 491 493 494
1376 4 2 1 1 395 491 494 492
1377 4 2 1 1 395 492 494 396
1378 4 2 1 1 395 493 397 398
1379 4 2 1 1 395 493 398 494
1380 4 2 1 1 395 494 398 396
1381 4 2 1 1 397 493 495 496
1382 4 2 1 1 397 493 496 494
1383 4 2 1 1 397 494 496 398
1384 4 2 1 1 397 495 399 400
1385 4 2 1 1 397 495 400 496
1386 4 2 1 1 397 496 400 398
1387 4 2 1 1 399 495 497 498
1388 4 2 1 1 399 495 498 496
1389 4 2 1 1 399 496 498 400
1390 4 2 1 1 399 497 401 402
1391 4 2 1 1 399 497 402 498
1392 4 2 1 1 399 498 402 400
1393 4 2 1 1 401 497 499 500
1394 4 2 1 1 401 497 500 498
1395 4 2 1 1 401 498 500 402
1396 4 2 1 1 401 499 403 404
1397 4 2 1 1 401 499 404 500
1398 4 2 1 1 401 500 404 402
1399 4 2 1 1 403 499 501 502
1400 4 2 1 1 403 499 502 500
1401 4 2 1 1 403 500 502 404
1402 4 2 1 1 403 501 405 406
1403 4 2 1 1 403 501 406 502
1404 4 2 1 1 403 502 406 404
1405 4 2 1 1 405 501 503 504
1406 4 2 1 1 405 501 504 502
1407 4 2 1 1 405 502 504 406
1408 4 2 1 1 405 503 407 408
1409 4 2 1 1 405 503 408 504
1410 4 2 1 1 405 504 408 406
1411 4 2 1 1 407 503 505 506
1412 4 2 1 1 407 503 506 504
1413 4 2 1 1 407 504 506 408
1414 4 2 1 1 407 505 409 410
1415 4 2 1 1 407 505 410 506
1416 4 2 1 1 407 506 410 408
1417 4 2 1 1 409 505 507 508
1418 4 2 1 1 409 505 508 506
1419 4 2 1 1 409 506 508 410
1420 4 2 1 1 409 507 411 412
1421 4 2 1 1 409 507 412 508
1422 4 2 1 1 409 508 412 410
1423 4 2 1 1 411 507 509 510
1424 4 2 1 1 411 507 510 508
1425 4 2 1 1 411 508 510 412
1426 4 2 1 1 411 509 413 414
1427 4 2 1 1 411 509 414 510
1428 4 2 1 1 411 510 414 412
1429 4 2 1 1 413 509 511 512
1430 4 2 1 1 413 509 512 510
1431 4 2 1 1 413 510 512 414
1432 4 2 1 1 413 511 415 416
1433 4 2 1 1 413 511 416 512
1434 4 2 1 1 413 512 416 414
1435 4 2 1 1 415 511 513 514
1436 4 2 1 1 415 511 514 512
1437 4 2 1 1 415 512 514 416
1438 4 2 1 1 415 513 417 418
1439 4 2 1 1 415 513 418 514
1440 4 2 1 1 415 514 418 416
1441 4 2 1 1 417 513 515 516
1442 4 2 1 1 417 513 516 514
1443 4 2 1 1 417 514 516 418
1444 4 2 1 1 417 515 419 420
1445 4 2 1 1 417 515 420 516
1446 4 2 1 1 417 516 420 418
1447 4 2 1 1 419 515 517 518
1448 4 2 1 1 419 515 518 516
1449 4 2 1 1 419 516 518 420
1450 4 2 1 1 419 517 421 422
1451 4 2 1 1 419 517 422 518
1452 4 2 1 1 419 518 422 420
1453 4 2 1 1 421 517 519 520
1454 4 2 1 1 421 517 520 518
1455 4 2 1 1 421 518 520 422
1456 4 2 1 1 421 519 423 424
1457 4 2 1 1 421 519 424 520
1458 4 2 1 1 421 520 424 422
1459 4 2 1 1 423 519 521 522
1460 4 2 1 1 423 519 522 520
1461 4 2 1 1 423 520 522 424
1462 4 2 1 1 423 521 425 426
1463 4 2 1 1 423 521 426 522
1464 4 2 1 1 423 522 426 424
1465 4 2 1 1 425 521 523 524
1466 4 2 1 1 425 521 524 522
1467 4 2 1 1 425 522 524 426
1468 4 2 1 1 425 523 427 428
1469 4 2 1 1 425 523 428 524
1470 4 2 1 1 425 524 428 426
1471 4 2 1 1 427 523 525 526
1472 4 2 1 1 427 523 526 524
1473 4 2 1 1 427 524 526 428
1474 4 2 1 1 427 525 429 430
1475 4 2 1 1 427 525 430 526
1476 4 2 1 1 427 526 430 428
1477 4 2 1 1 429 525 527 528
1478 4 2 1 1 429 525 528 526
1479 4 2 1 1 429 526 528 430
1480 4 2 1 1 429 527 431 432
1481 4 2 1 1 429 527 432 528
1482 4 2 1 1 429 528 432 430
1483 4 2 1 1 431 527 529 530
1484 4 2 1 1 431 527 530 528
1485 4 2 1 1 431 528 530 432
1486 4 2 1 1 431 529 433 434
1487 4 2 1 1 431 529 434 530
1488 4 2 1 1 431 530 434 432
1489 4 2 1 1 433 529 531 532
1490 4 2 1 1 433 529 532 530
1491 4 2 1 1 433 530 532 434
1492 4 2 1 1 433 531 435 436
1493 4 2 1 1 433 531 436 532
1494 4 2 1 1 433 532 436 434
1495 4 2 1 1 435 531 533 534
1496 4 2 1 1 435 531 534 532
1497 4 2 1 1 435 532 534 436
1498 4 2 1 1 435 533 437 438
1499 4 2 1 1 435 533 438 534
1500 4 2 1 1 435 534 438 436
1501 4 2 1 1 437 533 535 536
1502 4 2 1 1 437 533 536 534
1503 4 2 1 1 437 534 536 438
1504 4 2 1 1 437 535 439 440
1505 4 2 1 1 437 535 440 536
1506 4 2 1 1 437 536 440 438
1507 4 2 1 1 439 535 537 538
1508 4 2 1 1 439 535 538 536
1509 4 2 1 1 439 536 538 440
1510 4 2 1 1 439 537 441 442
1511 4 2 1 1 439 537 442 538
1512 4 2 1 1 439 538 442 440
1513 4 2 1 1 441 537 539 540
1514 4 2 1 1 441 537 540 538
1515 4 2 1 1 441 538 540 442
1516 4 2 1 1 441 539 443 444
1517 4 2 1 1 441 539 444 540
1518 4 2 1 1 441 540 444 442
1519 4 2 1 1 443 539 541 542
1520 4 2 1 1 443 539 542 540
1521 4 2 1 1 443 540 542 444
1522 4 2 1 1 443 541 445 446
1523 4 2 1 1 443 541 446 542
1524 4 2 1 1 443 542 446 444
1525 4 2 1 1 445 541 543 544
1526 4 2 1 1 445 541 544 542
1527 4 2 1 1 445 542 544 446
1528 4 2 1 1 445 543 447 448
1529 4 2 1 1 445 543 448 544
1530 4 2 1 1 445 544 448 446
1531 4 2 1 1 447 543 545 546
1532 4 2 1 1 447 543 546 544
1533 4 2 1 1 447 544 546 448
1534 4 2 1 1 447 545 449 450
1535 4 2 1 1 447 545 450 546
1536 4 2 1 1 447 546 450 448
1537 4 2 1 1 449 545 547 548
1538 4 2 1 1 449 545 548 546
1539 4 2 1 1 449 546 548 450
1540 4 2 1 1 449 547 451 452
1541 4 2 1 1 449 547 452 548
1542 4 2 1 1 449 548 452 450
1543 4 2 1 1 451 547 549 550
1544 4 2 1 1 451 547 550 548
1545 4 2 1 1 451 548 550 452
1546 4 2 1 1 451 549 453 454
1547 4 2 1 1 451 549 454 550
1548 4 2 1 1 451 550 454 452
1549 4 2 1 1 453 549 551 552
1550 4 2 1 1 453 549 552 550
1551 4 2 1 1 453 550 552 454
1552 4 2 1 1 453 551 455 456
1553 4 2 1 1 453 551 456 552
1554 4 2 1 1 453 552 456 454
1555 4 2 1 1 455 551 553 554
1556 4 2 1 1 455 551 554 552
1557 4 2 1 1 455 552 554 456
1558 4 2 1 1 455 553 457 458
1559 4 2 1 1 455 553 458 554
1560 4 2 1 1 455 554 458 456
1561 4 2 1 1 457 553 555 556
1562 4 2 1 1 457 553 556 554
1563 4 2 1 1 457 554 556 458
1564 4 2 1 1 457 555 459 460
1565 4 2 1 1 457 555 460 556
1566 4 2 1 1 457 556 460 458
1567 4 2 1 1 459 555 557 558
1568 4 2 1 1 459 555 558 556
1569 4 2 1 1 459 556 558 460
1570 4 2 1 1 459 557 461 462
1571 4 2 1 1 459 557 462 558
1572 4 2 1 1 459 558 462 460
1573 4 2 1 1 461 557 559 560
1574 4 2 1 1 461 557 560 558
1575 4 2 1 1 461 558 560 462
1576 4 2 1 1 461 559 463 464
1577 4 2 1 1 461 559 464 560
1578 4 2 1 1 461 560 464 462
1579 4 2 1 1 463 559 561 562
1580 4 2 1 1 463 559 562 560
1581 4 2 1 1 463 560 562 464
1582 4 2 1 1 463 561 465 466
1583 4 2 1 1 463 561 466 562
1584 4 2 1 1 463 562 466 464
1585 4 2 1 1 465 561 563 564
1586 4 2 1 1 465 561 564 562
1587 4 2 1 1 465 562 564 466
1588 4 2 1 1 465 563 467 468
1589 4 2 1 1 465 563 468 564
1590 4 2 1 1 465 564 468 466
1591 4 2 1 1 467 563 565 566
1592 4 2 1 1 467 563 566 564
1593 4 2 1 1 467 564 566 468
1594 4 2 1 1 467 565 469 470
1595 4 2 1 1 467 565 470 566
1596 4 2 1 1 467 566 470 468
1597 4 2 1 1 469 565 567 568
1598 4 2 1 1 469 565 568 566
1599 4 2 1 1 469 566 568 470
1600 4 2 1 1 469 567 471 472
1601 4 2 1 1 469 567 472 568
1602 4 2 1 1 469 568 472 470
1603 4 2 1 1 471 567 569 570
1604 4 2 1 1 471 567 570 568
1605 4 2 1 1 471 568 570 472
1606 4 2 1 1 471 569 473 474
1607 4 2 1 1 471 569 474 570
1608 4 2 1 1 471 570 474 472
1609 4 2 1 1 473 569 571 572
1610 4 2 1 1 473 569 572 570
1611 4 2 1 1 473 570 572 474
1612 4 2 1 1 473 571 475 476
1613 4 2 1 1 473 571 476 572
1614 4 2 1 1 473 572 476 474
1615 4 2 1 1 475 571 573 574
1616 4 2 1 1 475 571 574 572
1617 4 2 1 1 475 572 574 476
1618 4 2 1 1 475 573 477 478
1619 4 2 1 1 475 573 478 574
1620 4 2 1 1 475 574 478 476
1621 4 2 1 1 477 573 575 576
1622 4 2 1 1 477 573 576 574
1623 4 2 1 1 477 574 576 478
1624 4 2 1 1 477 575 479 480
1625 4 2 1 1 477 575 480 576
1626 4 2 1 1 477 576 480 478
1627 4 2 1 1 479 575 481 482
1628 4 2 1 1 479 575 482 576
1629 4 2 1 1 479 576 482 480
1630 4 2 1 1 479 481 385 386
1631 4 2 1 1 479 481 386 482
1632 4 2 1 1 479 482 386 480
1633 4 2 1 1 481 577 579 580
1634 4 2 1 1 481 577 580 578
1635 4 2 1 1 481 578 580 482
1636 4 2 1 1 481 579 483 484
1637 4 2 1 1 481 579 484 580
1638 4 2 1 1 481 580 484 482
1639 4 2 1 1 483 579 581 582
1640 4 2 1 1 483 579 582 580
1641 4 2 1 1 483 580 582 484
1642 4 2 1 1 483 581 485 486
1643 4 2 1 1 483 581 486 582
1644 4 2 1 1 483 582 486 484
1645 4 2 1 1 485 581 583 584
1646 4 2 1 1 485 581 584 582
1647 4 2 1 1 485 582 584 486
1648 4 2 1 1 485 583 487 488
1649 4 2 1 1 485 583 488 584
1650 4 2 1 1 485 584 488 486
1651 4 2 1 1 487 583 585 586
1652 4 2 1 1 487 583 586 584
1653 4 2 1 1 487 584 586 488
1654 4 2 1 1 487 585 489 490
1655 4 2 1 1 487 585 490 586
1656 4 2 1 1 487 586 490 488
1657 4 2 1 1 489 585 587 588
1658 4 2 1 1 489 585 588 586
1659 4 2 1 1 489 586 588 490
1660 4 2 1 1 489 587 491 492
1661 4 2 1 1 489 587 492 588
1662 4 2 1 1 489 588 492 490
1663 4 2 1 1 491 587 589 590
1664 4 2 1 1 491 587 590 588
1665 4 2 1 1 491 588 590 492
1666 4 2 1 1 491 589 493 494
1667 4 2 1 1 491 589 494 590
1668 4 2 1 1 491 590 494 492
1669 4 2 1 1 493 589 591 592
1670 4 2 1 1 493 589 592 590
1671 4 2 1 1 493 590 592 494
1672 4 2 1 1 493 591 495 496
1673 4 2 1 1 493 591 496 592
1674 4 2 1 1 493 592 496 494
1675 4 2 1 1 495 591 593 594
1676 4 2 1 1 495 591 594 592
1677 4 2 1 1 495 592 594 496
1678 4 2 1 1 495 593 497 498
1679 4 2 1 1 495 593 498 594
1680 4 2 1 1 495 594 498 496
1681 4 2 1 1 497 593 595 596
1682 4 2 1 1 497 593 596 594
1683 4 2 1 1 497 594 596 498
1684 4 2 1 1 497 595 499 500
1685 4 2 1 1 497 595 500 596
1686 4 2 1 1 497 596 500 498
1687 4 2 1 1 499 595 597 598
1688 4 2 1 1 499 595 598 596
1689 4 2 1 1 499 596 598 500
1690 4 2 1 1 499 597 501 502
1691 4 2 1 1 499 597 502 598
1692 4 2 1 1 499 598 502 500
1693 4 2 1 1 501 597 599 600
1694 4 2 1 1 501 597 600 598
1695 4 2 1 1 501 598 600 502
1696 4 2 1 1 501 599 503 504
1697 4 2 1 1 501 599 504 600
1698 4 2 1 1 501 600 504 502
1699 4 2 1 1 503 599 601 602
1700 4 2 1 1 503 599 602 600
1701 4 2 1 1 503 600 602 504
1702 4 2 1 1 503 601 505 506
1703 4 2 1 1 503 601 506 602
1704 4 2 1 1 503 602 506 504
1705 4 2 1 1 505 601 603 604
1706 4 2 1 1 505 601 604 602
1707 4 2 1 1 505 602 604 506
1708 4 2 1 1 505 603 507 508
1709 4 2 1 1 505 603 508 604
1710 4 2 1 1 505 604 508 506
1711 4 2 1 1 507 603 605 606
1712 4 2 1 1 507 603 606 604
1713 4 2 1 1 507 604 606 508
1714 4 2 1 1 507 605 509 510
1715 4 2 1 1 507 605 510 606
1716 4 2 1 1 507 606 510 508
1717 4 2 1 1 509 605 607 608
1718 4 2 1 1 509 605 608 606
1719 4 2 1 1 509 606 608 510
1720 4 2 1 1 509 607 511 512
1721 4 2 1 1 509 607 512 608
1722 4 2 1 1 509 608 512 510
1723 4 2 1 1 511 607 609 610
1724 4 2 1 1 511 607 610 608
1725 4 2 1 1 511 608 610 512
1726 4 2 1 1 511 609 513 514
1727 4 2 1 1 511 609 514 610
1728 4 2 1 1 511 610 514 512
1729 4 2 1 1 513 609 611 612
1730 4 2 1 1 513 609 612 610
1731 4 2 1 1 513 610 612 514
1732 4 2 1 1 513 611 515 516
1733 4 2 1 1 513 611 516 612
1734 4 2 1 1 513 612 516 514
1735 4 2 1 1 515 611 613 614
1736 4 2 1 1 515 611 614 612
1737 4 2 1 1 515 612 614 516
1738 4 2 1 1 515 613 517 518
1739 4 2 1 1 515 613 518 614
1740 4 2 1 1 515 614 518 516
1741 4 2 1 1 517 613 615 616
1742 4 2 1 1 517 613 616 614
1743 4 2 1 1 517 614 616 518
1744 4 2 1 1 517 615 519 520
1745 4 2 1 1 517 615 520 616
1746 4 2 1 1 517 616 520 518
1747 4 2 1 1 519 615 617 618
1748 4 2 1 1 519 615 618 616
1749 4 2 1 1 519 616 618 520
1750 4 2 1 1 519 617 521 522
1751 4 2 1 1 519 617 522 618
1752 4 2 1 1 519 618 522 520
1753 4 2 1 1 521 617 619 620
1754 4 2 1 1 521 617 620 618
1755 4 2 1 1 521 618 620 522
1756 4 2 1 1 521 619 523 524
1757 4 2 1 1 521 619 524 620
1758 4 2 1 1 521 620 524 522
1759 4 2 1 1 523 619 621 622
1760 4 2 1 1 523 619 622 620
1761 4 2 1 1 523 620 622 524
1762 4 2 1 1 523 621 525 526
1763 4 2 1 1 523 621 526 622
1764 4 2 1 1 523 622 526 524
1765 4 2 1 1 525 621 623 624
1766 4 2 1 1 525 621 624 622
1767 4 2 1 1 525 622 624 526
1768 4 2 1 1 525 623 527 528
1769 4 2 1 1 525 623 528 624
1770 4 2 1 1 525 624 528 526
1771 4 2 1 1 527 623 625 626
1772 4 2 1 1 527 623 626 624
1773 4 2 1 1 527 624 626 528
1774 4 2 1 1 527 625 529 530
1775 4 2 1 1 527 625 530 626
1776 4 2 1 1 527 626 530 528
1777 4 2 1 1 529 625 627 628
1778 4 2 1 1 529 625 628 626
1779 4 2 1 1 529 626 628 530
1780 4 2 1 1 529 627 531 532
1781 4 2 1 1 529 627 532 628
1782 4 2 1 1 529 628 532 530
1783 4 2 1 1 531 627 629 630
1784 4 2 1 1 531 627 630 628
1785 4 2 1 1 531 628 630 532
1786 4 2 1 1 531 629 533 534
1787 4 2 1 1 531 629 534 630
1788 4 2 1 1 531 630 534 532
1789 4 2 1 1 533 629 631 632
1790 4 2 1 1 533 629 632 630
1791 4 2 1 1 533 630 632 534
1792 4 2 1 1 533 631 535 536
1793 4 2 1 1 533 631 536 632
1794 4 2 1 1 533 632 536 534
1795 4 2 1 1 535 631 633 634
1796 4 2 1 1 535 631 634 632
1797 4 2 1 1 535 632 634 536
1798 4 2 1 1 535 633 537 538
1799 4 2 1 1 535 633 538 634
1800 4 2 1 1 535 634 538 536
1801 4 2 1 1 537 633 635 636
1802 4 2 1 1 537 633 636 634
1803 4 2 1 1 537 634 636 538
1804 4 2 1 1 537 635 539 540
1805 4 2 1 1 537 635 540 636
1806 4 2 1 1 537 636 540 538
1807 4 2 1 1 539 635 637 638
1808 4 2 1 1 539 635 638 636
1809 4 2 1 1 539 636 638 540
1810 4 2 1 1 539 637 541 542
1811 4 2 1 1 539 637 542 638
1812 4 2 1 1 539 638 542 540
1813 4 2 1 1 541 637 639 640
1814 4 2 1 1 541 637 640 638
1815 4 2 1 1 541 638 640 542
1816 4 2 1 1 541 639 543 544
1817 4 2 1 1 541 639 544 640
1818 4 2 1 1 541 640 544 542
1819 4 2 1 1 543 639 641 642
1820 4 2 1 1 543 639 642 640
1821 4 2 1 1 543 640 642 544
1822 4 2 1 1 543 641 545 546
1823 4 2 1 1 543 641 546 642
1824 4 2 1 1 543 642 546 544
1825 4 2 1 1 545 641 643 644
1826 4 2 1 1 545 641 644 642
1827 4 2 1 1 545 642 644 546
1828 4 2 1 1 545 643 547 548
1829 4 2 1 1 545 643 548 644
1830 4 2 1 1 545 644 548 546
1831 4 2 1 1 547 643 645 646
1832 4 2 1 1 547 643 646 644
1833 4 2 1 1 547 644 646 548
1834 4 2 1 1 547 645 549 550
1835 4 2 1 1 547 645 550 646
1836 4 2 1 1 547 646 550 548
1837 4 2 1 1 549 645 647 648
1838 4 2 1 1 549 645 648 646
1839 4 2 1 1 549 646 648 550
1840 4 2 1 1 549 647 551 552
1841 4 2 1 1 549 647 552 648
1842 4 2 1 1 549 648 552 550
1843 4 2 1 1 551 647 649 650
1844 4 2 1 1 551 647 650 648
1845 4 2 1 1 551 648 650 552
1846 4 2 1 1 551 649 553 554
1847 4 2 1 1 551 649 554 650
1848 4 2 1 1 551 650 554 552
1849 4 2 1 1 553 649 651 652
1850 4 2 1 1 553 649 652 650
1851 4 2 1 1 553 650 652 554
1852 4 2 1 1 553 651 555 556
1853 4 2 1 1 553 651 556 652
1854 4 2 1 1 553 652 556 554
1855 4 2 1 1 555 651 653 654
1856 4 2 1 1 555 651 654 652
1857 4 2 1 1 555 652 654 556
1858 4 2 1 1 555 653 557 558
1859 4 2 1 1 555 653 558 654
1860 4 2 1 1 555 654 558 556
1861 4 2 1 1 557 653 655 656
1862 4 2 1 1 557 653 656 654
1863 4 2 1 1 557 654 656 558
1864 4 2 1 1 557 655 559 560
1865 4 2 1 1 557 655 560 656
1866 4 2 1 1 557 656 560 558
1867 4 2 1 1 559 655 657 658
1868 4 2 1 1 559 655 658 656
1869 4 2 1 1 559 656 658 560
1870 4 2 1 1 559 657 561 562
1871 4 2 1 1 559 657 562 658
1872 4 2 1 1 559 658 562 560
1873 4 2 1 1 561 657 659 660
1874 4 2 1 1 561 657 660 658
1875 4 2 1 1 561 658 660 562
1876 4 2 1 1 561 659 563 564
1877 4 2 1 1 561 659 564 660
1878 4 2 1 1 561 660 564 562
1879 4 2 1 1 563 659 661 662
1880 4 2 1 1 563 659 662 660
1881 4 2 1 1 563 660 662 564
1882 4 2 1 1 563 661 565 566
1883 4 2 1 1 563 661 566 662
1884 4 2 1 1 563 662 566 564
1885 4 2 1 1 565 661 663 664
1886 4 2 1 1 565 661 664 662
1887 4 2 1 1 565 662 664 566
1888 4 2 1 1 565 663 567 568
1889 4 2 1 1 565 663 568 664
1890 4 2 1 1 565 664 568 566
1891 4 2 1 1 567 663 665 666
1892 4 2 1 1 567 663 666 664
1893 4 2 1 1 567 664 666 568
1894 4 2 1 1 567 665 569 570
1895 4 2 1 1 567 665 570 666
1896 4 2 1 1 567 666 570 568
1897 4 2 1 1 569 665 667 668
1898 4 2 1 1 569 665 668 666
1899 4 2 1 1 569 666 668 570
1900 4 2 1 1 569 667 571 572
1901 4 2 1 1 569 667 572 668
1902 4 2 1 1 569 668 572 570
1903 4 2 1 1 571 667 669 670
1904 4 2 1 1 571 667 670 668
1905 4 2 1 1 571 668 670 572
1906 4 2 1 1 571 669 573 574
1907 4 2 1 1 571 669 574 670
1908 4 2 1 1 571 670 574 572
1909 4 2 1 1 573 669 671 672
1910 4 2 1 1 573 669 672 670
1911 4 2 1 1 573 670 672 574
1912 4 2 1 1 573 671 575 576
1913 4 2 1 1 573 671 576 672
1914 4 2 1 1 573 672 576 574
1915 4 2 1 1 575 671 577 578
1916 4 2 1 1 575 671 578 672
1917 4 2 1 1 575 672 578 576
1918 4 2 1 1 575 577 481 482
1919 4 2 1 1 575 577 482 578
1920 4 2 1 1 575 578 482 576
1921 4 2 1 1 577 673 675 676
1922 4 2 1 1 577 673 676 674
1923 4 2 1 1 577 674 676 578
1924 4 2 1 1 577 675 579 580
1925 4 2 1 1 577 675 580 676
1926 4 2 1 1 577 676 580 578
1927 4 2 1 1 579 675 677 678
1928 4 2 1 1 579 675 678 676
1929 4 2 1 1 579 676 678 580
1930 4 2 1 1 579 677 581 582
1931 4 2 1 1 579 677 582 678
1932 4 2 1 1 579 678 582 580
1933 4 2 1 1 581 677 679 680
1934 4 2 1 1 581 677 680 678
1935 4 2 1 1 581 678 680 582
1936 4 2 1 1 581 679 583 584
1937 4 2 1 1 581 679 584 680
1938 4 2 1 1 581 680 584 582
1939 4 2 1 1 583 679 681 682
1940 4 2 1 1 583 679 682 680
1941 4 2 1 1 583 680 682 584
1942 4 2 1 1 583 681 585 586
1943 4 2 1 1 583 681 586 682
1944 4 2 1 1 583 682 586 584
1945 4 2 1 1 585 681 683 684
1946 4 2 1 1 585 681 684 682
1947 4 2 1 1 585 682 684 586
1948 4 2 1 1 585 683 587 588
1949 4 2 1 1 585 683 588 684
1950 4 2 1 1 585 684 588 586
1951 4 2 1 1 587 683 685 686
1952 4 2 1 1 587 683 686 684
1953 4 2 1 1 587 684 686 588
1954 4 2 1 1 587 685 589 590
1955 4 2 1 1 587 685 590 686
1956 4 2 1 1 587 686 590 588
1957 4 2 1 1 589 685 687 688
1958 4 2 1 1 589 685 688 686
1959 4 2 1 1 589 686 688 590
1960 4 2 1 1 589 687 591 592
1961 4 2 1 1 589 687 592 688
1962 4 2 1 1 589 688 592 590
1963 4 2 1 1 591 687 689 690
1964 4 2 1 1 591 687 690 688
1965 4 2 1 1 591 688 690 592
1966 4 2 1 1 591 689 593 594
1967 4 2 1 1 591 689 594 690
1968 4 2 1 1 591 690 594 592
1969 4 2 1 1 593 689 691 692
1970 4 2 1 1 593 689 692 690
1971 4 2 1 1 593 690 692 594
1972 4 2 1 1 593 691 595 596
1973 4 2 1 1 593 691 596 692
1974 4 2 1 1 593 692 596 594
1975 4 2 1 1 595 691 693 694
1976 4 2 1 1 595 691 694 692
1977 4 2 1 1 595 692 694 596
1978 4 2 1 1 595 693 597 598
1979 4 2 1 1 595 693 598 694
1980 4 2 1 1 595 694 598 596
1981 4 2 1 1 597 693 695 696
1982 4 2 1 1 597 693 696 694
1983 4 2 1 1 597 694 696 598
1984 4 2 1 1 597 695 599 600
1985 4 2 1 1 597 695 600 696
1986 4 2 1 1 597 696 600 598
1987 4 2 1 1 599 695 697 698
1988 4 2 1 1 599 695 698 696
1989 4 2 1 1 599 696 698 600
1990 4 2 1 1 599 697 601 602
1991 4 2 1 1 599 697 602 698
1992 4 2 1 1 599 698 602 600
1993 4 2 1 1 601 697 699 700
1994 4 2 1 1 601 697 700 698
1995 4 2 1 1 601 698 700 602
1996 4 2 1 1 601 699 603 604
1997 4 2 1 1 601 699 604 700
1998 4 2 1 1 601 700 604 602
1999 4 2 1 1 603 699 701 702
2000 4 2 1 1 603 699 702 700
2001 4 2 1 1 603 700 702 604
2002 4 2 1 1 603 701 605 606
2003 4 2 1 1 603 701 606 702
2004 4 2 1 1 603 702 606 604
2005 4 2 1 1 605 701 703 704
2006 4 2 1 1 605 701 704 702
2007 4 2 1 1 605 702 704 606
2008 4 2 1 1 605 703 607 608
2009 4 2 1 1 605 703 608 704
2010 4 2 1 1 605 704 608 606
2011 4 2 1 1 607 703 705 706
2012 4 2 1 1 607 703 706 704
2013 4 2 1 1 607 704 706 608
2014 4 2 1 1 607 705 609 610
2015 4 2 1 1 607 705 610 706
2016 4 2 1 1 607 706 610 608
2017 4 2 1 1 609 705 707 708
2018 4 2 1 1 609 705 708 706
2019 4 2 1 1 609 706 708 610
2020 4 2 1 1 609 707 611 612
2021 4 2 1 1 609 707 612 708
2022 4 2 1 1 609 708 612 610
2023 4 2 1 1 611 707 709 710
2024 4 2 1 1 611 707 710 708
2025 4 2 1 1 611 708 710 612
2026 4 2 1 1 611 709 613 614
2027 4 2 1 1 611 709 614 710
2028 4 2 1 1 611 710 614 612
2029 4 2 1 1 613 709 711 712
2030 4 2 1 1 613 709 712 710
2031 4 2 1 1 613 710 712 614
2032 4 2 1 1 613 711 615 616
2033 4 2 1 1 613 711 616 712
2034 4 2 1 1 613 712 616 614
2035 4 2 1 1 615 711 713 714
2036 4 2 1 1 615 711 714 712
2037 4 2 1 1 615 712 714 616
2038 4 2 1 1 615 713 617 618
2039 4 2 1 1 615 713 618 714
2040 4 2 1 1 615 714 618 616
2041 4 2 1 1 617 713 715 716
2042 4 2 1 1 617 713 716 714
2043 4 2 1 1 617 714 716 618
2044 4 2 1 1 617 715 619 620
2045 4 2 1 1 617 715 620 716
2046 4 2 1 1 617 716 620 618
2047 4 2 1 1 619 715 717 718
2048 4 2 1 1 619 715 718 716
2049 4 2 1 1 619 716 718 620
2050 4 2 1 1 619 717 621 622
2051 4 2 1 1 619 717 622 718
2052 4 2 1 1 619 718 622 620
2053 4 2 1 1 621 717 719 720
2054 4 2 1 1 621 717 720 718
2055 4 2 1 1 621 718 720 622
2056 4 2 1 1 621 719 623 624
2057 4 2 1 1 621 719 624 720
2058 4 2 1 1 621 720 624 622
2059 4 2 1 1 623 719 721 722
2060 4 2 1 1 623 719 722 720
2061 4 2 1 1 623 720 722 624
2062 4 2 1 1 623 721 625 626
2063 4 2 1 1 623 721 626 722
2064 4 2 1 1 623 722 626 624
2065 4 2 1 1 625 721 723 724
2066 4 2 1 1 625 721 724 722
2067 4 2 1 1 625 722 724 626
2068 4 2 1 1 625 723 627 628
2069 4 2 1 1 625 723 628 724
2070 4 2 1 1 625 724 628 626
2071 4 2 1 1 627 723 725 726
2072 4 2 1 1 627 723 726 724
2073 4 2 1 1 627 724 726 628
2074 4 2 1 1 627 725 629 630
2075 4 2 1 1 627 725 630 726
2076 4 2 1 1 627 726 630 628
2077 4 2 1 1 629 725 727 728
2078 4 2 1 1 629 725 728 726
2079 4 2 1 1 629 726 728 630
2080 4 2 1 1 629 727 631 632
2081 4 2 1 1 629 727 632 728
2082 4 2 1 1 629 728 632 630
2083 4 2 1 1 631 727 729 730
2084 4 2 1 1 631 727 730 728
2085 4 2 1 1 631 728 730 632
2086 4 2 1 1 631 729 633 634
2087 4 2 1 1 631 729 634 730
2088 4 2 1 1 631 730 634 632
2089 4 2 1 1 633 729 731 732
2090 4 2 1 1 633 729 732 730
2091 4 2 1 1 633 730 732 634
2092 4 2 1 1 633 731 635 636
2093 4 2 1 1 633 731 636 732
2094 4 2 1 1 633 732 636 634
2095 4 2 1 1 635 731 733 734
2096 4 2 1 1 635 731 734 732
2097 4 2 1 1 635 732 734 636
2098 4 2 1 1 635 733 637 638
2099 4 2 1 1 635 733 638 734
2100 4 2 1 1 635 734 638 636
2101 4 2 1 1 637 733 735 736
2102 4 2 1 1 637 733 736 734
2103 4 2 1 1 637 734 736 638
2104 4 2 1 1 637 735 639 640
2105 4 2 1 1 637 735 640 736
2106 4 2 1 1 637 736 640 638
2107 4 2 1 1 639 735 737 738
2108 4 2 1 1 639 735 738 736
2109 4 2 1 1 639 736 738 640
2110 4 2 1 1 639 737 641 642
2111 4 2 1 1 639 737 642 738
2112 4 2 1 1 639 738 642 640
2113 4 2 1 1 641 737 739 740
2114 4 2 1 1 641 737 740 738
2115 4 2 1 1 641 738 740 642
2116 4 2 1 1 641 739 643 644
2117 4 2 1 1 641 739 644 740
2118 4 2 1 1 641 740 644 642
2119 4 2 1 1 643 739 741 742
2120 4 2 1 1 643 739 742 740
2121 4 2 1 1 643 740 742 644
2122 4 2 1 1 643 741 645 646
2123 4 2 1 1 643 741 646 742
2124 4 2 1 1 643 742 646 644
2125 4 2 1 1 645 741 743 744
2126 4 2 1 1 645 741 744 742
2127 4 2 1 1 645 742 744 646
2128 4 2 1 1 645 743 647 648
2129 4 2 1 1 645 743 648 744
2130 4 2 1 1 645 744 648 646
2131 4 2 1 1 647 743 745 746
2132 4 2 1 1 647 743 746 744
2133 4 2 1 1 647 744 746 648
2134 4 2 1 1 647 745 649 650
2135 4 2 1 1 647 745 650 746
2136 4 2 1 1 647 746 650 648
2137 4 2 1 1 649 745 747 748
2138 4 2 1 1 649 745 748 746
2139 4 2 1 1 649 746 748 650
2140 4 2 1 1 649 747 651 652
2141 4 2 1 1 649 747 652 748
2142 4 2 1 1 649 748 652 650
2143 4 2 1 1 651 747 749 750
2144 4 2 1 1 651 747 750 748
2145 4 2 1 1 651 748 750 652
2146 4 2 1 1 651 749 653 654
2147 4 2 1 1 651 749 654 750
2148 4 2 1 1 651 750 654 652
2149 4 2 1 1 653 749 751 752
2150 4 2 1 1 653 749 752 750
2151 4 2 1 1 653 750 752 654
2152 4 2 1 1 653 751 655 656
2153 4 2 1 1 653 751 656 752
2154 4 2 1 1 653 752 656 654
2155 4 2 1 1 655 751 753 754
2156 4 2 1 1 655 751 754 752
2157 4 2 1 1 655 752 754 656
2158 4 2 1 1 655 753 657 658
2159 4 2 1 1 655 753 658 754
2160 4 2 1 1 655 754 658 656
2161 4 2 1 1 657 753 755 756
2162 4 2 1 1 657 753 756 754
2163 4 2 1 1 657 754 756 658
2164 4 2 1 1 657 755 659 660
2165 4 2 1 1 657 755 660 756
2166 4 2 1 1 657 756 660 658
2167 4 2 1 1 659 755 757 758
2168 4 2 1 1 659 755 758 756
2169 4 2 1 1 659 756 758 660
2170 4 2 1 1 659 757 661 662
2171 4 2 1 1 659 757 662 758
2172 4 2 1 1 659 758 662 660
2173 4 2 1 1 661 757 759 760
2174 4 2 1 1 661 757 760 758
2175 4 2 1 1 661 758 760 662
2176 4 2 1 1 661 759 663 664
2177 4 2 1 1 661 759 664 760
2178 4 2 1 1 661 760 664 662
2179 4 2 1 1 663 759 761 762
2180 4 2 1 1 663 759 762 760
2181 4 2 1 1 663 760 762 664
2182 4 2 1 1 663 761 665 666
2183 4 2 1 1 663 761 666 762
2184 4 2 1 1 663 762 666 664
2185 4 2 1 1 665 761 763 764
2186 4 2 1 1 665 761 764 762
2187 4 2 1 1 665 762 764 666
2188 4 2 1 1 665 763 667 668
2189 4 2 1 1 665 763 668 764
2190 4 2 1 1 665 764 668 666
2191 4 2 1 1 667 763 765 766
2192 4 2 1 1 667 763 766 764
2193 4 2 1 1 667 764 766 668
2194 4 2 1 1 667 765 669 670
2195 4 2 1 1 667 765 670 766
2196 4 2 1 1 667 766 670 668
2197 4 2 1 1 669 765 767 768
2198 4 2 1 1 669 765 768 766
2199 4 2 1 1 669 766 768 670
2200 4 2 1 1 669 767 671 672
2201 4 2 1 1 669 767 672 768
2202 4 2 1 1 669 768 672 670
2203 4 2 1 1 671 767 673 674
2204 4 2 1 1 671 767 674 768
2205 4 2 1 1 671 768 674 672
2206 4 2 1 1 671 673 577 578
2207 4 2 1 1 671 673 578 674
2208 4 2 1 1 671 674 578 672
2209 4 2 1 1 673 769 771 772
2210 4 2 1 1 673 769 772 770
2211 4 2 1 1 673 770 772 674
2212 4 2 1 1 673 771 675 676
2213 4 2 1 1 673 771 676 772
2214 4 2 1 1 673 772 676 674
2215 4 2 1 1 675 771 773 774
2216 4 2 1 1 675 771 774 772
2217 4 2 1 1 675 772 774 676
2218 4 2 1 1 675 773 677 678
2219 4 2 1 1 675 773 678 774
2220 4 2 1 1 675 774 678 676
2221 4 2 1 1 677 773 775 776
2222 4 2 1 1 677 773 776 774
2223 4 2 1 1 677 774 776 678
2224 4 2 1 1 677 775 679 680
2225 4 2 1 1 677 775 680 776
2226 4 2 1 1 677 776 680 678
2227 4 2 1 1 679 775 777 778
2228 4 2 1 1 679 775 778 776
2229 4 2 1 1 679 776 778 680
2230 4 2 1 1 679 777 681 682
2231 4 2 1 1 679 777 682 778
2232 4 2 1 1 679 778 682 680
2233 4 2 1 1 681 777 779 780
2234 4 2 1 1 681 777 780 778
2235 4 2 1 1 681 778 780 682
2236 4 2 1 1 681 779 683 684
2237 4 2 1 1 681 779 684 780
2238 4 2 1 1 681 780 684 682
2239 4 2 1 1 683 779 781 782
2240 4 2 1 1 683 779 782 780
2241 4 2 1 1 683 780 782 684
2242 4 2 1 1 683 781 685 686
2243 4 2 1 1 683 781 686 782
2244 4 2 1 1 683 782 686 684
2245 4 2 1 1 685 781 783 784
2246 4 2 1 1 685 781 784 782
2247 4 2 1 1 685 782 784 686
2248 4 2 1 1 685 783 687 688
2249 4 2 1 1 685 783 688 784
2250 4 2 1 1 685 784 688 686
2251 4 2 1 1 687 783 785 786
2252 4 2 1 1 687 783 786 784
2253 4 2 1 1 687 784 786 688
2254 4 2 1 1 687 785 689 690
2255 4 2 1 1 687 785 690 786
2256 4 2 1 1 687 786 690 688
2257 4 2 1 1 689 785 787 788
2258 4 2 1 1 689 785 788 786
2259 4 2 1 1 689 786 788 690
2260 4 2 1 1 689 787 691 692
2261 4 2 1 1 689 787 692 788
2262 4 2 1 1 689 788 692 690
2263 4 2 1 1 691 787 789 790
2264 4 2 1 1 691 787 790 788
2265 4 2 1 1 691 788 790 692
2266 4 2 1 1 691 789 693 694
2267 4 2 1 1 691 789 694 790
2268 4 2 1 1 691 790 694 692
2269 4 2 1 1 693 789 791 792
2270 4 2 1 1 693 789 792 790
2271 4 2 1 1 693 790 792 694
2272 4 2 1 1 693 791 695 696
2273 4 2 1 1 693 791 696 792
2274 4 2 1 1 693 792 696 694
2275 4 2 1 1 695 791 793 794
2276 4 2 1 1 695 791 794 792
2277 4 2 1 1 695 792 794 696
2278 4 2 1 1 695 793 697 698
2279 4 2 1 1 695 793 698 794
2280 4 2 1 1 695 794 698 696
2281 4 2 1 1 697 793 795 796
2282 4 2 1 1 697 793 796 794
2283 4 2 1 1 697 794 796 698
2284 4 2 1 1 697 795 699 700
2285 4 2 1 1 697 795 700 796
2286 4 2 1 1 697 796 700 698
2287 4 2 1 1 699 795 797 798
2288 4 2 1 1 699 795 798 796
2289 4 2 1 1 699 796 798 700
2290 4 2 1 1 699 797 701 702
2291 4 2 1 1 699 797 702 798
2292 4 2 1 1 699 798 702 700
2293 4 2 1 1 701 797 799 800
2294 4 2 1 1 701 797 800 798
2295 4 2 1 1 701 798 800 702
2296 4 2 1 1 701 799 703 704
2297 4 2 1 1 701 799 704 800
2298 4 2 1 1 701 800 704 702
2299 4 2 1 1 703 799 801 802
2300 4 2 1 1 703 799 802 800
2301 4 2 1 1 703 800 802 704
2302 4 2 1 1 703 801 705 706
2303 4 2 1 1 703 801 706 802
2304 4 2 1 1 703 802 706 704
2305 4 2 1 1 705 801 803 804
2306 4 2 1 1 705 801 804 802
2307 4 2 1 1 705 802 804 706
2308 4 2 1 1 705 803 707 708
2309 4 2 1 1 705 803 708 804
2310 4 2 1 1 705 804 708 706
2311 4 2 1 1 707 803 805 806
2312 4 2 1 1 707 803 806 804
2313 4 2 1 1 707 804 806 708
2314 4 2 1 1 707 805 709 710
2315 4 2 1 1 707 805 710 806
2316 4 2 1 1 707 806 710 708
2317 4 2 1 1 709 805 807 808
2318 4 2 1 1 709 805 808 806
2319 4 2 1 1 709 806 808 710
2320 4 2 1 1 709 807 711 712
2321 4 2 1 1 709 807 712 808
2322 4 2 1 1 709 808 712 710
2323 4 2 1 1 711 807 809 810
2324 4 2 1 1 711 807 810 808
2325 4 2 1 1 711 808 810 712
2326 4 2 1 1 711 809 713 714
2327 4 2 1 1 711 809 714 810
2328 4 2 1 1 711 810 714 712
2329 4 2 1 1 713 809 811 812
2330 4 2 1 1 713 809 812 810
2331 4 2 1 1 713 810 812 714
2332 4 2 1 1 713 811 715 716
2333 4 2 1 1 713 811 716 812
2334 4 2 1 1 713 812 716 714
2335 4 2 1 1 715 811 813 814
2336 4 2 1 1 715 811 814 812
2337 4 2 1 1 715 812 814 716
2338 4 2 1 1 715 813 717 718
2339 4 2 1 1 715 813 718 814
2340 4 2 1 1 715 814 718 716
2341 4 2 1 1 717 813 815 816
2342 4 2 1 1 717 813 816 814
2343 4 2 1 1 717 814 816 718
2344 4 2 1 1 717 815 719 720
2345 4 2 1 1 717 815 720 816
2346 4 2 1 1 717 816 720 718
2347 4 2 1 1 719 815 817 818
2348 4 2 1 1 719 815 818 816
2349 4 2 1 1 719 816 818 720
2350 4 2 1 1 719 817 721 722
2351 4 2 1 1 719 817 722 818
2352 4 2 1 1 719 818 722 720
2353 4 2 1 1 721 817 819 820
2354 4 2 1 1 721 817 820 818
2355 4 2 1 1 721 818 820 722
2356 4 2 1 1 721 819 723 724
2357 4 2 1 1 721 819 724 820
2358 4 2 1 1 721 820 724 722
2359 4 2 1 1 723 819 821 822
2360 4 2 1 1 723 819 822 820
2361 4 2 1 1 723 820 822 724
2362 4 2 1 1 723 821 725 726
2363 4 2 1 1 723 821 726 822
2364 4 2 1 1 723 822 726 724
2365 4 2 1 1 725 821 823 824
2366 4 2 1 1 725 821 824 822
2367 4 2 1 1 725 822 824 726
2368 4 2 1 1 725 823 727 728
2369 4 2 1 1 725 823 728 824
2370 4 2 1 1 725 824 728 726
2371 4 2 1 1 727 823 825 826
2372 4 2 1 1 727 823 826 824
2373 4 2 1 1 727 824 826 728
2374 4 2 1 1 727 825 729 730
2375 4 2 1 1 727 825 730 826
2376 4 2 1 1 727 826 730 728
2377 4 2 1 1 729 825 827 828
2378 4 2 1 1 729 825 828 826
2379 4 2 1 1 729 826 828 730
2380 4 2 1 1 729 827 731 732
2381 4 2 1 1 729 827 732 828
2382 4 2 1 1 729 828 732 730
2383 4 2 1 1 731 827 829 830
2384 4 2 1 1 731 827 830 828
2385 4 2 1 1 731 828 830 732
2386 4 2 1 1 731 829 733 734
2387 4 2 1 1 731 829 734 830
2388 4 2 1 1 731 830 734 732
2389 4 2 1 1 733 829 831 832
2390 4 2 1 1 733 829 832 830
2391 4 2 1 1 733 830 832 734
2392 4 2 1 1 733 831 735 736
2393 4 2 1 1 733 831 736 832
2394 4 2 1 1 733 832 736 734
2395 4 2 1 1 735 831 833 834
2396 4 2 1 1 735 831 834 832
2397 4 2 1 1 735 832 834 736
2398 4 2 1 1 735 833 737 738
2399 4 2 1 1 735 833 738 834
2400 4 2 1 1 735 834 738 736
2401 4 2 1 1 737 833 835 836
2402 4 2 1 1 737 833 836 834
2403 4 2 1 1 737 834 836 738
2404 4 2 1 1 737 835 739 740
2405 4 2 1 1 737 835 740 836
2406 4 2 1 1 737 836 740 738
2407 4 2 1 1 739 835 837 838
2408 4 2 1 1 739 835 838 836
2409 4 2 1 1 739 836 838 740
2410 4 2 1 1 739 837 741 742
2411 4 2 1 1 739 837 742 838
2412 4 2 1 1 739 838 742 740
2413 4 2 1 1 741 837 839 840
2414 4 2 1 1 741 837 840 838
2415 4 2 1 1 741 838 840 742
2416 4 2 1 1 741 839 743 744
2417 4 2 1 1 741 839 744 840
2418 4 2 1 1 741 840 744 742
2419 4 2 1 1 743 839 841 842
2420 4 2 1 1 743 839 842 840
2421 4 2 1 1 743 840 842 744
2422 4 2 1 1 743 841 745 746
2423 4 2 1 1 743 841 746 842
2424 4 2 1 1 743 842 746 744
2425 4 2 1 1 745 841 843 844
2426 4 2 1 1 745 841 844 842
2427 4 2 1 1 745 842 844 746
2428 4 2 1 1 745 843 747 748
2429 4 2 1 1 745 843 748 844
2430 4 2 1 1 745 844 748 746
2431 4 2 1 1 747 843 845 846
2432 4 2 1 1 747 843 846 844
2433 4 2 1 1 747 844 846 748
2434 4 2 1 1 747 845 749 750
2435 4 2 1 1 747 845 750 846
2436 4 2 1 1 747 846 750 748
2437 4 2 1 1 749 845 847 848
2438 4 2 1 1 749 845 848 846
2439 4 2 1 1 749 846 848 750
2440 4 2 1 1 749 847 751 752
2441 4 2 1 1 749 847 752 848
2442 4 2 1 1 749 848 752 750
2443 4 2 1 1 751 847 849 850
2444 4 2 1 1 751 847 850 848
2445 4 2 1 1 751 848 850 752
2446 4 2 1 1 751 849 753 754
2447 4 2 1 1 751 849 754 850
2448 4 2 1 1 751 850 754 752
2449 4 2 1 1 753 849 851 852
2450 4 2 1 1 753 849 852 850
2451 4 2 1 1 753 850 852 754
2452 4 2 1 1 753 851 755 756
2453 4 2 1 1 753 851 756 852
2454 4 2 1 1 753 852 756 754
2455 4 2 1 1 755 851 853 854
2456 4 2 1 1 755 851 854 852
2457 4 2 1 1 755 852 854 756
2458 4 2 1 1 755 853 757 758
2459 4 2 1 1 755 853 758 854
2460 4 2 1 1 755 854 758 756
2461 4 2 1 1 757 853 855 856
2462 4 2 1 1 757 853 856 854
2463 4 2 1 1 757 854 856 758
2464 4 2 1 1 757 855 759 760
2465 4 2 1 1 757 855 760 856
2466 4 2 1 1 757 856 760 758
2467 4 2 1 1 759 855 857 858
2468 4 2 1 1 759 855 858 856
2469 4 2 1 1 759 856 858 760
2470 4 2 1 1 759 857 761 762
2471 4 2 1 1 759 857 762 858
2472 4 2 1 1 759 858 762 760
2473 4 2 1 1 761 857 859 860
2474 4 2 1 1 761 857 860 858
2475 4 2 1 1 761 858 860 762
2476 4 2 1 1 761 859 763 764
2477 4 2 1 1 761 859 764 860
2478 4 2 1 1 761 860 764 762
2479 4 2 1 1 763 859 861 862
2480 4 2 1 1 763 859 862 860
2481 4 2 1 1 763 860 862 764
2482 4 2 1 1 763 861 765 766
2483 4 2 1 1 763 861 766 862
2484 4 2 1 1 763 862 766 764
2485 4 2 1 1 765 861 863 864
2486 4 2 1 1 765 861 864 862
2487 4 2 1 1 765 862 864 766
2488 4 2 1 1 765 863 767 768
2489 4 2 1 1 765 863 768 864
2490 4 2 1 1 765 864 768 766
2491 4 2 1 1 767 863 769 770
2492 4 2 1 1 767 863 770 864
2493 4 2 1 1 767 864 770 768
2494 4 2 1 1 767 769 673 674
2495 4 2 1 1 767 769 674 770
2496 4 2 1 1 767 770 674 768
2497 4 2 1 1 769 865 867 868
2498 4 2 1 1 769 865 868 866
2499 4 2 1 1 769 866 868 770
2500 4 2 1 1 769 867 771 772
2501 4 2 1 1 769 867 772 868
2502 4 2 1 1 769 868 772 770
2503 4 2 1 1 771 867 869 870
2504 4 2 1 1 771 867 870 868
2505 4 2 1 1 771 868 870 772
2506 4 2 1 1 771 869 773 774
2507 4 2 1 1 771 869 774 870
2508 4 2 1 1 771 870 774 772
2509 4 2 1 1 773 869 871 872
2510 4 2 1 1 773 869 872 870
2511 4 2 1 1 773 870 872 774
2512 4 2 1 1 773 871 775 776
2513 4 2 1 1 773 871 776 872
2514 4 2 1 1 773 872 776 774
2515 4 2 1 1 775 871 873 874
2516 4 2 1 1 775 871 874 872
2517 4 2 1 1 775 872 874 776
2518 4 2 1 1 775 873 777 778
2519 4 2 1 1 775 873 778 874
2520 4 2 1 1 775 874 778 776
2521 4 2 1 1 777 873 875 876
2522 4 2 1 1 777 873 876 874
2523 4 2 1 1 777 874 876 778
2524 4 2 1 1 777 875 779 780
2525 4 2 1 1 777 875 780 876
2526 4 2 1 1 777 876 780 778
2527 4 2 1 1 779 875 877 878
2528 4 2 1 1 779 875 878 876
2529 4 2 1 1 779 876 878 780
2530 4 2 1 1 779 877 781 782
2531 4 2 1 1 779 877 782 878
2532 4 2 1 1 779 878 782 780
2533 4 2 1 1 781 877 879 880
2534 4 2 1 1 781 877 880 878
2535 4 2 1 1 781 878 880 782
2536 4 2 1 1 781 879 783 784
2537 4 2 1 1 781 879 784 880
2538 4 2 1 1 781 880 784 782
2539 4 2 1 1 783 879 881 882
2540 4 2 1 1 783 879 882 880
2541 4 2 1 1 783 880 882 784
2542 4 2 1 1 783 881 785 786
2543 4 2 1 1 783 881 786 882
2544 4 2 1 1 783 882 786 784
2545 4 2 1 1 785 881 883 884
2546 4 2 1 1 785 881 884 882
2547 4 2 1 1 785 882 884 786
2548 4 2 1 1 785 883 787 788
2549 4 2 1 1 785 883 788 884
2550 4 2 1 1 785 884 788 786
2551 4 2 1 1 787 883 885 886
2552 4 2 1 1 787 883 886 884
2553 4 2 1 1 787 884 886 788
2554 4 2 1 1 787 885 789 790
2555 4 2 1 1 787 885 790 886
2556 4 2 1 1 787 886 790 788
2557 4 2 1 1 789 885 887 888
2558 4 2 1 1 789 885 888 886
2559 4 2 1 1 789 886 888 790
2560 4 2 1 1 789 887 791 792
2561 4 2 1 1 789 887 792 888
2562 4 2 1 1 789 888 792 790
2563 4 2 1 1 791 887 889 890
2564 4 2 1 1 791 887 890 888
2565 4 2 1 1 791 888 890 792
2566 4 2 1 1 791 889 793 794
2567 4 2 1 1 791 889 794 890
2568 4 2 1 1 791 890 794 792
2569 4 2 1 1 793 889 891 892
2570 4 2 1 1 793 889 892 890
2571 4 2 1 1 793 890 892 794
2572 4 2 1 1 793 891 795 796
2573 4 2 1 1 793 891 796 892
2574 4 2 1 1 793 892 796 794
2575 4 2 1 1 795 891 893 894
2576 4 2 1 1 795 891 894 892
2577 4 2 1 1 795 892 894 796
2578 4 2 1 1 795 893 797 798
2579 4 2 1 1 795 893 798 894
2580 4 2 1 1 795 894 798 796
2581 4 2 1 1 797 893 895 896
2582 4 2 1 1 797 893 896 894
2583 4 2 1 1 797 894 896 798
2584 4 2 1 1 797 895 799 800
2585 4 2 1 1 797 895 800 896
2586 4 2 1 1 797 896 800 798
2587 4 2 1 1 799 895 897 898
2588 4 2 1 1 799 895 898 896
2589 4 2 1 1 799 896 898 800
2590 4 2 1 1 799 897 801 802
2591 4 2 1 1 799 897 802 898
2592 4 2 1 1 799 898 802 800
2593 4 2 1 1 801 897 899 900
2594 4 2 1 1 801 897 900 898
2595 4 2 1 1 801 898 900 802
2596 4 2 1 1 801 899 803 804
2597 4 2 1 1 801 899 804 900
2598 4 2 1 1 801 900 804 802
2599 4 2 1 1 803 899 901 902
2600 4 2 1 1 803 899 902 900
2601 4 2 1 1 803 900 902 804
2602 4 2 1 1 803 901 805 806
2603 4 2 1 1 803 901 806 902
2604 4 2 1 1 803 902 806 804
2605 4 2 1 1 805 901 903 904
2606 4 2 1 1 805 901 904 902
2607 4 2 1 1 805 902 904 806
2608 4 2 1 1 805 903 807 808
2609 4 2 1 1 805 903 808 904
2610 4 2 1 1 805 904 808 806
2611 4 2 1 1 807 903 905 906
2612 4 2 1 1 807 903 906 904
2613 4 2 1 1 807 904 906 808
2614 4 2 1 1 807 905 809 810
2615 4 2 1 1 807 905 810 906
2616 4 2 1 1 807 906 810 808
2617 4 2 1 1 809 905 907 908
2618 4 2 1 1 809 905 908 906
2619 4 2 1 1 809 906 908 810
2620 4 2 1 1 809 907 811 812
2621 4 2 1 1 809 907 812 908
2622 4 2 1 1 809 908 812 810
2623 4 2 1 1 811 907 909 910
2624 4 2 1 1 811 907 910 908
2625 4 2 1 1 811 908 910 812
2626 4 2 1 1 811 909 813 814
2627 4 2 1 1 811 909 814 910
2628 4 2 1 1 811 910 814 812
2629 4 2 1 1 813 909 911 912
2630 4 2 1 1 813 909 912 910
2631 4 2 1 1 813 910 912 814
2632 4 2 1 1 813 911 815 816
2633 4 2 1 1 813 911 816 912
2634 4 2 1 1 813 912 816 814
2635 4 2 1 1 815 911 913 914
2636 4 2 1 1 815 911 914 912
2637 4 2 1 1 815 912 914 816
2638 4 2 1 1 815 913 817 818
2639 4 2 1 1 815 913 818 914
2640 4 2 1 1 815 914 818 816
2641 4 2 1 1 817 913 915 916
2642 4 2 1 1 817 913 916 914
2643 4 2 1 1 817 914 916 818
2644 4 2 1 1 817 915 819 820
2645 4 2 1 1 817 915 820 916
2646 4 2 1 1 817 916 820 818
2647 4 2 1 1 819 915 917 918
2648 4 2 1 1 819 915 918 916
2649 4 2 1 1 819 916 918 820
2650 4 2 1 1 819 917 821 822
2651 4 2 1 1 819 917 822 918
2652 4 2 1 1 819 918 822 820
2653 4 2 1 1 821 917 919 920
2654 4 2 1 1 821 917 920 918
2655 4 2 1 1 821 918 920 822
2656 4 2 1 1 821 919 823 824
2657 4 2 1 1 821 919 824 920
2658 4 2 1 1 821 920 824 822
2659 4 2 1 1 823 919 921 922
2660 4 2 1 1 823 919 922 920
2661 4 2 1 1 823 920 922 824
2662 4 2 1 1 823 921 825 826
2663 4 2 1 1 823 921 826 922
2664 4 2 1 1 823 922 826 824
2665 4 2 1 1 825 921 923 924
2666 4 2 1 1 825 921 924 922
2667 4 2 1 1 825 922 924 826
2668 4 2 1 1 825 923 827 828
2669 4 2 1 1 825 923 828 924
2670 4 2 1 1 825 924 828 826
2671 4 2 1 1 827 923 925 926
2672 4 2 1 1 827 923 926 924
2673 4 2 1 1 827 924 926 828
2674 4 2 1 1 827 925 829 830
2675 4 2 1 1 827 925 830 926
2676 4 2 1 1 827 926 830 828
2677 4 2 1 1 829 925 927 928
2678 4 2 1 1 829 925 928 926
2679 4 2 1 1 829 926 928 830
2680 4 2 1 1 829 927 831 832
2681 4 2 1 1 829 927 832 928
2682 4 2 1 1 829 928 832 830
2683 4 2 1 1 831 927 929 930
2684 4 2 1 1 831 927 930 928
2685 4 2 1 1 831 928 930 832
2686 4 2 1 1 831 929 833 834
2687 4 2 1 1 831 929 834 930
2688 4 2 1 1 831 930 834 832
2689 4 2 1 1 833 929 931 932
2690 4 2 1 1 833 929 932 930
2691 4 2 1 1 833 930 932 834
2692 4 2 1 1 833 931 835 836
2693 4 2 1 1 833 931 836 932
2694 4 2 1 1 833 932 836 834
2695 4 2 1 1 835 931 933 934
2696 4 2 1 1 835 931 934 932
2697 4 2 1 1 835 932 934 836
2698 4 2 1 1 835 933 837 838
2699 4 2 1 1 835 933 838 934
2700 4 2 1 1 835 934 838 836
2701 4 2 1 1 837 933 935 936
2702 4 2 1 1 837 933 936 934
2703 4 2 1 1 837 934 936 838
2704 4 2 1 1 837 935 839 840
2705 4 2 1 1 837 935 840 936
2706 4 2 1 1 837 936 840 838
2707 4 2 1 1 839 935 937 938
2708 4 2 1 1 839 935 938 936
2709 4 2 1 1 839 936 938 840
2710 4 2 1 1 839 937 841 842
2711 4 2 1 1 839 937 842 938
2712 4 2 1 1 839 938 842 840
2713 4 2 1 1 841 937 939 940
2714 4 2 1 1 841 937 940 938
2715 4 2 1 1 841 938 940 842
2716 4 2 1 1 841 939 843 844
2717 4 2 1 1 841 939 844 940
2718 4 2 1 1 841 940 844 842
2719 4 2 1 1 843 939 941 942
2720 4 2 1 1 843 939 942 940
2721 4 2 1 1 843 940 942 844
2722 4 2 1 1 843 941 845 846
2723 4 2 1 1 843 941 846 942
2724 4 2 1 1 843 942 846 844
2725 4 2 1 1 845 941 943 944
2726 4 2 1 1 845 941 944 942
2727 4 2 1 1 845 942 944 846
2728 4 2 1 1 845 943 847 848
2729 4 2 1 1 845 943 848 944
2730 4 2 1 1 845 944 848 846
2731 4 2 1 1 847 943 945 946
2732 4 2 1 1 847 943 946 944
2733 4 2 1 1 847 944 946 848
2734 4 2 1 1 847 945 849 850
2735 4 2 1 1 847 945 850 946
2736 4 2 1 1 847 946 850 848
2737 4 2 1 1 849 945 947 948
2738 4 2 1 1 849 945 948 946
2739 4 2 1 1 849 946 948 850
2740 4 2 1 1 849 947 851 852
2741 4 2 1 1 849 947 852 948
2742 4 2 1 1 849 948 852 850
2743 4 2 1 1 851 947 949 950
2744 4 2 1 1 851 947 950 948
2745 4 2 1 1 851 948 950 852
2746 4 2 1 1 851 949 853 854
2747 4 2 1 1 851 949 854 950
2748 4 2 1 1 851 950 854 852
2749 4 2 1 1 853 949 951 952
2750 4 2 1 1 853 949 952 950
2751 4 2 1 1 853 950 952 854
2752 4 2 1 1 853 951 855 856
2753 4 2 1 1 853 951 856 952
2754 4 2 1 1 853 952 856 854
2755 4 2 1 1 855 951 953 954
2756 4 2 1 1 855 951 954 952
2757 4 2 1 1 855 952 954 856
2758 4 2 1 1 855 953 857 858
2759 4 2 1 1 855 953 858 954
2760 4 2 1 1 855 954 858 856
2761 4 2 1 1 857 953 955 956
2762 4 2 1 1 857 953 956 954
2763 4 2 1 1 857 954 956 858
2764 4 2 1 1 857 955 859 860
2765 4 2 1 1 857 955 860 956
2766 4 2 1 1 857 956 860 858
2767 4 2 1 1 859 955 957 958
2768 4 2 1 1 859 955 958 956
2769 4 2 1 1 859 956 958 860
2770 4 2 1 1 859 957 861 862
2771 4 2 1 1 859 957 862 958
2772 4 2 1 1 859 958 862 860
2773 4 2 1 1 861 957 959 960
2774 4 2 1 1 861 957 960 958
2775 4 2 1 1 861 958 960 862
2776 4 2 1 1 861 959 863 864
2777 4 2 1 1 861 959 864 960
2778 4 2 1 1 861 960 864 862
2779 4 2 1 1 863 959 865 866
2780 4 2 1 1 863 959 866 960
2781 4 2 1 1 863 960 866 864
2782 4 2 1 1 863 865 769 770
2783 4 2 1 1 863 865 770 866
2784 4 2 1 1 863 866 770 864
2785 4 2 1 1 865 961 963 964
2786 4 2 1 1 865 961 964 962
2787 4 2 1 1 865 962 964 866
2788 4 2 1 1 865 963 867 868
2789 4 2 1 1 865 963 868 964
2790 4 2 1 1 865 964 868 866
2791 4 2 1 1 867 963 965 966
2792 4 2 1 1 867 963 966 964
2793 4 2 1 1 867 964 966 868
2794 4 2 1 1 867 965 869 870
2795 4 2 1 1 867 965 870 966
2796 4 2 1 1 867 966 870 868
2797 4 2 1 1 869 965 967 968
2798 4 2 1 1 869 965 968 966
2799 4 2 1 1 869 966 968 870
2800 4 2 1 1 869 967 871 872
2801 4 2 1 1 869 967 872 968
2802 4 2 1 1 869 968 872 870
2803 4 2 1 1 871 967 969 970
2804 4 2 1 1 871 967 970 968
2805 4 2 1 1 871 968 970 872
2806 4 2 1 1 871 969 873 874
2807 4 2 1 1 871 969 874 970
2808 4 2 1 1 871 970 874 872
2809 4 2 1 1 873 969 971 972
2810 4 2 1 1 873 969 972 970
2811 4 2 1 1 873 970 972 874
2812 4 2 1 1 873 971 875 876
2813 4 2 1 1 873 971 876 972
2814 4 2 1 1 873 972 876 874
2815 4 2 1 1 875 971 973 974
2816 4 2 1 1 875 971 974 972
2817 4 2 1 1 875 972 974 876
2818 4 2 1 1 875 973 877 878
2819 4 2 1 1 875 973 878 974
2820 4 2 1 1 875 974 878 876
2821 4 2 1 1 877 973 975 976
2822 4 2 1 1 877 973 976 974
2823 4 2 1 1 877 974 976 878
2824 4 2 1 1 877 975 879 880
2825 4 2 1 1 877 975 880 976
2826 4 2 1 1 877 976 880 878
2827 4 2 1 1 879 975 977 978
2828 4 2 1 1 879 975 978 976
2829 4 2 1 1 879 976 978 880
2830 4 2 1 1 879 977 881 882
2831 4 2 1 1 879 977 882 978
2832 4 2 1 1 879 978 882 880
2833 4 2 1 1 881 977 979 980
2834 4 2 1 1 881 977 980 978
2835 4 2 1 1 881 978 980 882
2836 4 2 1 1 881 979 883 884
2837 4 2 1 1 881 979 884 980
2838 4 2 1 1 881 980 884 882
2839 4 2 1 1 883 979 981 982
2840 4 2 1 1 883 979 982 980
2841 4 2 1 1 883 980 982 884
2842 4 2 1 1 883 981 885 886
2843 4 2 1 1 883 981 886 982
2844 4 2 1 1 883 982 886 884
2845 4 2 1 1 885 981 983 984
2846 4 2 1 1 885 981 984 982
2847 4 2 1 1 885 982 984 886
2848 4 2 1 1 885 983 887 888
2849 4 2 1 1 885 983 888 984
2850 4 2 1 1 885 984 888 886
2851 4 2 1 1 887 983 985 986
2852 4 2 1 1 887 983 986 984
2853 4 2 1 1 887 984 986 888
2854 4 2 1 1 887 985 889 890
2855 4 2 1 1 887 985 890 986
2856 4 2 1 1 887 986 890 888
2857 4 2 1 1 889 985 987 988
2858 4 2 1 1 889 985 988 986
2859 4 2 1 1 889 986 988 890
2860 4 2 1 1 889 987 891 892
2861 4 2 1 1 889 987 892 988
2862 4 2 1 1 889 988 892 890
2863 4 2 1 1 891 987 989 990
2864 4 2 1 1 891 987 990 988
2865 4 2 1 1 891 988 990 892
2866 4 2 1 1 891 989 893 894
2867 4 2 1 1 891 989 894 990
2868 4 2 1 1 891 990 894 892
2869 4 2 1 1 893 989 991 992
2870 4 2 1 1 893 989 992 990
2871 4 2 1 1 893 990 992 894
2872 4 2 1 1 893 991 895 896
2873 4 2 1 1 893 991 896 992
2874 4 2 1 1 893 992 896 894
2875 4 2 1 1 895 991 993 994
2876 4 2 1 1 895 991 994 992
2877 4 2 1 1 895 992 994 896
2878 4 2 1 1 895 993 897 898
2879 4 2 1 1 895 993 898 994
2880 4 2 1 1 895 994 898 896
2881 4 2 1 1 897 993 995 996
2882 4 2 1 1 897 993 996 994
2883 4 2 1 1 897 994 996 898
2884 4 2 1 1 897 995 899 900
2885 4 2 1 1 897 995 900 996
2886 4 2 1 1 897 996 900 898
2887 4 2 1 1 899 995 997 998
2888 4 2 1 1 899 995 998 996
2889 4 2 1 1 899 996 998 900
2890 4 2 1 1 899 997 901 902
2891 4 2 1 1 899 997 902 998
2892 4 2 1 1 899 998 902 900
2893 4 2 1 1 901 997 999 1000
2894 4 2 1 1 901 997 1000 998
2895 4 2 1 1 901 998 1000 902
2896 4 2 1 1 901 999 903 904
2897 4 2 1 1 901 999 904 1000
2898 4 2 1 1 901 1000 904 902
2899 4 2 1 1 903 999 1001 1002
2900 4 2 1 1 903 999 1002 1000
2901 4 2 1 1 903 1000 1002 904
2902 4 2 1 1 903 1001 905 906
2903 4 2 1 1 903 1001 906 1002
2904 4 2 1 1 903 1002 906 904
2905 4 2 1 1 905 1001 1003 1004
2906 4 2 1 1 905 1001 1004 1002
2907 4 2 1 1 905 1002 1004 906
2908 4 2 1 1 905 1003 907 908
2909 4 2 1 1 905 1003 908 1004
2910 4 2 1 1 905 1004 908 906
2911 4 2 1 1 907 1003 1005 1006
2912 4 2 1 1 907 1003 1006 1004
2913 4 2 1 1 907 1004 1006 908
2914 4 2 1 1 907 1005 909 910
2915 4 2 1 1 907 1005 910 1006
2916 4 2 1 1 907 1006 910 908
2917 4 2 1 1 909 1005 1007 1008
2918 4 2 1 1 909 1005 1008 1006
2919 4 2 1 1 909 1006 1008 910
2920 4 2 1 1 909 1007 911 912
2921 4 2 1 1 909 1007 912 1008
2922 4 2 1 1 909 1008 912 910
2923 4 2 1 1 911 1007 1009 1010
2924 4 2 1 1 911 1007 1010 1008
2925 4 2 1 1 911 1008 1010 912
2926 4 2 1 1 911 1009 913 914
2927 4 2 1 1 911 1009 914 1010
2928 4 2 1 1 911 1010 914 912
2929 4 2 1 1 913 1009 1011 1012
2930 4 2 1 1 913 1009 1012 1010
2931 4 2 1 1 913 1010 1012 914
2932 4 2 1 1 913 1011 915 916
2933 4 2 1 1 913 1011 916 1012
2934 4 2 1 1 913 1012 916 914
2935 4 2 1 1 915 1011 1013 1014
2936 4 2 1 1 915 1011 1014 1012
2937 4 2 1 1 915 1012 1014 916
2938 4 2 1 1 915 1013 917 918
2939 4 2 1 1 915 1013 918 1014
2940 4 2 1 1 915 1014 918 916
2941 4 2 1 1 917 1013 1015 1016
2942 4 2 1 1 917 1013 1016 1014
2943 4 2 1 1 917 1014 1016 918
2944 4 2 1 1 917 1015 919 920
2945 4 2 1 1 917 1015 920 1016
2946 4 2 1 1 917 1016 920 918
2947 4 2 1 1 919 1015 1017 1018
2948 4 2 1 1 919 1015 1018 1016
2949 4 2 1 1 919 1016 1018 920
2950 4 2 1 1 919 1017 921 922
2951 4 2 1 1 919 1017 922 1018
2952 4 2 1 1 919 1018 922 920
2953 4 2 1 1 921 1017 1019 1020
2954 4 2 1 1 921 1017 1020 1018
2955 4 2 1 1 921 1018 1020 922
2956 4 2 1 1 921 1019 923 924
2957 4 2 1 1 921 1019 924 1020
2958 4 2 1 1 921 1020 924 922
2959 4 2 1 1 923 1019 1021 1022
2960 4 2 1 1 923 1019 1022 1020
2961 4 2 1 1 923 1020 1022 924
2962 4 2 1 1 923 1021 925 926
2963 4 2 1 1 923 1021 926 1022
2964 4 2 1 1 923 1022 926 924
2965 4 2 1 1 925 1021 1023 1024
2966 4 2 1 1 925 1021 1024 1022
2967 4 2 1 1 925 1022 1024 926
2968 4 2 1 1 925 1023 927 928
2969 4 2 1 1 925 1023 928 1024
2970 4 2 1 1 925 1024 928 926
2971 4 2 1 1 927 1023 1025 1026
2972 4 2 1 1 927 1023 1026 1024
2973 4 2 1 1 927 1024 1026 928
2974 4 2 1 1 927 1025 929 930
2975 4 2 1 1 927 1025 930 1026
2976 4 2 1 1 927 1026 930 928
2977 4 2 1 1 929 1025 1027 1028
2978 4 2 1 1 929 1025 1028 1026
2979 4 2 1 1 929 1026 1028 930
2980 4 2 1 1 929 1027 931 932
2981 4 2 1 1 929 1027 932 1028
2982 4 2 1 1 929 1028 932 930
2983 4 2 1 1 931 1027 1029 1030
2984 4 2 1 1 931 1027 1030 1028
2985 4 2 1 1 931 1028 1030 932
2986 4 2 1 1 931 1029 933 934
2987 4 2 1 1 931 1029 934 1030
2988 4 2 1 1 931 1030 934 932
2989 4 2 1 1 933 1029 1031 1032
2990 4 2 1 1 933 1029 1032 1030
2991 4 2 1 1 933 1030 1032 934
2992 4 2 1 1 933 1031 935 936
2993 4 2 1 1 933 1031 936 1032
2994 4 2 1 1 933 1032 936 934
2995 4 2 1 1 935 1031 1033 1034
2996 4 2 1 1 935 1031 1034 1032
2997 4 2 1 1 935 1032 1034 936
2998 4 2 1 1 935 1033 937 938
2999 4 2 1 1 935 1033 938 1034
3000 4 2 1 1 935 1034 938 936
3001 4 2 1 1 937 1033 1035 1036
3002 4 2 1 1 937 1033 1036 1034
3003 4 2 1 1 937 1034 1036 938
3004 4 2 1 1 937 1035 939 940
3005 4 2 1 1 937 1035 940 1036
3006 4 2 1 1 937 1036 940 938
3007 4 2 1 1 939 1035 1037 1038
3008 4 2 1 1 939 1035 1038 1036
3009 4 2 1 1 939 1036 1038 940
3010 4 2 1 1 939 1037 941 942
3011 4 2 1 1 939 1037 942 1038
3012 4 2 1 1 939 1038 942 940
3013 4 2 1 1 941 1037 1039 1040
3014 4 2 1 1 941 1037 1040 1038
3015 4 2 1 1 941 1038 1040 942
3016 4 2 1 1 941 1039 943 944
3017 4 2 1 1 941 1039 944 1040
3018 4 2 1 1 941 1040 944 942
3019 4 2 1 1 943 1039 1041 1042
3020 4 2 1 1 943 1039 1042 1040
3021 4 2 1 1 943 1040 1042 944
3022 4 2 1 1 943 1041 945 946
3023 4 2 1 1 943 1041 946 1042
3024 4 2 1 1 943 1042 946 944
3025 4 2 1 1 945 1041 1043 1044
3026 4 2 1 1 945 1041 1044 1042
3027 4 2 1 1 945 1042 1044 946
3028 4 2 1 1 945 1043 947 948
3029 4 2 1 1 945 1043 948 1044
3030 4 2 1 1 945 1044 948 946
3031 4 2 1 1 947 1043 1045 1046
3032 4 2 1 1 947 1043 1046 1044
3033 4 2 1 1 947 1044 1046 948
3034 4 2 1 1 947 1045 949 950
3035 4 2 1 1 947 1045 950 1046
3036 4 2 1 1 947 1046 950 948
3037 4 2 1 1 949 1045 1047 1048
3038 4 2 1 1 949 1045 1048 1046
3039 4 2 1 1 949 1046 1048 950
3040 4 2 1 1 949 1047 951 952
3041 4 2 1 1 949 1047 952 1048
3042 4 2 1 1 949 1048 952 950
3043 4 2 1 1 951 1047 1049 1050
3044 4 2 1 1 951 1047 1050 1048
3045 4 2 1 1 951 1048 1050 952
3046 4 2 1 1 951 1049 953 954
3047 4 2 1 1 951 1049 954 1050
3048 4 2 1 1 951 1050 954 952
3049 4 2 1 1 953 1049 1051 1052
3050 4 2 1 1 953 1049 1052 1050
3051 4 2 1 1 953 1050 1052 954
3052 4 2 1 1 953 1051 955 956
3053 4 2 1 1 953 1051 956 1052
3054 4 2 1 1 953 1052 956 954
3055 4 2 1 1 955 1051 1053 1054
3056 4 2 1 1 955 1051 1054 1052
3057 4 2 1 1 955 1052 1054 956
3058 4 2 1 1 955 1053 957 958
3059 4 2 1 1 955 1053 958 1054
3060 4 2 1 1 955 1054 958 956
3061 4 2 1 1 957 1053 1055 1056
3062 4 2 1 1 957 1053 1056 1054
3063 4 2 1 1 957 1054 1056 958
3064 4 2 1 1 957 1055 959 960
3065 4 2 1 1 957 1055 960 1056
3066 4 2 1 1 957 1056 960 958
3067 4 2 1 1 959 1055 961 962
3068 4 2 1 1 959 1055 962 1056
3069 4 2 1 1 959 1056 962 960
3070 4 2 1 1 959 961 865 866
3071 4 2 1 1 959 961 866 962
3072 4 2 1 1 959 962 866 960
3073 4 2 1 1 961 1057 1059 1060
3074 4 2 1 1 961 1057 1060 1058
3075 4 2 1 1 961 1058 1060 962
3076 4 2 1 1 961 1059 963 964
3077 4 2 1 1 961 1059 964 1060
3078 4 2 1 1 961 1060 964 962
3079 4 2 1 1 963 1059 1061 1062
3080 4 2 1 1 963 1059 1062 1060
3081 4 2 1 1 963 1060 1062 964
3082 4 2 1 1 963 1061 965 966
3083 4 2 1 1 963 1061 966 1062
3084 4 2 1 1 963 1062 966 964
3085 4 2 1 1 965 1061 1063 1064
3086 4 2 1 1 965 1061 1064 1062
3087 4 2 1 1 965 1062 1064 966
3088 4 2 1 1 965 1063 967 968
3089 4 2 1 1 965 1063 968 1064
3090 4 2 1 1 965 1064 968 966
3091 4 2 1 1 967 1063 1065 1066
3092 4 2 1 1 967 1063 1066 1064
3093 4 2 1 1 967 1064 1066 968
3094 4 2 1 1 967 1065 969 970
3095 4 2 1 1 967 1065 970 1066
3096 4 2 1 1 967 1066 970 968
3097 4 2 1 1 969 1065 1067 1068
3098 4 2 1 1 969 1065 1068 1066
3099 4 2 1 1 969 1066 1068 970
3100 4 2 1 1 969 1067 971 972
3101 4 2 1 1 969 1067 972 1068
3102 4 2 1 1 969 1068 972 970
3103 4 2 1 1 971 1067 1069 1070
3104 4 2 1 1 971 1067 1070 1068
3105 4 2 1 1 971 1068 1070 972
3106 4 2 1 1 971 1069 973 974
3107 4 2 1 1 971 1069 974 1070
3108 4 2 1 1 971 1070 974 972
3109 4 2 1 1 973 1069 1071 1072
3110 4 2 1 1 973 1069 1072 1070
3111 4 2 1 1 973 1070 1072 974
3112 4 2 1 1 973 1071 975 976
3113 4 2 1 1 973 1071 976 1072
3114 4 2 1 1 973 1072 976 974
3115 4 2 1 1 975 1071 1073 1074
3116 4 2 1 1 975 1071 1074 1072
3117 4 2 1 1 975 1072 1074 976
3118 4 2 1 1 975 1073 977 978
3119 4 2 1 1 975 1073 978 1074
3120 4 2 1 1 975 1074 978 976
3121 4 2 1 1 977 1073 1075 1076
3122 4 2 1 1 977 1073 1076 1074
3123 4 2 1 1 977 1074 1076 978
3124 4 2 1 1 977 1075 979 980
3125 4 2 1 1 977 1075 980 1076
3126 4 2 1 1 977 1076 980 978
3127 4 2 1 1 979 1075 1077 1078
3128 4 2 1 1 979 1075 1078 1076
3129 4 2 1 1 979 1076 1078 980
3130 4 2 1 1 979 1077 981 982
3131 4 2 1 1 979 1077 982 1078
3132 4 2 1 1 979 1078 982 980
3133 4 2 1 1 981 1077 1079 1080
3134 4 2 1 1 981 1077 1080 1078
3135 4 2 1 1 981 1078 1080 982
3136 4 2 1 1 981 1079 983 984
3137 4 2 1 1 981 1079 984 1080
3138 4 2 1 1 981 1080 984 982
3139 4 2 1 1 983 1079 1081 1082
3140 4 2 1 1 983 1079 1082 1080
3141 4 2 1 1 983 1080 1082 984
3142 4 2 1 1 983 1081 985 986
3143 4 2 1 1 983 1081 986 1082
3144 4 2 1 1 983 1082 986 984
3145 4 2 1 1 985 1081 1083 1084
3146 4 2 1 1 985 1081 1084 1082
3147 4 2 1 1 985 1082 1084 986
3148 4 2 1 1 985 1083 987 988
3149 4 2 1 1 985 1083 988 1084
3150 4 2 1 1 985 1084 988 986
3151 4 2 1 1 987 1083 1085 1086
3152 4 2 1 1 987 1083 1086 1084
3153 4 2 1 1 987 1084 1086 988
3154 4 2 1 1 987 1085 989 990
3155 4 2 1 1 987 1085 990 1086
3156 4 2 1 1 987 1086 990 988
3157 4 2 1 1 989 1085 1087 1088
3158 4 2 1 1 989 1085 1088 1086
3159 4 2 1 1 989 1086 1088 990
3160 4 2 1 1 989 1087 991 992
3161 4 2 1 1 989 1087 992 1088
3162 4 2 1 1 989 1088 992 990
3163 4 2 1 1 991 1087 1089 1090
3164 4 2 1 1 991 1087 1090 1088
3165 4 2 1 1 991 1088 1090 992
3166 4 2 1 1 991 1089 993 994
3167 4 2 1 1 991 1089 994 1090
3168 4 2 1 1 991 1090 994 992
3169 4 2 1 1 993 1089 1091 1092
3170 4 2 1 1 993 1089 1092 1090
3171 4 2 1 1 993 1090 1092 994
3172 4 2 1 1 993 1091 995 996
3173 4 2 1 1 993 1091 996 1092
3174 4 2 1 1 993 1092 996 994
3175 4 2 1 1 995 1091 1093 1094
3176 4 2 1 1 995 1091 1094 1092
3177 4 2 1 1 995 1092 1094 996
3178 4 2 1 1 995 1093 997 998
3179 4 2 1 1 995 1093 998 1094
3180 4 2 1 1 995 1094 998 996
3181 4 2 1 1 997 1093 1095 1096
3182 4 2 1 1 997 1093 1096 1094
3183 4 2 1 1 997 1094 1096 998
3184 4 2 1 1 997 1095 999 1000
3185 4 2 1 1 997 1095 1000 1096
3186 4 2 1 1 997 1096 1000 998
3187 4 2 1 1 999 1095 1097 1098
3188 4 2 1 1 999 1095 1098 1096
3189 4 2 1 1 999 1096 1098 1000
3190 4 2 1 1 999 1097 1001 1002
3191 4 2 1 1 999 1097 1002 1098
3192 4 2 1 1 999 1098 1002 1000
3193 4 2 1 1 1001 1097 1099 1100
3194 4 2 1 1 1001 1097 1100 1098
3195 4 2 1 1 1001 1098 1100 1002
3196 4 2 1 1 1001 1099 1003 1004
3197 4 2 1 1 1001 1099 1004 1100
3198 4 2 1 1 1001 1100 1004 1002
3199 4 2 1 1 1003 1099 1101 1102
3200 4 2 1 1 1003 1099 1102 1100
3201 4 2 1 1 1003 1100 1102 1004
3202 4 2 1 1 1003 1101 1005 1006
3203 4 2 1 1 1003 1101 1006 1102
3204 4 2 1 1 1003 1102 1006 1004
3205 4 2 1 1 1005 1101 1103 1104
3206 4 2 1 1 1005 1101 1104 1102
3207 4 2 1 1 1005 1102 1104 1006
3208 4 2 1 1 1005 1103 1007 1008
3209 4 2 1 1 1005 1103 1008 1104
3210 4 2 1 1 1005 1104 1008 1006
3211 4 2 1 1 1007 1103 1105 1106
3212 4 2 1 1 1007 1103 1106 1104
3213 4 2 1 1 1007 1104 1106 1008
3214 4 2 1 1 1007 1105 1009 1010
3215 4 2 1 1 1007 1105 1010 1106
3216 4 2 1 1 1007 1106 1010 1008
3217 4 2 1 1 1009 1105 1107 1108
3218 4 2 1 1 1009 1105 1108 1106
3219 4 2 1 1 1009 1106 1108 1010
3220 4 2 1 1 1009 1107 1011 1012
3221 4 2 1 1 1009 1107 1012 1108
3222 4 2 1 1 1009 1108 1012 1010
3223 4 2 1 1 1011 1107 1109 1110
3224 4 2 1 1 1011 1107 1110 1108
3225 4 2 1 1 1011 1108 1110 1012
3226 4 2 1 1 1011 1109 1013 1014
3227 4 2 1 1 1011 1109 1014 1110
3228 4 2 1 1 1011 1110 1014 1012
3229 4 2 1 1 1013 1109 1111 1112
3230 4 2 1 1 1013 1109 1112 1110
3231 4 2 1 1 1013 1110 1112 1014
3232 4 2 1 1 1013 1111 1015 1016
3233 4 2 1 1 1013 1111 1016 1112
3234 4 2 1 1 1013 1112 1016 1014
3235 4 2 1 1 1015 1111 1113 1114
3236 4 2 1 1 1015 1111 1114 1112
3237 4 2 1 1 1015 1112 1114 1016
3238 4 2 1 1 1015 1113 1017 1018
3239 4 2 1 1 1015 1113 1018 1114
3240 4 2 1 1 1015 1114 1018 1016
3241 4 2 1 1 1017 1113 1115 1116
3242 4 2 1 1 1017 1113 1116 1114
3243 4 2 1 1 1017 1114 1116 1018
3244 4 2 1 1 1017 1115 1019 1020
3245 4 2 1 1 1017 1115 1020 1116
3246 4 2 1 1 1017 1116 1020 1018
3247 4 2 1 1 1019 1115 1117 1118
3248 4 2 1 1 1019 1115 1118 1116
3249 4 2 1 1 1019 1116 1118 1020
3250 4 2 1 1 1019 1117 1021 1022
3251 4 2 1 1 1019 1117 1022 1118
3252 4 2 1 1 1019 1118 1022 1020
3253 4 2 1 1 1021 1117 1119 1120
3254 4 2 1 1 1021 1117 1120 1118
3255 4 2 1 1 1021 1118 1120 1022
3256 4 2 1 1 1021 1119 1023 1024
3257 4 2 1 1 1021 1119 1024 1120
3258 4 2 1 1 1021 1120 1024 1022
3259 4 2 1 1 1023 1119 1121 1122
3260 4 2 1 1 1023 1119 1122 1120
3261 4 2 1 1 1023 1120 1122 1024
3262 4 2 1 1 1023 1121 1025 1026
3263 4 2 1 1 1023 1121 1026 1122
3264 4 2 1 1 1023 1122 1026 1024
3265 4 2 1 1 1025 1121 1123 1124
3266 4 2 1 1 1025 1121 1124 1122
3267 4 2 1 1 1025 1122 1124 1026
3268 4 2 1 1 1025 1123 1027 1028
3269 4 2 1 1 1025 1123 1028 1124
3270 4 2 1 1 1025 1124 1028 1026
3271 4 2 1 1 1027 1123 1125 1126
3272 4 2 1 1 1027 1123 1126 1124
3273 4 2 1 1 1027 1124 1126 1028
3274 4 2 1 1 1027 1125 1029 1030
3275 4 2 1 1 1027 1125 1030 1126
3276 4 2 1 1 1027 1126 1030 1028
3277 4 2 1 1 1029 1125 1127 1128
3278 4 2 1 1 1029 1125 1128 1126
3279 4 2 1 1 1029 1126 1128 1030
3280 4 2 1 1 1029 1127 1031 1032
3281 4 2 1 1 1029 1127 1032 1128
3282 4 2 1 1 1029 1128 1032 1030
3283 4 2 1 1 1031 1127 1129 1130
3284 4 2 1 1 1031 1127 1130 1128
3285 4 2 1 1 1031 1128 1130 1032
3286 4 2 1 1 1031 1129 1033 1034
3287 4 2 1 1 1031 1129 1034 1130
3288 4 2 1 1 1031 1130 1034 1032
3289 4 2 1 1 1033 1129 1131 1132
3290 4 2 1 1 1033 1129 1132 1130
3291 4 2 1 1 1033 1130 1132 1034
3292 4 2 1 1 1033 1131 1035 1036
3293 4 2 1 1 1033 1131 1036 1132
3294 4 2 1 1 1033 1132 1036 1034
3295 4 2 1 1 1035 1131 1133 1134
3296 4 2 1 1 1035 1131 1134 1132
3297 4 2 1 1 1035 1132 1134 1036
3298 4 2 1 1 1035 1133 1037 1038
3299 4 2 1 1 1035 1133 1038 1134
3300 4 2 1 1 1035 1134 1038 1036
3301 4 2 1 1 1037 1133 1135 1136
3302 4 2 1 1 1037 1133 1136 1134
3303 4 2 1 1 1037 1134 1136 1038
3304 4 2 1 1 1037 1135 1039 1040
3305 4 2 1 1 1037 1135 1040 1136
3306 4 2 1 1 1037 1136 1040 1038
3307 4 2 1 1 1039 1135 1137 1138
3308 4 2 1 1 1039 1135 1138 1136
3309 4 2 1 1 1039 1136 1138 1040
3310 4 2 1 1 1039 1137 1041 1042
3311 4 2 1 1 1039 1137 1042 1138
3312 4 2 1 1 1039 1138 1042 1040
3313 4 2 1 1 1041 1137 1139 1140
3314 4 2 1 1 1041 1137 1140 1138
3315 4 2 1 1 1041 1138 1140 1042
3316 4 2 1 1 1041 1139 1043 1044
3317 4 2 1 1 1041 1139 1044 1140
3318 4 2 1 1 1041 1140 1044 1042
3319 4 2 1 1 1043 1139 1141 1142
3320 4 2 1 1 1043 1139 1142 1140
3321 4 2 1 1 1043 1140 1142 1044
3322 4 2 1 1 1043 1141 1045 1046
3323 4 2 1 1 1043 1141 1046 1142
3324 4 2 1 1 1043 1142 1046 1044
3325 4 2 1 1 1045 1141 1143 1144
3326 4 2 1 1 1045 1141 1144 1142
3327 4 2 1 1 1045 1142 1144 1046
3328 4 2 1 1 1045 1143 1047 1048
3329 4 2 1 1 1045 1143 1048 1144
3330 4 2 1 1 1045 1144 1048 1046
3331 4 2 1 1 1047 1143 1145 1146
3332 4 2 1 1 1047 1143 1146 1144
3333 4 2 1 1 1047 1144 1146 1048
3334 4 2 1 1 1047 1145 1049 1050
3335 4 2 1 1 1047 1145 1050 1146
3336 4 2 1 1 1047 1146 1050 1048
3337 4 2 1 1 1049 1145 1147 1148
3338 4 2 1 1 1049 1145 1148 1146
3339 4 2 1 1 1049 1146 1148 1050
3340 4 2 1 1 1049 1147 1051 1052
3341 4 2 1 1 1049 1147 1052 1148
3342 4 2 1 1 1049 1148 1052 1050
3343 4 2 1 1 1051 1147 1149 1150
3344 4 2 1 1 1051 1147 1150 1148
3345 4 2 1 1 1051 1148 1150 1052
3346 4 2 1 1 1051 1149 1053 1054
3347 4 2 1 1 1051 1149 1054 1150
3348 4 2 1 1 1051 1150 1054 1052
3349 4 2 1 1 1053 1149 1151 1152
3350 4 2 1 1 1053 1149 1152 1150
3351 4 2 1 1 1053 1150 1152 1054
3352 4 2 1 1 1053 1151 1055 1056
3353 4 2 1 1 1053 1151 1056 1152
3354 4 2 1 1 1053 1152 1056 1054
3355 4 2 1 1 1055 1151 1057 1058
3356 4 2 1 1 1055 1151 1058 1152
3357 4 2 1 1 1055 1152 1058 1056
3358 4 2 1 1 1055 1057 961 962
3359 4 2 1 1 1055 1057 962 1058
3360 4 2 1 1 1055 1058 962 1056
3361 4 2 1 1 1057 1153 1155 1156
3362 4 2 1 1 1057 1153 1156 1154
3363 4 2 1 1 1057 1154 1156 1058
3364 4 2 1 1 1057 1155 1059 1060
3365 4 2 1 1 1057 1155 1060 1156
3366 4 2 1 1 1057 1156 1060 1058
3367 4 2 1 1 1059 1155 1157 1158
3368 4 2 1 1 1059 1155 1158 1156
3369 4 2 1 1 1059 1156 1158 1060
3370 4 2 1 1 1059 1157 1061 1062
3371 4 2 1 1 1059 1157 1062 1158
3372 4 2 1 1 1059 1158 1062 1060
3373 4 2 1 1 1061 1157 1159 1160
3374 4 2 1 1 1061 1157 1160 1158
3375 4 2 1 1 1061 1158 1160 1062
3376 4 2 1 1 1061 1159 1063 1064
3377 4 2 1 1 1061 1159 1064 1160
3378 4 2 1 1 1061 1160 1064 1062
3379 4 2 1 1 1063 1159 1161 1162
3380 4 2 1 1 1063 1159 1162 1160
3381 4 2 1 1 1063 1160 1162 1064
3382 4 2 1 1 1063 1161 1065 1066
3383 4 2 1 1 1063 1161 1066 1162
3384 4 2 1 1 1063 1162 1066 1064
3385 4 2 1 1 1065 1161 1163 1164
3386 4 2 1 1 1065 1161 1164 1162
3387 4 2 1 1 1065 1162 1164 1066
3388 4 2 1 1 1065 1163 1067 1068
3389 4 2 1 1 1065 1163 1068 1164
3390 4 2 1 1 1065 1164 1068 1066
3391 4 2 1 1 1067 1163 1165 1166
3392 4 2 1 1 1067 1163 1166 1164
3393 4 2 1 1 1067 1164 1166 1068
3394 4 2 1 1 1067 1165 1069 1070
3395 4 2 1 1 1067 1165 1070 1166
3396 4 2 1 1 1067 1166 1070 1068
3397 4 2 1 1 1069 1165 1167 1168
3398 4 2 1 1 1069 1165 1168 1166
3399 4 2 1 1 1069 1166 1168 1070
3400 4 2 1 1 1069 1167 1071 1072
3401 4 2 1 1 1069 1167 1072 1168
3402 4 2 1 1 1069 1168 1072 1070
3403 4 2 1 1 1071 1167 1169 1170
3404 4 2 1 1 1071 1167 1170 1168
3405 4 2 1 1 1071 1168 1170 1072
3406 4 2 1 1 1071 1169 1073 1074
3407 4 2 1 1 1071 1169 1074 1170
3408 4 2 1 1 1071 1170 1074 1072
3409 4 2 1 1 1073 1169 1171 1172
3410 4 2 1 1 1073 1169 1172 1170
3411 4 2 1 1 1073 1170 1172 1074
3412 4 2 1 1 1073 1171 1075 1076
3413 4 2 1 1 1073 1171 1076 1172
3414 4 2 1 1 1073 1172 1076 1074
3415 4 2 1 1 1075 1171 1173 1174
3416 4 2 1 1 1075 1171 1174 1172
3417 4 2 1 1 1075 1172 1174 1076
3418 4 2 1 1 1075 1173 1077 1078
3419 4 2 1 1 1075 1173 1078 1174
3420 4 2 1 1 1075 1174 1078 1076
3421 4 2 1 1 1077 1173 1175 1176
3422 4 2 1 1 1077 1173 1176 1174
3423 4 2 1 1 1077 1174 1176 1078
3424 4 2 1 1 1077 1175 1079 1080
3425 4 2 1 1 1077 1175 1080 1176
3426 4 2 1 1 1077 1176 1080 1078
3427 4 2 1 1 1079 1175 1177 1178
3428 4 2 1 1 1079 1175 1178 1176
3429 4 2 1 1 1079 1176 1178 1080
3430 4 2 1 1 1079 1177 1081 1082
3431 4 2 1 1 1079 1177 1082 1178
3432 4 2 1 1 1079 1178 1082 1080
3433 4 2 1 1 1081 1177 1179 1180
3434 4 2 1 1 1081 1177 1180 1178
3435 4 2 1 1 1081 1178 1180 1082
3436 4 2 1 1 1081 1179 1083 1084
3437 4 2 1 1 1081 1179 1084 1180
3438 4 2 1 1 1081 1180 1084 1082
3439 4 2 1 1 1083 1179 1181 1182
3440 4 2 1 1 1083 1179 1182 1180
3441 4 2 1 1 1083 1180 1182 1084
3442 4 2 1 1 1083 1181 1085 1086
3443 4 2 1 1 1083 1181 1086 1182
3444 4 2 1 1 1083 1182 1086 1084
3445 4 2 1 1 1085 1181 1183 1184
3446 4 2 1 1 1085 1181 1184 1182
3447 4 2 1 1 1085 1182 1184 1086
3448 4 2 1 1 1085 1183 1087 1088
3449 4 2 1 1 1085 1183 1088 1184
3450 4 2 1 1 1085 1184 1088 1086
3451 4 2 1 1 1087 1183 1185 1186
3452 4 2 1 1 1087 1183 1186 1184
3453 4 2 1 1 1087 1184 1186 1088
3454 4 2 1 1 1087 1185 1089 1090
3455 4 2 1 1 1087 1185 1090 1186
3456 4 2 1 1 1087 1186 1090 1088
3457 4 2 1 1 1089 1185 1187 1188
3458 4 2 1 1 1089 1185 1188 1186
3459 4 2 1 1 1089 1186 1188 1090
3460 4 2 1 1 1089 1187 1091 1092
3461 4 2 1 1 1089 1187 1092 1188
3462 4 2 1 1 1089 1188 1092 1090
3463 4 2 1 1 1091 1187 1189 1190
3464 4 2 1 1 1091 1187 1190 1188
3465 4 2 1 1 1091 1188 1190 1092
3466 4 2 1 1 1091 1189 1093 1094
3467 4 2 1 1 1091 1189 1094 1190
3468 4 2 1 1 1091 1190 1094 1092
3469 4 2 1 1 1093 1189 1191 1192
3470 4 2 1 1 1093 1189 1192 1190
3471 4 2 1 1 1093 1190 1192 1094
3472 4 2 1 1 1093 1191 1095 1096
3473 4 2 1 1 1093 1191 1096 1192
3474 4 2 1 1 1093 1192 1096 1094
3475 4 2 1 1 1095 1191 1193 1194
3476 4 2 1 1 1095 1191 1194 1192
3477 4 2 1 1 1095 1192 1194 1096
3478 4 2 1 1 1095 1193 1097 1098
3479 4 2 1 1 1095 1193 1098 1194
3480 4 2 1 1 1095 1194 1098 1096
3481 4 2 1 1 1097 1193 1195 1196
3482 4 2 1 1 1097 1193 1196 1194
3483 4 2 1 1 1097 1194 1196 1098
3484 4 2 1 1 1097 1195 1099 1100
3485 4 2 1 1 1097 1195 1100 1196
3486 4 2 1 1 1097 1196 1100 1098
3487 4 2 1 1 1099 1195 1197 1198
3488 4 2 1 1 1099 1195 1198 1196
3489 4 2 1 1 1099 1196 1198 1100
3490 4 2 1 1 1099 1197 1101 1102
3491 4 2 1 1 1099 1197 1102 1198
3492 4 2 1 1 1099 1198 1102 1100
3493 4 2 1 1 1101 1197 1199 1200
3494 4 2 1 1 1101 1197 1200 1198
3495 4 2 1 1 1101 1198 1200 1102
3496 4 2 1 1 1101 1199 1103 1104
3497 4 2 1 1 1101 1199 1104 1200
3498 4 2 1 1 1101 1200 1104 1102
3499 4 2 1 1 1103 1199 1201 1202
3500 4 2 1 1 1103 1199 1202 1200
3501 4 2 1 1 1103 1200 1202 1104
3502 4 2 1 1 1103 1201 1105 1106
3503 4 2 1 1 1103 1201 1106 1202
3504 4 2 1 1 1103 1202 1106 1104
3505 4 2 1 1 1105 1201 1203 1204
3506 4 2 1 1 1105 1201 1204 1202
3507 4 2 1 1 1105 1202 1204 1106
3508 4 2 1 1 1105 1203 1107 1108
3509 4 2 1 1 1105 1203 1108 1204
3510 4 2 1 1 1105 1204 1108 1106
3511 4 2 1 1 1107 1203 1205 1206
3512 4 2 1 1 1107 1203 1206 1204
3513 4 2 1 1 1107 1204 1206 1108
3514 4 2 1 1 1107 1205 1109 1110
3515 4 2 1 1 1107 1205 1110 1206
3516 4 2 1 1 1107 1206 1110 1108
3517 4 2 1 1 1109 1205 1207 1208
3518 4 2 1 1 1109 1205 1208 1206
3519 4 2 1 1 1109 1206 1208 1110
3520 4 2 1 1 1109 1207 1111 1112
3521 4 2 1 1 1109 1207 1112 1208
3522 4 2 1 1 1109 1208 1112 1110
3523 4 2 1 1 1111 1207 1209 1210
3524 4 2 1 1 1111 1207 1210 1208
3525 4 2 1 1 1111 1208 1210 1112
3526 4 2 1 1 1111 1209 1113 1114
3527 4 2 1 1 1111 1209 1114 1210
3528 4 2 1 1 1111 1210 1114 1112
3529 4 2 1 1 1113 1209 1211 1212
3530 4 2 1 1 1113 1209 1212 1210
3531 4 2 1 1 1113 1210 1212 1114
3532 4 2 1 1 1113 1211 1115 1116
3533 4 2 1 1 1113 1211 1116 1212
3534 4 2 1 1 1113 1212 1116 1114
3535 4 2 1 1 1115 1211 1213 1214
3536 4 2 1 1 1115 1211 1214 1212
3537 4 2 1 1 1115 1212 1214 1116
3538 4 2 1 1 1115 1213 1117 1118
3539 4 2 1 1 1115 1213 1118 1214
3540 4 2 1 1 1115 1214 1118 1116
3541 4 2 1 1 1117 1213 1215 1216
3542 4 2 1 1 1117 1213 1216 1214
3543 4 2 1 1 1117 1214 1216 1118
3544 4 2 1 1 1117 1215 1119 1120
3545 4 2 1 1 1117 1215 1120 1216
3546 4 2 1 1 1117 1216 1120 1118
3547 4 2 1 1 1119 1215 1217 1218
3548 4 2 1 1 1119 1215 1218 1216
3549 4 2 1 1 1119 1216 1218 1120
3550 4 2 1 1 1119 1217 1121 1122
3551 4 2 1 1 1119 1217 1122 1218
3552 4 2 1 1 1119 1218 1122 1120
3553 4 2 1 1 1121 1217 1219 1220
3554 4 2 1 1 1121 1217 1220 1218
3555 4 2 1 1 1121 1218 1220 1122
3556 4 2 1 1 1121 1219 1123 1124
3557 4 2 1 1 1121 1219 1124 1220
3558 4 2 1 1 1121 1220 1124 1122
3559 4 2 1 1 1123 1219 1221 1222
3560 4 2 1 1 1123 1219 1222 1220
3561 4 2 1 1 1123 1220 1222 1124
3562 4 2 1 1 1123 1221 1125 1126
3563 4 2 1 1 1123 1221 1126 1222
3564 4 2 1 1 1123 1222 1126 1124
3565 4 2 1 1 1125 1221 1223 1224
3566 4 2 1 1 1125 1221 1224 1222
3567 4 2 1 1 1125 1222 1224 1126
3568 4 2 1 1 1125 1223 1127 1128
3569 4 2 1 1 1125 1223 1128 1224
3570 4 2 1 1 1125 1224 1128 1126
3571 4 2 1 1 1127 1223 1225 1226
3572 4 2 1 1 1127 1223 1226 1224
3573 4 2 1 1 1127 1224 1226 1128
3574 4 2 1 1 1127 1225 1129 1130
3575 4 2 1 1 1127 1225 1130 1226
3576 4 2 1 1 1127 1226 1130 1128
3577 4 2 1 1 1129 1225 1227 1228
3578 4 2 1 1 1129 1225 1228 1226
3579 4 2 1 1 1129 1226 1228 1130
3580 4 2 1 1 1129 1227 1131 1132
3581 4 2 1 1 1129 1227 1132 1228
3582 4 2 1 1 1129 1228 1132 1130
3583 4 2 1 1 1131 1227 1229 1230
3584 4 2 1 1 1131 1227 1230 1228
3585 4 2 1 1 1131 1228 1230 1132
3586 4 2 1 1 1131 1229 1133 1134
3587 4 2 1 1 1131 1229 1134 1230
3588 4 2 1 1 1131 1230 1134 1132
3589 4 2 1 1 1133 1229 1231 1232
3590 4 2 1 1 1133 1229 1232 1230
3591 4 2 1 1 1133 1230 1232 1134
3592 4 2 1 1 1133 1231 1135 1136
3593 4 2 1 1 1133 1231 1136 1232
3594 4 2 1 1 1133 1232 1136 1134
3595 4 2 1 1 1135 1231 1233 1234
3596 4 2 1 1 1135 1231 1234 1232
3597 4 2 1 1 1135 1232 1234 1136
3598 4 2 1 1 1135 1233 1137 1138
3599 4 2 1 1 1135 1233 1138 1234
3600 4 2 1 1 1135 1234 1138 1136
3601 4 2 1 1 1137 1233 1235 1236
3602 4 2 1 1 1137 1233 1236 1234
3603 4 2 1 1 1137 1234 1236 1138
3604 4 2 1 1 1137 1235 1139 1140
3605 4 2 1 1 1137 1235 1140 1236
3606 4 2 1 1 1137 1236 1140 1138
3607 4 2 1 1 1139 1235 1237 1238
3608 4 2 1 1 1139 1235 1238 1236
3609 4 2 1 1 1139 1236 1238 1140
3610 4 2 1 1 1139 1237 1141 1142
3611 4 2 1 1 1139 1237 1142 1238
3612 4 2 1 1 1139 1238 1142 1140
3613 4 2 1 1 1141 1237 1239 1240
3614 4 2 1 1 1141 1237 1240 1238
3615 4 2 1 1 1141 1238 1240 1142
3616 4 2 1 1 1141 1239 1143 1144
3617 4 2 1 1 1141 1239 1144 1240
3618 4 2 1 1 1141 1240 1144 1142
3619 4 2 1 1 1143 1239 1241 1242
3620 4 2 1 1 1143 1239 1242 1240
3621 4 2 1 1 1143 1240 1242 1144
3622 4 2 1 1 1143 1241 1145 1146
3623 4 2 1 1 1143 1241 1146 1242
3624 4 2 1 1 1143 1242 1146 1144
3625 4 2 1 1 1145 1241 1243 1244
3626 4 2 1 1 1145 1241 1244 1242
3627 4 2 1 1 1145 1242 1244 1146
3628 4 2 1 1 1145 1243 1147 1148
3629 4 2 1 1 1145 1243 1148 1244
3630 4 2 1 1 1145 1244 1148 1146
3631 4 2 1 1 1147 1243 1245 1246
3632 4 2 1 1 1147 1243 1246 1244
3633 4 2 1 1 1147 1244 1246 1148
3634 4 2 1 1 1147 1245 1149 1150
3635 4 2 1 1 1147 1245 1150 1246
3636 4 2 1 1 1147 1246 1150 1148
3637 4 2 1 1 1149 1245 1247 1248
3638 4 2 1 1 1149 1245 1248 1246
3639 4 2 1 1 1149 1246 1248 1150
3640 4 2 1 1 1149 1247 1151 1152
3641 4 2 1 1 1149 1247 1152 1248
3642 4 2 1 1 1149 1248 1152 1150
3643 4 2 1 1 1151 1247 1153 1154
3644 4 2 1 1 1151 1247 1154 1248
3645 4 2 1 1 1151 1248 1154 1152
3646 4 2 1 1 1151 1153 1057 1058
3647 4 2 1 1 1151 1153 1058 1154
3648 4 2 1 1 1151 1154 1058 1152
3649 4 2 1 1 1153 1249 1251 1252
3650 4 2 1 1 1153 1249 1252 1250
3651 4 2 1 1 1153 1250 1252 1154
3652 4 2 1 1 1153 1251 1155 1156
3653 4 2 1 1 1153 1251 1156 1252
3654 4 2 1 1 1153 1252 1156 1154
3655 4 2 1 1 1155 1251 1253 1254
3656 4 2 1 1 1155 1251 1254 1252
3657 4 2 1 1 1155 1252 1254 1156
3658 4 2 1 1 1155 1253 1157 1158
3659 4 2 1 1 1155 1253 1158 1254
3660 4 2 1 1 1155 1254 1158 1156
3661 4 2 1 1 1157 1253 1255 1256
3662 4 2 1 1 1157 1253 1256 1254
3663 4 2 1 1 1157 1254 1256 1158
3664 4 2 1 1 1157 1255 1159 1160
3665 4 2 1 1 1157 1255 1160 1256
3666 4 2 1 1 1157 1256 1160 1158
3667 4 2 1 1 1159 1255 1257 1258
3668 4 2 1 1 1159 1255 1258 1256
3669 4 2 1 1 1159 1256 1258 1160
3670 4 2 1 1 1159 1257 1161 1162
3671 4 2 1 1 1159 1257 1162 1258
3672 4 2 1 1 1159 1258 1162 1160
3673 4 2 1 1 1161 1257 1259 1260
3674 4 2 1 1 1161 1257 1260 1258
3675 4 2 1 1 1161 1258 1260 1162
3676 4 2 1 1 1161 1259 1163 1164
3677 4 2 1 1 1161 1259 1164 1260
3678 4 2 1 1 1161 1260 1164 1162
3679 4 2 1 1 1163 1259 1261 1262
3680 4 2 1 1 1163 1259 1262 1260
3681 4 2 1 1 1163 1260 1262 1164
3682 4 2 1 1 1163 1261 1165 1166
3683 4 2 1 1 1163 1261 1166 1262
3684 4 2 1 1 1163 1262 1166 1164
3685 4 2 1 1 1165 1261 1263 1264
3686 4 2 1 1 1165 1261 1264 1262
3687 4 2 1 1 1165 1262 1264 1166
3688 4 2 1 1 1165 1263 1167 1168
3689 4 2 1 1 1165 1263 1168 1264
3690 4 2 1 1 1165 1264 1168 1166
3691 4 2 1 1 1167 1263 1265 1266
3692 4 2 1 1 1167 1263 1266 1264
3693 4 2 1 1 1167 1264 1266 1168
3694 4 2 1 1 1167 1265 1169 1170
3695 4 2 1 1 1167 1265 1170 1266
3696 4 2 1 1 1167 1266 1170 1168
3697 4 2 1 1 1169 1265 1267 1268
3698 4 2 1 1 1169 1265 1268 1266
3699 4 2 1 1 1169 1266 1268 1170
3700 4 2 1 1 1169 1267 1171 1172
3701 4 2 1 1 1169 1267 1172 1268
3702 4 2 1 1 1169 1268 1172 1170
3703 4 2 1 1 1171 1267 1269 1270
3704 4 2 1 1 1171 1267 1270 1268
3705 4 2 1 1 1171 1268 1270 1172
3706 4 2 1 1 1171 1269 1173 1174
3707 4 2 1 1 1171 1269 1174 1270
3708 4 2 1 1 1171 1270 1174 1172
3709 4 2 1 1 1173 1269 1271 1272
3710 4 2 1 1 1173 1269 1272 1270
3711 4 2 1 1 1173 1270 1272 1174
3712 4 2 1 1 1173 1271 1175 1176
3713 4 2 1 1 1173 1271 1176 1272
3714 4 2 1 1 1173 1272 1176 1174
3715 4 2 1 1 1175 1271 1273 1274
3716 4 2 1 1 1175 1271 1274 1272
3717 4 2 1 1 1175 1272 1274 1176
3718 4 2 1 1 1175 1273 1177 1178
3719 4 2 1 1 1175 1273 1178 1274
3720 4 2 1 1 1175 1274 1178 1176
3721 4 2 1 1 1177 1273 1275 1276
3722 4 2 1 1 1177 1273 1276 1274
3723 4 2 1 1 1177 1274 1276 1178
3724 4 2 1 1 1177 1275 1179 1180
3725 4 2 1 1 1177 1275 1180 1276
3726 4 2 1 1 1177 1276 1180 1178
3727 4 2 1 1 1179 1275 1277 1278
3728 4 2 1 1 1179 1275 1278 1276
3729 4 2 1 1 1179 1276 1278 1180
3730 4 2 1 1 1179 1277 1181 1182
3731 4 2 1 1 1179 1277 1182 1278
3732 4 2 1 1 1179 1278 1182 1180
3733 4 2 1 1 1181 1277 1279 1280
3734 4 2 1 1 1181 1277 1280 1278
3735 4 2 1 1 1181 1278 1280 1182
3736 4 2 1 1 1181 1279 1183 1184
3737 4 2 1 1 1181 1279 1184 1280
3738 4 2 1 1 1181 1280 1184 1182
3739 4 2 1 1 1183 1279 1281 1282
3740 4 2 1 1 1183 1279 1282 1280
3741 4 2 1 1 1183 1280 1282 1184
3742 4 2 1 1 1183 1281 1185 1186
3743 4 2 1 1 1183 1281 1186 1282
3744 4 2 1 1 1183 1282 1186 1184
3745 4 2 1 1 1185 1281 1283 1284
3746 4 2 1 1 1185 1281 1284 1282
3747 4 2 1 1 1185 1282 1284 1186
3748 4 2 1 1 1185 1283 1187 1188
3749 4 2 1 1 1185 1283 1188 1284
3750 4 2 1 1 1185 1284 1188 1186
3751 4 2 1 1 1187 1283 1285 1286
3752 4 2 1 1 1187 1283 1286 1284
3753 4 2 1 1 1187 1284 1286 1188
3754 4 2 1 1 1187 1285 1189 1190
3755 4 2 1 1 1187 1285 1190 1286
3756 4 2 1 1 1187 1286 1190 1188
3757 4 2 1 1 1189 1285 1287 1288
3758 4 2 1 1 1189 1285 1288 1286
3759 4 2 1 1 1189 1286 1288 1190
3760 4 2 1 1 1189 1287 1191 1192
3761 4 2 1 1 1189 1287 1192 1288
3762 4 2 1 1 1189 1288 1192 1190
3763 4 2 1 1 1191 1287 1289 1290
3764 4 2 1 1 1191 1287 1290 1288
3765 4 2 1 1 1191 1288 1290 1192
3766 4 2 1 1 1191 1289 1193 1194
3767 4 2 1 1 1191 1289 1194 1290
3768 4 2 1 1 1191 1290 1194 1192
3769 4 2 1 1 1193 1289 1291 1292
3770 4 2 1 1 1193 1289 1292 1290
3771 4 2 1 1 1193 1290 1292 1194
3772 4 2 1 1 1193 1291 1195 1196
3773 4 2 1 1 1193 1291 1196 1292
3774 4 2 1 1 1193 1292 1196 1194
3775 4 2 1 1 1195 1291 1293 1294
3776 4 2 1 1 1195 1291 1294 1292
3777 4 2 1 1 1195 1292 1294 1196
3778 4 2 1 1 1195 1293 1197 1198
3779 4 2 1 1 1195 1293 1198 1294
3780 4 2 1 1 1195 1294 1198 1196
3781 4 2 1 1 1197 1293 1295 1296
3782 4 2 1 1 1197 1293 1296 1294
3783 4 2 1 1 1197 1294 1296 1198
3784 4 2 1 1 1197 1295 1199 1200
3785 4 2 1 1 1197 1295 1200 1296
3786 4 2 1 1 1197 1296 1200 1198
3787 4 2 1 1 1199 1295 1297 1298
3788 4 2 1 1 1199 1295 1298 1296
3789 4 2 1 1 1199 1296 1298 1200
3790 4 2 1 1 1199 1297 1201 1202
3791 4 2 1 1 1199 1297 1202 1298
3792 4 2 1 1 1199 1298 1202 1200
3793 4 2 1 1 1201 1297 1299 1300
3794 4 2 1 1 1201 1297 1300 1298
3795 4 2 1 1 1201 1298 1300 1202
3796 4 2 1 1 1201 1299 1203 1204
3797 4 2 1 1 1201 1299 1204 1300
3798 4 2 1 1 1201 1300 1204 1202
3799 4 2 1 1 1203 1299 1301 1302
3800 4 2 1 1 1203 1299 1302 1300
3801 4 2 1 1 1203 1300 1302 1204
3802 4 2 1 1 1203 1301 1205 1206
3803 4 2 1 1 1203 1301 1206 1302
3804 4 2 1 1 1203 1302 1206 1204
3805 4 2 1 1 1205 1301 1303 1304
3806 4 2 1 1 1205 1301 1304 1302
3807 4 2 1 1 1205 1302 1304 1206
3808 4 2 1 1 1205 1303 1207 1208
3809 4 2 1 1 1205 1303 1208 1304
3810 4 2 1 1 1205 1304 1208 1206
3811 4 2 1 1 1207 1303 1305 1306
3812 4 2 1 1 1207 1303 1306 1304
3813 4 2 1 1 1207 1304 1306 1208
3814 4 2 1 1 1207 1305 1209 1210
3815 4 2 1 1 1207 1305 1210 1306
3816 4 2 1 1 1207 1306 1210 1208
3817 4 2 1 1 1209 1305 1307 1308
3818 4 2 1 1 1209 1305 1308 1306
3819 4 2 1 1 1209 1306 1308 1210
3820 4 2 1 1 1209 1307 1211 1212
3821 4 2 1 1 1209 1307 1212 1308
3822 4 2 1 1 1209 1308 1212 1210
3823 4 2 1 1 1211 1307 1309 1310
3824 4 2 1 1 1211 1307 1310 1308
3825 4 2 1 1 1211 1308 1310 1212
3826 4 2 1 1 1211 1309 1213 1214
3827 4 2 1 1 1211 1309 1214 1310
3828 4 2 1 1 1211 1310 1214 1212
3829 4 2 1 1 1213 1309 1311 1312
3830 4 2 1 1 1213 1309 1312 1310
3831 4 2 1 1 1213 1310 1312 1214
3832 4 2 1 1 1213 1311 1215 1216
3833 4 2 1 1 1213 1311 1216 1312
3834 4 2 1 1 1213 1312 1216 1214
3835 4 2 1 1 1215 1311 1313 1314
3836 4 2 1 1 1215 1311 1314 1312
3837 4 2 1 1 1215 1312 1314 1216
3838 4 2 1 1 1215 1313 1217 1218
3839 4 2 1 1 1215 1313 1218 1314
3840 4 2 1 1 1215 1314 1218 1216
3841 4 2 1 1 1217 1313 1315 1316
3842 4 2 1 1 1217 1313 1316 1314
3843 4 2 1 1 1217 1314 1316 1218
3844 4 2 1 1 1217 1315 1219 1220
3845 4 2 1 1 1217 1315 1220 1316
3846 4 2 1 1 1217 1316 1220 1218
3847 4 2 1 1 1219 1315 1317 1318
3848 4 2 1 1 1219 1315 1318 1316
3849 4 2 1 1 1219 1316 1318 1220
3850 4 2 1 1 1219 1317 1221 1222
3851 4 2 1 1 1219 1317 1222 1318
3852 4 2 1 1 1219 1318 1222 1220
3853 4 2 1 1 1221 1317 1319 1320
3854 4 2 1 1 1221 1317 1320 1318
3855 4 2 1 1 1221 1318 1320 1222
3856 4 2 1 1 1221 1319 1223 1224
3857 4 2 1 1 1221 1319 1224 1320
3858 4 2 1 1 1221 1320 1224 1222
3859 4 2 1 1 1223 1319 1321 1322
3860 4 2 1 1 1223 1319 1322 1320
3861 4 2 1 1 1223 1320 1322 1224
3862 4 2 1 1 1223 1321 1225 1226
3863 4 2 1 1 1223 1321 1226 1322
3864 4 2 1 1 1223 1322 1226 1224
3865 4 2 1 1 1225 1321 1323 1324
3866 4 2 1 1 1225 1321 1324 1322
3867 4 2 1 1 1225 1322 1324 1226
3868 4 2 1 1 1225 1323 1227 1228
3869 4 2 1 1 1225 1323 1228 1324
3870 4 2 1 1 1225 1324 1228 1226
3871 4 2 1 1 1227 1323 1325 1326
3872 4 2 1 1 1227 1323 1326 1324
3873 4 2 1 1 1227 1324 1326 1228
3874 4 2 1 1 1227 1325 1229 1230
3875 4 2 1 1 1227 1325 1230 1326
3876 4 2 1 1 1227 1326 1230 1228
3877 4 2 1 1 1229 1325 1327 1328
3878 4 2 1 1 1229 1325 1328 1326
3879 4 2 1 1 1229 1326 1328 1230
3880 4 2 1 1 1229 1327 1231 1232
3881 4 2 1 1 1229 1327 1232 1328
3882 4 2 1 1 1229 1328 1232 1230
3883 4 2 1 1 1231 1327 1329 1330
3884 4 2 1 1 1231 1327 1330 1328
3885 4 2 1 1 1231 1328 1330 1232
3886 4 2 1 1 1231 1329 1233 1234
3887 4 2 1 1 1231 1329 1234 1330
3888 4 2 1 1 1231 1330 1234 1232
3889 4 2 1 1 1233 1329 1331 1332
3890 4 2 1 1 1233 1329 1332 1330
3891 4 2 1 1 1233 1330 1332 1234
3892 4 2 1 1 1233 1331 1235 1236
3893 4 2 1 1 1233 1331 1236 1332
3894 4 2 1 1 1233 1332 1236 1234
3895 4 2 1 1 1235 1331 1333 1334
3896 4 2 1 1 1235 1331 1334 1332
3897 4 2 1 1 1235 1332 1334 1236
3898 4 2 1 1 1235 1333 1237 1238
3899 4 2 1 1 1235 1333 1238 1334
3900 4 2 1 1 1235 1334 1238 1236
3901 4 2 1 1 1237 1333 1335 1336
3902 4 2 1 1 1237 1333 1336 1334
3903 4 2 1 1 1237 1334 1336 1238
3904 4 2 1 1 1237 1335 1239 1240
3905 4 2 1 1 1237 1335 1240 1336
3906 4 2 1 1 1237 1336 1240 1238
3907 4 2 1 1 1239 1335 1337 1338
3908 4 2 1 1 1239 1335 1338 1336
3909 4 2 1 1 1239 1336 1338 1240
3910 4 2 1 1 1239 1337 1241 1242
3911 4 2 1 1 1239 1337 1242 1338
3912 4 2 1 1 1239 1338 1242 1240
3913 4 2 1 1 1241 1337 1339 1340
3914 4 2 1 1 1241 1337 1340 1338
3915 4 2 1 1 1241 1338 1340 1242
3916 4 2 1 1 1241 1339 1243 1244
3917 4 2 1 1 1241 1339 1244 1340
3918 4 2 1 1 1241 1340 1244 1242
3919 4 2 1 1 1243 1339 1341 1342
3920 4 2 1 1 1243 1339 1342 1340
3921 4 2 1 1 1243 1340 1342 1244
3922 4 2 1 1 1243 1341 1245 1246
3923 4 2 1 1 1243 1341 1246 1342
3924 4 2 1 1 1243 1342 1246 1244
3925 4 2 1 1 1245 1341 1343 1344
3926 4 2 1 1 1245 1341 1344 1342
3927 4 2 1 1 1245 1342 1344 1246
3928 4 2 1 1 1245 1343 1247 1248
3929 4 2 1 1 1245 1343 1248 1344
3930 4 2 1 1 1245 1344 1248 1246
3931 4 2 1 1 1247 1343 1249 1250
3932 4 2 1 1 1247 1343 1250 1344
3933 4 2 1 1 1247 1344 1250 1248
3934 4 2 1 1 1247 1249 1153 1154
3935 4 2 1 1 1247 1249 1154 1250
3936 4 2 1 1 1247 1250 1154 1248
3937 4 2 1 1 1249 1345 1347 1348
3938 4 2 1 1 1249 1345 1348 1346
3939 4 2 1 1 1249 1346 1348 1250
3940 4 2 1 1 1249 1347 1251 1252
3941 4 2 1 1 1249 1347 1252 1348
3942 4 2 1 1 1249 1348 1252 1250
3943 4 2 1 1 1251 1347 1349 1350
3944 4 2 1 1 1251 1347 1350 1348
3945 4 2 1 1 1251 1348 1350 1252
3946 4 2 1 1 1251 1349 1253 1254
3947 4 2 1 1 1251 1349 1254 1350
3948 4 2 1 1 1251 1350 1254 1252
3949 4 2 1 1 1253 1349 1351 1352
3950 4 2 1 1 1253 1349 1352 1350
3951 4 2 1 1 1253 1350 1352 1254
3952 4 2 1 1 1253 1351 1255 1256
3953 4 2 1 1 1253 1351 1256 1352
3954 4 2 1 1 1253 1352 1256 1254
3955 4 2 1 1 1255 1351 1353 1354
3956 4 2 1 1 1255 1351 1354 1352
3957 4 2 1 1 1255 1352 1354 1256
3958 4 2 1 1 1255 1353 1257 1258
3959 4 2 1 1 1255 1353 1258 1354
3960 4 2 1 1 1255 1354 1258 1256
3961 4 2 1 1 1257 1353 1355 1356
3962 4 2 1 1 1257 1353 1356 1354
3963 4 2 1 1 1257 1354 1356 1258
3964 4 2 1 1 1257 1355 1259 1260
3965 4 2 1 1 1257 1355 1260 1356
3966 4 2 1 1 1257 1356 1260 1258
3967 4 2 1 1 1259 1355 1357 1358
3968 4 2 1 1 1259 1355 1358 1356
3969 4 2 1 1 1259 1356 1358 1260
3970 4 2 1 1 1259 1357 1261 1262
3971 4 2 1 1 1259 1357 1262 1358
3972 4 2 1 1 1259 1358 1262 1260
3973 4 2 1 1 1261 1357 1359 1360
3974 4 2 1 1 1261 1357 1360 1358
3975 4 2 1 1 1261 1358 1360 1262
3976 4 2 1 1 1261 1359 1263 1264
3977 4 2 1 1 1261 1359 1264 1360
3978 4 2 1 1 1261 1360 1264 1262
3979 4 2 1 1 1263 1359 1361 1362
3980 4 2 1 1 1263 1359 1362 1360
3981 4 2 1 1 1263 1360 1362 1264
3982 4 2 1 1 1263 1361 1265 1266
3983 4 2 1 1 1263 1361 1266 1362
3984 4 2 1 1 1263 1362 1266 1264
3985 4 2 1 1 1265 1361 1363 1364
3986 4 2 1 1 1265 1361 1364 1362
3987 4 2 1 1 1265 1362 1364 1266
3988 4 2 1 1 1265 1363 1267 1268
3989 4 2 1 1 1265 1363 1268 1364
3990 4 2 1 1 1265 1364 1268 1266
3991 4 2 1 1 1267 1363 1365 1366
3992 4 2 1 1 1267 1363 1366 1364
3993 4 2 1 1 1267 1364 1366 1268
3994 4 2 1 1 1267 1365 1269 1270
3995 4 2 1 1 1267 1365 1270 1366
3996 4 2 1 1 1267 1366 1270 1268
3997 4 2 1 1 1269 1365 1367 1368
3998 4 2 1 1 1269 1365 1368 1366
3999 4 2 1 1 1269 1366 1368 1270
4000 4 2 1 1 1269 1367 1271 1272
4001 4 2 1 1 1269 1367 1272 1368
4002 4 2 1 1 1269 1368 1272 1270
4003 4 2 1 1 1271 1367 1369 1370
4004 4 2 1 1 1271 1367 1370 1368
4005 4 2 1 1 1271 1368 1370 1272
4006 4 2 1 1 1271 1369 1273 1274
4007 4 2 1 1 1271 1369 1274 1370
4008 4 2 1 1 1271 1370 1274 1272
4009 4 2 1 1 1273 1369 1371 1372
4010 4 2 1 1 1273 1369 1372 1370
4011 4 2 1 1 1273 1370 1372 1274
4012 4 2 1 1 1273 1371 1275 1276
4013 4 2 1 1 1273 1371 1276 1372
4014 4 2 1 1 1273 1372 1276 1274
4015 4 2 1 1 1275 1371 1373 1374
4016 4 2 1 1 1275 1371 1374 1372
4017 4 2 1 1 1275 1372 1374 1276
4018 4 2 1 1 1275 1373 1277 1278
4019 4 2 1 1 1275 1373 1278 1374
4020 4 2 1 1 1275 1374 1278 1276
4021 4 2 1 1 1277 1373 1375 1376
4022 4 2 1 1 1277 1373 1376 1374
4023 4 2 1 1 1277 1374 1376 1278
4024 4 2 1 1 1277 1375 1279 1280
4025 4 2 1 1 1277 1375 1280 1376
4026 4 2 1 1 1277 1376 1280 1278
4027 4 2 1 1 1279 1375 1377 1378
4028 4 2 1 1 1279 1375 1378 1376
4029 4 2 1 1 1279 1376 1378 1280
4030 4 2 1 1 1279 1377 1281 1282
4031 4 2 1 1 1279 1377 1282 1378
4032 4 2 1 1 1279 1378 1282 1280
4033 4 2 1 1 1281 1377 1379 1380
4034 4 2 1 1 1281 1377 1380 1378
4035 4 2 1 1 1281 1378 1380 1282
4036 4 2 1 1 1281 1379 1283 1284
4037 4 2 1 1 1281 1379 1284 1380
4038 4 2 1 1 1281 1380 1284 1282
4039 4 2 1 1 1283 1379 1381 1382
4040 4 2 1 1 1283 1379 1382 1380
4041 4 2 1 1 1283 1380 1382 1284
4042 4 2 1 1 1283 1381 1285 1286
4043 4 2 1 1 1283 1381 1286 1382
4044 4 2 1 1 1283 1382 1286 1284
4045 4 2 1 1 1285 1381 1383 1384
4046 4 2 1 1 1285 1381 1384 1382
4047 4 2 1 1 1285 1382 1384 1286
4048 4 2 1 1 1285 1383 1287 1288
4049 4 2 1 1 1285 1383 1288 1384
4050 4 2 1 1 1285 1384 1288 1286
4051 4 2 1 1 1287 1383 1385 1386
4052 4 2 1 1 1287 1383 1386 1384
4053 4 2 1 1 1287 1384 1386 1288
4054 4 2 1 1 1287 1385 1289 1290
4055 4 2 1 1 1287 1385 1290 1386
4056 4 2 1 1 1287 1386 1290 1288
4057 4 2 1 1 1289 1385 1387 1388
4058 4 2 1 1 1289 1385 1388 1386
4059 4 2 1 1 1289 1386 1388 1290
4060 4 2 1 1 1289 1387 1291 1292
4061 4 2 1 1 1289 1387 1292 1388
4062 4 2 1 1 1289 1388 1292 1290
4063 4 2 1 1 1291 1387 1389 1390
4064 4 2 1 1 1291 1387 1390 1388
4065 4 2 1 1 1291 1388 1390 1292
4066 4 2 1 1 1291 1389 1293 1294
4067 4 2 1 1 1291 1389 1294 1390
4068 4 2 1 1 1291 1390 1294 1292
4069 4 2 1 1 1293 1389 1391 1392
4070 4 2 1 1 1293 1389 1392 1390
4071 4 2 1 1 1293 1390 1392 1294
4072 4 2 1 1 1293 1391 1295 1296
4073 4 2 1 1 1293 1391 1296 1392
4074 4 2 1 1 1293 1392 1296 1294
4075 4 2 1 1 1295 1391 1393 1394
4076 4 2 1 1 1295 1391 1394 1392
4077 4 2 1 1 1295 1392 1394 1296
4078 4 2 1 1 1295 1393 1297 1298
4079 4 2 1 1 1295 1393 1298 1394
4080 4 2 1 1 1295 1394 1298 1296
4081 4 2 1 1 1297 1393 1395 1396
4082 4 2 1 1 1297 1393 1396 1394
4083 4 2 1 1 1297 1394 1396 1298
4084 4 2 1 1 1297 1395 1299 1300
4085 4 2 1 1 1297 1395 1300 1396
4086 4 2 1 1 1297 1396 1300 1298
4087 4 2 1 1 1299 1395 1397 1398
4088 4 2 1 1 1299 1395 1398 1396
4089 4 2 1 1 1299 1396 1398 1300
4090 4 2 1 1 1299 1397 1301 1302
4091 4 2 1 1 1299 1397 1302 1398
4092 4 2 1 1 1299 1398 1302 1300
4093 4 2 1 1 1301 1397 1399 1400
4094 4 2 1 1 1301 1397 1400 1398
4095 4 2 1 1 1301 1398 1400 1302
4096 4 2 1 1 1301 1399 1303 1304
4097 4 2 1 1 1301 1399 1304 1400
4098 4 2 1 1 1301 1400 1304 1302
4099 4 2 1 1 1303 1399 1401 1402
4100 4 2 1 1 1303 1399 1402 1400
4101 4 2 1 1 1303 1400 1402 1304
4102 4 2 1 1 1303 1401 1305 1306
4103 4 2 1 1 1303 1401 1306 1402
4104 4 2 1 1 1303 1402 1306 1304
4105 4 2 1 1 1305 1401 1403 1404
4106 4 2 1 1 1305 1401 1404 1402
4107 4 2 1 1 1305 1402 1404 1306
4108 4 2 1 1 1305 1403 1307 1308
4109 4 2 1 1 1305 1403 1308 1404
4110 4 2 1 1 1305 1404 1308 1306
4111 4 2 1 1 1307 1403 1405 1406
4112 4 2 1 1 1307 1403 1406 1404
4113 4 2 1 1 1307 1404 1406 1308
4114 4 2 1 1 1307 1405 1309 1310
4115 4 2 1 1 1307 1405 1310 1406
4116 4 2 1 1 1307 1406 1310 1308
4117 4 2 1 1 1309 1405 1407 1408
4118 4 2 1 1 1309 1405 1408 1406
4119 4 2 1 1 1309 1406 1408 1310
4120 4 2 1 1 1309 1407 1311 1312
4121 4 2 1 1 1309 1407 1312 1408
4122 4 2 1 1 1309 1408 1312 1310
4123 4 2 1 1 1311 1407 1409 1410
4124 4 2 1 1 1311 1407 1410 1408
4125 4 2 1 1 1311 1408 1410 1312
4126 4 2 1 1 1311 1409 1313 1314
4127 4 2 1 1 1311 1409 1314 1410
4128 4 2 1 1 1311 1410 1314 1312
4129 4 2 1 1 1313 1409 1411 1412
4130 4 2 1 1 1313 1409 1412 1410
4131 4 2 1 1 1313 1410 1412 1314
4132 4 2 1 1 1313 1411 1315 1316
4133 4 2 1 1 1313 1411 1316 1412
4134 4 2 1 1 1313 1412 1316 1314
4135 4 2 1 1 1315 1411 1413 1414
4136 4 2 1 1 1315 1411 1414 1412
4137 4 2 1 1 1315 1412 1414 1316
4138 4 2 1 1 1315 1413 1317 1318
4139 4 2 1 1 1315 1413 1318 1414
4140 4 2 1 1 1315 1414 1318 1316
4141 4 2 1 1 1317 1413 1415 1416
4142 4 2 1 1 1317 1413 1416 1414
4143 4 2 1 1 1317 1414 1416 1318
4144 4 2 1 1 1317 1415 1319 1320
4145 4 2 1 1 1317 1415 1320 1416
4146 4 2 1 1 1317 1416 1320 1318
4147 4 2 1 1 1319 1415 1417 1418
4148 4 2 1 1 1319 1415 1418 1416
4149 4 2 1 1 1319 1416 1418 1320
4150 4 2 1 1 1319 1417 1321 1322
4151 4 2 1 1 1319 1417 1322 1418
4152 4 2 1 1 1319 1418 1322 1320
4153 4 2 1 1 1321 1417 1419 1420
4154 4 2 1 1 1321 1417 1420 1418
4155 4 2 1 1 1321 1418 1420 1322
4156 4 2 1 1 1321 1419 1323 1324
4157 4 2 1 1 1321 1419 1324 1420
4158 4 2 1 1 1321 1420 1324 1322
4159 4 2 1 1 1323 1419 1421 1422
4160 4 2 1 1 1323 1419 1422 1420
4161 4 2 1 1 1323 1420 1422 1324
4162 4 2 1 1 1323 1421 1325 1326
4163 4 2 1 1 1323 1421 1326 1422
4164 4 2 1 1 1323 1422 1326 1324
4165 4 2 1 1 1325 1421 1423 1424
4166 4 2 1 1 1325 1421 1424 1422
4167 4 2 1 1 1325 1422 1424 1326
4168 4 2 1 1 1325 1423 1327 1328
4169 4 2 1 1 1325 1423 1328 1424
4170 4 2 1 1 1325 1424 1328 1326
4171 4 2 1 1 1327 1423 1425 1426
4172 4 2 1 1 1327 1423 1426 1424
4173 4 2 1 1 1327 1424 1426 1328
4174 4 2 1 1 1327 1425 1329 1330
4175 4 2 1 1 1327 1425 1330 1426
4176 4 2 1 1 1327 1426 1330 1328
4177 4 2 1 1 1329 1425 1427 1428
4178 4 2 1 1 1329 1425 1428 1426
4179 4 2 1 1 1329 1426 1428 1330
4180 4 2 1 1 1329 1427 1331 1332
4181 4 2 1 1 1329 1427 1332 1428
4182 4 2 1 1 1329 1428 1332 1330
4183 4 2 1 1 1331 1427 1429 1430
4184 4 2 1 1 1331 1427 1430 1428
4185 4 2 1 1 1331 1428 1430 1332
4186 4 2 1 1 1331 1429 1333 1334
4187 4 2 1 1 1331 1429 1334 1430
4188 4 2 1 1 1331 1430 1334 1332
4189 4 2 1 1 1333 1429 1431 1432
4190 4 2 1 1 1333 1429 1432 1430
4191 4 2 1 1 1333 1430 1432 1334
4192 4 2 1 1 1333 1431 1335 1336
4193 4 2 1 1 1333 1431 1336 1432
4194 4 2 1 1 1333 1432 1336 1334
4195 4 2 1 1 1335 1431 1433 1434
4196 4 2 1 1 1335 1431 1434 1432
4197 4 2 1 1 1335 1432 1434 1336
4198 4 2 1 1 1335 1433 1337 1338
4199 4 2 1 1 1335 1433 1338 1434
4200 4 2 1 1 1335 1434 1338 1336
4201 4 2 1 1 1337 1433 1435 1436
4202 4 2 1 1 1337 1433 1436 1434
4203 4 2 1 1 1337 1434 1436 1338
4204 4 2 1 1 1337 1435 1339 1340
4205 4 2 1 1 1337 1435 1340 1436
4206 4 2 1 1 1337 1436 1340 1338
4207 4 2 1 1 1339 1435 1437 1438
4208 4 2 1 1 1339 1435 1438 1436
4209 4 2 1 1 1339 1436 1438 1340
4210 4 2 1 1 1339 1437 1341 1342
4211 4 2 1 1 1339 1437 1342 1438
4212 4 2 1 1 1339 1438 1342 1340
4213 4 2 1 1 1341 1437 1439 1440
4214 4 2 1 1 1341 1437 1440 1438
4215 4 2 1 1 1341 1438 1440 1342
4216 4 2 1 1 1341 1439 1343 1344
4217 4 2 1 1 1341 1439 1344 1440
4218 4 2 1 1 1341 1440 1344 1342
4219 4 2 1 1 1343 1439 1345 1346
4220 4 2 1 1 1343 1439 1346 1440
4221 4 2 1 1 1343 1440 1346 1344
4222 4 2 1 1 1343 1345 1249 1250
4223 4 2 1 1 1343 1345 1250 1346
4224 4 2 1 1 1343 1346 1250 1344
4225 4 2 1 1 1345 1441 1443 1444
4226 4 2 1 1 1345 1441 1444 1442
4227 4 2 1 1 1345 1442 1444 1346
4228 4 2 1 1 1345 1443 1347 1348
4229 4 2 1 1 1345 1443 1348 1444
4230 4 2 1 1 1345 1444 1348 1346
4231 4 2 1 1 1347 1443 1445 1446
4232 4 2 1 1 1347 1443 1446 1444
4233 4 2 1 1 1347 1444 1446 1348
4234 4 2 1 1 1347 1445 1349 1350
4235 4 2 1 1 1347 1445 1350 1446
4236 4 2 1 1 1347 1446 1350 1348
4237 4 2 1 1 1349 1445 1447 1448
4238 4 2 1 1 1349 1445 1448 1446
4239 4 2 1 1 1349 1446 1448 1350
4240 4 2 1 1 1349 1447 1351 1352
4241 4 2 1 1 1349 1447 1352 1448
4242 4 2 1 1 1349 1448 1352 1350
4243 4 2 1 1 1351 1447 1449 1450
4244 4 2 1 1 1351 1447 1450 1448
4245 4 2 1 1 1351 1448 1450 1352
4246 4 2 1 1 1351 1449 1353 1354
4247 4 2 1 1 1351 1449 1354 1450
4248 4 2 1 1 1351 1450 1354 1352
4249 4 2 1 1 1353 1449 1451 1452
4250 4 2 1 1 1353 1449 1452 1450
4251 4 2 1 1 1353 1450 1452 1354
4252 4 2 1 1 1353 1451 1355 1356
4253 4 2 1 1 1353 1451 1356 1452
4254 4 2 1 1 1353 1452 1356 1354
4255 4 2 1 1 1355 1451 1453 1454
4256 4 2 1 1 1355 1451 1454 1452
4257 4 2 1 1 1355 1452 1454 1356
4258 4 2 1 1 1355 1453 1357 1358
4259 4 2 1 1 1355 1453 1358 1454
4260 4 2 1 1 1355 1454 1358 1356
4261 4 2 1 1 1357 1453 1455 1456
4262 4 2 1 1 1357 1453 1456 1454
4263 4 2 1 1 1357 1454 1456 1358
4264 4 2 1 1 1357 1455 1359 1360
4265 4 2 1 1 1357 1455 1360 1456
4266 4 2 1 1 1357 1456 1360 1358
4267 4 2 1 1 1359 1455 1457 1458
4268 4 2 1 1 1359 1455 1458 1456
4269 4 2 1 1 1359 1456 1458 1360
4270 4 2 1 1 1359 1457 1361 1362
4271 4 2 1 1 1359 1457 1362 1458
4272 4 2 1 1 1359 1458 1362 1360
4273 4 2 1 1 1361 1457 1459 1460
4274 4 2 1 1 1361 1457 1460 1458
4275 4 2 1 1 1361 1458 1460 1362
4276 4 2 1 1 1361 1459 1363 1364
4277 4 2 1 1 1361 1459 1364 1460
4278 4 2 1 1 1361 1460 1364 1362
4279 4 2 1 1 1363 1459 1461 1462
4280 4 2 1 1 1363 1459 1462 1460
4281 4 2 1 1 1363 1460 1462 1364
4282 4 2 1 1 1363 1461 1365 1366
4283 4 2 1 1 1363 1461 1366 1462
4284 4 2 1 1 1363 1462 1366 1364
4285 4 2 1 1 1365 1461 1463 1464
4286 4 2 1 1 1365 1461 1464 1462
4287 4 2 1 1 1365 1462 1464 1366
4288 4 2 1 1 1365 1463 1367 1368
4289 4 2 1 1 1365 1463 1368 1464
4290 4 2 1 1 1365 1464 1368 1366
4291 4 2 1 1 1367 1463 1465 1466
4292 4 2 1 1 1367 1463 1466 1464
4293 4 2 1 1 1367 1464 1466 1368
4294 4 2 1 1 1367 1465 1369 1370
4295 4 2 1 1 1367 1465 1370 1466
4296 4 2 1 1 1367 1466 1370 1368
4297 4 2 1 1 1369 1465 1467 1468
4298 4 2 1 1 1369 1465 1468 1466
4299 4 2 1 1 1369 1466 1468 1370
4300 4 2 1 1 1369 1467 1371 1372
4301 4 2 1 1 1369 1467 1372 1468
4302 4 2 1 1 1369 1468 1372 1370
4303 4 2 1 1 1371 1467 1469 1470
4304 4 2 1 1 1371 1467 1470 1468
4305 4 2 1 1 1371 1468 1470 1372
4306 4 2 1 1 1371 1469 1373 1374
4307 4 2 1 1 1371 1469 1374 1470
4308 4 2 1 1 1371 1470 1374 1372
4309 4 2 1 1 1373 1469 1471 1472
4310 4 2 1 1 1373 1469 1472 1470
4311 4 2 1 1 1373 1470 1472 1374
4312 4 2 1 1 1373 1471 1375 1376
4313 4 2 1 1 1373 1471 1376 1472
4314 4 2 1 1 1373 1472 1376 1374
4315 4 2 1 1 1375 1471 1473 1474
4316 4 2 1 1 1375 1471 1474 1472
4317 4 2 1 1 1375 1472 1474 1376
4318 4 2 1 1 1375 1473 1377 1378
4319 4 2 1 1 1375 1473 1378 1474
4320 4 2 1 1 1375 1474 1378 1376
4321 4 2 1 1 1377 1473 1475 1476
4322 4 2 1 1 1377 1473 1476 1474
4323 4 2 1 1 1377 1474 1476 1378
4324 4 2 1 1 1377 1475 1379 1380
4325 4 2 1 1 1377 1475 1380 1476
4326 4 2 1 1 1377 1476 1380 1378
4327 4 2 1 1 1379 1475 1477 1478
4328 4 2 1 1 1379 1475 1478 1476
4329 4 2 1 1 1379 1476 1478 1380
4330 4 2 1 1 1379 1477 1381 1382
4331 4 2 1 1 1379 1477 1382 1478
4332 4 2 1 1 1379 1478 1382 1380
4333 4 2 1 1 1381 1477 1479 1480
4334 4 2 1 1 1381 1477 1480 1478
4335 4 2 1 1 1381 1478 1480 1382
4336 4 2 1 1 1381 1479 1383 1384
4337 4 2 1 1 1381 1479 1384 1480
4338 4 2 1 1 1381 1480 1384 1382
4339 4 2 1 1 1383 1479 1481 1482
4340 4 2 1 1 1383 1479 1482 1480
4341 4 2 1 1 1383 1480 1482 1384
4342 4 2 1 1 1383 1481 1385 1386
4343 4 2 1 1 1383 1481 1386 1482
4344 4 2 1 1 1383 1482 1386 1384
4345 4 2 1 1 1385 1481 1483 1484
4346 4 2 1 1 1385 1481 1484 1482
4347 4 2 1 1 1385 1482 1484 1386
4348 4 2 1 1 1385 1483 1387 1388
4349 4 2 1 1 1385 1483 1388 1484
4350 4 2 1 1 1385 1484 1388 1386
4351 4 2 1 1 1387 1483 1485 1486
4352 4 2 1 1 1387 1483 1486 1484
4353 4 2 1 1 1387 1484 1486 1388
4354 4 2 1 1 1387 1485 1389 1390
4355 4 2 1 1 1387 1485 1390 1486
4356 4 2 1 1 1387 1486 1390 1388
4357 4 2 1 1 1389 1485 1487 1488
4358 4 2 1 1 1389 1485 1488 1486
4359 4 2 1 1 1389 1486 1488 1390
4360 4 2 1 1 1389 1487 1391 1392
4361 4 2 1 1 1389 1487 1392 1488
4362 4 2 1 1 1389 1488 1392 1390
4363 4 2 1 1 1391 1487 1489 1490
4364 4 2 1 1 1391 1487 1490 1488
4365 4 2 1 1 1391 1488 1490 1392
4366 4 2 1 1 1391 1489 1393 1394
4367 4 2 1 1 1391 1489 1394 1490
4368 4 2 1 1 1391 1490 1394 1392
4369 4 2 1 1 1393 1489 1491 1492
4370 4 2 1 1 1393 1489 1492 1490
4371 4 2 1 1 1393 1490 1492 1394
4372 4 2 1 1 1393 1491 1395 1396
4373 4 2 1 1 1393 1491 1396 1492
4374 4 2 1 1 1393 1492 1396 1394
4375 4 2 1 1 1395 1491 1493 1494
4376 4 2 1 1 1395 1491 1494 1492
4377 4 2 1 1 1395 1492 1494 1396
4378 4 2 1 1 1395 1493 1397 1398
4379 4 2 1 1 1395 1493 1398 1494
4380 4 2 1 1 1395 1494 1398 1396
4381 4 2 1 1 1397 1493 1495 1496
4382 4 2 1 1 1397 1493 1496 1494
4383 4 2 1 1 1397 1494 1496 1398
4384 4 2 1 1 1397 1495 1399 1400
4385 4 2 1 1 1397 1495 1400 1496
4386 4 2 1 1 1397 1496 1400 1398
4387 4 2 1 1 1399 1495 1497 1498
4388 4 2 1 1 1399 1495 1498 1496
4389 4 2 1 1 1399 1496 1498 1400
4390 4 2 1 1 1399 1497 1401 1402
4391 4 2 1 1 1399 1497 1402 1498
4392 4 2 1 1 1399 1498 1402 1400
4393 4 2 1 1 1401 1497 1499 1500
4394 4 2 1 1 1401 1497 1500 1498
4395 4 2 1 1 1401 1498 1500 1402
4396 4 2 1 1 1401 1499 1403 1404
4397 4 2 1 1 1401 1499 1404 1500
4398 4 2 1 1 1401 1500 1404 1402
4399 4 2 1 1 1403 1499 1501 1502
4400 4 2 1 1 1403 1499 1502 1500
4401 4 2 1 1 1403 1500 1502 1404
4402 4 2 1 1 1403 1501 1405 1406
4403 4 2 1 1 1403 1501 1406 1502
4404 4 2 1 1 1403 1502 1406 1404
4405 4 2 1 1 1405 1501 1503 1504
4406 4 2 1 1 1405 1501 1504 1502
4407 4 2 1 1 1405 1502 1504 1406
4408 4 2 1 1 1405 1503 1407 1408
4409 4 2 1 1 1405 1503 1408 1504
4410 4 2 1 1 1405 1504 1408 1406
4411 4 2 1 1 1407 1503 1505 1506
4412 4 2 1 1 1407 1503 1506 1504
4413 4 2 1 1 1407 1504 1506 1408
4414 4 2 1 1 1407 1505 1409 1410
4415 4 2 1 1 1407 1505 1410 1506
4416 4 2 1 1 1407 1506 1410 1408
4417 4 2 1 1 1409 1505 1507 1508
4418 4 2 1 1 1409 1505 1508 1506
4419 4 2 1 1 1409 1506 1508 1410
4420 4 2 1 1 1409 1507 1411 1412
4421 4 2 1 1 1409 1507 1412 1508
4422 4 2 1 1 1409 1508 1412 1410
4423 4 2 1 1 1411 1507 1509 1510
4424 4 2 1 1 1411 1507 1510 1508
4425 4 2 1 1 1411 1508 1510 1412
4426 4 2 1 1 1411 1509 1413 1414
4427 4 2 1 1 1411 1509 1414 1510
4428 4 2 1 1 1411 1510 1414 1412
4429 4 2 1 1 1413 1509 1511 1512
4430 4 2 1 1 1413 1509 1512 1510
4431 4 2 1 1 1413 1510 1512 1414
4432 4 2 1 1 1413 1511 1415 1416
4433 4 2 1 1 1413 1511 1416 1512
4434 4 2 1 1 1413 1512 1416 1414
4435 4 2 1 1 1415 1511 1513 1514
4436 4 2 1 1 1415 1511 1514 1512
4437 4 2 1 1 1415 1512 1514 1416
4438 4 2 1 1 1415 1513 1417 1418
4439 4 2 1 1 1415 1513 1418 1514
4440 4 2 1 1 1415 1514 1418 1416
4441 4 2 1 1 1417 1513 1515 1516
4442 4 2 1 1 1417 1513 1516 1514
4443 4 2 1 1 1417 1514 1516 1418
4444 4 2 1 1 1417 1515 1419 1420
4445 4 2 1 1 1417 1515 1420 1516
4446 4 2 1 1 1417 1516 1420 1418
4447 4 2 1 1 1419 1515 1517 1518
4448 4 2 1 1 1419 1515 1518 1516
4449 4 2 1 1 1419 1516 1518 1420
4450 4 2 1 1 1419 1517 1421 1422
4451 4 2 1 1 1419 1517 1422 1518
4452 4 2 1 1 1419 1518 1422 1420
4453 4 2 1 1 1421 1517 1519 1520
4454 4 2 1 1 1421 1517 1520 1518
4455 4 2 1 1 1421 1518 1520 1422
4456 4 2 1 1 1421 1519 1423 1424
4457 4 2 1 1 1421 1519 1424 1520
4458 4 2 1 1 1421 1520 1424 1422
4459 4 2 1 1 1423 1519 1521 1522
4460 4 2 1 1 1423 1519 1522 1520
4461 4 2 1 1 1423 1520 1522 1424
4462 4 2 1 1 1423 1521 1425 1426
4463 4 2 1 1 1423 1521 1426 1522
4464 4 2 1 1 1423 1522 1426 1424
4465 4 2 1 1 1425 1521 1523 1524
4466 4 2 1 1 1425 1521 1524 1522
4467 4 2 1 1 1425 1522 1524 1426
4468 4 2 1 1 1425 1523 1427 1428
4469 4 2 1 1 1425 1523 1428 1524
4470 4 2 1 1 1425 1524 1428 1426
4471 4 2 1 1 1427 1523 1525 1526
4472 4 2 1 1 1427 1523 1526 1524
4473 4 2 1 1 1427 1524 1526 1428
4474 4 2 1 1 1427 1525 1429 1430
4475 4 2 1 1 1427 1525 1430 1526
4476 4 2 1 1 1427 1526 1430 1428
4477 4 2 1 1 1429 1525 1527 1528
4478 4 2 1 1 1429 1525 1528 1526
4479 4 2 1 1 1429 1526 1528 1430
4480 4 2 1 1 1429 1527 1431 1432
4481 4 2 1 1 1429 1527 1432 1528
4482 4 2 1 1 1429 1528 1432 1430
4483 4 2 1 1 1431 1527 1529 1530
4484 4 2 1 1 1431 1527 1530 1528
4485 4 2 1 1 1431 1528 1530 1432
4486 4 2 1 1 1431 1529 1433 1434
4487 4 2 1 1 1431 1529 1434 1530
4488 4 2 1 1 1431 1530 1434 1432
4489 4 2 1 1 1433 1529 1531 1532
4490 4 2 1 1 1433 1529 1532 1530
4491 4 2 1 1 1433 1530 1532 1434
4492 4 2 1 1 1433 1531 1435 1436
4493 4 2 1 1 1433 1531 1436 1532
4494 4 2 1 1 1433 1532 1436 1434
4495 4 2 1 1 1435 1531 1533 1534
4496 4 2 1 1 1435 1531 1534 1532
4497 4 2 1 1 1435 1532 1534 1436
4498 4 2 1 1 1435 1533 1437 1438
4499 4 2 1 1 1435 1533 1438 1534
4500 4 2 1 1 1435 1534 1438 1436
4501 4 2 1 1 1437 1533 1535 1536
4502 4 2 1 1 1437 1533 1536 1534
4503 4 2 1 1 1437 1534 1536 1438
4504 4 2 1 1 1437 1535 1439 1440
4505 4 2 1 1 1437 1535 1440 1536
4506 4 2 1 1 1437 1536 1440 1438
4507 4 2 1 1 1439 1535 1441 1442
4508 4 2 1 1 1439 1535 1442 1536
4509 4 2 1 1 1439 1536 1442 1440
4510 4 2 1 1 1439 1441 1345 1346
4511 4 2 1 1 1439 1441 1346 1442
4512 4 2 1 1 1439 1442 1346 1440
4513 4 2 1 1 1441 1537 1539 1540
4514 4 2 1 1 1441 1537 1540 1538
4515 4 2 1 1 1441 1538 1540 1442
4516 4 2 1 1 1441 1539 1443 1444
4517 4 2 1 1 1441 1539 1444 1540
4518 4 2 1 1 1441 1540 1444 1442
4519 4 2 1 1 1443 1539 1541 1542
4520 4 2 1 1 1443 1539 1542 1540
4521 4 2 1 1 1443 1540 1542 1444
4522 4 2 1 1 1443 1541 1445 1446
4523 4 2 1 1 1443 1541 1446 1542
4524 4 2 1 1 1443 1542 1446 1444
4525 4 2 1 1 1445 1541 1543 1544
4526 4 2 1 1 1445 1541 1544 1542
4527 4 2 1 1 1445 1542 1544 1446
4528 4 2 1 1 1445 1543 1447 1448
4529 4 2 1 1 1445 1543 1448 1544
4530 4 2 1 1 1445 1544 1448 1446
4531 4 2 1 1 1447 1543 1545 1546
4532 4 2 1 1 1447 1543 1546 1544
4533 4 2 1 1 1447 1544 1546 1448
4534 4 2 1 1 1447 1545 1449 1450
4535 4 2 1 1 1447 1545 1450 1546
4536 4 2 1 1 1447 1546 1450 1448
4537 4 2 1 1 1449 1545 1547 1548
4538 4 2 1 1 1449 1545 1548 1546
4539 4 2 1 1 1449 1546 1548 1450
4540 4 2 1 1 1449 1547 1451 1452
4541 4 2 1 1 1449 1547 1452 1548
4542 4 2 1 1 1449 1548 1452 1450
4543 4 2 1 1 1451 1547 1549 1550
4544 4 2 1 1 1451 1547 1550 1548
4545 4 2 1 1 1451 1548 1550 1452
4546 4 2 1 1 1451 1549 1453 1454
4547 4 2 1 1 1451 1549 1454 1550
4548 4 2 1 1 1451 1550 1454 1452
4549 4 2 1 1 1453 1549 1551 1552
4550 4 2 1 1 1453 1549 1552 1550
4551 4 2 1 1 1453 1550 1552 1454
4552 4 2 1 1 1453 1551 1455 1456
4553 4 2 1 1 1453 1551 1456 1552
4554 4 2 1 1 1453 1552 1456 1454
4555 4 2 1 1 1455 1551 1553 1554
4556 4 2 1 1 1455 1551 1554 1552
4557 4 2 1 1 1455 1552 1554 1456
4558 4 2 1 1 1455 1553 1457 1458
4559 4 2 1 1 1455 1553 1458 1554
4560 4 2 1 1 1455 1554 1458 1456
4561 4 2 1 1 1457 1553 1555 1556
4562 4 2 1 1 1457 1553 1556 1554
4563 4 2 1 1 1457 1554 1556 1458
4564 4 2 1 1 1457 1555 1459 1460
4565 4 2 1 1 1457 1555 1460 1556
4566 4 2 1 1 1457 1556 1460 1458
4567 4 2 1 1 1459 1555 1557 1558
4568 4 2 1 1 1459 1555 1558 1556
4569 4 2 1 1 1459 1556 1558 1460
4570 4 2 1 1 1459 1557 1461 1462
4571 4 2 1 1 1459 1557 1462 1558
4572 4 2 1 1 1459 1558 1462 1460
4573 4 2 1 1 1461 1557 1559 1560
4574 4 2 1 1 1461 1557 1560 1558
4575 4 2 1 1 1461 1558 1560 1462
4576 4 2 1 1 1461 1559 1463 1464
4577 4 2 1 1 1461 1559 1464 1560
4578 4 2 1 1 1461 1560 1464 1462
4579 4 2 1 1 1463 1559 1561 1562
4580 4 2 1 1 1463 1559 1562 1560
4581 4 2 1 1 1463 1560 1562 1464
4582 4 2 1 1 1463 1561 1465 1466
4583 4 2 1 1 1463 1561 1466 1562
4584 4 2 1 1 1463 1562 1466 1464
4585 4 2 1 1 1465 1561 1563 1564
4586 4 2 1 1 1465 1561 1564 1562
4587 4 2 1 1 1465 1562 1564 1466
4588 4 2 1 1 1465 1563 1467 1468
4589 4 2 1 1 1465 1563 1468 1564
4590 4 2 1 1 1465 1564 1468 1466
4591 4 2 1 1 1467 1563 1565 1566
4592 4 2 1 1 1467 1563 1566 1564
4593 4 2 1 1 1467 1564 1566 1468
4594 4 2 1 1 1467 1565 1469 1470
4595 4 2 1 1 1467 1565 1470 1566
4596 4 2 1 1 1467 1566 1470 1468
4597 4 2 1 1 1469 1565 1567 1568
4598 4 2 1 1 1469 1565 1568 1566
4599 4 2 1 1 1469 1566 1568 1470
4600 4 2 1 1 1469 1567 1471 1472
4601 4 2 1 1 1469 1567 1472 1568
4602 4 2 1 1 1469 1568 1472 1470
4603 4 2 1 1 1471 1567 1569 1570
4604 4 2 1 1 1471 1567 1570 1568
4605 4 2 1 1 1471 1568 1570 1472
4606 4 2 1 1 1471 1569 1473 1474
4607 4 2 1 1 1471 1569 1474 1570
4608 4 2 1 1 1471 1570 1474 1472
4609 4 2 1 1 1473 1569 1571 1572
4610 4 2 1 1 1473 1569 1572 1570
4611 4 2 1 1 1473 1570 1572 1474
4612 4 2 1 1 1473 1571 1475 1476
4613 4 2 1 1 1473 1571 1476 1572
4614 4 2 1 1 1473 1572 1476 1474
4615 4 2 1 1 1475 1571 1573 1574
4616 4 2 1 1 1475 1571 1574 1572
4617 4 2 1 1 1475 1572 1574 1476
4618 4 2 1 1 1475 1573 1477 1478
4619 4 2 1 1 1475 1573 1478 1574
4620 4 2 1 1 1475 1574 1478 1476
4621 4 2 1 1 1477 1573 1575 1576
4622 4 2 1 1 1477 1573 1576 1574
4623 4 2 1 1 1477 1574 1576 1478
4624 4 2 1 1 1477 1575 1479 1480
4625 4 2 1 1 1477 1575 1480 1576
4626 4 2 1 1 1477 1576 1480 1478
4627 4 2 1 1 1479 1575 1577 1578
4628 4 2 1 1 1479 1575 1578 1576
4629 4 2 1 1 1479 1576 1578 1480
4630 4 2 1 1 1479 1577 1481 1482
4631 4 2 1 1 1479 1577 1482 1578
4632 4 2 1 1 1479 1578 1482 1480
4633 4 2 1 1 1481 1577 1579 1580
4634 4 2 1 1 1481 1577 1580 1578
4635 4 2 1 1 1481 1578 1580 1482
4636 4 2 1 1 1481 1579 1483 1484
4637 4 2 1 1 1481 1579 1484 1580
4638 4 2 1 1 1481 1580 1484 1482
4639 4 2 1 1 1483 1579 1581 1582
4640 4 2 1 1 1483 1579 1582 1580
4641 4 2 1 1 1483 1580 1582 1484
4642 4 2 1 1 1483 1581 1485 1486
4643 4 2 1 1 1483 1581 1486 1582
4644 4 2 1 1 1483 1582 1486 1484
4645 4 2 1 1 1485 1581 1583 1584
4646 4 2 1 1 1485 1581 1584 1582
4647 4 2 1 1 1485 1582 1584 1486
4648 4 2 1 1 1485 1583 1487 1488
4649 4 2 1 1 1485 1583 1488 1584
4650 4 2 1 1 1485 1584 1488 1486
4651 4 2 1 1 1487 1583 1585 1586
4652 4 2 1 1 1487 1583 1586 1584
4653 4 2 1 1 1487 1584 1586 1488
4654 4 2 1 1 1487 1585 1489 1490
4655 4 2 1 1 1487 1585 1490 1586
4656 4 2 1 1 1487 1586 1490 1488
4657 4 2 1 1 1489 1585 1587 1588
4658 4 2 1 1 1489 1585 1588 1586
4659 4 2 1 1 1489 1586 1588 1490
4660 4 2 1 1 1489 1587 1491 1492
4661 4 2 1 1 1489 1587 1492 1588
4662 4 2 1 1 1489 1588 1492 1490
4663 4 2 1 1 1491 1587 1589 1590
4664 4 2 1 1 1491 1587 1590 1588
4665 4 2 1 1 1491 1588 1590 1492
4666 4 2 1 1 1491 1589 1493 1494
4667 4 2 1 1 1491 1589 1494 1590
4668 4 2 1 1 1491 1590 1494 1492
4669 4 2 1 1 1493 1589 1591 1592
4670 4 2 1 1 1493 1589 1592 1590
4671 4 2 1 1 1493 1590 1592 1494
4672 4 2 1 1 1493 1591 1495 1496
4673 4 2 1 1 1493 1591 1496 1592
4674 4 2 1 1 1493 1592 1496 1494
4675 4 2 1 1 1495 1591 1593 1594
4676 4 2 1 1 1495 1591 1594 1592
4677 4 2 1 1 1495 1592 1594 1496
4678 4 2 1 1 1495 1593 1497 1498
4679 4 2 1 1 1495 1593 1498 1594
4680 4 2 1 1 1495 1594 1498 1496
4681 4 2 1 1 1497 1593 1595 1596
4682 4 2 1 1 1497 1593 1596 1594
4683 4 2 1 1 1497 1594 1596 1498
4684 4 2 1 1 1497 1595 1499 1500
4685 4 2 1 1 1497 1595 1500 1596
4686 4 2 1 1 1497 1596 1500 1498
4687 4 2 1 1 1499 1595 1597 1598
4688 4 2 1 1 1499 1595 1598 1596
4689 4 2 1 1 1499 1596 1598 1500
4690 4 2 1 1 1499 1597 1501 1502
4691 4 2 1 1 1499 1597 1502 1598
4692 4 2 1 1 1499 1598 1502 1500
4693 4 2 1 1 1501 1597 1599 1600
4694 4 2 1 1 1501 1597 1600 1598
4695 4 2 1 1 1501 1598 1600 1502
4696 4 2 1 1 1501 1599 1503 1504
4697 4 2 1 1 1501 1599 1504 1600
4698 4 2 1 1 1501 1600 1504 1502
4699 4 2 1 1 1503 1599 1601 1602
4700 4 2 1 1 1503 1599 1602 1600
4701 4 2 1 1 1503 1600 1602 1504
4702 4 2 1 1 1503 1601 1505 1506
4703 4 2 1 1 1503 1601 1506 1602
4704 4 2 1 1 1503 1602 1506 1504
4705 4 2 1 1 1505 1601 1603 1604
4706 4 2 1 1 1505 1601 1604 1602
4707 4 2 1 1 1505 1602 1604 1506
4708 4 2 1 1 1505 1603 1507 1508
4709 4 2 1 1 1505 1603 1508 1604
4710 4 2 1 1 1505 1604 1508 1506
4711 4 2 1 1 1507 1603 1605 1606
4712 4 2 1 1 1507 1603 1606 1604
4713 4 2 1 1 1507 1604 1606 1508
4714 4 2 1 1 1507 1605 1509 1510
4715 4 2 1 1 1507 1605 1510 1606
4716 4 2 1 1 1507 1606 1510 1508
4717 4 2 1 1 1509 1605 1607 1608
4718 4 2 1 1 1509 1605 1608 1606
4719 4 2 1 1 1509 1606 1608 1510
4720 4 2 1 1 1509 1607 1511 1512
4721 4 2 1 1 1509 1607 1512 1608
4722 4 2 1 1 1509 1608 1512 1510
4723 4 2 1 1 1511 1607 1609 1610
4724 4 2 1 1 1511 1607 1610 1608
4725 4 2 1 1 1511 1608 1610 1512
4726 4 2 1 1 1511 1609 1513 1514
4727 4 2 1 1 1511 1609 1514 1610
4728 4 2 1 1 1511 1610 1514 1512
4729 4 2 1 1 1513 1609 1611 1612
4730 4 2 1 1 1513 1609 1612 1610
4731 4 2 1 1 1513 1610 1612 1514
4732 4 2 1 1 1513 1611 1515 1516
4733 4 2 1 1 1513 1611 1516 1612
4734 4 2 1 1 1513 1612 1516 1514
4735 4 2 1 1 1515 1611 1613 1614
4736 4 2 1 1 1515 1611 1614 1612
4737 4 2 1 1 1515 1612 1614 1516
4738 4 2 1 1 1515 1613 1517 1518
4739 4 2 1 1 1515 1613 1518 1614
4740 4 2 1 1 1515 1614 1518 1516
4741 4 2 1 1 1517 1613 1615 1616
4742 4 2 1 1 1517 1613 1616 1614
4743 4 2 1 1 1517 1614 1616 1518
4744 4 2 1 1 1517 1615 1519 1520
4745 4 2 1 1 1517 1615 1520 1616
4746 4 2 1 1 1517 1616 1520 1518
4747 4 2 1 1 1519 1615 1617 1618
4748 4 2 1 1 1519 1615 1618 1616
4749 4 2 1 1 1519 1616 1618 1520
4750 4 2 1 1 1519 1617 1521 1522
4751 4 2 1 1 1519 1617 1522 1618
4752 4 2 1 1 1519 1618 1522 1520
4753 4 2 1 1 1521 1617 1619 1620
4754 4 2 1 1 1521 1617 1620 1618
4755 4 2 1 1 1521 1618 1620 1522
4756 4 2 1 1 1521 1619 1523 1524
4757 4 2 1 1 1521 1619 1524 1620
4758 4 2 1 1 1521 1620 1524 1522
4759 4 2 1 1 1523 1619 1621 1622
4760 4 2 1 1 1523 1619 1622 1620
4761 4 2 1 1 1523 1620 1622 1524
4762 4 2 1 1 1523 1621 1525 1526
4763 4 2 1 1 1523 1621 1526 1622
4764 4 2 1 1 1523 1622 1526 1524
4765 4 2 1 1 1525 1621 1623 1624
4766 4 2 1 1 1525 1621 1624 1622
4767 4 2 1 1 1525 1622 1624 1526
4768 4 2 1 1 1525 1623 1527 1528
4769 4 2 1 1 1525 1623 1528 1624
4770 4 2 1 1 1525 1624 1528 1526
4771 4 2 1 1 1527 1623 1625 1626
4772 4 2 1 1 1527 1623 1626 1624
4773 4 2 1 1 1527 1624 1626 1528
4774 4 2 1 1 1527 1625 1529 1530
4775 4 2 1 1 1527 1625 1530 1626
4776 4 2 1 1 1527 1626 1530 1528
4777 4 2 1 1 1529 1625 1627 1628
4778 4 2 1 1 1529 1625 1628 1626
4779 4 2 1 1 1529 1626 1628 1530
4780 4 2 1 1 1529 1627 1531 1532
4781 4 2 1 1 1529 1627 1532 1628
4782 4 2 1 1 1529 1628 1532 1530
4783 4 2 1 1 1531 1627 1629 1630
4784 4 2 1 1 1531 1627 1630 1628
4785 4 2 1 1 1531 1628 1630 1532
4786 4 2 1 1 1531 1629 1533 1534
4787 4 2 1 1 1531 1629 1534 1630
4788 4 2 1 1 1531 1630 1534 1532
4789 4 2 1 1 1533 1629 1631 1632
4790 4 2 1 1 1533 1629 1632 1630
4791 4 2 1 1 1533 1630 1632 1534
4792 4 2 1 1 1533 1631 1535 1536
4793 4 2 1 1 1533 1631 1536 1632
4794 4 2 1 1 1533 1632 1536 1534
4795 4 2 1 1 1535 1631 1537 1538
4796 4 2 1 1 1535 1631 1538 1632
4797 4 2 1 1 1535 1632 1538 1536
4798 4 2 1 1 1535 1537 1441 1442
4799 4 2 1 1 1535 1537 1442 1538
4800 4 2 1 1 1535 1538 1442 1536
$EndElements
