$MeshFormat
2.2 0 8
$EndMeshFormat
$Nodes
5265
1 0 -0.0005 -5e-05
2 0 -0.0005 -4.826850796703854e-05
3 0 -0.0005 -4.593099372254057e-05
4 0 -0.0005 -4.277534949246831e-05
5 0 -0.0005 -3.851522978187075e-05
6 0 -0.0005 -3.276406817256406e-05
7 0 -0.0005 -2.5e-05
8 0 -0.0005 -1.723593182743596e-05
9 0 -0.0005 -1.148477021812926e-05
10 0 -0.0005 -7.224650507531695e-06
11 0 -0.0005 -4.069006277459433e-06
12 0 -0.0005 -1.73149203296146e-06
13 0 -0.0005 0
14 0 -0.0005 1.507641859676234e-05
15 0 -0.0005 3.54295837023915e-05
16 0 -0.0005 6.290635659499086e-05
17 0 -0.0005 0.0001
18 0 -0.0005 0.0001370936434050091
19 0 -0.0005 0.0001645704162976085
20 0 -0.0005 0.0001849235814032377
21 0 -0.0005 0.0002
22 0 -0.0005 0.0002017314920329615
23 0 -0.0005 0.0002040690062774595
24 0 -0.0005 0.0002072246505075317
25 0 -0.0005 0.0002114847702181292
26 0 -0.0005 0.000217235931827436
27 0 -0.0005 0.000225
28 0 -0.0005 0.0002327640681725641
29 0 -0.0005 0.0002385152297818707
30 0 -0.0005 0.0002427753494924683
31 0 -0.0005 0.0002459309937225406
32 0 -0.0005 0.0002482685079670386
33 0 -0.0005 0.00025
34 0 -0.000475 -5e-05
35 0 -0.000475 -4.826850796703854e-05
36 0 -0.000475 -4.593099372254057e-05
37 0 -0.000475 -4.277534949246831e-05
38 0 -0.000475 -3.851522978187075e-05
39 0 -0.000475 -3.276406817256406e-05
40 0 -0.000475 -2.5e-05
41 0 -0.000475 -1.723593182743596e-05
42 0 -0.000475 -1.148477021812926e-05
43 0 -0.000475 -7.224650507531695e-06
44 0 -0.000475 -4.069006277459433e-06
45 0 -0.000475 -1.73149203296146e-06
46 0 -0.000475 0
47 0 -0.000475 1.507641859676234e-05
48 0 -0.000475 3.54295837023915e-05
49 0 -0.000475 6.290635659499086e-05
50 0 -0.000475 0.0001
51 0 -0.000475 0.0001370936434050091
52 0 -0.000475 0.0001645704162976085
53 0 -0.000475 0.0001849235814032377
54 0 -0.000475 0.0002
55 0 -0.000475 0.0002017314920329615
56 0 -0.000475 0.0002040690062774595
57 0 -0.000475 0.0002072246505075317
58 0 -0.000475 0.0002114847702181292
59 0 -0.000475 0.000217235931827436
60 0 -0.000475 0.000225
61 0 -0.000475 0.0002327640681725641
62 0 -0.000475 0.0002385152297818707
63 0 -0.000475 0.0002427753494924683
64 0 -0.000475 0.0002459309937225406
65 0 -0.000475 0.0002482685079670386
66 0 -0.000475 0.00025
67 0 -0.00045 -5e-05
68 0 -0.00045 -4.826850796703854e-05
69 0 -0.00045 -4.593099372254057e-05
70 0 -0.00045 -4.277534949246831e-05
71 0 -0.00045 -3.851522978187075e-05
72 0 -0.00045 -3.276406817256406e-05
73 0 -0.00045 -2.5e-05
74 0 -0.00045 -1.723593182743596e-05
75 0 -0.00045 -1.148477021812926e-05
76 0 -0.00045 -7.224650507531695e-06
77 0 -0.00045 -4.069006277459433e-06
78 0 -0.00045 -1.73149203296146e-06
79 0 -0.00045 0
80 0 -0.00045 1.507641859676234e-05
81 0 -0.00045 3.54295837023915e-05
82 0 -0.00045 6.290635659499086e-05
83 0 -0.00045 0.0001
84 0 -0.00045 0.0001370936434050091
85 0 -0.00045 0.0001645704162976085
86 0 -0.00045 0.0001849235814032377
87 0 -0.00045 0.0002
88 0 -0.00045 0.0002017314920329615
89 0 -0.00045 0.0002040690062774595
90 0 -0.00045 0.0002072246505075317
91 0 -0.00045 0.0002114847702181292
92 0 -0.00045 0.000217235931827436
93 0 -0.00045 0.000225
94 0 -0.00045 0.0002327640681725641
95 0 -0.00045 0.0002385152297818707
96 0 -0.00045 0.0002427753494924683
97 0 -0.00045 0.0002459309937225406
98 0 -0.00045 0.0002482685079670386
99 0 -0.00045 0.00025
100 0 -0.000425 -5e-05
101 0 -0.000425 -4.826850796703854e-05
102 0 -0.000425 -4.593099372254057e-05
103 0 -0.000425 -4.277534949246831e-05
104 0 -0.000425 -3.851522978187075e-05
105 0 -0.000425 -3.276406817256406e-05
106 0 -0.000425 -2.5e-05
107 0 -0.000425 -1.723593182743596e-05
108 0 -0.000425 -1.148477021812926e-05
109 0 -0.000425 -7.224650507531695e-06
110 0 -0.000425 -4.069006277459433e-06
111 0 -0.000425 -1.73149203296146e-06
112 0 -0.000425 0
113 0 -0.000425 1.507641859676234e-05
114 0 -0.000425 3.54295837023915e-05
115 0 -0.000425 6.290635659499086e-05
116 0 -0.000425 0.0001
117 0 -0.000425 0.0001370936434050091
118 0 -0.000425 0.0001645704162976085
119 0 -0.000425 0.0001849235814032377
120 0 -0.000425 0.0002
121 0 -0.000425 0.0002017314920329615
122 0 -0.000425 0.0002040690062774595
123 0 -0.000425 0.0002072246505075317
124 0 -0.000425 0.0002114847702181292
125 0 -0.000425 0.000217235931827436
126 0 -0.000425 0.000225
127 0 -0.000425 0.0002327640681725641
128 0 -0.000425 0.0002385152297818707
129 0 -0.000425 0.0002427753494924683
130 0 -0.000425 0.0002459309937225406
131 0 -0.000425 0.0002482685079670386
132 0 -0.000425 0.00025
133 0 -0.0004 -5e-05
134 0 -0.0004 -4.826850796703854e-05
135 0 -0.0004 -4.593099372254057e-05
136 0 -0.0004 -4.277534949246831e-05
137 0 -0.0004 -3.851522978187075e-05
138 0 -0.0004 -3.276406817256406e-05
139 0 -0.0004 -2.5e-05
140 0 -0.0004 -1.723593182743596e-05
141 0 -0.0004 -1.148477021812926e-05
142 0 -0.0004 -7.224650507531695e-06
143 0 -0.0004 -4.069006277459433e-06
144 0 -0.0004 -1.73149203296146e-06
145 0 -0.0004 0
146 0 -0.0004 1.507641859676234e-05
147 0 -0.0004 3.54295837023915e-05
148 0 -0.0004 6.290635659499086e-05
149 0 -0.0004 0.0001
150 0 -0.0004 0.0001370936434050091
151 0 -0.0004 0.0001645704162976085
152 0 -0.0004 0.0001849235814032377
153 0 -0.0004 0.0002
154 0 -0.0004 0.0002017314920329615
155 0 -0.0004 0.0002040690062774595
156 0 -0.0004 0.0002072246505075317
157 0 -0.0004 0.0002114847702181292
158 0 -0.0004 0.000217235931827436
159 0 -0.0004 0.000225
160 0 -0.0004 0.0002327640681725641
161 0 -0.0004 0.0002385152297818707
162 0 -0.0004 0.0002427753494924683
163 0 -0.0004 0.0002459309937225406
164 0 -0.0004 0.0002482685079670386
165 0 -0.0004 0.00025
166 0 -0.000375 -5e-05
167 0 -0.000375 -4.826850796703854e-05
168 0 -0.000375 -4.593099372254057e-05
169 0 -0.000375 -4.277534949246831e-05
170 0 -0.000375 -3.851522978187075e-05
171 0 -0.000375 -3.276406817256406e-05
172 0 -0.000375 -2.5e-05
173 0 -0.000375 -1.723593182743596e-05
174 0 -0.000375 -1.148477021812926e-05
175 0 -0.000375 -7.224650507531695e-06
176 0 -0.000375 -4.069006277459433e-06
177 0 -0.000375 -1.73149203296146e-06
178 0 -0.000375 0
179 0 -0.000375 1.507641859676234e-05
180 0 -0.000375 3.54295837023915e-05
181 0 -0.000375 6.290635659499086e-05
182 0 -0.000375 0.0001
183 0 -0.000375 0.0001370936434050091
184 0 -0.000375 0.0001645704162976085
185 0 -0.000375 0.0001849235814032377
186 0 -0.000375 0.0002
187 0 -0.000375 0.0002017314920329615
188 0 -0.000375 0.0002040690062774595
189 0 -0.000375 0.0002072246505075317
190 0 -0.000375 0.0002114847702181292
191 0 -0.000375 0.000217235931827436
192 0 -0.000375 0.000225
193 0 -0.000375 0.0002327640681725641
194 0 -0.000375 0.0002385152297818707
195 0 -0.000375 0.0002427753494924683
196 0 -0.000375 0.0002459309937225406
197 0 -0.000375 0.0002482685079670386
198 0 -0.000375 0.00025
199 0 -0.00035 -5e-05
200 0 -0.00035 -4.826850796703854e-05
201 0 -0.00035 -4.593099372254057e-05
202 0 -0.00035 -4.277534949246831e-05
203 0 -0.00035 -3.851522978187075e-05
204 0 -0.00035 -3.276406817256406e-05
205 0 -0.00035 -2.5e-05
206 0 -0.00035 -1.723593182743596e-05
207 0 -0.00035 -1.148477021812926e-05
208 0 -0.00035 -7.224650507531695e-06
209 0 -0.00035 -4.069006277459433e-06
210 0 -0.00035 -1.73149203296146e-06
211 0 -0.00035 0
212 0 -0.00035 1.507641859676234e-05
213 0 -0.00035 3.54295837023915e-05
214 0 -0.00035 6.290635659499086e-05
215 0 -0.00035 0.0001
216 0 -0.00035 0.0001370936434050091
217 0 -0.00035 0.0001645704162976085
218 0 -0.00035 0.0001849235814032377
219 0 -0.00035 0.0002
220 0 -0.00035 0.0002017314920329615
221 0 -0.00035 0.0002040690062774595
222 0 -0.00035 0.0002072246505075317
223 0 -0.00035 0.0002114847702181292
224 0 -0.00035 0.000217235931827436
225 0 -0.00035 0.000225
226 0 -0.00035 0.0002327640681725641
227 0 -0.00035 0.0002385152297818707
228 0 -0.00035 0.0002427753494924683
229 0 -0.00035 0.0002459309937225406
230 0 -0.00035 0.0002482685079670386
231 0 -0.00035 0.00025
232 0 -0.000325 -5e-05
233 0 -0.000325 -4.826850796703854e-05
234 0 -0.000325 -4.593099372254057e-05
235 0 -0.000325 -4.277534949246831e-05
236 0 -0.000325 -3.851522978187075e-05
237 0 -0.000325 -3.276406817256406e-05
238 0 -0.000325 -2.5e-05
239 0 -0.000325 -1.723593182743596e-05
240 0 -0.000325 -1.148477021812926e-05
241 0 -0.000325 -7.224650507531695e-06
242 0 -0.000325 -4.069006277459433e-06
243 0 -0.000325 -1.73149203296146e-06
244 0 -0.000325 0
245 0 -0.000325 1.507641859676234e-05
246 0 -0.000325 3.54295837023915e-05
247 0 -0.000325 6.290635659499086e-05
248 0 -0.000325 0.0001
249 0 -0.000325 0.0001370936434050091
250 0 -0.000325 0.0001645704162976085
251 0 -0.000325 0.0001849235814032377
252 0 -0.000325 0.0002
253 0 -0.000325 0.0002017314920329615
254 0 -0.000325 0.0002040690062774595
255 0 -0.000325 0.0002072246505075317
256 0 -0.000325 0.0002114847702181292
257 0 -0.000325 0.000217235931827436
258 0 -0.000325 0.000225
259 0 -0.000325 0.0002327640681725641
260 0 -0.000325 0.0002385152297818707
261 0 -0.000325 0.0002427753494924683
262 0 -0.000325 0.0002459309937225406
263 0 -0.000325 0.0002482685079670386
264 0 -0.000325 0.00025
265 0 -0.0003 -5e-05
266 0 -0.0003 -4.826850796703854e-05
267 0 -0.0003 -4.593099372254057e-05
268 0 -0.0003 -4.277534949246831e-05
269 0 -0.0003 -3.851522978187075e-05
270 0 -0.0003 -3.276406817256406e-05
271 0 -0.0003 -2.5e-05
272 0 -0.0003 -1.723593182743596e-05
273 0 -0.0003 -1.148477021812926e-05
274 0 -0.0003 -7.224650507531695e-06
275 0 -0.0003 -4.069006277459433e-06
276 0 -0.0003 -1.73149203296146e-06
277 0 -0.0003 0
278 0 -0.0003 1.507641859676234e-05
279 0 -0.0003 3.54295837023915e-05
280 0 -0.0003 6.290635659499086e-05
281 0 -0.0003 0.0001
282 0 -0.0003 0.0001370936434050091
283 0 -0.0003 0.0001645704162976085
284 0 -0.0003 0.0001849235814032377
285 0 -0.0003 0.0002
286 0 -0.0003 0.0002017314920329615
287 0 -0.0003 0.0002040690062774595
288 0 -0.0003 0.0002072246505075317
289 0 -0.0003 0.0002114847702181292
290 0 -0.0003 0.000217235931827436
291 0 -0.0003 0.000225
292 0 -0.0003 0.0002327640681725641
293 0 -0.0003 0.0002385152297818707
294 0 -0.0003 0.0002427753494924683
295 0 -0.0003 0.0002459309937225406
296 0 -0.0003 0.0002482685079670386
297 0 -0.0003 0.00025
298 0 -0.000275 -5e-05
299 0 -0.000275 -4.826850796703854e-05
300 0 -0.000275 -4.593099372254057e-05
301 0 -0.000275 -4.277534949246831e-05
302 0 -0.000275 -3.851522978187075e-05
303 0 -0.000275 -3.276406817256406e-05
304 0 -0.000275 -2.5e-05
305 0 -0.000275 -1.723593182743596e-05
306 0 -0.000275 -1.148477021812926e-05
307 0 -0.000275 -7.224650507531695e-06
308 0 -0.000275 -4.069006277459433e-06
309 0 -0.000275 -1.73149203296146e-06
310 0 -0.000275 0
311 0 -0.000275 1.507641859676234e-05
312 0 -0.000275 3.54295837023915e-05
313 0 -0.000275 6.290635659499086e-05
314 0 -0.000275 0.0001
315 0 -0.000275 0.0001370936434050091
316 0 -0.000275 0.0001645704162976085
317 0 -0.000275 0.0001849235814032377
318 0 -0.000275 0.0002
319 0 -0.000275 0.0002017314920329615
320 0 -0.000275 0.0002040690062774595
321 0 -0.000275 0.0002072246505075317
322 0 -0.000275 0.0002114847702181292
323 0 -0.000275 0.000217235931827436
324 0 -0.000275 0.000225
325 0 -0.000275 0.0002327640681725641
326 0 -0.000275 0.0002385152297818707
327 0 -0.000275 0.0002427753494924683
328 0 -0.000275 0.0002459309937225406
329 0 -0.000275 0.0002482685079670386
330 0 -0.000275 0.00025
331 0 -0.00025 -5e-05
332 0 -0.00025 -4.826850796703854e-05
333 0 -0.00025 -4.593099372254057e-05
334 0 -0.00025 -4.277534949246831e-05
335 0 -0.00025 -3.851522978187075e-05
336 0 -0.00025 -3.276406817256406e-05
337 0 -0.00025 -2.5e-05
338 0 -0.00025 -1.723593182743596e-05
339 0 -0.00025 -1.148477021812926e-05
340 0 -0.00025 -7.224650507531695e-06
341 0 -0.00025 -4.069006277459433e-06
342 0 -0.00025 -1.73149203296146e-06
343 0 -0.00025 0
344 0 -0.00025 1.507641859676234e-05
345 0 -0.00025 3.54295837023915e-05
346 0 -0.00025 6.290635659499086e-05
347 0 -0.00025 0.0001
348 0 -0.00025 0.0001370936434050091
349 0 -0.00025 0.0001645704162976085
350 0 -0.00025 0.0001849235814032377
351 0 -0.00025 0.0002
352 0 -0.00025 0.0002017314920329615
353 0 -0.00025 0.0002040690062774595
354 0 -0.00025 0.0002072246505075317
355 0 -0.00025 0.0002114847702181292
356 0 -0.00025 0.000217235931827436
357 0 -0.00025 0.000225
358 0 -0.00025 0.0002327640681725641
359 0 -0.00025 0.0002385152297818707
360 0 -0.00025 0.0002427753494924683
361 0 -0.00025 0.0002459309937225406
362 0 -0.00025 0.0002482685079670386
363 0 -0.00025 0.00025
364 0 -0.000225 -5e-05
365 0 -0.000225 -4.826850796703854e-05
366 0 -0.000225 -4.593099372254057e-05
367 0 -0.000225 -4.277534949246831e-05
368 0 -0.000225 -3.851522978187075e-05
369 0 -0.000225 -3.276406817256406e-05
370 0 -0.000225 -2.5e-05
371 0 -0.000225 -1.723593182743596e-05
372 0 -0.000225 -1.148477021812926e-05
373 0 -0.000225 -7.224650507531695e-06
374 0 -0.000225 -4.069006277459433e-06
375 0 -0.000225 -1.73149203296146e-06
376 0 -0.000225 0
377 0 -0.000225 1.507641859676234e-05
378 0 -0.000225 3.54295837023915e-05
379 0 -0.000225 6.290635659499086e-05
380 0 -0.000225 0.0001
381 0 -0.000225 0.0001370936434050091
382 0 -0.000225 0.0001645704162976085
383 0 -0.000225 0.0001849235814032377
384 0 -0.000225 0.0002
385 0 -0.000225 0.0002017314920329615
386 0 -0.000225 0.0002040690062774595
387 0 -0.000225 0.0002072246505075317
388 0 -0.000225 0.0002114847702181292
389 0 -0.000225 0.000217235931827436
390 0 -0.000225 0.000225
391 0 -0.000225 0.0002327640681725641
392 0 -0.000225 0.0002385152297818707
393 0 -0.000225 0.0002427753494924683
394 0 -0.000225 0.0002459309937225406
395 0 -0.000225 0.0002482685079670386
396 0 -0.000225 0.00025
397 0 -0.0002 -5e-05
398 0 -0.0002 -4.826850796703854e-05
399 0 -0.0002 -4.593099372254057e-05
400 0 -0.0002 -4.277534949246831e-05
401 0 -0.0002 -3.851522978187075e-05
402 0 -0.0002 -3.276406817256406e-05
403 0 -0.0002 -2.5e-05
404 0 -0.0002 -1.723593182743596e-05
405 0 -0.0002 -1.148477021812926e-05
406 0 -0.0002 -7.224650507531695e-06
407 0 -0.0002 -4.069006277459433e-06
408 0 -0.0002 -1.73149203296146e-06
409 0 -0.0002 0
410 0 -0.0002 1.507641859676234e-05
411 0 -0.0002 3.54295837023915e-05
412 0 -0.0002 6.290635659499086e-05
413 0 -0.0002 0.0001
414 0 -0.0002 0.0001370936434050091
415 0 -0.0002 0.0001645704162976085
416 0 -0.0002 0.0001849235814032377
417 0 -0.0002 0.0002
418 0 -0.0002 0.0002017314920329615
419 0 -0.0002 0.0002040690062774595
420 0 -0.0002 0.0002072246505075317
421 0 -0.0002 0.0002114847702181292
422 0 -0.0002 0.000217235931827436
423 0 -0.0002 0.000225
424 0 -0.0002 0.0002327640681725641
425 0 -0.0002 0.0002385152297818707
426 0 -0.0002 0.0002427753494924683
427 0 -0.0002 0.0002459309937225406
428 0 -0.0002 0.0002482685079670386
429 0 -0.0002 0.00025
430 0 -0.000175 -5e-05
431 0 -0.000175 -4.826850796703854e-05
432 0 -0.000175 -4.593099372254057e-05
433 0 -0.000175 -4.277534949246831e-05
434 0 -0.000175 -3.851522978187075e-05
435 0 -0.000175 -3.276406817256406e-05
436 0 -0.000175 -2.5e-05
437 0 -0.000175 -1.723593182743596e-05
438 0 -0.000175 -1.148477021812926e-05
439 0 -0.000175 -7.224650507531695e-06
440 0 -0.000175 -4.069006277459433e-06
441 0 -0.000175 -1.73149203296146e-06
442 0 -0.000175 0
443 0 -0.000175 1.507641859676234e-05
444 0 -0.000175 3.54295837023915e-05
445 0 -0.000175 6.290635659499086e-05
446 0 -0.000175 0.0001
447 0 -0.000175 0.0001370936434050091
448 0 -0.000175 0.0001645704162976085
449 0 -0.000175 0.0001849235814032377
450 0 -0.000175 0.0002
451 0 -0.000175 0.0002017314920329615
452 0 -0.000175 0.0002040690062774595
453 0 -0.000175 0.0002072246505075317
454 0 -0.000175 0.0002114847702181292
455 0 -0.000175 0.000217235931827436
456 0 -0.000175 0.000225
457 0 -0.000175 0.0002327640681725641
458 0 -0.000175 0.0002385152297818707
459 0 -0.000175 0.0002427753494924683
460 0 -0.000175 0.0002459309937225406
461 0 -0.000175 0.0002482685079670386
462 0 -0.000175 0.00025
463 0 -0.00015 -5e-05
464 0 -0.00015 -4.826850796703854e-05
465 0 -0.00015 -4.593099372254057e-05
466 0 -0.00015 -4.277534949246831e-05
467 0 -0.00015 -3.851522978187075e-05
468 0 -0.00015 -3.276406817256406e-05
469 0 -0.00015 -2.5e-05
470 0 -0.00015 -1.723593182743596e-05
471 0 -0.00015 -1.148477021812926e-05
472 0 -0.00015 -7.224650507531695e-06
473 0 -0.00015 -4.069006277459433e-06
474 0 -0.00015 -1.73149203296146e-06
475 0 -0.00015 0
476 0 -0.00015 1.507641859676234e-05
477 0 -0.00015 3.54295837023915e-05
478 0 -0.00015 6.290635659499086e-05
479 0 -0.00015 0.0001
480 0 -0.00015 0.0001370936434050091
481 0 -0.00015 0.0001645704162976085
482 0 -0.00015 0.0001849235814032377
483 0 -0.00015 0.0002
484 0 -0.00015 0.0002017314920329615
485 0 -0.00015 0.0002040690062774595
486 0 -0.00015 0.0002072246505075317
487 0 -0.00015 0.0002114847702181292
488 0 -0.00015 0.000217235931827436
489 0 -0.00015 0.000225
490 0 -0.00015 0.0002327640681725641
491 0 -0.00015 0.0002385152297818707
492 0 -0.00015 0.0002427753494924683
493 0 -0.00015 0.0002459309937225406
494 0 -0.00015 0.0002482685079670386
495 0 -0.00015 0.00025
496 0 -0.000125 -5e-05
497 0 -0.000125 -4.826850796703854e-05
498 0 -0.000125 -4.593099372254057e-05
499 0 -0.000125 -4.277534949246831e-05
500 0 -0.000125 -3.851522978187075e-05
501 0 -0.000125 -3.276406817256406e-05
502 0 -0.000125 -2.5e-05
503 0 -0.000125 -1.723593182743596e-05
504 0 -0.000125 -1.148477021812926e-05
505 0 -0.000125 -7.224650507531695e-06
506 0 -0.000125 -4.069006277459433e-06
507 0 -0.000125 -1.73149203296146e-06
508 0 -0.000125 0
509 0 -0.000125 1.507641859676234e-05
510 0 -0.000125 3.54295837023915e-05
511 0 -0.000125 6.290635659499086e-05
512 0 -0.000125 0.0001
513 0 -0.000125 0.0001370936434050091
514 0 -0.000125 0.0001645704162976085
515 0 -0.000125 0.0001849235814032377
516 0 -0.000125 0.0002
517 0 -0.000125 0.0002017314920329615
518 0 -0.000125 0.0002040690062774595
519 0 -0.000125 0.0002072246505075317
520 0 -0.000125 0.0002114847702181292
521 0 -0.000125 0.000217235931827436
522 0 -0.000125 0.000225
523 0 -0.000125 0.0002327640681725641
524 0 -0.000125 0.0002385152297818707
525 0 -0.000125 0.0002427753494924683
526 0 -0.000125 0.0002459309937225406
527 0 -0.000125 0.0002482685079670386
528 0 -0.000125 0.00025
529 0 -9.999999999999999e-05 -5e-05
530 0 -9.999999999999999e-05 -4.826850796703854e-05
531 0 -9.999999999999999e-05 -4.593099372254057e-05
532 0 -9.999999999999999e-05 -4.277534949246831e-05
533 0 -9.999999999999999e-05 -3.851522978187075e-05
534 0 -9.999999999999999e-05 -3.276406817256406e-05
535 0 -9.999999999999999e-05 -2.5e-05
536 0 -9.999999999999999e-05 -1.723593182743596e-05
537 0 -9.999999999999999e-05 -1.148477021812926e-05
538 0 -9.999999999999999e-05 -7.224650507531695e-06
539 0 -9.999999999999999e-05 -4.069006277459433e-06
540 0 -9.999999999999999e-05 -1.73149203296146e-06
541 0 -9.999999999999999e-05 0
542 0 -9.999999999999999e-05 1.507641859676234e-05
543 0 -9.999999999999999e-05 3.54295837023915e-05
544 0 -9.999999999999999e-05 6.290635659499086e-05
545 0 -9.999999999999999e-05 0.0001
546 0 -9.999999999999999e-05 0.0001370936434050091
547 0 -9.999999999999999e-05 0.0001645704162976085
548 0 -9.999999999999999e-05 0.0001849235814032377
549 0 -9.999999999999999e-05 0.0002
550 0 -9.999999999999999e-05 0.0002017314920329615
551 0 -9.999999999999999e-05 0.0002040690062774595
552 0 -9.999999999999999e-05 0.0002072246505075317
553 0 -9.999999999999999e-05 0.0002114847702181292
554 0 -9.999999999999999e-05 0.000217235931827436
555 0 -9.999999999999999e-05 0.000225
556 0 -9.999999999999999e-05 0.0002327640681725641
557 0 -9.999999999999999e-05 0.0002385152297818707
558 0 -9.999999999999999e-05 0.0002427753494924683
559 0 -9.999999999999999e-05 0.0002459309937225406
560 0 -9.999999999999999e-05 0.0002482685079670386
561 0 -9.999999999999999e-05 0.00025
562 0 -7.499999999999998e-05 -5e-05
563 0 -7.499999999999998e-05 -4.826850796703854e-05
564 0 -7.499999999999998e-05 -4.593099372254057e-05
565 0 -7.499999999999998e-05 -4.277534949246831e-05
566 0 -7.499999999999998e-05 -3.851522978187075e-05
567 0 -7.499999999999998e-05 -3.276406817256406e-05
568 0 -7.499999999999998e-05 -2.5e-05
569 0 -7.499999999999998e-05 -1.723593182743596e-05
570 0 -7.499999999999998e-05 -1.148477021812926e-05
571 0 -7.499999999999998e-05 -7.224650507531695e-06
572 0 -7.499999999999998e-05 -4.069006277459433e-06
573 0 -7.499999999999998e-05 -1.73149203296146e-06
574 0 -7.499999999999998e-05 0
575 0 -7.499999999999998e-05 1.507641859676234e-05
576 0 -7.499999999999998e-05 3.54295837023915e-05
577 0 -7.499999999999998e-05 6.290635659499086e-05
578 0 -7.499999999999998e-05 0.0001
579 0 -7.499999999999998e-05 0.0001370936434050091
580 0 -7.499999999999998e-05 0.0001645704162976085
581 0 -7.499999999999998e-05 0.0001849235814032377
582 0 -7.499999999999998e-05 0.0002
583 0 -7.499999999999998e-05 0.0002017314920329615
584 0 -7.499999999999998e-05 0.0002040690062774595
585 0 -7.499999999999998e-05 0.0002072246505075317
586 0 -7.499999999999998e-05 0.0002114847702181292
587 0 -7.499999999999998e-05 0.000217235931827436
588 0 -7.499999999999998e-05 0.000225
589 0 -7.499999999999998e-05 0.0002327640681725641
590 0 -7.499999999999998e-05 0.0002385152297818707
591 0 -7.499999999999998e-05 0.0002427753494924683
592 0 -7.499999999999998e-05 0.0002459309937225406
593 0 -7.499999999999998e-05 0.0002482685079670386
594 0 -7.499999999999998e-05 0.00025
595 0 -4.999999999999997e-05 -5e-05
596 0 -4.999999999999997e-05 -4.826850796703854e-05
597 0 -4.999999999999997e-05 -4.593099372254057e-05
598 0 -4.999999999999997e-05 -4.277534949246831e-05
599 0 -4.999999999999997e-05 -3.851522978187075e-05
600 0 -4.999999999999997e-05 -3.276406817256406e-05
601 0 -4.999999999999997e-05 -2.5e-05
602 0 -4.999999999999997e-05 -1.723593182743596e-05
603 0 -4.999999999999997e-05 -1.148477021812926e-05
604 0 -4.999999999999997e-05 -7.224650507531695e-06
605 0 -4.999999999999997e-05 -4.069006277459433e-06
606 0 -4.999999999999997e-05 -1.73149203296146e-06
607 0 -4.999999999999997e-05 0
608 0 -4.999999999999997e-05 1.507641859676234e-05
609 0 -4.999999999999997e-05 3.54295837023915e-05
610 0 -4.999999999999997e-05 6.290635659499086e-05
611 0 -4.999999999999997e-05 0.0001
612 0 -4.999999999999997e-05 0.0001370936434050091
613 0 -4.999999999999997e-05 0.0001645704162976085
614 0 -4.999999999999997e-05 0.0001849235814032377
615 0 -4.999999999999997e-05 0.0002
616 0 -4.999999999999997e-05 0.0002017314920329615
617 0 -4.999999999999997e-05 0.0002040690062774595
618 0 -4.999999999999997e-05 0.0002072246505075317
619 0 -4.999999999999997e-05 0.0002114847702181292
620 0 -4.999999999999997e-05 0.000217235931827436
621 0 -4.999999999999997e-05 0.000225
622 0 -4.999999999999997e-05 0.0002327640681725641
623 0 -4.999999999999997e-05 0.0002385152297818707
624 0 -4.999999999999997e-05 0.0002427753494924683
625 0 -4.999999999999997e-05 0.0002459309937225406
626 0 -4.999999999999997e-05 0.0002482685079670386
627 0 -4.999999999999997e-05 0.00025
628 0 -2.500000000000001e-05 -5e-05
629 0 -2.500000000000001e-05 -4.826850796703854e-05
630 0 -2.500000000000001e-05 -4.593099372254057e-05
631 0 -2.500000000000001e-05 -4.277534949246831e-05
632 0 -2.500000000000001e-05 -3.851522978187075e-05
633 0 -2.500000000000001e-05 -3.276406817256406e-05
634 0 -2.500000000000001e-05 -2.5e-05
635 0 -2.500000000000001e-05 -1.723593182743596e-05
636 0 -2.500000000000001e-05 -1.148477021812926e-05
637 0 -2.500000000000001e-05 -7.224650507531695e-06
638 0 -2.500000000000001e-05 -4.069006277459433e-06
639 0 -2.500000000000001e-05 -1.73149203296146e-06
640 0 -2.500000000000001e-05 0
641 0 -2.500000000000001e-05 1.507641859676234e-05
642 0 -2.500000000000001e-05 3.54295837023915e-05
643 0 -2.500000000000001e-05 6.290635659499086e-05
644 0 -2.500000000000001e-05 0.0001
645 0 -2.500000000000001e-05 0.0001370936434050091
646 0 -2.500000000000001e-05 0.0001645704162976085
647 0 -2.500000000000001e-05 0.0001849235814032377
648 0 -2.500000000000001e-05 0.0002
649 0 -2.500000000000001e-05 0.0002017314920329615
650 0 -2.500000000000001e-05 0.0002040690062774595
651 0 -2.500000000000001e-05 0.0002072246505075317
652 0 -2.500000000000001e-05 0.0002114847702181292
653 0 -2.500000000000001e-05 0.000217235931827436
654 0 -2.500000000000001e-05 0.000225
655 0 -2.500000000000001e-05 0.0002327640681725641
656 0 -2.500000000000001e-05 0.0002385152297818707
657 0 -2.500000000000001e-05 0.0002427753494924683
658 0 -2.500000000000001e-05 0.0002459309937225406
659 0 -2.500000000000001e-05 0.0002482685079670386
660 0 -2.500000000000001e-05 0.00025
661 0 0 -5e-05
662 0 0 -4.826850796703854e-05
663 0 0 -4.593099372254057e-05
664 0 0 -4.277534949246831e-05
665 0 0 -3.851522978187075e-05
666 0 0 -3.276406817256406e-05
667 0 0 -2.5e-05
668 0 0 -1.723593182743596e-05
669 0 0 -1.148477021812926e-05
670 0 0 -7.224650507531695e-06
671 0 0 -4.069006277459433e-06
672 0 0 -1.73149203296146e-06
673 0 0 0
674 0 0 1.507641859676234e-05
675 0 0 3.54295837023915e-05
676 0 0 6.290635659499086e-05
677 0 0 0.0001
678 0 0 0.0001370936434050091
679 0 0 0.0001645704162976085
680 0 0 0.0001849235814032377
681 0 0 0.0002
682 0 0 0.0002017314920329615
683 0 0 0.0002040690062774595
684 0 0 0.0002072246505075317
685 0 0 0.0002114847702181292
686 0 0 0.000217235931827436
687 0 0 0.000225
688 0 0 0.0002327640681725641
689 0 0 0.0002385152297818707
690 0 0 0.0002427753494924683
691 0 0 0.0002459309937225406
692 0 0 0.0002482685079670386
693 0 0 0.00025
694 0 2.500000000000007e-05 -5e-05
695 0 2.500000000000007e-05 -4.826850796703854e-05
696 0 2.500000000000007e-05 -4.593099372254057e-05
697 0 2.500000000000007e-05 -4.277534949246831e-05
698 0 2.500000000000007e-05 -3.851522978187075e-05
699 0 2.500000000000007e-05 -3.276406817256406e-05
700 0 2.500000000000007e-05 -2.5e-05
701 0 2.500000000000007e-05 -1.723593182743596e-05
702 0 2.500000000000007e-05 -1.148477021812926e-05
703 0 2.500000000000007e-05 -7.224650507531695e-06
704 0 2.500000000000007e-05 -4.069006277459433e-06
705 0 2.500000000000007e-05 -1.73149203296146e-06
706 0 2.500000000000007e-05 0
707 0 2.500000000000007e-05 1.507641859676234e-05
708 0 2.500000000000007e-05 3.54295837023915e-05
709 0 2.500000000000007e-05 6.290635659499086e-05
710 0 2.500000000000007e-05 0.0001
711 0 2.500000000000007e-05 0.0001370936434050091
712 0 2.500000000000007e-05 0.0001645704162976085
713 0 2.500000000000007e-05 0.0001849235814032377
714 0 2.500000000000007e-05 0.0002
715 0 2.500000000000007e-05 0.0002017314920329615
716 0 2.500000000000007e-05 0.0002040690062774595
717 0 2.500000000000007e-05 0.0002072246505075317
718 0 2.500000000000007e-05 0.0002114847702181292
719 0 2.500000000000007e-05 0.000217235931827436
720 0 2.500000000000007e-05 0.000225
721 0 2.500000000000007e-05 0.0002327640681725641
722 0 2.500000000000007e-05 0.0002385152297818707
723 0 2.500000000000007e-05 0.0002427753494924683
724 0 2.500000000000007e-05 0.0002459309937225406
725 0 2.500000000000007e-05 0.0002482685079670386
726 0 2.500000000000007e-05 0.00025
727 0 4.999999999999991e-05 -5e-05
728 0 4.999999999999991e-05 -4.826850796703854e-05
729 0 4.999999999999991e-05 -4.593099372254057e-05
730 0 4.999999999999991e-05 -4.277534949246831e-05
731 0 4.999999999999991e-05 -3.851522978187075e-05
732 0 4.999999999999991e-05 -3.276406817256406e-05
733 0 4.999999999999991e-05 -2.5e-05
734 0 4.999999999999991e-05 -1.723593182743596e-05
735 0 4.999999999999991e-05 -1.148477021812926e-05
736 0 4.999999999999991e-05 -7.224650507531695e-06
737 0 4.999999999999991e-05 -4.069006277459433e-06
738 0 4.999999999999991e-05 -1.73149203296146e-06
739 0 4.999999999999991e-05 0
740 0 4.999999999999991e-05 1.507641859676234e-05
741 0 4.999999999999991e-05 3.54295837023915e-05
742 0 4.999999999999991e-05 6.290635659499086e-05
743 0 4.999999999999991e-05 0.0001
744 0 4.999999999999991e-05 0.0001370936434050091
745 0 4.999999999999991e-05 0.0001645704162976085
746 0 4.999999999999991e-05 0.0001849235814032377
747 0 4.999999999999991e-05 0.0002
748 0 4.999999999999991e-05 0.0002017314920329615
749 0 4.999999999999991e-05 0.0002040690062774595
750 0 4.999999999999991e-05 0.0002072246505075317
751 0 4.999999999999991e-05 0.0002114847702181292
752 0 4.999999999999991e-05 0.000217235931827436
753 0 4.999999999999991e-05 0.000225
754 0 4.999999999999991e-05 0.0002327640681725641
755 0 4.999999999999991e-05 0.0002385152297818707
756 0 4.999999999999991e-05 0.0002427753494924683
757 0 4.999999999999991e-05 0.0002459309937225406
758 0 4.999999999999991e-05 0.0002482685079670386
759 0 4.999999999999991e-05 0.00025
760 0 7.499999999999998e-05 -5e-05
761 0 7.499999999999998e-05 -4.826850796703854e-05
762 0 7.499999999999998e-05 -4.593099372254057e-05
763 0 7.499999999999998e-05 -4.277534949246831e-05
764 0 7.499999999999998e-05 -3.851522978187075e-05
765 0 7.499999999999998e-05 -3.276406817256406e-05
766 0 7.499999999999998e-05 -2.5e-05
767 0 7.499999999999998e-05 -1.723593182743596e-05
768 0 7.499999999999998e-05 -1.148477021812926e-05
769 0 7.499999999999998e-05 -7.224650507531695e-06
770 0 7.499999999999998e-05 -4.069006277459433e-06
771 0 7.499999999999998e-05 -1.73149203296146e-06
772 0 7.499999999999998e-05 0
773 0 7.499999999999998e-05 1.507641859676234e-05
774 0 7.499999999999998e-05 3.54295837023915e-05
775 0 7.499999999999998e-05 6.290635659499086e-05
776 0 7.499999999999998e-05 0.0001
777 0 7.499999999999998e-05 0.0001370936434050091
778 0 7.499999999999998e-05 0.0001645704162976085
779 0 7.499999999999998e-05 0.0001849235814032377
780 0 7.499999999999998e-05 0.0002
781 0 7.499999999999998e-05 0.0002017314920329615
782 0 7.499999999999998e-05 0.0002040690062774595
783 0 7.499999999999998e-05 0.0002072246505075317
784 0 7.499999999999998e-05 0.0002114847702181292
785 0 7.499999999999998e-05 0.000217235931827436
786 0 7.499999999999998e-05 0.000225
787 0 7.499999999999998e-05 0.0002327640681725641
788 0 7.499999999999998e-05 0.0002385152297818707
789 0 7.499999999999998e-05 0.0002427753494924683
790 0 7.499999999999998e-05 0.0002459309937225406
791 0 7.499999999999998e-05 0.0002482685079670386
792 0 7.499999999999998e-05 0.00025
793 0 0.0001 -5e-05
794 0 0.0001 -4.826850796703854e-05
795 0 0.0001 -4.593099372254057e-05
796 0 0.0001 -4.277534949246831e-05
797 0 0.0001 -3.851522978187075e-05
798 0 0.0001 -3.276406817256406e-05
799 0 0.0001 -2.5e-05
800 0 0.0001 -1.723593182743596e-05
801 0 0.0001 -1.148477021812926e-05
802 0 0.0001 -7.224650507531695e-06
803 0 0.0001 -4.069006277459433e-06
804 0 0.0001 -1.73149203296146e-06
805 0 0.0001 0
806 0 0.0001 1.507641859676234e-05
807 0 0.0001 3.54295837023915e-05
808 0 0.0001 6.290635659499086e-05
809 0 0.0001 0.0001
810 0 0.0001 0.0001370936434050091
811 0 0.0001 0.0001645704162976085
812 0 0.0001 0.0001849235814032377
813 0 0.0001 0.0002
814 0 0.0001 0.0002017314920329615
815 0 0.0001 0.0002040690062774595
816 0 0.0001 0.0002072246505075317
817 0 0.0001 0.0002114847702181292
818 0 0.0001 0.000217235931827436
819 0 0.0001 0.000225
820 0 0.0001 0.0002327640681725641
821 0 0.0001 0.0002385152297818707
822 0 0.0001 0.0002427753494924683
823 0 0.0001 0.0002459309937225406
824 0 0.0001 0.0002482685079670386
825 0 0.0001 0.00025
826 0 0.000125 -5e-05
827 0 0.000125 -4.826850796703854e-05
828 0 0.000125 -4.593099372254057e-05
829 0 0.000125 -4.277534949246831e-05
830 0 0.000125 -3.851522978187075e-05
831 0 0.000125 -3.276406817256406e-05
832 0 0.000125 -2.5e-05
833 0 0.000125 -1.723593182743596e-05
834 0 0.000125 -1.148477021812926e-05
835 0 0.000125 -7.224650507531695e-06
836 0 0.000125 -4.069006277459433e-06
837 0 0.000125 -1.73149203296146e-06
838 0 0.000125 0
839 0 0.000125 1.507641859676234e-05
840 0 0.000125 3.54295837023915e-05
841 0 0.000125 6.290635659499086e-05
842 0 0.000125 0.0001
843 0 0.000125 0.0001370936434050091
844 0 0.000125 0.0001645704162976085
845 0 0.000125 0.0001849235814032377
846 0 0.000125 0.0002
847 0 0.000125 0.0002017314920329615
848 0 0.000125 0.0002040690062774595
849 0 0.000125 0.0002072246505075317
850 0 0.000125 0.0002114847702181292
851 0 0.000125 0.000217235931827436
852 0 0.000125 0.000225
853 0 0.000125 0.0002327640681725641
854 0 0.000125 0.0002385152297818707
855 0 0.000125 0.0002427753494924683
856 0 0.000125 0.0002459309937225406
857 0 0.000125 0.0002482685079670386
858 0 0.000125 0.00025
859 0 0.0001500000000000001 -5e-05
860 0 0.0001500000000000001 -4.826850796703854e-05
861 0 0.0001500000000000001 -4.593099372254057e-05
862 0 0.0001500000000000001 -4.277534949246831e-05
863 0 0.0001500000000000001 -3.851522978187075e-05
864 0 0.0001500000000000001 -3.276406817256406e-05
865 0 0.0001500000000000001 -2.5e-05
866 0 0.0001500000000000001 -1.723593182743596e-05
867 0 0.0001500000000000001 -1.148477021812926e-05
868 0 0.0001500000000000001 -7.224650507531695e-06
869 0 0.0001500000000000001 -4.069006277459433e-06
870 0 0.0001500000000000001 -1.73149203296146e-06
871 0 0.0001500000000000001 0
872 0 0.0001500000000000001 1.507641859676234e-05
873 0 0.0001500000000000001 3.54295837023915e-05
874 0 0.0001500000000000001 6.290635659499086e-05
875 0 0.0001500000000000001 0.0001
876 0 0.0001500000000000001 0.0001370936434050091
877 0 0.0001500000000000001 0.0001645704162976085
878 0 0.0001500000000000001 0.0001849235814032377
879 0 0.0001500000000000001 0.0002
880 0 0.0001500000000000001 0.0002017314920329615
881 0 0.0001500000000000001 0.0002040690062774595
882 0 0.0001500000000000001 0.0002072246505075317
883 0 0.0001500000000000001 0.0002114847702181292
884 0 0.0001500000000000001 0.000217235931827436
885 0 0.0001500000000000001 0.000225
886 0 0.0001500000000000001 0.0002327640681725641
887 0 0.0001500000000000001 0.0002385152297818707
888 0 0.0001500000000000001 0.0002427753494924683
889 0 0.0001500000000000001 0.0002459309937225406
890 0 0.0001500000000000001 0.0002482685079670386
891 0 0.0001500000000000001 0.00025
892 0 0.000175 -5e-05
893 0 0.000175 -4.826850796703854e-05
894 0 0.000175 -4.593099372254057e-05
895 0 0.000175 -4.277534949246831e-05
896 0 0.000175 -3.851522978187075e-05
897 0 0.000175 -3.276406817256406e-05
898 0 0.000175 -2.5e-05
899 0 0.000175 -1.723593182743596e-05
900 0 0.000175 -1.148477021812926e-05
901 0 0.000175 -7.224650507531695e-06
902 0 0.000175 -4.069006277459433e-06
903 0 0.000175 -1.73149203296146e-06
904 0 0.000175 0
905 0 0.000175 1.507641859676234e-05
906 0 0.000175 3.54295837023915e-05
907 0 0.000175 6.290635659499086e-05
908 0 0.000175 0.0001
909 0 0.000175 0.0001370936434050091
910 0 0.000175 0.0001645704162976085
911 0 0.000175 0.0001849235814032377
912 0 0.000175 0.0002
913 0 0.000175 0.0002017314920329615
914 0 0.000175 0.0002040690062774595
915 0 0.000175 0.0002072246505075317
916 0 0.000175 0.0002114847702181292
917 0 0.000175 0.000217235931827436
918 0 0.000175 0.000225
919 0 0.000175 0.0002327640681725641
920 0 0.000175 0.0002385152297818707
921 0 0.000175 0.0002427753494924683
922 0 0.000175 0.0002459309937225406
923 0 0.000175 0.0002482685079670386
924 0 0.000175 0.00025
925 0 0.0002 -5e-05
926 0 0.0002 -4.826850796703854e-05
927 0 0.0002 -4.593099372254057e-05
928 0 0.0002 -4.277534949246831e-05
929 0 0.0002 -3.851522978187075e-05
930 0 0.0002 -3.276406817256406e-05
931 0 0.0002 -2.5e-05
932 0 0.0002 -1.723593182743596e-05
933 0 0.0002 -1.148477021812926e-05
934 0 0.0002 -7.224650507531695e-06
935 0 0.0002 -4.069006277459433e-06
936 0 0.0002 -1.73149203296146e-06
937 0 0.0002 0
938 0 0.0002 1.507641859676234e-05
939 0 0.0002 3.54295837023915e-05
940 0 0.0002 6.290635659499086e-05
941 0 0.0002 0.0001
942 0 0.0002 0.0001370936434050091
943 0 0.0002 0.0001645704162976085
944 0 0.0002 0.0001849235814032377
945 0 0.0002 0.0002
946 0 0.0002 0.0002017314920329615
947 0 0.0002 0.0002040690062774595
948 0 0.0002 0.0002072246505075317
949 0 0.0002 0.0002114847702181292
950 0 0.0002 0.000217235931827436
951 0 0.0002 0.000225
952 0 0.0002 0.0002327640681725641
953 0 0.0002 0.0002385152297818707
954 0 0.0002 0.0002427753494924683
955 0 0.0002 0.0002459309937225406
956 0 0.0002 0.0002482685079670386
957 0 0.0002 0.00025
958 0 0.000225 -5e-05
959 0 0.000225 -4.826850796703854e-05
960 0 0.000225 -4.593099372254057e-05
961 0 0.000225 -4.277534949246831e-05
962 0 0.000225 -3.851522978187075e-05
963 0 0.000225 -3.276406817256406e-05
964 0 0.000225 -2.5e-05
965 0 0.000225 -1.723593182743596e-05
966 0 0.000225 -1.148477021812926e-05
967 0 0.000225 -7.224650507531695e-06
968 0 0.000225 -4.069006277459433e-06
969 0 0.000225 -1.73149203296146e-06
970 0 0.000225 0
971 0 0.000225 1.507641859676234e-05
972 0 0.000225 3.54295837023915e-05
973 0 0.000225 6.290635659499086e-05
974 0 0.000225 0.0001
975 0 0.000225 0.0001370936434050091
976 0 0.000225 0.0001645704162976085
977 0 0.000225 0.0001849235814032377
978 0 0.000225 0.0002
979 0 0.000225 0.0002017314920329615
980 0 0.000225 0.0002040690062774595
981 0 0.000225 0.0002072246505075317
982 0 0.000225 0.0002114847702181292
983 0 0.000225 0.000217235931827436
984 0 0.000225 0.000225
985 0 0.000225 0.0002327640681725641
986 0 0.000225 0.0002385152297818707
987 0 0.000225 0.0002427753494924683
988 0 0.000225 0.0002459309937225406
989 0 0.000225 0.0002482685079670386
990 0 0.000225 0.00025
991 0 0.00025 -5e-05
992 0 0.00025 -4.826850796703854e-05
993 0 0.00025 -4.593099372254057e-05
994 0 0.00025 -4.277534949246831e-05
995 0 0.00025 -3.851522978187075e-05
996 0 0.00025 -3.276406817256406e-05
997 0 0.00025 -2.5e-05
998 0 0.00025 -1.723593182743596e-05
999 0 0.00025 -1.148477021812926e-05
1000 0 0.00025 -7.224650507531695e-06
1001 0 0.00025 -4.069006277459433e-06
1002 0 0.00025 -1.73149203296146e-06
1003 0 0.00025 0
1004 0 0.00025 1.507641859676234e-05
1005 0 0.00025 3.54295837023915e-05
1006 0 0.00025 6.290635659499086e-05
1007 0 0.00025 0.0001
1008 0 0.00025 0.0001370936434050091
1009 0 0.00025 0.0001645704162976085
1010 0 0.00025 0.0001849235814032377
1011 0 0.00025 0.0002
1012 0 0.00025 0.0002017314920329615
1013 0 0.00025 0.0002040690062774595
1014 0 0.00025 0.0002072246505075317
1015 0 0.00025 0.0002114847702181292
1016 0 0.00025 0.000217235931827436
1017 0 0.00025 0.000225
1018 0 0.00025 0.0002327640681725641
1019 0 0.00025 0.0002385152297818707
1020 0 0.00025 0.0002427753494924683
1021 0 0.00025 0.0002459309937225406
1022 0 0.00025 0.0002482685079670386
1023 0 0.00025 0.00025
1024 0 0.000275 -5e-05
1025 0 0.000275 -4.826850796703854e-05
1026 0 0.000275 -4.593099372254057e-05
1027 0 0.000275 -4.277534949246831e-05
1028 0 0.000275 -3.851522978187075e-05
1029 0 0.000275 -3.276406817256406e-05
1030 0 0.000275 -2.5e-05
1031 0 0.000275 -1.723593182743596e-05
1032 0 0.000275 -1.148477021812926e-05
1033 0 0.000275 -7.224650507531695e-06
1034 0 0.000275 -4.069006277459433e-06
1035 0 0.000275 -1.73149203296146e-06
1036 0 0.000275 0
1037 0 0.000275 1.507641859676234e-05
1038 0 0.000275 3.54295837023915e-05
1039 0 0.000275 6.290635659499086e-05
1040 0 0.000275 0.0001
1041 0 0.000275 0.0001370936434050091
1042 0 0.000275 0.0001645704162976085
1043 0 0.000275 0.0001849235814032377
1044 0 0.000275 0.0002
1045 0 0.000275 0.0002017314920329615
1046 0 0.000275 0.0002040690062774595
1047 0 0.000275 0.0002072246505075317
1048 0 0.000275 0.0002114847702181292
1049 0 0.000275 0.000217235931827436
1050 0 0.000275 0.000225
1051 0 0.000275 0.0002327640681725641
1052 0 0.000275 0.0002385152297818707
1053 0 0.000275 0.0002427753494924683
1054 0 0.000275 0.0002459309937225406
1055 0 0.000275 0.0002482685079670386
1056 0 0.000275 0.00025
1057 0 0.0003 -5e-05
1058 0 0.0003 -4.826850796703854e-05
1059 0 0.0003 -4.593099372254057e-05
1060 0 0.0003 -4.277534949246831e-05
1061 0 0.0003 -3.851522978187075e-05
1062 0 0.0003 -3.276406817256406e-05
1063 0 0.0003 -2.5e-05
1064 0 0.0003 -1.723593182743596e-05
1065 0 0.0003 -1.148477021812926e-05
1066 0 0.0003 -7.224650507531695e-06
1067 0 0.0003 -4.069006277459433e-06
1068 0 0.0003 -1.73149203296146e-06
1069 0 0.0003 0
1070 0 0.0003 1.507641859676234e-05
1071 0 0.0003 3.54295837023915e-05
1072 0 0.0003 6.290635659499086e-05
1073 0 0.0003 0.0001
1074 0 0.0003 0.0001370936434050091
1075 0 0.0003 0.0001645704162976085
1076 0 0.0003 0.0001849235814032377
1077 0 0.0003 0.0002
1078 0 0.0003 0.0002017314920329615
1079 0 0.0003 0.0002040690062774595
1080 0 0.0003 0.0002072246505075317
1081 0 0.0003 0.0002114847702181292
1082 0 0.0003 0.000217235931827436
1083 0 0.0003 0.000225
1084 0 0.0003 0.0002327640681725641
1085 0 0.0003 0.0002385152297818707
1086 0 0.0003 0.0002427753494924683
1087 0 0.0003 0.0002459309937225406
1088 0 0.0003 0.0002482685079670386
1089 0 0.0003 0.00025
1090 0 0.000325 -5e-05
1091 0 0.000325 -4.826850796703854e-05
1092 0 0.000325 -4.593099372254057e-05
1093 0 0.000325 -4.277534949246831e-05
1094 0 0.000325 -3.851522978187075e-05
1095 0 0.000325 -3.276406817256406e-05
1096 0 0.000325 -2.5e-05
1097 0 0.000325 -1.723593182743596e-05
1098 0 0.000325 -1.148477021812926e-05
1099 0 0.000325 -7.224650507531695e-06
1100 0 0.000325 -4.069006277459433e-06
1101 0 0.000325 -1.73149203296146e-06
1102 0 0.000325 0
1103 0 0.000325 1.507641859676234e-05
1104 0 0.000325 3.54295837023915e-05
1105 0 0.000325 6.290635659499086e-05
1106 0 0.000325 0.0001
1107 0 0.000325 0.0001370936434050091
1108 0 0.000325 0.0001645704162976085
1109 0 0.000325 0.0001849235814032377
1110 0 0.000325 0.0002
1111 0 0.000325 0.0002017314920329615
1112 0 0.000325 0.0002040690062774595
1113 0 0.000325 0.0002072246505075317
1114 0 0.000325 0.0002114847702181292
1115 0 0.000325 0.000217235931827436
1116 0 0.000325 0.000225
1117 0 0.000325 0.0002327640681725641
1118 0 0.000325 0.0002385152297818707
1119 0 0.000325 0.0002427753494924683
1120 0 0.000325 0.0002459309937225406
1121 0 0.000325 0.0002482685079670386
1122 0 0.000325 0.00025
1123 0 0.0003500000000000001 -5e-05
1124 0 0.0003500000000000001 -4.826850796703854e-05
1125 0 0.0003500000000000001 -4.593099372254057e-05
1126 0 0.0003500000000000001 -4.277534949246831e-05
1127 0 0.0003500000000000001 -3.851522978187075e-05
1128 0 0.0003500000000000001 -3.276406817256406e-05
1129 0 0.0003500000000000001 -2.5e-05
1130 0 0.0003500000000000001 -1.723593182743596e-05
1131 0 0.0003500000000000001 -1.148477021812926e-05
1132 0 0.0003500000000000001 -7.224650507531695e-06
1133 0 0.0003500000000000001 -4.069006277459433e-06
1134 0 0.0003500000000000001 -1.73149203296146e-06
1135 0 0.0003500000000000001 0
1136 0 0.0003500000000000001 1.507641859676234e-05
1137 0 0.0003500000000000001 3.54295837023915e-05
1138 0 0.0003500000000000001 6.290635659499086e-05
1139 0 0.0003500000000000001 0.0001
1140 0 0.0003500000000000001 0.0001370936434050091
1141 0 0.0003500000000000001 0.0001645704162976085
1142 0 0.0003500000000000001 0.0001849235814032377
1143 0 0.0003500000000000001 0.0002
1144 0 0.0003500000000000001 0.0002017314920329615
1145 0 0.0003500000000000001 0.0002040690062774595
1146 0 0.0003500000000000001 0.0002072246505075317
1147 0 0.0003500000000000001 0.0002114847702181292
1148 0 0.0003500000000000001 0.000217235931827436
1149 0 0.0003500000000000001 0.000225
1150 0 0.0003500000000000001 0.0002327640681725641
1151 0 0.0003500000000000001 0.0002385152297818707
1152 0 0.0003500000000000001 0.0002427753494924683
1153 0 0.0003500000000000001 0.0002459309937225406
1154 0 0.0003500000000000001 0.0002482685079670386
1155 0 0.0003500000000000001 0.00025
1156 0 0.0003750000000000001 -5e-05
1157 0 0.0003750000000000001 -4.826850796703854e-05
1158 0 0.0003750000000000001 -4.593099372254057e-05
1159 0 0.0003750000000000001 -4.277534949246831e-05
1160 0 0.0003750000000000001 -3.851522978187075e-05
1161 0 0.0003750000000000001 -3.276406817256406e-05
1162 0 0.0003750000000000001 -2.5e-05
1163 0 0.0003750000000000001 -1.723593182743596e-05
1164 0 0.0003750000000000001 -1.148477021812926e-05
1165 0 0.0003750000000000001 -7.224650507531695e-06
1166 0 0.0003750000000000001 -4.069006277459433e-06
1167 0 0.0003750000000000001 -1.73149203296146e-06
1168 0 0.0003750000000000001 0
1169 0 0.0003750000000000001 1.507641859676234e-05
1170 0 0.0003750000000000001 3.54295837023915e-05
1171 0 0.0003750000000000001 6.290635659499086e-05
1172 0 0.0003750000000000001 0.0001
1173 0 0.0003750000000000001 0.0001370936434050091
1174 0 0.0003750000000000001 0.0001645704162976085
1175 0 0.0003750000000000001 0.0001849235814032377
1176 0 0.0003750000000000001 0.0002
1177 0 0.0003750000000000001 0.0002017314920329615
1178 0 0.0003750000000000001 0.0002040690062774595
1179 0 0.0003750000000000001 0.0002072246505075317
1180 0 0.0003750000000000001 0.0002114847702181292
1181 0 0.0003750000000000001 0.000217235931827436
1182 0 0.0003750000000000001 0.000225
1183 0 0.0003750000000000001 0.0002327640681725641
1184 0 0.0003750000000000001 0.0002385152297818707
1185 0 0.0003750000000000001 0.0002427753494924683
1186 0 0.0003750000000000001 0.0002459309937225406
1187 0 0.0003750000000000001 0.0002482685079670386
1188 0 0.0003750000000000001 0.00025
1189 0 0.0004000000000000001 -5e-05
1190 0 0.0004000000000000001 -4.826850796703854e-05
1191 0 0.0004000000000000001 -4.593099372254057e-05
1192 0 0.0004000000000000001 -4.277534949246831e-05
1193 0 0.0004000000000000001 -3.851522978187075e-05
1194 0 0.0004000000000000001 -3.276406817256406e-05
1195 0 0.0004000000000000001 -2.5e-05
1196 0 0.0004000000000000001 -1.723593182743596e-05
1197 0 0.0004000000000000001 -1.148477021812926e-05
1198 0 0.0004000000000000001 -7.224650507531695e-06
1199 0 0.0004000000000000001 -4.069006277459433e-06
1200 0 0.0004000000000000001 -1.73149203296146e-06
1201 0 0.0004000000000000001 0
1202 0 0.0004000000000000001 1.507641859676234e-05
1203 0 0.0004000000000000001 3.54295837023915e-05
1204 0 0.0004000000000000001 6.290635659499086e-05
1205 0 0.0004000000000000001 0.0001
1206 0 0.0004000000000000001 0.0001370936434050091
1207 0 0.0004000000000000001 0.0001645704162976085
1208 0 0.0004000000000000001 0.0001849235814032377
1209 0 0.0004000000000000001 0.0002
1210 0 0.0004000000000000001 0.0002017314920329615
1211 0 0.0004000000000000001 0.0002040690062774595
1212 0 0.0004000000000000001 0.0002072246505075317
1213 0 0.0004000000000000001 0.0002114847702181292
1214 0 0.0004000000000000001 0.000217235931827436
1215 0 0.0004000000000000001 0.000225
1216 0 0.0004000000000000001 0.0002327640681725641
1217 0 0.0004000000000000001 0.0002385152297818707
1218 0 0.0004000000000000001 0.0002427753494924683
1219 0 0.0004000000000000001 0.0002459309937225406
1220 0 0.0004000000000000001 0.0002482685079670386
1221 0 0.0004000000000000001 0.00025
1222 0 0.0004249999999999999 -5e-05
1223 0 0.0004249999999999999 -4.826850796703854e-05
1224 0 0.0004249999999999999 -4.593099372254057e-05
1225 0 0.0004249999999999999 -4.277534949246831e-05
1226 0 0.0004249999999999999 -3.851522978187075e-05
1227 0 0.0004249999999999999 -3.276406817256406e-05
1228 0 0.0004249999999999999 -2.5e-05
1229 0 0.0004249999999999999 -1.723593182743596e-05
1230 0 0.0004249999999999999 -1.148477021812926e-05
1231 0 0.0004249999999999999 -7.224650507531695e-06
1232 0 0.0004249999999999999 -4.069006277459433e-06
1233 0 0.0004249999999999999 -1.73149203296146e-06
1234 0 0.0004249999999999999 0
1235 0 0.0004249999999999999 1.507641859676234e-05
1236 0 0.0004249999999999999 3.54295837023915e-05
1237 0 0.0004249999999999999 6.290635659499086e-05
1238 0 0.0004249999999999999 0.0001
1239 0 0.0004249999999999999 0.0001370936434050091
1240 0 0.0004249999999999999 0.0001645704162976085
1241 0 0.0004249999999999999 0.0001849235814032377
1242 0 0.0004249999999999999 0.0002
1243 0 0.0004249999999999999 0.0002017314920329615
1244 0 0.0004249999999999999 0.0002040690062774595
1245 0 0.0004249999999999999 0.0002072246505075317
1246 0 0.0004249999999999999 0.0002114847702181292
1247 0 0.0004249999999999999 0.000217235931827436
1248 0 0.0004249999999999999 0.000225
1249 0 0.0004249999999999999 0.0002327640681725641
1250 0 0.0004249999999999999 0.0002385152297818707
1251 0 0.0004249999999999999 0.0002427753494924683
1252 0 0.0004249999999999999 0.0002459309937225406
1253 0 0.0004249999999999999 0.0002482685079670386
1254 0 0.0004249999999999999 0.00025
1255 0 0.00045 -5e-05
1256 0 0.00045 -4.826850796703854e-05
1257 0 0.00045 -4.593099372254057e-05
1258 0 0.00045 -4.277534949246831e-05
1259 0 0.00045 -3.851522978187075e-05
1260 0 0.00045 -3.276406817256406e-05
1261 0 0.00045 -2.5e-05
1262 0 0.00045 -1.723593182743596e-05
1263 0 0.00045 -1.148477021812926e-05
1264 0 0.00045 -7.224650507531695e-06
1265 0 0.00045 -4.069006277459433e-06
1266 0 0.00045 -1.73149203296146e-06
1267 0 0.00045 0
1268 0 0.00045 1.507641859676234e-05
1269 0 0.00045 3.54295837023915e-05
1270 0 0.00045 6.290635659499086e-05
1271 0 0.00045 0.0001
1272 0 0.00045 0.0001370936434050091
1273 0 0.00045 0.0001645704162976085
1274 0 0.00045 0.0001849235814032377
1275 0 0.00045 0.0002
1276 0 0.00045 0.0002017314920329615
1277 0 0.00045 0.0002040690062774595
1278 0 0.00045 0.0002072246505075317
1279 0 0.00045 0.0002114847702181292
1280 0 0.00045 0.000217235931827436
1281 0 0.00045 0.000225
1282 0 0.00045 0.0002327640681725641
1283 0 0.00045 0.0002385152297818707
1284 0 0.00045 0.0002427753494924683
1285 0 0.00045 0.0002459309937225406
1286 0 0.00045 0.0002482685079670386
1287 0 0.00045 0.00025
1288 0 0.0004749999999999999 -5e-05
1289 0 0.0004749999999999999 -4.826850796703854e-05
1290 0 0.0004749999999999999 -4.593099372254057e-05
1291 0 0.0004749999999999999 -4.277534949246831e-05
1292 0 0.0004749999999999999 -3.851522978187075e-05
1293 0 0.0004749999999999999 -3.276406817256406e-05
1294 0 0.0004749999999999999 -2.5e-05
1295 0 0.0004749999999999999 -1.723593182743596e-05
1296 0 0.0004749999999999999 -1.148477021812926e-05
1297 0 0.0004749999999999999 -7.224650507531695e-06
1298 0 0.0004749999999999999 -4.069006277459433e-06
1299 0 0.0004749999999999999 -1.73149203296146e-06
1300 0 0.0004749999999999999 0
1301 0 0.0004749999999999999 1.507641859676234e-05
1302 0 0.0004749999999999999 3.54295837023915e-05
1303 0 0.0004749999999999999 6.290635659499086e-05
1304 0 0.0004749999999999999 0.0001
1305 0 0.0004749999999999999 0.0001370936434050091
1306 0 0.0004749999999999999 0.0001645704162976085
1307 0 0.0004749999999999999 0.0001849235814032377
1308 0 0.0004749999999999999 0.0002
1309 0 0.0004749999999999999 0.0002017314920329615
1310 0 0.0004749999999999999 0.0002040690062774595
1311 0 0.0004749999999999999 0.0002072246505075317
1312 0 0.0004749999999999999 0.0002114847702181292
1313 0 0.0004749999999999999 0.000217235931827436
1314 0 0.0004749999999999999 0.000225
1315 0 0.0004749999999999999 0.0002327640681725641
1316 0 0.0004749999999999999 0.0002385152297818707
1317 0 0.0004749999999999999 0.0002427753494924683
1318 0 0.0004749999999999999 0.0002459309937225406
1319 0 0.0004749999999999999 0.0002482685079670386
1320 0 0.0004749999999999999 0.00025
1321 0 0.0005 -5e-05
1322 0 0.0005 -4.826850796703854e-05
1323 0 0.0005 -4.593099372254057e-05
1324 0 0.0005 -4.277534949246831e-05
1325 0 0.0005 -3.851522978187075e-05
1326 0 0.0005 -3.276406817256406e-05
1327 0 0.0005 -2.5e-05
1328 0 0.0005 -1.723593182743596e-05
1329 0 0.0005 -1.148477021812926e-05
1330 0 0.0005 -7.224650507531695e-06
1331 0 0.0005 -4.069006277459433e-06
1332 0 0.0005 -1.73149203296146e-06
1333 0 0.0005 0
1334 0 0.0005 1.507641859676234e-05
1335 0 0.0005 3.54295837023915e-05
1336 0 0.0005 6.290635659499086e-05
1337 0 0.0005 0.0001
1338 0 0.0005 0.0001370936434050091
1339 0 0.0005 0.0001645704162976085
1340 0 0.0005 0.0001849235814032377
1341 0 0.0005 0.0002
1342 0 0.0005 0.0002017314920329615
1343 0 0.0005 0.0002040690062774595
1344 0 0.0005 0.0002072246505075317
1345 0 0.0005 0.0002114847702181292
1346 0 0.0005 0.000217235931827436
1347 0 0.0005 0.000225
1348 0 0.0005 0.0002327640681725641
1349 0 0.0005 0.0002385152297818707
1350 0 0.0005 0.0002427753494924683
1351 0 0.0005 0.0002459309937225406
1352 0 0.0005 0.0002482685079670386
1353 0 0.0005 0.00025
1354 0 -0.0004875 -5e-05
1355 0 -0.000475 -4.913425398351927e-05
1356 0 -0.0004875 -4.913425398351927e-05
1357 0 -0.0004875 -4.826850796703854e-05
1358 0 -0.0005 -4.913425398351927e-05
1359 0 -0.000475 -4.709975084478956e-05
1360 0 -0.0004875 -4.709975084478956e-05
1361 0 -0.0004875 -4.593099372254057e-05
1362 0 -0.0005 -4.709975084478956e-05
1363 0 -0.000475 -4.435317160750444e-05
1364 0 -0.0004875 -4.435317160750444e-05
1365 0 -0.0004875 -4.277534949246831e-05
1366 0 -0.0005 -4.435317160750444e-05
1367 0 -0.000475 -4.064528963716953e-05
1368 0 -0.0004875 -4.064528963716953e-05
1369 0 -0.0004875 -3.851522978187075e-05
1370 0 -0.0005 -4.064528963716953e-05
1371 0 -0.000475 -3.56396489772174e-05
1372 0 -0.0004875 -3.56396489772174e-05
1373 0 -0.0004875 -3.276406817256406e-05
1374 0 -0.0005 -3.56396489772174e-05
1375 0 -0.000475 -2.888203408628203e-05
1376 0 -0.0004875 -2.888203408628203e-05
1377 0 -0.0004875 -2.5e-05
1378 0 -0.0005 -2.888203408628203e-05
1379 0 -0.000475 -2.111796591371798e-05
1380 0 -0.0004875 -2.111796591371798e-05
1381 0 -0.0004875 -1.723593182743596e-05
1382 0 -0.0005 -2.111796591371798e-05
1383 0 -0.000475 -1.436035102278261e-05
1384 0 -0.0004875 -1.436035102278261e-05
1385 0 -0.0004875 -1.148477021812926e-05
1386 0 -0.0005 -1.436035102278261e-05
1387 0 -0.000475 -9.354710362830477e-06
1388 0 -0.0004875 -9.354710362830477e-06
1389 0 -0.0004875 -7.224650507531695e-06
1390 0 -0.0005 -9.354710362830477e-06
1391 0 -0.000475 -5.646828392495564e-06
1392 0 -0.0004875 -5.646828392495564e-06
1393 0 -0.0004875 -4.069006277459433e-06
1394 0 -0.0005 -5.646828392495564e-06
1395 0 -0.000475 -2.900249155210446e-06
1396 0 -0.0004875 -2.900249155210446e-06
1397 0 -0.0004875 -1.73149203296146e-06
1398 0 -0.0005 -2.900249155210446e-06
1399 0 -0.000475 -8.657460164807302e-07
1400 0 -0.0004875 -8.657460164807302e-07
1401 0 -0.0004875 0
1402 0 -0.0005 -8.657460164807302e-07
1403 0 -0.000475 7.53820929838117e-06
1404 0 -0.0004875 7.53820929838117e-06
1405 0 -0.0004875 1.507641859676234e-05
1406 0 -0.0005 7.53820929838117e-06
1407 0 -0.000475 2.525300114957692e-05
1408 0 -0.0004875 2.525300114957692e-05
1409 0 -0.0004875 3.54295837023915e-05
1410 0 -0.0005 2.525300114957692e-05
1411 0 -0.000475 4.916797014869118e-05
1412 0 -0.0004875 4.916797014869118e-05
1413 0 -0.0004875 6.290635659499086e-05
1414 0 -0.0005 4.916797014869118e-05
1415 0 -0.000475 8.145317829749544e-05
1416 0 -0.0004875 8.145317829749544e-05
1417 0 -0.0004875 0.0001
1418 0 -0.0005 8.145317829749544e-05
1419 0 -0.000475 0.0001185468217025046
1420 0 -0.0004875 0.0001185468217025046
1421 0 -0.0004875 0.0001370936434050091
1422 0 -0.0005 0.0001185468217025046
1423 0 -0.000475 0.0001508320298513088
1424 0 -0.0004875 0.0001508320298513088
1425 0 -0.0004875 0.0001645704162976085
1426 0 -0.0005 0.0001508320298513088
1427 0 -0.000475 0.0001747469988504231
1428 0 -0.0004875 0.0001747469988504231
1429 0 -0.0004875 0.0001849235814032377
1430 0 -0.0005 0.0001747469988504231
1431 0 -0.000475 0.0001924617907016188
1432 0 -0.0004875 0.0001924617907016188
1433 0 -0.0004875 0.0002
1434 0 -0.0005 0.0001924617907016188
1435 0 -0.000475 0.0002008657460164807
1436 0 -0.0004875 0.0002008657460164807
1437 0 -0.0004875 0.0002017314920329615
1438 0 -0.0005 0.0002008657460164807
1439 0 -0.000475 0.0002029002491552105
1440 0 -0.0004875 0.0002029002491552105
1441 0 -0.0004875 0.0002040690062774595
1442 0 -0.0005 0.0002029002491552105
1443 0 -0.000475 0.0002056468283924956
1444 0 -0.0004875 0.0002056468283924956
1445 0 -0.0004875 0.0002072246505075317
1446 0 -0.0005 0.0002056468283924956
1447 0 -0.000475 0.0002093547103628305
1448 0 -0.0004875 0.0002093547103628305
1449 0 -0.0004875 0.0002114847702181292
1450 0 -0.0005 0.0002093547103628305
1451 0 -0.000475 0.0002143603510227826
1452 0 -0.0004875 0.0002143603510227826
1453 0 -0.0004875 0.000217235931827436
1454 0 -0.0005 0.0002143603510227826
1455 0 -0.000475 0.000221117965913718
1456 0 -0.0004875 0.000221117965913718
1457 0 -0.0004875 0.000225
1458 0 -0.0005 0.000221117965913718
1459 0 -0.000475 0.000228882034086282
1460 0 -0.0004875 0.000228882034086282
1461 0 -0.0004875 0.0002327640681725641
1462 0 -0.0005 0.000228882034086282
1463 0 -0.000475 0.0002356396489772174
1464 0 -0.0004875 0.0002356396489772174
1465 0 -0.0004875 0.0002385152297818707
1466 0 -0.0005 0.0002356396489772174
1467 0 -0.000475 0.0002406452896371695
1468 0 -0.0004875 0.0002406452896371695
1469 0 -0.0004875 0.0002427753494924683
1470 0 -0.0005 0.0002406452896371695
1471 0 -0.000475 0.0002443531716075045
1472 0 -0.0004875 0.0002443531716075045
1473 0 -0.0004875 0.0002459309937225406
1474 0 -0.0005 0.0002443531716075045
1475 0 -0.000475 0.0002470997508447895
1476 0 -0.0004875 0.0002470997508447895
1477 0 -0.0004875 0.0002482685079670386
1478 0 -0.0005 0.0002470997508447895
1479 0 -0.000475 0.0002491342539835193
1480 0 -0.0004875 0.0002491342539835193
1481 0 -0.0004875 0.00025
1482 0 -0.0005 0.0002491342539835193
1483 0 -0.0004625 -5e-05
1484 0 -0.00045 -4.913425398351927e-05
1485 0 -0.0004625 -4.913425398351927e-05
1486 0 -0.0004625 -4.826850796703854e-05
1487 0 -0.00045 -4.709975084478956e-05
1488 0 -0.0004625 -4.709975084478956e-05
1489 0 -0.0004625 -4.593099372254057e-05
1490 0 -0.00045 -4.435317160750444e-05
1491 0 -0.0004625 -4.435317160750444e-05
1492 0 -0.0004625 -4.277534949246831e-05
1493 0 -0.00045 -4.064528963716953e-05
1494 0 -0.0004625 -4.064528963716953e-05
1495 0 -0.0004625 -3.851522978187075e-05
1496 0 -0.00045 -3.56396489772174e-05
1497 0 -0.0004625 -3.56396489772174e-05
1498 0 -0.0004625 -3.276406817256406e-05
1499 0 -0.00045 -2.888203408628203e-05
1500 0 -0.0004625 -2.888203408628203e-05
1501 0 -0.0004625 -2.5e-05
1502 0 -0.00045 -2.111796591371798e-05
1503 0 -0.0004625 -2.111796591371798e-05
1504 0 -0.0004625 -1.723593182743596e-05
1505 0 -0.00045 -1.436035102278261e-05
1506 0 -0.0004625 -1.436035102278261e-05
1507 0 -0.0004625 -1.148477021812926e-05
1508 0 -0.00045 -9.354710362830477e-06
1509 0 -0.0004625 -9.354710362830477e-06
1510 0 -0.0004625 -7.224650507531695e-06
1511 0 -0.00045 -5.646828392495564e-06
1512 0 -0.0004625 -5.646828392495564e-06
1513 0 -0.0004625 -4.069006277459433e-06
1514 0 -0.00045 -2.900249155210446e-06
1515 0 -0.0004625 -2.900249155210446e-06
1516 0 -0.0004625 -1.73149203296146e-06
1517 0 -0.00045 -8.657460164807302e-07
1518 0 -0.0004625 -8.657460164807302e-07
1519 0 -0.0004625 0
1520 0 -0.00045 7.53820929838117e-06
1521 0 -0.0004625 7.53820929838117e-06
1522 0 -0.0004625 1.507641859676234e-05
1523 0 -0.00045 2.525300114957692e-05
1524 0 -0.0004625 2.525300114957692e-05
1525 0 -0.0004625 3.54295837023915e-05
1526 0 -0.00045 4.916797014869118e-05
1527 0 -0.0004625 4.916797014869118e-05
1528 0 -0.0004625 6.290635659499086e-05
1529 0 -0.00045 8.145317829749544e-05
1530 0 -0.0004625 8.145317829749544e-05
1531 0 -0.0004625 0.0001
1532 0 -0.00045 0.0001185468217025046
1533 0 -0.0004625 0.0001185468217025046
1534 0 -0.0004625 0.0001370936434050091
1535 0 -0.00045 0.0001508320298513088
1536 0 -0.0004625 0.0001508320298513088
1537 0 -0.0004625 0.0001645704162976085
1538 0 -0.00045 0.0001747469988504231
1539 0 -0.0004625 0.0001747469988504231
1540 0 -0.0004625 0.0001849235814032377
1541 0 -0.00045 0.0001924617907016188
1542 0 -0.0004625 0.0001924617907016188
1543 0 -0.0004625 0.0002
1544 0 -0.00045 0.0002008657460164807
1545 0 -0.0004625 0.0002008657460164807
1546 0 -0.0004625 0.0002017314920329615
1547 0 -0.00045 0.0002029002491552105
1548 0 -0.0004625 0.0002029002491552105
1549 0 -0.0004625 0.0002040690062774595
1550 0 -0.00045 0.0002056468283924956
1551 0 -0.0004625 0.0002056468283924956
1552 0 -0.0004625 0.0002072246505075317
1553 0 -0.00045 0.0002093547103628305
1554 0 -0.0004625 0.0002093547103628305
1555 0 -0.0004625 0.0002114847702181292
1556 0 -0.00045 0.0002143603510227826
1557 0 -0.0004625 0.0002143603510227826
1558 0 -0.0004625 0.000217235931827436
1559 0 -0.00045 0.000221117965913718
1560 0 -0.0004625 0.000221117965913718
1561 0 -0.0004625 0.000225
1562 0 -0.00045 0.000228882034086282
1563 0 -0.0004625 0.000228882034086282
1564 0 -0.0004625 0.0002327640681725641
1565 0 -0.00045 0.0002356396489772174
1566 0 -0.0004625 0.0002356396489772174
1567 0 -0.0004625 0.0002385152297818707
1568 0 -0.00045 0.0002406452896371695
1569 0 -0.0004625 0.0002406452896371695
1570 0 -0.0004625 0.0002427753494924683
1571 0 -0.00045 0.0002443531716075045
1572 0 -0.0004625 0.0002443531716075045
1573 0 -0.0004625 0.0002459309937225406
1574 0 -0.00045 0.0002470997508447895
1575 0 -0.0004625 0.0002470997508447895
1576 0 -0.0004625 0.0002482685079670386
1577 0 -0.00045 0.0002491342539835193
1578 0 -0.0004625 0.0002491342539835193
1579 0 -0.0004625 0.00025
1580 0 -0.0004375 -5e-05
1581 0 -0.000425 -4.913425398351927e-05
1582 0 -0.0004375 -4.913425398351927e-05
1583 0 -0.0004375 -4.826850796703854e-05
1584 0 -0.000425 -4.709975084478956e-05
1585 0 -0.0004375 -4.709975084478956e-05
1586 0 -0.0004375 -4.593099372254057e-05
1587 0 -0.000425 -4.435317160750444e-05
1588 0 -0.0004375 -4.435317160750444e-05
1589 0 -0.0004375 -4.277534949246831e-05
1590 0 -0.000425 -4.064528963716953e-05
1591 0 -0.0004375 -4.064528963716953e-05
1592 0 -0.0004375 -3.851522978187075e-05
1593 0 -0.000425 -3.56396489772174e-05
1594 0 -0.0004375 -3.56396489772174e-05
1595 0 -0.0004375 -3.276406817256406e-05
1596 0 -0.000425 -2.888203408628203e-05
1597 0 -0.0004375 -2.888203408628203e-05
1598 0 -0.0004375 -2.5e-05
1599 0 -0.000425 -2.111796591371798e-05
1600 0 -0.0004375 -2.111796591371798e-05
1601 0 -0.0004375 -1.723593182743596e-05
1602 0 -0.000425 -1.436035102278261e-05
1603 0 -0.0004375 -1.436035102278261e-05
1604 0 -0.0004375 -1.148477021812926e-05
1605 0 -0.000425 -9.354710362830477e-06
1606 0 -0.0004375 -9.354710362830477e-06
1607 0 -0.0004375 -7.224650507531695e-06
1608 0 -0.000425 -5.646828392495564e-06
1609 0 -0.0004375 -5.646828392495564e-06
1610 0 -0.0004375 -4.069006277459433e-06
1611 0 -0.000425 -2.900249155210446e-06
1612 0 -0.0004375 -2.900249155210446e-06
1613 0 -0.0004375 -1.73149203296146e-06
1614 0 -0.000425 -8.657460164807302e-07
1615 0 -0.0004375 -8.657460164807302e-07
1616 0 -0.0004375 0
1617 0 -0.000425 7.53820929838117e-06
1618 0 -0.0004375 7.53820929838117e-06
1619 0 -0.0004375 1.507641859676234e-05
1620 0 -0.000425 2.525300114957692e-05
1621 0 -0.0004375 2.525300114957692e-05
1622 0 -0.0004375 3.54295837023915e-05
1623 0 -0.000425 4.916797014869118e-05
1624 0 -0.0004375 4.916797014869118e-05
1625 0 -0.0004375 6.290635659499086e-05
1626 0 -0.000425 8.145317829749544e-05
1627 0 -0.0004375 8.145317829749544e-05
1628 0 -0.0004375 0.0001
1629 0 -0.000425 0.0001185468217025046
1630 0 -0.0004375 0.0001185468217025046
1631 0 -0.0004375 0.0001370936434050091
1632 0 -0.000425 0.0001508320298513088
1633 0 -0.0004375 0.0001508320298513088
1634 0 -0.0004375 0.0001645704162976085
1635 0 -0.000425 0.0001747469988504231
1636 0 -0.0004375 0.0001747469988504231
1637 0 -0.0004375 0.0001849235814032377
1638 0 -0.000425 0.0001924617907016188
1639 0 -0.0004375 0.0001924617907016188
1640 0 -0.0004375 0.0002
1641 0 -0.000425 0.0002008657460164807
1642 0 -0.0004375 0.0002008657460164807
1643 0 -0.0004375 0.0002017314920329615
1644 0 -0.000425 0.0002029002491552105
1645 0 -0.0004375 0.0002029002491552105
1646 0 -0.0004375 0.0002040690062774595
1647 0 -0.000425 0.0002056468283924956
1648 0 -0.0004375 0.0002056468283924956
1649 0 -0.0004375 0.0002072246505075317
1650 0 -0.000425 0.0002093547103628305
1651 0 -0.0004375 0.0002093547103628305
1652 0 -0.0004375 0.0002114847702181292
1653 0 -0.000425 0.0002143603510227826
1654 0 -0.0004375 0.0002143603510227826
1655 0 -0.0004375 0.000217235931827436
1656 0 -0.000425 0.000221117965913718
1657 0 -0.0004375 0.000221117965913718
1658 0 -0.0004375 0.000225
1659 0 -0.000425 0.000228882034086282
1660 0 -0.0004375 0.000228882034086282
1661 0 -0.0004375 0.0002327640681725641
1662 0 -0.000425 0.0002356396489772174
1663 0 -0.0004375 0.0002356396489772174
1664 0 -0.0004375 0.0002385152297818707
1665 0 -0.000425 0.0002406452896371695
1666 0 -0.0004375 0.0002406452896371695
1667 0 -0.0004375 0.0002427753494924683
1668 0 -0.000425 0.0002443531716075045
1669 0 -0.0004375 0.0002443531716075045
1670 0 -0.0004375 0.0002459309937225406
1671 0 -0.000425 0.0002470997508447895
1672 0 -0.0004375 0.0002470997508447895
1673 0 -0.0004375 0.0002482685079670386
1674 0 -0.000425 0.0002491342539835193
1675 0 -0.0004375 0.0002491342539835193
1676 0 -0.0004375 0.00025
1677 0 -0.0004125 -5e-05
1678 0 -0.0004 -4.913425398351927e-05
1679 0 -0.0004125 -4.913425398351927e-05
1680 0 -0.0004125 -4.826850796703854e-05
1681 0 -0.0004 -4.709975084478956e-05
1682 0 -0.0004125 -4.709975084478956e-05
1683 0 -0.0004125 -4.593099372254057e-05
1684 0 -0.0004 -4.435317160750444e-05
1685 0 -0.0004125 -4.435317160750444e-05
1686 0 -0.0004125 -4.277534949246831e-05
1687 0 -0.0004 -4.064528963716953e-05
1688 0 -0.0004125 -4.064528963716953e-05
1689 0 -0.0004125 -3.851522978187075e-05
1690 0 -0.0004 -3.56396489772174e-05
1691 0 -0.0004125 -3.56396489772174e-05
1692 0 -0.0004125 -3.276406817256406e-05
1693 0 -0.0004 -2.888203408628203e-05
1694 0 -0.0004125 -2.888203408628203e-05
1695 0 -0.0004125 -2.5e-05
1696 0 -0.0004 -2.111796591371798e-05
1697 0 -0.0004125 -2.111796591371798e-05
1698 0 -0.0004125 -1.723593182743596e-05
1699 0 -0.0004 -1.436035102278261e-05
1700 0 -0.0004125 -1.436035102278261e-05
1701 0 -0.0004125 -1.148477021812926e-05
1702 0 -0.0004 -9.354710362830477e-06
1703 0 -0.0004125 -9.354710362830477e-06
1704 0 -0.0004125 -7.224650507531695e-06
1705 0 -0.0004 -5.646828392495564e-06
1706 0 -0.0004125 -5.646828392495564e-06
1707 0 -0.0004125 -4.069006277459433e-06
1708 0 -0.0004 -2.900249155210446e-06
1709 0 -0.0004125 -2.900249155210446e-06
1710 0 -0.0004125 -1.73149203296146e-06
1711 0 -0.0004 -8.657460164807302e-07
1712 0 -0.0004125 -8.657460164807302e-07
1713 0 -0.0004125 0
1714 0 -0.0004 7.53820929838117e-06
1715 0 -0.0004125 7.53820929838117e-06
1716 0 -0.0004125 1.507641859676234e-05
1717 0 -0.0004 2.525300114957692e-05
1718 0 -0.0004125 2.525300114957692e-05
1719 0 -0.0004125 3.54295837023915e-05
1720 0 -0.0004 4.916797014869118e-05
1721 0 -0.0004125 4.916797014869118e-05
1722 0 -0.0004125 6.290635659499086e-05
1723 0 -0.0004 8.145317829749544e-05
1724 0 -0.0004125 8.145317829749544e-05
1725 0 -0.0004125 0.0001
1726 0 -0.0004 0.0001185468217025046
1727 0 -0.0004125 0.0001185468217025046
1728 0 -0.0004125 0.0001370936434050091
1729 0 -0.0004 0.0001508320298513088
1730 0 -0.0004125 0.0001508320298513088
1731 0 -0.0004125 0.0001645704162976085
1732 0 -0.0004 0.0001747469988504231
1733 0 -0.0004125 0.0001747469988504231
1734 0 -0.0004125 0.0001849235814032377
1735 0 -0.0004 0.0001924617907016188
1736 0 -0.0004125 0.0001924617907016188
1737 0 -0.0004125 0.0002
1738 0 -0.0004 0.0002008657460164807
1739 0 -0.0004125 0.0002008657460164807
1740 0 -0.0004125 0.0002017314920329615
1741 0 -0.0004 0.0002029002491552105
1742 0 -0.0004125 0.0002029002491552105
1743 0 -0.0004125 0.0002040690062774595
1744 0 -0.0004 0.0002056468283924956
1745 0 -0.0004125 0.0002056468283924956
1746 0 -0.0004125 0.0002072246505075317
1747 0 -0.0004 0.0002093547103628305
1748 0 -0.0004125 0.0002093547103628305
1749 0 -0.0004125 0.0002114847702181292
1750 0 -0.0004 0.0002143603510227826
1751 0 -0.0004125 0.0002143603510227826
1752 0 -0.0004125 0.000217235931827436
1753 0 -0.0004 0.000221117965913718
1754 0 -0.0004125 0.000221117965913718
1755 0 -0.0004125 0.000225
1756 0 -0.0004 0.000228882034086282
1757 0 -0.0004125 0.000228882034086282
1758 0 -0.0004125 0.0002327640681725641
1759 0 -0.0004 0.0002356396489772174
1760 0 -0.0004125 0.0002356396489772174
1761 0 -0.0004125 0.0002385152297818707
1762 0 -0.0004 0.0002406452896371695
1763 0 -0.0004125 0.0002406452896371695
1764 0 -0.0004125 0.0002427753494924683
1765 0 -0.0004 0.0002443531716075045
1766 0 -0.0004125 0.0002443531716075045
1767 0 -0.0004125 0.0002459309937225406
1768 0 -0.0004 0.0002470997508447895
1769 0 -0.0004125 0.0002470997508447895
1770 0 -0.0004125 0.0002482685079670386
1771 0 -0.0004 0.0002491342539835193
1772 0 -0.0004125 0.0002491342539835193
1773 0 -0.0004125 0.00025
1774 0 -0.0003875 -5e-05
1775 0 -0.000375 -4.913425398351927e-05
1776 0 -0.0003875 -4.913425398351927e-05
1777 0 -0.0003875 -4.826850796703854e-05
1778 0 -0.000375 -4.709975084478956e-05
1779 0 -0.0003875 -4.709975084478956e-05
1780 0 -0.0003875 -4.593099372254057e-05
1781 0 -0.000375 -4.435317160750444e-05
1782 0 -0.0003875 -4.435317160750444e-05
1783 0 -0.0003875 -4.277534949246831e-05
1784 0 -0.000375 -4.064528963716953e-05
1785 0 -0.0003875 -4.064528963716953e-05
1786 0 -0.0003875 -3.851522978187075e-05
1787 0 -0.000375 -3.56396489772174e-05
1788 0 -0.0003875 -3.56396489772174e-05
1789 0 -0.0003875 -3.276406817256406e-05
1790 0 -0.000375 -2.888203408628203e-05
1791 0 -0.0003875 -2.888203408628203e-05
1792 0 -0.0003875 -2.5e-05
1793 0 -0.000375 -2.111796591371798e-05
1794 0 -0.0003875 -2.111796591371798e-05
1795 0 -0.0003875 -1.723593182743596e-05
1796 0 -0.000375 -1.436035102278261e-05
1797 0 -0.0003875 -1.436035102278261e-05
1798 0 -0.0003875 -1.148477021812926e-05
1799 0 -0.000375 -9.354710362830477e-06
1800 0 -0.0003875 -9.354710362830477e-06
1801 0 -0.0003875 -7.224650507531695e-06
1802 0 -0.000375 -5.646828392495564e-06
1803 0 -0.0003875 -5.646828392495564e-06
1804 0 -0.0003875 -4.069006277459433e-06
1805 0 -0.000375 -2.900249155210446e-06
1806 0 -0.0003875 -2.900249155210446e-06
1807 0 -0.0003875 -1.73149203296146e-06
1808 0 -0.000375 -8.657460164807302e-07
1809 0 -0.0003875 -8.657460164807302e-07
1810 0 -0.0003875 0
1811 0 -0.000375 7.53820929838117e-06
1812 0 -0.0003875 7.53820929838117e-06
1813 0 -0.0003875 1.507641859676234e-05
1814 0 -0.000375 2.525300114957692e-05
1815 0 -0.0003875 2.525300114957692e-05
1816 0 -0.0003875 3.54295837023915e-05
1817 0 -0.000375 4.916797014869118e-05
1818 0 -0.0003875 4.916797014869118e-05
1819 0 -0.0003875 6.290635659499086e-05
1820 0 -0.000375 8.145317829749544e-05
1821 0 -0.0003875 8.145317829749544e-05
1822 0 -0.0003875 0.0001
1823 0 -0.000375 0.0001185468217025046
1824 0 -0.0003875 0.0001185468217025046
1825 0 -0.0003875 0.0001370936434050091
1826 0 -0.000375 0.0001508320298513088
1827 0 -0.0003875 0.0001508320298513088
1828 0 -0.0003875 0.0001645704162976085
1829 0 -0.000375 0.0001747469988504231
1830 0 -0.0003875 0.0001747469988504231
1831 0 -0.0003875 0.0001849235814032377
1832 0 -0.000375 0.0001924617907016188
1833 0 -0.0003875 0.0001924617907016188
1834 0 -0.0003875 0.0002
1835 0 -0.000375 0.0002008657460164807
1836 0 -0.0003875 0.0002008657460164807
1837 0 -0.0003875 0.0002017314920329615
1838 0 -0.000375 0.0002029002491552105
1839 0 -0.0003875 0.0002029002491552105
1840 0 -0.0003875 0.0002040690062774595
1841 0 -0.000375 0.0002056468283924956
1842 0 -0.0003875 0.0002056468283924956
1843 0 -0.0003875 0.0002072246505075317
1844 0 -0.000375 0.0002093547103628305
1845 0 -0.0003875 0.0002093547103628305
1846 0 -0.0003875 0.0002114847702181292
1847 0 -0.000375 0.0002143603510227826
1848 0 -0.0003875 0.0002143603510227826
1849 0 -0.0003875 0.000217235931827436
1850 0 -0.000375 0.000221117965913718
1851 0 -0.0003875 0.000221117965913718
1852 0 -0.0003875 0.000225
1853 0 -0.000375 0.000228882034086282
1854 0 -0.0003875 0.000228882034086282
1855 0 -0.0003875 0.0002327640681725641
1856 0 -0.000375 0.0002356396489772174
1857 0 -0.0003875 0.0002356396489772174
1858 0 -0.0003875 0.0002385152297818707
1859 0 -0.000375 0.0002406452896371695
1860 0 -0.0003875 0.0002406452896371695
1861 0 -0.0003875 0.0002427753494924683
1862 0 -0.000375 0.0002443531716075045
1863 0 -0.0003875 0.0002443531716075045
1864 0 -0.0003875 0.0002459309937225406
1865 0 -0.000375 0.0002470997508447895
1866 0 -0.0003875 0.0002470997508447895
1867 0 -0.0003875 0.0002482685079670386
1868 0 -0.000375 0.0002491342539835193
1869 0 -0.0003875 0.0002491342539835193
1870 0 -0.0003875 0.00025
1871 0 -0.0003625 -5e-05
1872 0 -0.00035 -4.913425398351927e-05
1873 0 -0.0003625 -4.913425398351927e-05
1874 0 -0.0003625 -4.826850796703854e-05
1875 0 -0.00035 -4.709975084478956e-05
1876 0 -0.0003625 -4.709975084478956e-05
1877 0 -0.0003625 -4.593099372254057e-05
1878 0 -0.00035 -4.435317160750444e-05
1879 0 -0.0003625 -4.435317160750444e-05
1880 0 -0.0003625 -4.277534949246831e-05
1881 0 -0.00035 -4.064528963716953e-05
1882 0 -0.0003625 -4.064528963716953e-05
1883 0 -0.0003625 -3.851522978187075e-05
1884 0 -0.00035 -3.56396489772174e-05
1885 0 -0.0003625 -3.56396489772174e-05
1886 0 -0.0003625 -3.276406817256406e-05
1887 0 -0.00035 -2.888203408628203e-05
1888 0 -0.0003625 -2.888203408628203e-05
1889 0 -0.0003625 -2.5e-05
1890 0 -0.00035 -2.111796591371798e-05
1891 0 -0.0003625 -2.111796591371798e-05
1892 0 -0.0003625 -1.723593182743596e-05
1893 0 -0.00035 -1.436035102278261e-05
1894 0 -0.0003625 -1.436035102278261e-05
1895 0 -0.0003625 -1.148477021812926e-05
1896 0 -0.00035 -9.354710362830477e-06
1897 0 -0.0003625 -9.354710362830477e-06
1898 0 -0.0003625 -7.224650507531695e-06
1899 0 -0.00035 -5.646828392495564e-06
1900 0 -0.0003625 -5.646828392495564e-06
1901 0 -0.0003625 -4.069006277459433e-06
1902 0 -0.00035 -2.900249155210446e-06
1903 0 -0.0003625 -2.900249155210446e-06
1904 0 -0.0003625 -1.73149203296146e-06
1905 0 -0.00035 -8.657460164807302e-07
1906 0 -0.0003625 -8.657460164807302e-07
1907 0 -0.0003625 0
1908 0 -0.00035 7.53820929838117e-06
1909 0 -0.0003625 7.53820929838117e-06
1910 0 -0.0003625 1.507641859676234e-05
1911 0 -0.00035 2.525300114957692e-05
1912 0 -0.0003625 2.525300114957692e-05
1913 0 -0.0003625 3.54295837023915e-05
1914 0 -0.00035 4.916797014869118e-05
1915 0 -0.0003625 4.916797014869118e-05
1916 0 -0.0003625 6.290635659499086e-05
1917 0 -0.00035 8.145317829749544e-05
1918 0 -0.0003625 8.145317829749544e-05
1919 0 -0.0003625 0.0001
1920 0 -0.00035 0.0001185468217025046
1921 0 -0.0003625 0.0001185468217025046
1922 0 -0.0003625 0.0001370936434050091
1923 0 -0.00035 0.0001508320298513088
1924 0 -0.0003625 0.0001508320298513088
1925 0 -0.0003625 0.0001645704162976085
1926 0 -0.00035 0.0001747469988504231
1927 0 -0.0003625 0.0001747469988504231
1928 0 -0.0003625 0.0001849235814032377
1929 0 -0.00035 0.0001924617907016188
1930 0 -0.0003625 0.0001924617907016188
1931 0 -0.0003625 0.0002
1932 0 -0.00035 0.0002008657460164807
1933 0 -0.0003625 0.0002008657460164807
1934 0 -0.0003625 0.0002017314920329615
1935 0 -0.00035 0.0002029002491552105
1936 0 -0.0003625 0.0002029002491552105
1937 0 -0.0003625 0.0002040690062774595
1938 0 -0.00035 0.0002056468283924956
1939 0 -0.0003625 0.0002056468283924956
1940 0 -0.0003625 0.0002072246505075317
1941 0 -0.00035 0.0002093547103628305
1942 0 -0.0003625 0.0002093547103628305
1943 0 -0.0003625 0.0002114847702181292
1944 0 -0.00035 0.0002143603510227826
1945 0 -0.0003625 0.0002143603510227826
1946 0 -0.0003625 0.000217235931827436
1947 0 -0.00035 0.000221117965913718
1948 0 -0.0003625 0.000221117965913718
1949 0 -0.0003625 0.000225
1950 0 -0.00035 0.000228882034086282
1951 0 -0.0003625 0.000228882034086282
1952 0 -0.0003625 0.0002327640681725641
1953 0 -0.00035 0.0002356396489772174
1954 0 -0.0003625 0.0002356396489772174
1955 0 -0.0003625 0.0002385152297818707
1956 0 -0.00035 0.0002406452896371695
1957 0 -0.0003625 0.0002406452896371695
1958 0 -0.0003625 0.0002427753494924683
1959 0 -0.00035 0.0002443531716075045
1960 0 -0.0003625 0.0002443531716075045
1961 0 -0.0003625 0.0002459309937225406
1962 0 -0.00035 0.0002470997508447895
1963 0 -0.0003625 0.0002470997508447895
1964 0 -0.0003625 0.0002482685079670386
1965 0 -0.00035 0.0002491342539835193
1966 0 -0.0003625 0.0002491342539835193
1967 0 -0.0003625 0.00025
1968 0 -0.0003375 -5e-05
1969 0 -0.000325 -4.913425398351927e-05
1970 0 -0.0003375 -4.913425398351927e-05
1971 0 -0.0003375 -4.826850796703854e-05
1972 0 -0.000325 -4.709975084478956e-05
1973 0 -0.0003375 -4.709975084478956e-05
1974 0 -0.0003375 -4.593099372254057e-05
1975 0 -0.000325 -4.435317160750444e-05
1976 0 -0.0003375 -4.435317160750444e-05
1977 0 -0.0003375 -4.277534949246831e-05
1978 0 -0.000325 -4.064528963716953e-05
1979 0 -0.0003375 -4.064528963716953e-05
1980 0 -0.0003375 -3.851522978187075e-05
1981 0 -0.000325 -3.56396489772174e-05
1982 0 -0.0003375 -3.56396489772174e-05
1983 0 -0.0003375 -3.276406817256406e-05
1984 0 -0.000325 -2.888203408628203e-05
1985 0 -0.0003375 -2.888203408628203e-05
1986 0 -0.0003375 -2.5e-05
1987 0 -0.000325 -2.111796591371798e-05
1988 0 -0.0003375 -2.111796591371798e-05
1989 0 -0.0003375 -1.723593182743596e-05
1990 0 -0.000325 -1.436035102278261e-05
1991 0 -0.0003375 -1.436035102278261e-05
1992 0 -0.0003375 -1.148477021812926e-05
1993 0 -0.000325 -9.354710362830477e-06
1994 0 -0.0003375 -9.354710362830477e-06
1995 0 -0.0003375 -7.224650507531695e-06
1996 0 -0.000325 -5.646828392495564e-06
1997 0 -0.0003375 -5.646828392495564e-06
1998 0 -0.0003375 -4.069006277459433e-06
1999 0 -0.000325 -2.900249155210446e-06
2000 0 -0.0003375 -2.900249155210446e-06
2001 0 -0.0003375 -1.73149203296146e-06
2002 0 -0.000325 -8.657460164807302e-07
2003 0 -0.0003375 -8.657460164807302e-07
2004 0 -0.0003375 0
2005 0 -0.000325 7.53820929838117e-06
2006 0 -0.0003375 7.53820929838117e-06
2007 0 -0.0003375 1.507641859676234e-05
2008 0 -0.000325 2.525300114957692e-05
2009 0 -0.0003375 2.525300114957692e-05
2010 0 -0.0003375 3.54295837023915e-05
2011 0 -0.000325 4.916797014869118e-05
2012 0 -0.0003375 4.916797014869118e-05
2013 0 -0.0003375 6.290635659499086e-05
2014 0 -0.000325 8.145317829749544e-05
2015 0 -0.0003375 8.145317829749544e-05
2016 0 -0.0003375 0.0001
2017 0 -0.000325 0.0001185468217025046
2018 0 -0.0003375 0.0001185468217025046
2019 0 -0.0003375 0.0001370936434050091
2020 0 -0.000325 0.0001508320298513088
2021 0 -0.0003375 0.0001508320298513088
2022 0 -0.0003375 0.0001645704162976085
2023 0 -0.000325 0.0001747469988504231
2024 0 -0.0003375 0.0001747469988504231
2025 0 -0.0003375 0.0001849235814032377
2026 0 -0.000325 0.0001924617907016188
2027 0 -0.0003375 0.0001924617907016188
2028 0 -0.0003375 0.0002
2029 0 -0.000325 0.0002008657460164807
2030 0 -0.0003375 0.0002008657460164807
2031 0 -0.0003375 0.0002017314920329615
2032 0 -0.000325 0.0002029002491552105
2033 0 -0.0003375 0.0002029002491552105
2034 0 -0.0003375 0.0002040690062774595
2035 0 -0.000325 0.0002056468283924956
2036 0 -0.0003375 0.0002056468283924956
2037 0 -0.0003375 0.0002072246505075317
2038 0 -0.000325 0.0002093547103628305
2039 0 -0.0003375 0.0002093547103628305
2040 0 -0.0003375 0.0002114847702181292
2041 0 -0.000325 0.0002143603510227826
2042 0 -0.0003375 0.0002143603510227826
2043 0 -0.0003375 0.000217235931827436
2044 0 -0.000325 0.000221117965913718
2045 0 -0.0003375 0.000221117965913718
2046 0 -0.0003375 0.000225
2047 0 -0.000325 0.000228882034086282
2048 0 -0.0003375 0.000228882034086282
2049 0 -0.0003375 0.0002327640681725641
2050 0 -0.000325 0.0002356396489772174
2051 0 -0.0003375 0.0002356396489772174
2052 0 -0.0003375 0.0002385152297818707
2053 0 -0.000325 0.0002406452896371695
2054 0 -0.0003375 0.0002406452896371695
2055 0 -0.0003375 0.0002427753494924683
2056 0 -0.000325 0.0002443531716075045
2057 0 -0.0003375 0.0002443531716075045
2058 0 -0.0003375 0.0002459309937225406
2059 0 -0.000325 0.0002470997508447895
2060 0 -0.0003375 0.0002470997508447895
2061 0 -0.0003375 0.0002482685079670386
2062 0 -0.000325 0.0002491342539835193
2063 0 -0.0003375 0.0002491342539835193
2064 0 -0.0003375 0.00025
2065 0 -0.0003125 -5e-05
2066 0 -0.0003 -4.913425398351927e-05
2067 0 -0.0003125 -4.913425398351927e-05
2068 0 -0.0003125 -4.826850796703854e-05
2069 0 -0.0003 -4.709975084478956e-05
2070 0 -0.0003125 -4.709975084478956e-05
2071 0 -0.0003125 -4.593099372254057e-05
2072 0 -0.0003 -4.435317160750444e-05
2073 0 -0.0003125 -4.435317160750444e-05
2074 0 -0.0003125 -4.277534949246831e-05
2075 0 -0.0003 -4.064528963716953e-05
2076 0 -0.0003125 -4.064528963716953e-05
2077 0 -0.0003125 -3.851522978187075e-05
2078 0 -0.0003 -3.56396489772174e-05
2079 0 -0.0003125 -3.56396489772174e-05
2080 0 -0.0003125 -3.276406817256406e-05
2081 0 -0.0003 -2.888203408628203e-05
2082 0 -0.0003125 -2.888203408628203e-05
2083 0 -0.0003125 -2.5e-05
2084 0 -0.0003 -2.111796591371798e-05
2085 0 -0.0003125 -2.111796591371798e-05
2086 0 -0.0003125 -1.723593182743596e-05
2087 0 -0.0003 -1.436035102278261e-05
2088 0 -0.0003125 -1.436035102278261e-05
2089 0 -0.0003125 -1.148477021812926e-05
2090 0 -0.0003 -9.354710362830477e-06
2091 0 -0.0003125 -9.354710362830477e-06
2092 0 -0.0003125 -7.224650507531695e-06
2093 0 -0.0003 -5.646828392495564e-06
2094 0 -0.0003125 -5.646828392495564e-06
2095 0 -0.0003125 -4.069006277459433e-06
2096 0 -0.0003 -2.900249155210446e-06
2097 0 -0.0003125 -2.900249155210446e-06
2098 0 -0.0003125 -1.73149203296146e-06
2099 0 -0.0003 -8.657460164807302e-07
2100 0 -0.0003125 -8.657460164807302e-07
2101 0 -0.0003125 0
2102 0 -0.0003 7.53820929838117e-06
2103 0 -0.0003125 7.53820929838117e-06
2104 0 -0.0003125 1.507641859676234e-05
2105 0 -0.0003 2.525300114957692e-05
2106 0 -0.0003125 2.525300114957692e-05
2107 0 -0.0003125 3.54295837023915e-05
2108 0 -0.0003 4.916797014869118e-05
2109 0 -0.0003125 4.916797014869118e-05
2110 0 -0.0003125 6.290635659499086e-05
2111 0 -0.0003 8.145317829749544e-05
2112 0 -0.0003125 8.145317829749544e-05
2113 0 -0.0003125 0.0001
2114 0 -0.0003 0.0001185468217025046
2115 0 -0.0003125 0.0001185468217025046
2116 0 -0.0003125 0.0001370936434050091
2117 0 -0.0003 0.0001508320298513088
2118 0 -0.0003125 0.0001508320298513088
2119 0 -0.0003125 0.0001645704162976085
2120 0 -0.0003 0.0001747469988504231
2121 0 -0.0003125 0.0001747469988504231
2122 0 -0.0003125 0.0001849235814032377
2123 0 -0.0003 0.0001924617907016188
2124 0 -0.0003125 0.0001924617907016188
2125 0 -0.0003125 0.0002
2126 0 -0.0003 0.0002008657460164807
2127 0 -0.0003125 0.0002008657460164807
2128 0 -0.0003125 0.0002017314920329615
2129 0 -0.0003 0.0002029002491552105
2130 0 -0.0003125 0.0002029002491552105
2131 0 -0.0003125 0.0002040690062774595
2132 0 -0.0003 0.0002056468283924956
2133 0 -0.0003125 0.0002056468283924956
2134 0 -0.0003125 0.0002072246505075317
2135 0 -0.0003 0.0002093547103628305
2136 0 -0.0003125 0.0002093547103628305
2137 0 -0.0003125 0.0002114847702181292
2138 0 -0.0003 0.0002143603510227826
2139 0 -0.0003125 0.0002143603510227826
2140 0 -0.0003125 0.000217235931827436
2141 0 -0.0003 0.000221117965913718
2142 0 -0.0003125 0.000221117965913718
2143 0 -0.0003125 0.000225
2144 0 -0.0003 0.000228882034086282
2145 0 -0.0003125 0.000228882034086282
2146 0 -0.0003125 0.0002327640681725641
2147 0 -0.0003 0.0002356396489772174
2148 0 -0.0003125 0.0002356396489772174
2149 0 -0.0003125 0.0002385152297818707
2150 0 -0.0003 0.0002406452896371695
2151 0 -0.0003125 0.0002406452896371695
2152 0 -0.0003125 0.0002427753494924683
2153 0 -0.0003 0.0002443531716075045
2154 0 -0.0003125 0.0002443531716075045
2155 0 -0.0003125 0.0002459309937225406
2156 0 -0.0003 0.0002470997508447895
2157 0 -0.0003125 0.0002470997508447895
2158 0 -0.0003125 0.0002482685079670386
2159 0 -0.0003 0.0002491342539835193
2160 0 -0.0003125 0.0002491342539835193
2161 0 -0.0003125 0.00025
2162 0 -0.0002875 -5e-05
2163 0 -0.000275 -4.913425398351927e-05
2164 0 -0.0002875 -4.913425398351927e-05
2165 0 -0.0002875 -4.826850796703854e-05
2166 0 -0.000275 -4.709975084478956e-05
2167 0 -0.0002875 -4.709975084478956e-05
2168 0 -0.0002875 -4.593099372254057e-05
2169 0 -0.000275 -4.435317160750444e-05
2170 0 -0.0002875 -4.435317160750444e-05
2171 0 -0.0002875 -4.277534949246831e-05
2172 0 -0.000275 -4.064528963716953e-05
2173 0 -0.0002875 -4.064528963716953e-05
2174 0 -0.0002875 -3.851522978187075e-05
2175 0 -0.000275 -3.56396489772174e-05
2176 0 -0.0002875 -3.56396489772174e-05
2177 0 -0.0002875 -3.276406817256406e-05
2178 0 -0.000275 -2.888203408628203e-05
2179 0 -0.0002875 -2.888203408628203e-05
2180 0 -0.0002875 -2.5e-05
2181 0 -0.000275 -2.111796591371798e-05
2182 0 -0.0002875 -2.111796591371798e-05
2183 0 -0.0002875 -1.723593182743596e-05
2184 0 -0.000275 -1.436035102278261e-05
2185 0 -0.0002875 -1.436035102278261e-05
2186 0 -0.0002875 -1.148477021812926e-05
2187 0 -0.000275 -9.354710362830477e-06
2188 0 -0.0002875 -9.354710362830477e-06
2189 0 -0.0002875 -7.224650507531695e-06
2190 0 -0.000275 -5.646828392495564e-06
2191 0 -0.0002875 -5.646828392495564e-06
2192 0 -0.0002875 -4.069006277459433e-06
2193 0 -0.000275 -2.900249155210446e-06
2194 0 -0.0002875 -2.900249155210446e-06
2195 0 -0.0002875 -1.73149203296146e-06
2196 0 -0.000275 -8.657460164807302e-07
2197 0 -0.0002875 -8.657460164807302e-07
2198 0 -0.0002875 0
2199 0 -0.000275 7.53820929838117e-06
2200 0 -0.0002875 7.53820929838117e-06
2201 0 -0.0002875 1.507641859676234e-05
2202 0 -0.000275 2.525300114957692e-05
2203 0 -0.0002875 2.525300114957692e-05
2204 0 -0.0002875 3.54295837023915e-05
2205 0 -0.000275 4.916797014869118e-05
2206 0 -0.0002875 4.916797014869118e-05
2207 0 -0.0002875 6.290635659499086e-05
2208 0 -0.000275 8.145317829749544e-05
2209 0 -0.0002875 8.145317829749544e-05
2210 0 -0.0002875 0.0001
2211 0 -0.000275 0.0001185468217025046
2212 0 -0.0002875 0.0001185468217025046
2213 0 -0.0002875 0.0001370936434050091
2214 0 -0.000275 0.0001508320298513088
2215 0 -0.0002875 0.0001508320298513088
2216 0 -0.0002875 0.0001645704162976085
2217 0 -0.000275 0.0001747469988504231
2218 0 -0.0002875 0.0001747469988504231
2219 0 -0.0002875 0.0001849235814032377
2220 0 -0.000275 0.0001924617907016188
2221 0 -0.0002875 0.0001924617907016188
2222 0 -0.0002875 0.0002
2223 0 -0.000275 0.0002008657460164807
2224 0 -0.0002875 0.0002008657460164807
2225 0 -0.0002875 0.0002017314920329615
2226 0 -0.000275 0.0002029002491552105
2227 0 -0.0002875 0.0002029002491552105
2228 0 -0.0002875 0.0002040690062774595
2229 0 -0.000275 0.0002056468283924956
2230 0 -0.0002875 0.0002056468283924956
2231 0 -0.0002875 0.0002072246505075317
2232 0 -0.000275 0.0002093547103628305
2233 0 -0.0002875 0.0002093547103628305
2234 0 -0.0002875 0.0002114847702181292
2235 0 -0.000275 0.0002143603510227826
2236 0 -0.0002875 0.0002143603510227826
2237 0 -0.0002875 0.000217235931827436
2238 0 -0.000275 0.000221117965913718
2239 0 -0.0002875 0.000221117965913718
2240 0 -0.0002875 0.000225
2241 0 -0.000275 0.000228882034086282
2242 0 -0.0002875 0.000228882034086282
2243 0 -0.0002875 0.0002327640681725641
2244 0 -0.000275 0.0002356396489772174
2245 0 -0.0002875 0.0002356396489772174
2246 0 -0.0002875 0.0002385152297818707
2247 0 -0.000275 0.0002406452896371695
2248 0 -0.0002875 0.0002406452896371695
2249 0 -0.0002875 0.0002427753494924683
2250 0 -0.000275 0.0002443531716075045
2251 0 -0.0002875 0.0002443531716075045
2252 0 -0.0002875 0.0002459309937225406
2253 0 -0.000275 0.0002470997508447895
2254 0 -0.0002875 0.0002470997508447895
2255 0 -0.0002875 0.0002482685079670386
2256 0 -0.000275 0.0002491342539835193
2257 0 -0.0002875 0.0002491342539835193
2258 0 -0.0002875 0.00025
2259 0 -0.0002625 -5e-05
2260 0 -0.00025 -4.913425398351927e-05
2261 0 -0.0002625 -4.913425398351927e-05
2262 0 -0.0002625 -4.826850796703854e-05
2263 0 -0.00025 -4.709975084478956e-05
2264 0 -0.0002625 -4.709975084478956e-05
2265 0 -0.0002625 -4.593099372254057e-05
2266 0 -0.00025 -4.435317160750444e-05
2267 0 -0.0002625 -4.435317160750444e-05
2268 0 -0.0002625 -4.277534949246831e-05
2269 0 -0.00025 -4.064528963716953e-05
2270 0 -0.0002625 -4.064528963716953e-05
2271 0 -0.0002625 -3.851522978187075e-05
2272 0 -0.00025 -3.56396489772174e-05
2273 0 -0.0002625 -3.56396489772174e-05
2274 0 -0.0002625 -3.276406817256406e-05
2275 0 -0.00025 -2.888203408628203e-05
2276 0 -0.0002625 -2.888203408628203e-05
2277 0 -0.0002625 -2.5e-05
2278 0 -0.00025 -2.111796591371798e-05
2279 0 -0.0002625 -2.111796591371798e-05
2280 0 -0.0002625 -1.723593182743596e-05
2281 0 -0.00025 -1.436035102278261e-05
2282 0 -0.0002625 -1.436035102278261e-05
2283 0 -0.0002625 -1.148477021812926e-05
2284 0 -0.00025 -9.354710362830477e-06
2285 0 -0.0002625 -9.354710362830477e-06
2286 0 -0.0002625 -7.224650507531695e-06
2287 0 -0.00025 -5.646828392495564e-06
2288 0 -0.0002625 -5.646828392495564e-06
2289 0 -0.0002625 -4.069006277459433e-06
2290 0 -0.00025 -2.900249155210446e-06
2291 0 -0.0002625 -2.900249155210446e-06
2292 0 -0.0002625 -1.73149203296146e-06
2293 0 -0.00025 -8.657460164807302e-07
2294 0 -0.0002625 -8.657460164807302e-07
2295 0 -0.0002625 0
2296 0 -0.00025 7.53820929838117e-06
2297 0 -0.0002625 7.53820929838117e-06
2298 0 -0.0002625 1.507641859676234e-05
2299 0 -0.00025 2.525300114957692e-05
2300 0 -0.0002625 2.525300114957692e-05
2301 0 -0.0002625 3.54295837023915e-05
2302 0 -0.00025 4.916797014869118e-05
2303 0 -0.0002625 4.916797014869118e-05
2304 0 -0.0002625 6.290635659499086e-05
2305 0 -0.00025 8.145317829749544e-05
2306 0 -0.0002625 8.145317829749544e-05
2307 0 -0.0002625 0.0001
2308 0 -0.00025 0.0001185468217025046
2309 0 -0.0002625 0.0001185468217025046
2310 0 -0.0002625 0.0001370936434050091
2311 0 -0.00025 0.0001508320298513088
2312 0 -0.0002625 0.0001508320298513088
2313 0 -0.0002625 0.0001645704162976085
2314 0 -0.00025 0.0001747469988504231
2315 0 -0.0002625 0.0001747469988504231
2316 0 -0.0002625 0.0001849235814032377
2317 0 -0.00025 0.0001924617907016188
2318 0 -0.0002625 0.0001924617907016188
2319 0 -0.0002625 0.0002
2320 0 -0.00025 0.0002008657460164807
2321 0 -0.0002625 0.0002008657460164807
2322 0 -0.0002625 0.0002017314920329615
2323 0 -0.00025 0.0002029002491552105
2324 0 -0.0002625 0.0002029002491552105
2325 0 -0.0002625 0.0002040690062774595
2326 0 -0.00025 0.0002056468283924956
2327 0 -0.0002625 0.0002056468283924956
2328 0 -0.0002625 0.0002072246505075317
2329 0 -0.00025 0.0002093547103628305
2330 0 -0.0002625 0.0002093547103628305
2331 0 -0.0002625 0.0002114847702181292
2332 0 -0.00025 0.0002143603510227826
2333 0 -0.0002625 0.0002143603510227826
2334 0 -0.0002625 0.000217235931827436
2335 0 -0.00025 0.000221117965913718
2336 0 -0.0002625 0.000221117965913718
2337 0 -0.0002625 0.000225
2338 0 -0.00025 0.000228882034086282
2339 0 -0.0002625 0.000228882034086282
2340 0 -0.0002625 0.0002327640681725641
2341 0 -0.00025 0.0002356396489772174
2342 0 -0.0002625 0.0002356396489772174
2343 0 -0.0002625 0.0002385152297818707
2344 0 -0.00025 0.0002406452896371695
2345 0 -0.0002625 0.0002406452896371695
2346 0 -0.0002625 0.0002427753494924683
2347 0 -0.00025 0.0002443531716075045
2348 0 -0.0002625 0.0002443531716075045
2349 0 -0.0002625 0.0002459309937225406
2350 0 -0.00025 0.0002470997508447895
2351 0 -0.0002625 0.0002470997508447895
2352 0 -0.0002625 0.0002482685079670386
2353 0 -0.00025 0.0002491342539835193
2354 0 -0.0002625 0.0002491342539835193
2355 0 -0.0002625 0.00025
2356 0 -0.0002375 -5e-05
2357 0 -0.000225 -4.913425398351927e-05
2358 0 -0.0002375 -4.913425398351927e-05
2359 0 -0.0002375 -4.826850796703854e-05
2360 0 -0.000225 -4.709975084478956e-05
2361 0 -0.0002375 -4.709975084478956e-05
2362 0 -0.0002375 -4.593099372254057e-05
2363 0 -0.000225 -4.435317160750444e-05
2364 0 -0.0002375 -4.435317160750444e-05
2365 0 -0.0002375 -4.277534949246831e-05
2366 0 -0.000225 -4.064528963716953e-05
2367 0 -0.0002375 -4.064528963716953e-05
2368 0 -0.0002375 -3.851522978187075e-05
2369 0 -0.000225 -3.56396489772174e-05
2370 0 -0.0002375 -3.56396489772174e-05
2371 0 -0.0002375 -3.276406817256406e-05
2372 0 -0.000225 -2.888203408628203e-05
2373 0 -0.0002375 -2.888203408628203e-05
2374 0 -0.0002375 -2.5e-05
2375 0 -0.000225 -2.111796591371798e-05
2376 0 -0.0002375 -2.111796591371798e-05
2377 0 -0.0002375 -1.723593182743596e-05
2378 0 -0.000225 -1.436035102278261e-05
2379 0 -0.0002375 -1.436035102278261e-05
2380 0 -0.0002375 -1.148477021812926e-05
2381 0 -0.000225 -9.354710362830477e-06
2382 0 -0.0002375 -9.354710362830477e-06
2383 0 -0.0002375 -7.224650507531695e-06
2384 0 -0.000225 -5.646828392495564e-06
2385 0 -0.0002375 -5.646828392495564e-06
2386 0 -0.0002375 -4.069006277459433e-06
2387 0 -0.000225 -2.900249155210446e-06
2388 0 -0.0002375 -2.900249155210446e-06
2389 0 -0.0002375 -1.73149203296146e-06
2390 0 -0.000225 -8.657460164807302e-07
2391 0 -0.0002375 -8.657460164807302e-07
2392 0 -0.0002375 0
2393 0 -0.000225 7.53820929838117e-06
2394 0 -0.0002375 7.53820929838117e-06
2395 0 -0.0002375 1.507641859676234e-05
2396 0 -0.000225 2.525300114957692e-05
2397 0 -0.0002375 2.525300114957692e-05
2398 0 -0.0002375 3.54295837023915e-05
2399 0 -0.000225 4.916797014869118e-05
2400 0 -0.0002375 4.916797014869118e-05
2401 0 -0.0002375 6.290635659499086e-05
2402 0 -0.000225 8.145317829749544e-05
2403 0 -0.0002375 8.145317829749544e-05
2404 0 -0.0002375 0.0001
2405 0 -0.000225 0.0001185468217025046
2406 0 -0.0002375 0.0001185468217025046
2407 0 -0.0002375 0.0001370936434050091
2408 0 -0.000225 0.0001508320298513088
2409 0 -0.0002375 0.0001508320298513088
2410 0 -0.0002375 0.0001645704162976085
2411 0 -0.000225 0.0001747469988504231
2412 0 -0.0002375 0.0001747469988504231
2413 0 -0.0002375 0.0001849235814032377
2414 0 -0.000225 0.0001924617907016188
2415 0 -0.0002375 0.0001924617907016188
2416 0 -0.0002375 0.0002
2417 0 -0.000225 0.0002008657460164807
2418 0 -0.0002375 0.0002008657460164807
2419 0 -0.0002375 0.0002017314920329615
2420 0 -0.000225 0.0002029002491552105
2421 0 -0.0002375 0.0002029002491552105
2422 0 -0.0002375 0.0002040690062774595
2423 0 -0.000225 0.0002056468283924956
2424 0 -0.0002375 0.0002056468283924956
2425 0 -0.0002375 0.0002072246505075317
2426 0 -0.000225 0.0002093547103628305
2427 0 -0.0002375 0.0002093547103628305
2428 0 -0.0002375 0.0002114847702181292
2429 0 -0.000225 0.0002143603510227826
2430 0 -0.0002375 0.0002143603510227826
2431 0 -0.0002375 0.000217235931827436
2432 0 -0.000225 0.000221117965913718
2433 0 -0.0002375 0.000221117965913718
2434 0 -0.0002375 0.000225
2435 0 -0.000225 0.000228882034086282
2436 0 -0.0002375 0.000228882034086282
2437 0 -0.0002375 0.0002327640681725641
2438 0 -0.000225 0.0002356396489772174
2439 0 -0.0002375 0.0002356396489772174
2440 0 -0.0002375 0.0002385152297818707
2441 0 -0.000225 0.0002406452896371695
2442 0 -0.0002375 0.0002406452896371695
2443 0 -0.0002375 0.0002427753494924683
2444 0 -0.000225 0.0002443531716075045
2445 0 -0.0002375 0.0002443531716075045
2446 0 -0.0002375 0.0002459309937225406
2447 0 -0.000225 0.0002470997508447895
2448 0 -0.0002375 0.0002470997508447895
2449 0 -0.0002375 0.0002482685079670386
2450 0 -0.000225 0.0002491342539835193
2451 0 -0.0002375 0.0002491342539835193
2452 0 -0.0002375 0.00025
2453 0 -0.0002125 -5e-05
2454 0 -0.0002 -4.913425398351927e-05
2455 0 -0.0002125 -4.913425398351927e-05
2456 0 -0.0002125 -4.826850796703854e-05
2457 0 -0.0002 -4.709975084478956e-05
2458 0 -0.0002125 -4.709975084478956e-05
2459 0 -0.0002125 -4.593099372254057e-05
2460 0 -0.0002 -4.435317160750444e-05
2461 0 -0.0002125 -4.435317160750444e-05
2462 0 -0.0002125 -4.277534949246831e-05
2463 0 -0.0002 -4.064528963716953e-05
2464 0 -0.0002125 -4.064528963716953e-05
2465 0 -0.0002125 -3.851522978187075e-05
2466 0 -0.0002 -3.56396489772174e-05
2467 0 -0.0002125 -3.56396489772174e-05
2468 0 -0.0002125 -3.276406817256406e-05
2469 0 -0.0002 -2.888203408628203e-05
2470 0 -0.0002125 -2.888203408628203e-05
2471 0 -0.0002125 -2.5e-05
2472 0 -0.0002 -2.111796591371798e-05
2473 0 -0.0002125 -2.111796591371798e-05
2474 0 -0.0002125 -1.723593182743596e-05
2475 0 -0.0002 -1.436035102278261e-05
2476 0 -0.0002125 -1.436035102278261e-05
2477 0 -0.0002125 -1.148477021812926e-05
2478 0 -0.0002 -9.354710362830477e-06
2479 0 -0.0002125 -9.354710362830477e-06
2480 0 -0.0002125 -7.224650507531695e-06
2481 0 -0.0002 -5.646828392495564e-06
2482 0 -0.0002125 -5.646828392495564e-06
2483 0 -0.0002125 -4.069006277459433e-06
2484 0 -0.0002 -2.900249155210446e-06
2485 0 -0.0002125 -2.900249155210446e-06
2486 0 -0.0002125 -1.73149203296146e-06
2487 0 -0.0002 -8.657460164807302e-07
2488 0 -0.0002125 -8.657460164807302e-07
2489 0 -0.0002125 0
2490 0 -0.0002 7.53820929838117e-06
2491 0 -0.0002125 7.53820929838117e-06
2492 0 -0.0002125 1.507641859676234e-05
2493 0 -0.0002 2.525300114957692e-05
2494 0 -0.0002125 2.525300114957692e-05
2495 0 -0.0002125 3.54295837023915e-05
2496 0 -0.0002 4.916797014869118e-05
2497 0 -0.0002125 4.916797014869118e-05
2498 0 -0.0002125 6.290635659499086e-05
2499 0 -0.0002 8.145317829749544e-05
2500 0 -0.0002125 8.145317829749544e-05
2501 0 -0.0002125 0.0001
2502 0 -0.0002 0.0001185468217025046
2503 0 -0.0002125 0.0001185468217025046
2504 0 -0.0002125 0.0001370936434050091
2505 0 -0.0002 0.0001508320298513088
2506 0 -0.0002125 0.0001508320298513088
2507 0 -0.0002125 0.0001645704162976085
2508 0 -0.0002 0.0001747469988504231
2509 0 -0.0002125 0.0001747469988504231
2510 0 -0.0002125 0.0001849235814032377
2511 0 -0.0002 0.0001924617907016188
2512 0 -0.0002125 0.0001924617907016188
2513 0 -0.0002125 0.0002
2514 0 -0.0002 0.0002008657460164807
2515 0 -0.0002125 0.0002008657460164807
2516 0 -0.0002125 0.0002017314920329615
2517 0 -0.0002 0.0002029002491552105
2518 0 -0.0002125 0.0002029002491552105
2519 0 -0.0002125 0.0002040690062774595
2520 0 -0.0002 0.0002056468283924956
2521 0 -0.0002125 0.0002056468283924956
2522 0 -0.0002125 0.0002072246505075317
2523 0 -0.0002 0.0002093547103628305
2524 0 -0.0002125 0.0002093547103628305
2525 0 -0.0002125 0.0002114847702181292
2526 0 -0.0002 0.0002143603510227826
2527 0 -0.0002125 0.0002143603510227826
2528 0 -0.0002125 0.000217235931827436
2529 0 -0.0002 0.000221117965913718
2530 0 -0.0002125 0.000221117965913718
2531 0 -0.0002125 0.000225
2532 0 -0.0002 0.000228882034086282
2533 0 -0.0002125 0.000228882034086282
2534 0 -0.0002125 0.0002327640681725641
2535 0 -0.0002 0.0002356396489772174
2536 0 -0.0002125 0.0002356396489772174
2537 0 -0.0002125 0.0002385152297818707
2538 0 -0.0002 0.0002406452896371695
2539 0 -0.0002125 0.0002406452896371695
2540 0 -0.0002125 0.0002427753494924683
2541 0 -0.0002 0.0002443531716075045
2542 0 -0.0002125 0.0002443531716075045
2543 0 -0.0002125 0.0002459309937225406
2544 0 -0.0002 0.0002470997508447895
2545 0 -0.0002125 0.0002470997508447895
2546 0 -0.0002125 0.0002482685079670386
2547 0 -0.0002 0.0002491342539835193
2548 0 -0.0002125 0.0002491342539835193
2549 0 -0.0002125 0.00025
2550 0 -0.0001875 -5e-05
2551 0 -0.000175 -4.913425398351927e-05
2552 0 -0.0001875 -4.913425398351927e-05
2553 0 -0.0001875 -4.826850796703854e-05
2554 0 -0.000175 -4.709975084478956e-05
2555 0 -0.0001875 -4.709975084478956e-05
2556 0 -0.0001875 -4.593099372254057e-05
2557 0 -0.000175 -4.435317160750444e-05
2558 0 -0.0001875 -4.435317160750444e-05
2559 0 -0.0001875 -4.277534949246831e-05
2560 0 -0.000175 -4.064528963716953e-05
2561 0 -0.0001875 -4.064528963716953e-05
2562 0 -0.0001875 -3.851522978187075e-05
2563 0 -0.000175 -3.56396489772174e-05
2564 0 -0.0001875 -3.56396489772174e-05
2565 0 -0.0001875 -3.276406817256406e-05
2566 0 -0.000175 -2.888203408628203e-05
2567 0 -0.0001875 -2.888203408628203e-05
2568 0 -0.0001875 -2.5e-05
2569 0 -0.000175 -2.111796591371798e-05
2570 0 -0.0001875 -2.111796591371798e-05
2571 0 -0.0001875 -1.723593182743596e-05
2572 0 -0.000175 -1.436035102278261e-05
2573 0 -0.0001875 -1.436035102278261e-05
2574 0 -0.0001875 -1.148477021812926e-05
2575 0 -0.000175 -9.354710362830477e-06
2576 0 -0.0001875 -9.354710362830477e-06
2577 0 -0.0001875 -7.224650507531695e-06
2578 0 -0.000175 -5.646828392495564e-06
2579 0 -0.0001875 -5.646828392495564e-06
2580 0 -0.0001875 -4.069006277459433e-06
2581 0 -0.000175 -2.900249155210446e-06
2582 0 -0.0001875 -2.900249155210446e-06
2583 0 -0.0001875 -1.73149203296146e-06
2584 0 -0.000175 -8.657460164807302e-07
2585 0 -0.0001875 -8.657460164807302e-07
2586 0 -0.0001875 0
2587 0 -0.000175 7.53820929838117e-06
2588 0 -0.0001875 7.53820929838117e-06
2589 0 -0.0001875 1.507641859676234e-05
2590 0 -0.000175 2.525300114957692e-05
2591 0 -0.0001875 2.525300114957692e-05
2592 0 -0.0001875 3.54295837023915e-05
2593 0 -0.000175 4.916797014869118e-05
2594 0 -0.0001875 4.916797014869118e-05
2595 0 -0.0001875 6.290635659499086e-05
2596 0 -0.000175 8.145317829749544e-05
2597 0 -0.0001875 8.145317829749544e-05
2598 0 -0.0001875 0.0001
2599 0 -0.000175 0.0001185468217025046
2600 0 -0.0001875 0.0001185468217025046
2601 0 -0.0001875 0.0001370936434050091
2602 0 -0.000175 0.0001508320298513088
2603 0 -0.0001875 0.0001508320298513088
2604 0 -0.0001875 0.0001645704162976085
2605 0 -0.000175 0.0001747469988504231
2606 0 -0.0001875 0.0001747469988504231
2607 0 -0.0001875 0.0001849235814032377
2608 0 -0.000175 0.0001924617907016188
2609 0 -0.0001875 0.0001924617907016188
2610 0 -0.0001875 0.0002
2611 0 -0.000175 0.0002008657460164807
2612 0 -0.0001875 0.0002008657460164807
2613 0 -0.0001875 0.0002017314920329615
2614 0 -0.000175 0.0002029002491552105
2615 0 -0.0001875 0.0002029002491552105
2616 0 -0.0001875 0.0002040690062774595
2617 0 -0.000175 0.0002056468283924956
2618 0 -0.0001875 0.0002056468283924956
2619 0 -0.0001875 0.0002072246505075317
2620 0 -0.000175 0.0002093547103628305
2621 0 -0.0001875 0.0002093547103628305
2622 0 -0.0001875 0.0002114847702181292
2623 0 -0.000175 0.0002143603510227826
2624 0 -0.0001875 0.0002143603510227826
2625 0 -0.0001875 0.000217235931827436
2626 0 -0.000175 0.000221117965913718
2627 0 -0.0001875 0.000221117965913718
2628 0 -0.0001875 0.000225
2629 0 -0.000175 0.000228882034086282
2630 0 -0.0001875 0.000228882034086282
2631 0 -0.0001875 0.0002327640681725641
2632 0 -0.000175 0.0002356396489772174
2633 0 -0.0001875 0.0002356396489772174
2634 0 -0.0001875 0.0002385152297818707
2635 0 -0.000175 0.0002406452896371695
2636 0 -0.0001875 0.0002406452896371695
2637 0 -0.0001875 0.0002427753494924683
2638 0 -0.000175 0.0002443531716075045
2639 0 -0.0001875 0.0002443531716075045
2640 0 -0.0001875 0.0002459309937225406
2641 0 -0.000175 0.0002470997508447895
2642 0 -0.0001875 0.0002470997508447895
2643 0 -0.0001875 0.0002482685079670386
2644 0 -0.000175 0.0002491342539835193
2645 0 -0.0001875 0.0002491342539835193
2646 0 -0.0001875 0.00025
2647 0 -0.0001625 -5e-05
2648 0 -0.00015 -4.913425398351927e-05
2649 0 -0.0001625 -4.913425398351927e-05
2650 0 -0.0001625 -4.826850796703854e-05
2651 0 -0.00015 -4.709975084478956e-05
2652 0 -0.0001625 -4.709975084478956e-05
2653 0 -0.0001625 -4.593099372254057e-05
2654 0 -0.00015 -4.435317160750444e-05
2655 0 -0.0001625 -4.435317160750444e-05
2656 0 -0.0001625 -4.277534949246831e-05
2657 0 -0.00015 -4.064528963716953e-05
2658 0 -0.0001625 -4.064528963716953e-05
2659 0 -0.0001625 -3.851522978187075e-05
2660 0 -0.00015 -3.56396489772174e-05
2661 0 -0.0001625 -3.56396489772174e-05
2662 0 -0.0001625 -3.276406817256406e-05
2663 0 -0.00015 -2.888203408628203e-05
2664 0 -0.0001625 -2.888203408628203e-05
2665 0 -0.0001625 -2.5e-05
2666 0 -0.00015 -2.111796591371798e-05
2667 0 -0.0001625 -2.111796591371798e-05
2668 0 -0.0001625 -1.723593182743596e-05
2669 0 -0.00015 -1.436035102278261e-05
2670 0 -0.0001625 -1.436035102278261e-05
2671 0 -0.0001625 -1.148477021812926e-05
2672 0 -0.00015 -9.354710362830477e-06
2673 0 -0.0001625 -9.354710362830477e-06
2674 0 -0.0001625 -7.224650507531695e-06
2675 0 -0.00015 -5.646828392495564e-06
2676 0 -0.0001625 -5.646828392495564e-06
2677 0 -0.0001625 -4.069006277459433e-06
2678 0 -0.00015 -2.900249155210446e-06
2679 0 -0.0001625 -2.900249155210446e-06
2680 0 -0.0001625 -1.73149203296146e-06
2681 0 -0.00015 -8.657460164807302e-07
2682 0 -0.0001625 -8.657460164807302e-07
2683 0 -0.0001625 0
2684 0 -0.00015 7.53820929838117e-06
2685 0 -0.0001625 7.53820929838117e-06
2686 0 -0.0001625 1.507641859676234e-05
2687 0 -0.00015 2.525300114957692e-05
2688 0 -0.0001625 2.525300114957692e-05
2689 0 -0.0001625 3.54295837023915e-05
2690 0 -0.00015 4.916797014869118e-05
2691 0 -0.0001625 4.916797014869118e-05
2692 0 -0.0001625 6.290635659499086e-05
2693 0 -0.00015 8.145317829749544e-05
2694 0 -0.0001625 8.145317829749544e-05
2695 0 -0.0001625 0.0001
2696 0 -0.00015 0.0001185468217025046
2697 0 -0.0001625 0.0001185468217025046
2698 0 -0.0001625 0.0001370936434050091
2699 0 -0.00015 0.0001508320298513088
2700 0 -0.0001625 0.0001508320298513088
2701 0 -0.0001625 0.0001645704162976085
2702 0 -0.00015 0.0001747469988504231
2703 0 -0.0001625 0.0001747469988504231
2704 0 -0.0001625 0.0001849235814032377
2705 0 -0.00015 0.0001924617907016188
2706 0 -0.0001625 0.0001924617907016188
2707 0 -0.0001625 0.0002
2708 0 -0.00015 0.0002008657460164807
2709 0 -0.0001625 0.0002008657460164807
2710 0 -0.0001625 0.0002017314920329615
2711 0 -0.00015 0.0002029002491552105
2712 0 -0.0001625 0.0002029002491552105
2713 0 -0.0001625 0.0002040690062774595
2714 0 -0.00015 0.0002056468283924956
2715 0 -0.0001625 0.0002056468283924956
2716 0 -0.0001625 0.0002072246505075317
2717 0 -0.00015 0.0002093547103628305
2718 0 -0.0001625 0.0002093547103628305
2719 0 -0.0001625 0.0002114847702181292
2720 0 -0.00015 0.0002143603510227826
2721 0 -0.0001625 0.0002143603510227826
2722 0 -0.0001625 0.000217235931827436
2723 0 -0.00015 0.000221117965913718
2724 0 -0.0001625 0.000221117965913718
2725 0 -0.0001625 0.000225
2726 0 -0.00015 0.000228882034086282
2727 0 -0.0001625 0.000228882034086282
2728 0 -0.0001625 0.0002327640681725641
2729 0 -0.00015 0.0002356396489772174
2730 0 -0.0001625 0.0002356396489772174
2731 0 -0.0001625 0.0002385152297818707
2732 0 -0.00015 0.0002406452896371695
2733 0 -0.0001625 0.0002406452896371695
2734 0 -0.0001625 0.0002427753494924683
2735 0 -0.00015 0.0002443531716075045
2736 0 -0.0001625 0.0002443531716075045
2737 0 -0.0001625 0.0002459309937225406
2738 0 -0.00015 0.0002470997508447895
2739 0 -0.0001625 0.0002470997508447895
2740 0 -0.0001625 0.0002482685079670386
2741 0 -0.00015 0.0002491342539835193
2742 0 -0.0001625 0.0002491342539835193
2743 0 -0.0001625 0.00025
2744 0 -0.0001375 -5e-05
2745 0 -0.000125 -4.913425398351927e-05
2746 0 -0.0001375 -4.913425398351927e-05
2747 0 -0.0001375 -4.826850796703854e-05
2748 0 -0.000125 -4.709975084478956e-05
2749 0 -0.0001375 -4.709975084478956e-05
2750 0 -0.0001375 -4.593099372254057e-05
2751 0 -0.000125 -4.435317160750444e-05
2752 0 -0.0001375 -4.435317160750444e-05
2753 0 -0.0001375 -4.277534949246831e-05
2754 0 -0.000125 -4.064528963716953e-05
2755 0 -0.0001375 -4.064528963716953e-05
2756 0 -0.0001375 -3.851522978187075e-05
2757 0 -0.000125 -3.56396489772174e-05
2758 0 -0.0001375 -3.56396489772174e-05
2759 0 -0.0001375 -3.276406817256406e-05
2760 0 -0.000125 -2.888203408628203e-05
2761 0 -0.0001375 -2.888203408628203e-05
2762 0 -0.0001375 -2.5e-05
2763 0 -0.000125 -2.111796591371798e-05
2764 0 -0.0001375 -2.111796591371798e-05
2765 0 -0.0001375 -1.723593182743596e-05
2766 0 -0.000125 -1.436035102278261e-05
2767 0 -0.0001375 -1.436035102278261e-05
2768 0 -0.0001375 -1.148477021812926e-05
2769 0 -0.000125 -9.354710362830477e-06
2770 0 -0.0001375 -9.354710362830477e-06
2771 0 -0.0001375 -7.224650507531695e-06
2772 0 -0.000125 -5.646828392495564e-06
2773 0 -0.0001375 -5.646828392495564e-06
2774 0 -0.0001375 -4.069006277459433e-06
2775 0 -0.000125 -2.900249155210446e-06
2776 0 -0.0001375 -2.900249155210446e-06
2777 0 -0.0001375 -1.73149203296146e-06
2778 0 -0.000125 -8.657460164807302e-07
2779 0 -0.0001375 -8.657460164807302e-07
2780 0 -0.0001375 0
2781 0 -0.000125 7.53820929838117e-06
2782 0 -0.0001375 7.53820929838117e-06
2783 0 -0.0001375 1.507641859676234e-05
2784 0 -0.000125 2.525300114957692e-05
2785 0 -0.0001375 2.525300114957692e-05
2786 0 -0.0001375 3.54295837023915e-05
2787 0 -0.000125 4.916797014869118e-05
2788 0 -0.0001375 4.916797014869118e-05
2789 0 -0.0001375 6.290635659499086e-05
2790 0 -0.000125 8.145317829749544e-05
2791 0 -0.0001375 8.145317829749544e-05
2792 0 -0.0001375 0.0001
2793 0 -0.000125 0.0001185468217025046
2794 0 -0.0001375 0.0001185468217025046
2795 0 -0.0001375 0.0001370936434050091
2796 0 -0.000125 0.0001508320298513088
2797 0 -0.0001375 0.0001508320298513088
2798 0 -0.0001375 0.0001645704162976085
2799 0 -0.000125 0.0001747469988504231
2800 0 -0.0001375 0.0001747469988504231
2801 0 -0.0001375 0.0001849235814032377
2802 0 -0.000125 0.0001924617907016188
2803 0 -0.0001375 0.0001924617907016188
2804 0 -0.0001375 0.0002
2805 0 -0.000125 0.0002008657460164807
2806 0 -0.0001375 0.0002008657460164807
2807 0 -0.0001375 0.0002017314920329615
2808 0 -0.000125 0.0002029002491552105
2809 0 -0.0001375 0.0002029002491552105
2810 0 -0.0001375 0.0002040690062774595
2811 0 -0.000125 0.0002056468283924956
2812 0 -0.0001375 0.0002056468283924956
2813 0 -0.0001375 0.0002072246505075317
2814 0 -0.000125 0.0002093547103628305
2815 0 -0.0001375 0.0002093547103628305
2816 0 -0.0001375 0.0002114847702181292
2817 0 -0.000125 0.0002143603510227826
2818 0 -0.0001375 0.0002143603510227826
2819 0 -0.0001375 0.000217235931827436
2820 0 -0.000125 0.000221117965913718
2821 0 -0.0001375 0.000221117965913718
2822 0 -0.0001375 0.000225
2823 0 -0.000125 0.000228882034086282
2824 0 -0.0001375 0.000228882034086282
2825 0 -0.0001375 0.0002327640681725641
2826 0 -0.000125 0.0002356396489772174
2827 0 -0.0001375 0.0002356396489772174
2828 0 -0.0001375 0.0002385152297818707
2829 0 -0.000125 0.0002406452896371695
2830 0 -0.0001375 0.0002406452896371695
2831 0 -0.0001375 0.0002427753494924683
2832 0 -0.000125 0.0002443531716075045
2833 0 -0.0001375 0.0002443531716075045
2834 0 -0.0001375 0.0002459309937225406
2835 0 -0.000125 0.0002470997508447895
2836 0 -0.0001375 0.0002470997508447895
2837 0 -0.0001375 0.0002482685079670386
2838 0 -0.000125 0.0002491342539835193
2839 0 -0.0001375 0.0002491342539835193
2840 0 -0.0001375 0.00025
2841 0 -0.0001125 -5e-05
2842 0 -9.999999999999999e-05 -4.913425398351927e-05
2843 0 -0.0001125 -4.913425398351927e-05
2844 0 -0.0001125 -4.826850796703854e-05
2845 0 -9.999999999999999e-05 -4.709975084478956e-05
2846 0 -0.0001125 -4.709975084478956e-05
2847 0 -0.0001125 -4.593099372254057e-05
2848 0 -9.999999999999999e-05 -4.435317160750444e-05
2849 0 -0.0001125 -4.435317160750444e-05
2850 0 -0.0001125 -4.277534949246831e-05
2851 0 -9.999999999999999e-05 -4.064528963716953e-05
2852 0 -0.0001125 -4.064528963716953e-05
2853 0 -0.0001125 -3.851522978187075e-05
2854 0 -9.999999999999999e-05 -3.56396489772174e-05
2855 0 -0.0001125 -3.56396489772174e-05
2856 0 -0.0001125 -3.276406817256406e-05
2857 0 -9.999999999999999e-05 -2.888203408628203e-05
2858 0 -0.0001125 -2.888203408628203e-05
2859 0 -0.0001125 -2.5e-05
2860 0 -9.999999999999999e-05 -2.111796591371798e-05
2861 0 -0.0001125 -2.111796591371798e-05
2862 0 -0.0001125 -1.723593182743596e-05
2863 0 -9.999999999999999e-05 -1.436035102278261e-05
2864 0 -0.0001125 -1.436035102278261e-05
2865 0 -0.0001125 -1.148477021812926e-05
2866 0 -9.999999999999999e-05 -9.354710362830477e-06
2867 0 -0.0001125 -9.354710362830477e-06
2868 0 -0.0001125 -7.224650507531695e-06
2869 0 -9.999999999999999e-05 -5.646828392495564e-06
2870 0 -0.0001125 -5.646828392495564e-06
2871 0 -0.0001125 -4.069006277459433e-06
2872 0 -9.999999999999999e-05 -2.900249155210446e-06
2873 0 -0.0001125 -2.900249155210446e-06
2874 0 -0.0001125 -1.73149203296146e-06
2875 0 -9.999999999999999e-05 -8.657460164807302e-07
2876 0 -0.0001125 -8.657460164807302e-07
2877 0 -0.0001125 0
2878 0 -9.999999999999999e-05 7.53820929838117e-06
2879 0 -0.0001125 7.53820929838117e-06
2880 0 -0.0001125 1.507641859676234e-05
2881 0 -9.999999999999999e-05 2.525300114957692e-05
2882 0 -0.0001125 2.525300114957692e-05
2883 0 -0.0001125 3.54295837023915e-05
2884 0 -9.999999999999999e-05 4.916797014869118e-05
2885 0 -0.0001125 4.916797014869118e-05
2886 0 -0.0001125 6.290635659499086e-05
2887 0 -9.999999999999999e-05 8.145317829749544e-05
2888 0 -0.0001125 8.145317829749544e-05
2889 0 -0.0001125 0.0001
2890 0 -9.999999999999999e-05 0.0001185468217025046
2891 0 -0.0001125 0.0001185468217025046
2892 0 -0.0001125 0.0001370936434050091
2893 0 -9.999999999999999e-05 0.0001508320298513088
2894 0 -0.0001125 0.0001508320298513088
2895 0 -0.0001125 0.0001645704162976085
2896 0 -9.999999999999999e-05 0.0001747469988504231
2897 0 -0.0001125 0.0001747469988504231
2898 0 -0.0001125 0.0001849235814032377
2899 0 -9.999999999999999e-05 0.0001924617907016188
2900 0 -0.0001125 0.0001924617907016188
2901 0 -0.0001125 0.0002
2902 0 -9.999999999999999e-05 0.0002008657460164807
2903 0 -0.0001125 0.0002008657460164807
2904 0 -0.0001125 0.0002017314920329615
2905 0 -9.999999999999999e-05 0.0002029002491552105
2906 0 -0.0001125 0.0002029002491552105
2907 0 -0.0001125 0.0002040690062774595
2908 0 -9.999999999999999e-05 0.0002056468283924956
2909 0 -0.0001125 0.0002056468283924956
2910 0 -0.0001125 0.0002072246505075317
2911 0 -9.999999999999999e-05 0.0002093547103628305
2912 0 -0.0001125 0.0002093547103628305
2913 0 -0.0001125 0.0002114847702181292
2914 0 -9.999999999999999e-05 0.0002143603510227826
2915 0 -0.0001125 0.0002143603510227826
2916 0 -0.0001125 0.000217235931827436
2917 0 -9.999999999999999e-05 0.000221117965913718
2918 0 -0.0001125 0.000221117965913718
2919 0 -0.0001125 0.000225
2920 0 -9.999999999999999e-05 0.000228882034086282
2921 0 -0.0001125 0.000228882034086282
2922 0 -0.0001125 0.0002327640681725641
2923 0 -9.999999999999999e-05 0.0002356396489772174
2924 0 -0.0001125 0.0002356396489772174
2925 0 -0.0001125 0.0002385152297818707
2926 0 -9.999999999999999e-05 0.0002406452896371695
2927 0 -0.0001125 0.0002406452896371695
2928 0 -0.0001125 0.0002427753494924683
2929 0 -9.999999999999999e-05 0.0002443531716075045
2930 0 -0.0001125 0.0002443531716075045
2931 0 -0.0001125 0.0002459309937225406
2932 0 -9.999999999999999e-05 0.0002470997508447895
2933 0 -0.0001125 0.0002470997508447895
2934 0 -0.0001125 0.0002482685079670386
2935 0 -9.999999999999999e-05 0.0002491342539835193
2936 0 -0.0001125 0.0002491342539835193
2937 0 -0.0001125 0.00025
2938 0 -8.749999999999999e-05 -5e-05
2939 0 -7.499999999999998e-05 -4.913425398351927e-05
2940 0 -8.749999999999999e-05 -4.913425398351927e-05
2941 0 -8.749999999999999e-05 -4.826850796703854e-05
2942 0 -7.499999999999998e-05 -4.709975084478956e-05
2943 0 -8.749999999999999e-05 -4.709975084478956e-05
2944 0 -8.749999999999999e-05 -4.593099372254057e-05
2945 0 -7.499999999999998e-05 -4.435317160750444e-05
2946 0 -8.749999999999999e-05 -4.435317160750444e-05
2947 0 -8.749999999999999e-05 -4.277534949246831e-05
2948 0 -7.499999999999998e-05 -4.064528963716953e-05
2949 0 -8.749999999999999e-05 -4.064528963716953e-05
2950 0 -8.749999999999999e-05 -3.851522978187075e-05
2951 0 -7.499999999999998e-05 -3.56396489772174e-05
2952 0 -8.749999999999999e-05 -3.56396489772174e-05
2953 0 -8.749999999999999e-05 -3.276406817256406e-05
2954 0 -7.499999999999998e-05 -2.888203408628203e-05
2955 0 -8.749999999999999e-05 -2.888203408628203e-05
2956 0 -8.749999999999999e-05 -2.5e-05
2957 0 -7.499999999999998e-05 -2.111796591371798e-05
2958 0 -8.749999999999999e-05 -2.111796591371798e-05
2959 0 -8.749999999999999e-05 -1.723593182743596e-05
2960 0 -7.499999999999998e-05 -1.436035102278261e-05
2961 0 -8.749999999999999e-05 -1.436035102278261e-05
2962 0 -8.749999999999999e-05 -1.148477021812926e-05
2963 0 -7.499999999999998e-05 -9.354710362830477e-06
2964 0 -8.749999999999999e-05 -9.354710362830477e-06
2965 0 -8.749999999999999e-05 -7.224650507531695e-06
2966 0 -7.499999999999998e-05 -5.646828392495564e-06
2967 0 -8.749999999999999e-05 -5.646828392495564e-06
2968 0 -8.749999999999999e-05 -4.069006277459433e-06
2969 0 -7.499999999999998e-05 -2.900249155210446e-06
2970 0 -8.749999999999999e-05 -2.900249155210446e-06
2971 0 -8.749999999999999e-05 -1.73149203296146e-06
2972 0 -7.499999999999998e-05 -8.657460164807302e-07
2973 0 -8.749999999999999e-05 -8.657460164807302e-07
2974 0 -8.749999999999999e-05 0
2975 0 -7.499999999999998e-05 7.53820929838117e-06
2976 0 -8.749999999999999e-05 7.53820929838117e-06
2977 0 -8.749999999999999e-05 1.507641859676234e-05
2978 0 -7.499999999999998e-05 2.525300114957692e-05
2979 0 -8.749999999999999e-05 2.525300114957692e-05
2980 0 -8.749999999999999e-05 3.54295837023915e-05
2981 0 -7.499999999999998e-05 4.916797014869118e-05
2982 0 -8.749999999999999e-05 4.916797014869118e-05
2983 0 -8.749999999999999e-05 6.290635659499086e-05
2984 0 -7.499999999999998e-05 8.145317829749544e-05
2985 0 -8.749999999999999e-05 8.145317829749544e-05
2986 0 -8.749999999999999e-05 0.0001
2987 0 -7.499999999999998e-05 0.0001185468217025046
2988 0 -8.749999999999999e-05 0.0001185468217025046
2989 0 -8.749999999999999e-05 0.0001370936434050091
2990 0 -7.499999999999998e-05 0.0001508320298513088
2991 0 -8.749999999999999e-05 0.0001508320298513088
2992 0 -8.749999999999999e-05 0.0001645704162976085
2993 0 -7.499999999999998e-05 0.0001747469988504231
2994 0 -8.749999999999999e-05 0.0001747469988504231
2995 0 -8.749999999999999e-05 0.0001849235814032377
2996 0 -7.499999999999998e-05 0.0001924617907016188
2997 0 -8.749999999999999e-05 0.0001924617907016188
2998 0 -8.749999999999999e-05 0.0002
2999 0 -7.499999999999998e-05 0.0002008657460164807
3000 0 -8.749999999999999e-05 0.0002008657460164807
3001 0 -8.749999999999999e-05 0.0002017314920329615
3002 0 -7.499999999999998e-05 0.0002029002491552105
3003 0 -8.749999999999999e-05 0.0002029002491552105
3004 0 -8.749999999999999e-05 0.0002040690062774595
3005 0 -7.499999999999998e-05 0.0002056468283924956
3006 0 -8.749999999999999e-05 0.0002056468283924956
3007 0 -8.749999999999999e-05 0.0002072246505075317
3008 0 -7.499999999999998e-05 0.0002093547103628305
3009 0 -8.749999999999999e-05 0.0002093547103628305
3010 0 -8.749999999999999e-05 0.0002114847702181292
3011 0 -7.499999999999998e-05 0.0002143603510227826
3012 0 -8.749999999999999e-05 0.0002143603510227826
3013 0 -8.749999999999999e-05 0.000217235931827436
3014 0 -7.499999999999998e-05 0.000221117965913718
3015 0 -8.749999999999999e-05 0.000221117965913718
3016 0 -8.749999999999999e-05 0.000225
3017 0 -7.499999999999998e-05 0.000228882034086282
3018 0 -8.749999999999999e-05 0.000228882034086282
3019 0 -8.749999999999999e-05 0.0002327640681725641
3020 0 -7.499999999999998e-05 0.0002356396489772174
3021 0 -8.749999999999999e-05 0.0002356396489772174
3022 0 -8.749999999999999e-05 0.0002385152297818707
3023 0 -7.499999999999998e-05 0.0002406452896371695
3024 0 -8.749999999999999e-05 0.0002406452896371695
3025 0 -8.749999999999999e-05 0.0002427753494924683
3026 0 -7.499999999999998e-05 0.0002443531716075045
3027 0 -8.749999999999999e-05 0.0002443531716075045
3028 0 -8.749999999999999e-05 0.0002459309937225406
3029 0 -7.499999999999998e-05 0.0002470997508447895
3030 0 -8.749999999999999e-05 0.0002470997508447895
3031 0 -8.749999999999999e-05 0.0002482685079670386
3032 0 -7.499999999999998e-05 0.0002491342539835193
3033 0 -8.749999999999999e-05 0.0002491342539835193
3034 0 -8.749999999999999e-05 0.00025
3035 0 -6.249999999999997e-05 -5e-05
3036 0 -4.999999999999997e-05 -4.913425398351927e-05
3037 0 -6.249999999999997e-05 -4.913425398351927e-05
3038 0 -6.249999999999997e-05 -4.826850796703854e-05
3039 0 -4.999999999999997e-05 -4.709975084478956e-05
3040 0 -6.249999999999997e-05 -4.709975084478956e-05
3041 0 -6.249999999999997e-05 -4.593099372254057e-05
3042 0 -4.999999999999997e-05 -4.435317160750444e-05
3043 0 -6.249999999999997e-05 -4.435317160750444e-05
3044 0 -6.249999999999997e-05 -4.277534949246831e-05
3045 0 -4.999999999999997e-05 -4.064528963716953e-05
3046 0 -6.249999999999997e-05 -4.064528963716953e-05
3047 0 -6.249999999999997e-05 -3.851522978187075e-05
3048 0 -4.999999999999997e-05 -3.56396489772174e-05
3049 0 -6.249999999999997e-05 -3.56396489772174e-05
3050 0 -6.249999999999997e-05 -3.276406817256406e-05
3051 0 -4.999999999999997e-05 -2.888203408628203e-05
3052 0 -6.249999999999997e-05 -2.888203408628203e-05
3053 0 -6.249999999999997e-05 -2.5e-05
3054 0 -4.999999999999997e-05 -2.111796591371798e-05
3055 0 -6.249999999999997e-05 -2.111796591371798e-05
3056 0 -6.249999999999997e-05 -1.723593182743596e-05
3057 0 -4.999999999999997e-05 -1.436035102278261e-05
3058 0 -6.249999999999997e-05 -1.436035102278261e-05
3059 0 -6.249999999999997e-05 -1.148477021812926e-05
3060 0 -4.999999999999997e-05 -9.354710362830477e-06
3061 0 -6.249999999999997e-05 -9.354710362830477e-06
3062 0 -6.249999999999997e-05 -7.224650507531695e-06
3063 0 -4.999999999999997e-05 -5.646828392495564e-06
3064 0 -6.249999999999997e-05 -5.646828392495564e-06
3065 0 -6.249999999999997e-05 -4.069006277459433e-06
3066 0 -4.999999999999997e-05 -2.900249155210446e-06
3067 0 -6.249999999999997e-05 -2.900249155210446e-06
3068 0 -6.249999999999997e-05 -1.73149203296146e-06
3069 0 -4.999999999999997e-05 -8.657460164807302e-07
3070 0 -6.249999999999997e-05 -8.657460164807302e-07
3071 0 -6.249999999999997e-05 0
3072 0 -4.999999999999997e-05 7.53820929838117e-06
3073 0 -6.249999999999997e-05 7.53820929838117e-06
3074 0 -6.249999999999997e-05 1.507641859676234e-05
3075 0 -4.999999999999997e-05 2.525300114957692e-05
3076 0 -6.249999999999997e-05 2.525300114957692e-05
3077 0 -6.249999999999997e-05 3.54295837023915e-05
3078 0 -4.999999999999997e-05 4.916797014869118e-05
3079 0 -6.249999999999997e-05 4.916797014869118e-05
3080 0 -6.249999999999997e-05 6.290635659499086e-05
3081 0 -4.999999999999997e-05 8.145317829749544e-05
3082 0 -6.249999999999997e-05 8.145317829749544e-05
3083 0 -6.249999999999997e-05 0.0001
3084 0 -4.999999999999997e-05 0.0001185468217025046
3085 0 -6.249999999999997e-05 0.0001185468217025046
3086 0 -6.249999999999997e-05 0.0001370936434050091
3087 0 -4.999999999999997e-05 0.0001508320298513088
3088 0 -6.249999999999997e-05 0.0001508320298513088
3089 0 -6.249999999999997e-05 0.0001645704162976085
3090 0 -4.999999999999997e-05 0.0001747469988504231
3091 0 -6.249999999999997e-05 0.0001747469988504231
3092 0 -6.249999999999997e-05 0.0001849235814032377
3093 0 -4.999999999999997e-05 0.0001924617907016188
3094 0 -6.249999999999997e-05 0.0001924617907016188
3095 0 -6.249999999999997e-05 0.0002
3096 0 -4.999999999999997e-05 0.0002008657460164807
3097 0 -6.249999999999997e-05 0.0002008657460164807
3098 0 -6.249999999999997e-05 0.0002017314920329615
3099 0 -4.999999999999997e-05 0.0002029002491552105
3100 0 -6.249999999999997e-05 0.0002029002491552105
3101 0 -6.249999999999997e-05 0.0002040690062774595
3102 0 -4.999999999999997e-05 0.0002056468283924956
3103 0 -6.249999999999997e-05 0.0002056468283924956
3104 0 -6.249999999999997e-05 0.0002072246505075317
3105 0 -4.999999999999997e-05 0.0002093547103628305
3106 0 -6.249999999999997e-05 0.0002093547103628305
3107 0 -6.249999999999997e-05 0.0002114847702181292
3108 0 -4.999999999999997e-05 0.0002143603510227826
3109 0 -6.249999999999997e-05 0.0002143603510227826
3110 0 -6.249999999999997e-05 0.000217235931827436
3111 0 -4.999999999999997e-05 0.000221117965913718
3112 0 -6.249999999999997e-05 0.000221117965913718
3113 0 -6.249999999999997e-05 0.000225
3114 0 -4.999999999999997e-05 0.000228882034086282
3115 0 -6.249999999999997e-05 0.000228882034086282
3116 0 -6.249999999999997e-05 0.0002327640681725641
3117 0 -4.999999999999997e-05 0.0002356396489772174
3118 0 -6.249999999999997e-05 0.0002356396489772174
3119 0 -6.249999999999997e-05 0.0002385152297818707
3120 0 -4.999999999999997e-05 0.0002406452896371695
3121 0 -6.249999999999997e-05 0.0002406452896371695
3122 0 -6.249999999999997e-05 0.0002427753494924683
3123 0 -4.999999999999997e-05 0.0002443531716075045
3124 0 -6.249999999999997e-05 0.0002443531716075045
3125 0 -6.249999999999997e-05 0.0002459309937225406
3126 0 -4.999999999999997e-05 0.0002470997508447895
3127 0 -6.249999999999997e-05 0.0002470997508447895
3128 0 -6.249999999999997e-05 0.0002482685079670386
3129 0 -4.999999999999997e-05 0.0002491342539835193
3130 0 -6.249999999999997e-05 0.0002491342539835193
3131 0 -6.249999999999997e-05 0.00025
3132 0 -3.749999999999999e-05 -5e-05
3133 0 -2.500000000000001e-05 -4.913425398351927e-05
3134 0 -3.749999999999999e-05 -4.913425398351927e-05
3135 0 -3.749999999999999e-05 -4.826850796703854e-05
3136 0 -2.500000000000001e-05 -4.709975084478956e-05
3137 0 -3.749999999999999e-05 -4.709975084478956e-05
3138 0 -3.749999999999999e-05 -4.593099372254057e-05
3139 0 -2.500000000000001e-05 -4.435317160750444e-05
3140 0 -3.749999999999999e-05 -4.435317160750444e-05
3141 0 -3.749999999999999e-05 -4.277534949246831e-05
3142 0 -2.500000000000001e-05 -4.064528963716953e-05
3143 0 -3.749999999999999e-05 -4.064528963716953e-05
3144 0 -3.749999999999999e-05 -3.851522978187075e-05
3145 0 -2.500000000000001e-05 -3.56396489772174e-05
3146 0 -3.749999999999999e-05 -3.56396489772174e-05
3147 0 -3.749999999999999e-05 -3.276406817256406e-05
3148 0 -2.500000000000001e-05 -2.888203408628203e-05
3149 0 -3.749999999999999e-05 -2.888203408628203e-05
3150 0 -3.749999999999999e-05 -2.5e-05
3151 0 -2.500000000000001e-05 -2.111796591371798e-05
3152 0 -3.749999999999999e-05 -2.111796591371798e-05
3153 0 -3.749999999999999e-05 -1.723593182743596e-05
3154 0 -2.500000000000001e-05 -1.436035102278261e-05
3155 0 -3.749999999999999e-05 -1.436035102278261e-05
3156 0 -3.749999999999999e-05 -1.148477021812926e-05
3157 0 -2.500000000000001e-05 -9.354710362830477e-06
3158 0 -3.749999999999999e-05 -9.354710362830477e-06
3159 0 -3.749999999999999e-05 -7.224650507531695e-06
3160 0 -2.500000000000001e-05 -5.646828392495564e-06
3161 0 -3.749999999999999e-05 -5.646828392495564e-06
3162 0 -3.749999999999999e-05 -4.069006277459433e-06
3163 0 -2.500000000000001e-05 -2.900249155210446e-06
3164 0 -3.749999999999999e-05 -2.900249155210446e-06
3165 0 -3.749999999999999e-05 -1.73149203296146e-06
3166 0 -2.500000000000001e-05 -8.657460164807302e-07
3167 0 -3.749999999999999e-05 -8.657460164807302e-07
3168 0 -3.749999999999999e-05 0
3169 0 -2.500000000000001e-05 7.53820929838117e-06
3170 0 -3.749999999999999e-05 7.53820929838117e-06
3171 0 -3.749999999999999e-05 1.507641859676234e-05
3172 0 -2.500000000000001e-05 2.525300114957692e-05
3173 0 -3.749999999999999e-05 2.525300114957692e-05
3174 0 -3.749999999999999e-05 3.54295837023915e-05
3175 0 -2.500000000000001e-05 4.916797014869118e-05
3176 0 -3.749999999999999e-05 4.916797014869118e-05
3177 0 -3.749999999999999e-05 6.290635659499086e-05
3178 0 -2.500000000000001e-05 8.145317829749544e-05
3179 0 -3.749999999999999e-05 8.145317829749544e-05
3180 0 -3.749999999999999e-05 0.0001
3181 0 -2.500000000000001e-05 0.0001185468217025046
3182 0 -3.749999999999999e-05 0.0001185468217025046
3183 0 -3.749999999999999e-05 0.0001370936434050091
3184 0 -2.500000000000001e-05 0.0001508320298513088
3185 0 -3.749999999999999e-05 0.0001508320298513088
3186 0 -3.749999999999999e-05 0.0001645704162976085
3187 0 -2.500000000000001e-05 0.0001747469988504231
3188 0 -3.749999999999999e-05 0.0001747469988504231
3189 0 -3.749999999999999e-05 0.0001849235814032377
3190 0 -2.500000000000001e-05 0.0001924617907016188
3191 0 -3.749999999999999e-05 0.0001924617907016188
3192 0 -3.749999999999999e-05 0.0002
3193 0 -2.500000000000001e-05 0.0002008657460164807
3194 0 -3.749999999999999e-05 0.0002008657460164807
3195 0 -3.749999999999999e-05 0.0002017314920329615
3196 0 -2.500000000000001e-05 0.0002029002491552105
3197 0 -3.749999999999999e-05 0.0002029002491552105
3198 0 -3.749999999999999e-05 0.0002040690062774595
3199 0 -2.500000000000001e-05 0.0002056468283924956
3200 0 -3.749999999999999e-05 0.0002056468283924956
3201 0 -3.749999999999999e-05 0.0002072246505075317
3202 0 -2.500000000000001e-05 0.0002093547103628305
3203 0 -3.749999999999999e-05 0.0002093547103628305
3204 0 -3.749999999999999e-05 0.0002114847702181292
3205 0 -2.500000000000001e-05 0.0002143603510227826
3206 0 -3.749999999999999e-05 0.0002143603510227826
3207 0 -3.749999999999999e-05 0.000217235931827436
3208 0 -2.500000000000001e-05 0.000221117965913718
3209 0 -3.749999999999999e-05 0.000221117965913718
3210 0 -3.749999999999999e-05 0.000225
3211 0 -2.500000000000001e-05 0.000228882034086282
3212 0 -3.749999999999999e-05 0.000228882034086282
3213 0 -3.749999999999999e-05 0.0002327640681725641
3214 0 -2.500000000000001e-05 0.0002356396489772174
3215 0 -3.749999999999999e-05 0.0002356396489772174
3216 0 -3.749999999999999e-05 0.0002385152297818707
3217 0 -2.500000000000001e-05 0.0002406452896371695
3218 0 -3.749999999999999e-05 0.0002406452896371695
3219 0 -3.749999999999999e-05 0.0002427753494924683
3220 0 -2.500000000000001e-05 0.0002443531716075045
3221 0 -3.749999999999999e-05 0.0002443531716075045
3222 0 -3.749999999999999e-05 0.0002459309937225406
3223 0 -2.500000000000001e-05 0.0002470997508447895
3224 0 -3.749999999999999e-05 0.0002470997508447895
3225 0 -3.749999999999999e-05 0.0002482685079670386
3226 0 -2.500000000000001e-05 0.0002491342539835193
3227 0 -3.749999999999999e-05 0.0002491342539835193
3228 0 -3.749999999999999e-05 0.00025
3229 0 -1.250000000000001e-05 -5e-05
3230 0 0 -4.913425398351927e-05
3231 0 -1.250000000000001e-05 -4.913425398351927e-05
3232 0 -1.250000000000001e-05 -4.826850796703854e-05
3233 0 0 -4.709975084478956e-05
3234 0 -1.250000000000001e-05 -4.709975084478956e-05
3235 0 -1.250000000000001e-05 -4.593099372254057e-05
3236 0 0 -4.435317160750444e-05
3237 0 -1.250000000000001e-05 -4.435317160750444e-05
3238 0 -1.250000000000001e-05 -4.277534949246831e-05
3239 0 0 -4.064528963716953e-05
3240 0 -1.250000000000001e-05 -4.064528963716953e-05
3241 0 -1.250000000000001e-05 -3.851522978187075e-05
3242 0 0 -3.56396489772174e-05
3243 0 -1.250000000000001e-05 -3.56396489772174e-05
3244 0 -1.250000000000001e-05 -3.276406817256406e-05
3245 0 0 -2.888203408628203e-05
3246 0 -1.250000000000001e-05 -2.888203408628203e-05
3247 0 -1.250000000000001e-05 -2.5e-05
3248 0 0 -2.111796591371798e-05
3249 0 -1.250000000000001e-05 -2.111796591371798e-05
3250 0 -1.250000000000001e-05 -1.723593182743596e-05
3251 0 0 -1.436035102278261e-05
3252 0 -1.250000000000001e-05 -1.436035102278261e-05
3253 0 -1.250000000000001e-05 -1.148477021812926e-05
3254 0 0 -9.354710362830477e-06
3255 0 -1.250000000000001e-05 -9.354710362830477e-06
3256 0 -1.250000000000001e-05 -7.224650507531695e-06
3257 0 0 -5.646828392495564e-06
3258 0 -1.250000000000001e-05 -5.646828392495564e-06
3259 0 -1.250000000000001e-05 -4.069006277459433e-06
3260 0 0 -2.900249155210446e-06
3261 0 -1.250000000000001e-05 -2.900249155210446e-06
3262 0 -1.250000000000001e-05 -1.73149203296146e-06
3263 0 0 -8.657460164807302e-07
3264 0 -1.250000000000001e-05 -8.657460164807302e-07
3265 0 -1.250000000000001e-05 0
3266 0 0 7.53820929838117e-06
3267 0 -1.250000000000001e-05 7.53820929838117e-06
3268 0 -1.250000000000001e-05 1.507641859676234e-05
3269 0 0 2.525300114957692e-05
3270 0 -1.250000000000001e-05 2.525300114957692e-05
3271 0 -1.250000000000001e-05 3.54295837023915e-05
3272 0 0 4.916797014869118e-05
3273 0 -1.250000000000001e-05 4.916797014869118e-05
3274 0 -1.250000000000001e-05 6.290635659499086e-05
3275 0 0 8.145317829749544e-05
3276 0 -1.250000000000001e-05 8.145317829749544e-05
3277 0 -1.250000000000001e-05 0.0001
3278 0 0 0.0001185468217025046
3279 0 -1.250000000000001e-05 0.0001185468217025046
3280 0 -1.250000000000001e-05 0.0001370936434050091
3281 0 0 0.0001508320298513088
3282 0 -1.250000000000001e-05 0.0001508320298513088
3283 0 -1.250000000000001e-05 0.0001645704162976085
3284 0 0 0.0001747469988504231
3285 0 -1.250000000000001e-05 0.0001747469988504231
3286 0 -1.250000000000001e-05 0.0001849235814032377
3287 0 0 0.0001924617907016188
3288 0 -1.250000000000001e-05 0.0001924617907016188
3289 0 -1.250000000000001e-05 0.0002
3290 0 0 0.0002008657460164807
3291 0 -1.250000000000001e-05 0.0002008657460164807
3292 0 -1.250000000000001e-05 0.0002017314920329615
3293 0 0 0.0002029002491552105
3294 0 -1.250000000000001e-05 0.0002029002491552105
3295 0 -1.250000000000001e-05 0.0002040690062774595
3296 0 0 0.0002056468283924956
3297 0 -1.250000000000001e-05 0.0002056468283924956
3298 0 -1.250000000000001e-05 0.0002072246505075317
3299 0 0 0.0002093547103628305
3300 0 -1.250000000000001e-05 0.0002093547103628305
3301 0 -1.250000000000001e-05 0.0002114847702181292
3302 0 0 0.0002143603510227826
3303 0 -1.250000000000001e-05 0.0002143603510227826
3304 0 -1.250000000000001e-05 0.000217235931827436
3305 0 0 0.000221117965913718
3306 0 -1.250000000000001e-05 0.000221117965913718
3307 0 -1.250000000000001e-05 0.000225
3308 0 0 0.000228882034086282
3309 0 -1.250000000000001e-05 0.000228882034086282
3310 0 -1.250000000000001e-05 0.0002327640681725641
3311 0 0 0.0002356396489772174
3312 0 -1.250000000000001e-05 0.0002356396489772174
3313 0 -1.250000000000001e-05 0.0002385152297818707
3314 0 0 0.0002406452896371695
3315 0 -1.250000000000001e-05 0.0002406452896371695
3316 0 -1.250000000000001e-05 0.0002427753494924683
3317 0 0 0.0002443531716075045
3318 0 -1.250000000000001e-05 0.0002443531716075045
3319 0 -1.250000000000001e-05 0.0002459309937225406
3320 0 0 0.0002470997508447895
3321 0 -1.250000000000001e-05 0.0002470997508447895
3322 0 -1.250000000000001e-05 0.0002482685079670386
3323 0 0 0.0002491342539835193
3324 0 -1.250000000000001e-05 0.0002491342539835193
3325 0 -1.250000000000001e-05 0.00025
3326 0 1.250000000000003e-05 -5e-05
3327 0 2.500000000000007e-05 -4.913425398351927e-05
3328 0 1.250000000000003e-05 -4.913425398351927e-05
3329 0 1.250000000000003e-05 -4.826850796703854e-05
3330 0 2.500000000000007e-05 -4.709975084478956e-05
3331 0 1.250000000000003e-05 -4.709975084478956e-05
3332 0 1.250000000000003e-05 -4.593099372254057e-05
3333 0 2.500000000000007e-05 -4.435317160750444e-05
3334 0 1.250000000000003e-05 -4.435317160750444e-05
3335 0 1.250000000000003e-05 -4.277534949246831e-05
3336 0 2.500000000000007e-05 -4.064528963716953e-05
3337 0 1.250000000000003e-05 -4.064528963716953e-05
3338 0 1.250000000000003e-05 -3.851522978187075e-05
3339 0 2.500000000000007e-05 -3.56396489772174e-05
3340 0 1.250000000000003e-05 -3.56396489772174e-05
3341 0 1.250000000000003e-05 -3.276406817256406e-05
3342 0 2.500000000000007e-05 -2.888203408628203e-05
3343 0 1.250000000000003e-05 -2.888203408628203e-05
3344 0 1.250000000000003e-05 -2.5e-05
3345 0 2.500000000000007e-05 -2.111796591371798e-05
3346 0 1.250000000000003e-05 -2.111796591371798e-05
3347 0 1.250000000000003e-05 -1.723593182743596e-05
3348 0 2.500000000000007e-05 -1.436035102278261e-05
3349 0 1.250000000000003e-05 -1.436035102278261e-05
3350 0 1.250000000000003e-05 -1.148477021812926e-05
3351 0 2.500000000000007e-05 -9.354710362830477e-06
3352 0 1.250000000000003e-05 -9.354710362830477e-06
3353 0 1.250000000000003e-05 -7.224650507531695e-06
3354 0 2.500000000000007e-05 -5.646828392495564e-06
3355 0 1.250000000000003e-05 -5.646828392495564e-06
3356 0 1.250000000000003e-05 -4.069006277459433e-06
3357 0 2.500000000000007e-05 -2.900249155210446e-06
3358 0 1.250000000000003e-05 -2.900249155210446e-06
3359 0 1.250000000000003e-05 -1.73149203296146e-06
3360 0 2.500000000000007e-05 -8.657460164807302e-07
3361 0 1.250000000000003e-05 -8.657460164807302e-07
3362 0 1.250000000000003e-05 0
3363 0 2.500000000000007e-05 7.53820929838117e-06
3364 0 1.250000000000003e-05 7.53820929838117e-06
3365 0 1.250000000000003e-05 1.507641859676234e-05
3366 0 2.500000000000007e-05 2.525300114957692e-05
3367 0 1.250000000000003e-05 2.525300114957692e-05
3368 0 1.250000000000003e-05 3.54295837023915e-05
3369 0 2.500000000000007e-05 4.916797014869118e-05
3370 0 1.250000000000003e-05 4.916797014869118e-05
3371 0 1.250000000000003e-05 6.290635659499086e-05
3372 0 2.500000000000007e-05 8.145317829749544e-05
3373 0 1.250000000000003e-05 8.145317829749544e-05
3374 0 1.250000000000003e-05 0.0001
3375 0 2.500000000000007e-05 0.0001185468217025046
3376 0 1.250000000000003e-05 0.0001185468217025046
3377 0 1.250000000000003e-05 0.0001370936434050091
3378 0 2.500000000000007e-05 0.0001508320298513088
3379 0 1.250000000000003e-05 0.0001508320298513088
3380 0 1.250000000000003e-05 0.0001645704162976085
3381 0 2.500000000000007e-05 0.0001747469988504231
3382 0 1.250000000000003e-05 0.0001747469988504231
3383 0 1.250000000000003e-05 0.0001849235814032377
3384 0 2.500000000000007e-05 0.0001924617907016188
3385 0 1.250000000000003e-05 0.0001924617907016188
3386 0 1.250000000000003e-05 0.0002
3387 0 2.500000000000007e-05 0.0002008657460164807
3388 0 1.250000000000003e-05 0.0002008657460164807
3389 0 1.250000000000003e-05 0.0002017314920329615
3390 0 2.500000000000007e-05 0.0002029002491552105
3391 0 1.250000000000003e-05 0.0002029002491552105
3392 0 1.250000000000003e-05 0.0002040690062774595
3393 0 2.500000000000007e-05 0.0002056468283924956
3394 0 1.250000000000003e-05 0.0002056468283924956
3395 0 1.250000000000003e-05 0.0002072246505075317
3396 0 2.500000000000007e-05 0.0002093547103628305
3397 0 1.250000000000003e-05 0.0002093547103628305
3398 0 1.250000000000003e-05 0.0002114847702181292
3399 0 2.500000000000007e-05 0.0002143603510227826
3400 0 1.250000000000003e-05 0.0002143603510227826
3401 0 1.250000000000003e-05 0.000217235931827436
3402 0 2.500000000000007e-05 0.000221117965913718
3403 0 1.250000000000003e-05 0.000221117965913718
3404 0 1.250000000000003e-05 0.000225
3405 0 2.500000000000007e-05 0.000228882034086282
3406 0 1.250000000000003e-05 0.000228882034086282
3407 0 1.250000000000003e-05 0.0002327640681725641
3408 0 2.500000000000007e-05 0.0002356396489772174
3409 0 1.250000000000003e-05 0.0002356396489772174
3410 0 1.250000000000003e-05 0.0002385152297818707
3411 0 2.500000000000007e-05 0.0002406452896371695
3412 0 1.250000000000003e-05 0.0002406452896371695
3413 0 1.250000000000003e-05 0.0002427753494924683
3414 0 2.500000000000007e-05 0.0002443531716075045
3415 0 1.250000000000003e-05 0.0002443531716075045
3416 0 1.250000000000003e-05 0.0002459309937225406
3417 0 2.500000000000007e-05 0.0002470997508447895
3418 0 1.250000000000003e-05 0.0002470997508447895
3419 0 1.250000000000003e-05 0.0002482685079670386
3420 0 2.500000000000007e-05 0.0002491342539835193
3421 0 1.250000000000003e-05 0.0002491342539835193
3422 0 1.250000000000003e-05 0.00025
3423 0 3.749999999999999e-05 -5e-05
3424 0 4.999999999999991e-05 -4.913425398351927e-05
3425 0 3.749999999999999e-05 -4.913425398351927e-05
3426 0 3.749999999999999e-05 -4.826850796703854e-05
3427 0 4.999999999999991e-05 -4.709975084478956e-05
3428 0 3.749999999999999e-05 -4.709975084478956e-05
3429 0 3.749999999999999e-05 -4.593099372254057e-05
3430 0 4.999999999999991e-05 -4.435317160750444e-05
3431 0 3.749999999999999e-05 -4.435317160750444e-05
3432 0 3.749999999999999e-05 -4.277534949246831e-05
3433 0 4.999999999999991e-05 -4.064528963716953e-05
3434 0 3.749999999999999e-05 -4.064528963716953e-05
3435 0 3.749999999999999e-05 -3.851522978187075e-05
3436 0 4.999999999999991e-05 -3.56396489772174e-05
3437 0 3.749999999999999e-05 -3.56396489772174e-05
3438 0 3.749999999999999e-05 -3.276406817256406e-05
3439 0 4.999999999999991e-05 -2.888203408628203e-05
3440 0 3.749999999999999e-05 -2.888203408628203e-05
3441 0 3.749999999999999e-05 -2.5e-05
3442 0 4.999999999999991e-05 -2.111796591371798e-05
3443 0 3.749999999999999e-05 -2.111796591371798e-05
3444 0 3.749999999999999e-05 -1.723593182743596e-05
3445 0 4.999999999999991e-05 -1.436035102278261e-05
3446 0 3.749999999999999e-05 -1.436035102278261e-05
3447 0 3.749999999999999e-05 -1.148477021812926e-05
3448 0 4.999999999999991e-05 -9.354710362830477e-06
3449 0 3.749999999999999e-05 -9.354710362830477e-06
3450 0 3.749999999999999e-05 -7.224650507531695e-06
3451 0 4.999999999999991e-05 -5.646828392495564e-06
3452 0 3.749999999999999e-05 -5.646828392495564e-06
3453 0 3.749999999999999e-05 -4.069006277459433e-06
3454 0 4.999999999999991e-05 -2.900249155210446e-06
3455 0 3.749999999999999e-05 -2.900249155210446e-06
3456 0 3.749999999999999e-05 -1.73149203296146e-06
3457 0 4.999999999999991e-05 -8.657460164807302e-07
3458 0 3.749999999999999e-05 -8.657460164807302e-07
3459 0 3.749999999999999e-05 0
3460 0 4.999999999999991e-05 7.53820929838117e-06
3461 0 3.749999999999999e-05 7.53820929838117e-06
3462 0 3.749999999999999e-05 1.507641859676234e-05
3463 0 4.999999999999991e-05 2.525300114957692e-05
3464 0 3.749999999999999e-05 2.525300114957692e-05
3465 0 3.749999999999999e-05 3.54295837023915e-05
3466 0 4.999999999999991e-05 4.916797014869118e-05
3467 0 3.749999999999999e-05 4.916797014869118e-05
3468 0 3.749999999999999e-05 6.290635659499086e-05
3469 0 4.999999999999991e-05 8.145317829749544e-05
3470 0 3.749999999999999e-05 8.145317829749544e-05
3471 0 3.749999999999999e-05 0.0001
3472 0 4.999999999999991e-05 0.0001185468217025046
3473 0 3.749999999999999e-05 0.0001185468217025046
3474 0 3.749999999999999e-05 0.0001370936434050091
3475 0 4.999999999999991e-05 0.0001508320298513088
3476 0 3.749999999999999e-05 0.0001508320298513088
3477 0 3.749999999999999e-05 0.0001645704162976085
3478 0 4.999999999999991e-05 0.0001747469988504231
3479 0 3.749999999999999e-05 0.0001747469988504231
3480 0 3.749999999999999e-05 0.0001849235814032377
3481 0 4.999999999999991e-05 0.0001924617907016188
3482 0 3.749999999999999e-05 0.0001924617907016188
3483 0 3.749999999999999e-05 0.0002
3484 0 4.999999999999991e-05 0.0002008657460164807
3485 0 3.749999999999999e-05 0.0002008657460164807
3486 0 3.749999999999999e-05 0.0002017314920329615
3487 0 4.999999999999991e-05 0.0002029002491552105
3488 0 3.749999999999999e-05 0.0002029002491552105
3489 0 3.749999999999999e-05 0.0002040690062774595
3490 0 4.999999999999991e-05 0.0002056468283924956
3491 0 3.749999999999999e-05 0.0002056468283924956
3492 0 3.749999999999999e-05 0.0002072246505075317
3493 0 4.999999999999991e-05 0.0002093547103628305
3494 0 3.749999999999999e-05 0.0002093547103628305
3495 0 3.749999999999999e-05 0.0002114847702181292
3496 0 4.999999999999991e-05 0.0002143603510227826
3497 0 3.749999999999999e-05 0.0002143603510227826
3498 0 3.749999999999999e-05 0.000217235931827436
3499 0 4.999999999999991e-05 0.000221117965913718
3500 0 3.749999999999999e-05 0.000221117965913718
3501 0 3.749999999999999e-05 0.000225
3502 0 4.999999999999991e-05 0.000228882034086282
3503 0 3.749999999999999e-05 0.000228882034086282
3504 0 3.749999999999999e-05 0.0002327640681725641
3505 0 4.999999999999991e-05 0.0002356396489772174
3506 0 3.749999999999999e-05 0.0002356396489772174
3507 0 3.749999999999999e-05 0.0002385152297818707
3508 0 4.999999999999991e-05 0.0002406452896371695
3509 0 3.749999999999999e-05 0.0002406452896371695
3510 0 3.749999999999999e-05 0.0002427753494924683
3511 0 4.999999999999991e-05 0.0002443531716075045
3512 0 3.749999999999999e-05 0.0002443531716075045
3513 0 3.749999999999999e-05 0.0002459309937225406
3514 0 4.999999999999991e-05 0.0002470997508447895
3515 0 3.749999999999999e-05 0.0002470997508447895
3516 0 3.749999999999999e-05 0.0002482685079670386
3517 0 4.999999999999991e-05 0.0002491342539835193
3518 0 3.749999999999999e-05 0.0002491342539835193
3519 0 3.749999999999999e-05 0.00025
3520 0 6.249999999999995e-05 -5e-05
3521 0 7.499999999999998e-05 -4.913425398351927e-05
3522 0 6.249999999999995e-05 -4.913425398351927e-05
3523 0 6.249999999999995e-05 -4.826850796703854e-05
3524 0 7.499999999999998e-05 -4.709975084478956e-05
3525 0 6.249999999999995e-05 -4.709975084478956e-05
3526 0 6.249999999999995e-05 -4.593099372254057e-05
3527 0 7.499999999999998e-05 -4.435317160750444e-05
3528 0 6.249999999999995e-05 -4.435317160750444e-05
3529 0 6.249999999999995e-05 -4.277534949246831e-05
3530 0 7.499999999999998e-05 -4.064528963716953e-05
3531 0 6.249999999999995e-05 -4.064528963716953e-05
3532 0 6.249999999999995e-05 -3.851522978187075e-05
3533 0 7.499999999999998e-05 -3.56396489772174e-05
3534 0 6.249999999999995e-05 -3.56396489772174e-05
3535 0 6.249999999999995e-05 -3.276406817256406e-05
3536 0 7.499999999999998e-05 -2.888203408628203e-05
3537 0 6.249999999999995e-05 -2.888203408628203e-05
3538 0 6.249999999999995e-05 -2.5e-05
3539 0 7.499999999999998e-05 -2.111796591371798e-05
3540 0 6.249999999999995e-05 -2.111796591371798e-05
3541 0 6.249999999999995e-05 -1.723593182743596e-05
3542 0 7.499999999999998e-05 -1.436035102278261e-05
3543 0 6.249999999999995e-05 -1.436035102278261e-05
3544 0 6.249999999999995e-05 -1.148477021812926e-05
3545 0 7.499999999999998e-05 -9.354710362830477e-06
3546 0 6.249999999999995e-05 -9.354710362830477e-06
3547 0 6.249999999999995e-05 -7.224650507531695e-06
3548 0 7.499999999999998e-05 -5.646828392495564e-06
3549 0 6.249999999999995e-05 -5.646828392495564e-06
3550 0 6.249999999999995e-05 -4.069006277459433e-06
3551 0 7.499999999999998e-05 -2.900249155210446e-06
3552 0 6.249999999999995e-05 -2.900249155210446e-06
3553 0 6.249999999999995e-05 -1.73149203296146e-06
3554 0 7.499999999999998e-05 -8.657460164807302e-07
3555 0 6.249999999999995e-05 -8.657460164807302e-07
3556 0 6.249999999999995e-05 0
3557 0 7.499999999999998e-05 7.53820929838117e-06
3558 0 6.249999999999995e-05 7.53820929838117e-06
3559 0 6.249999999999995e-05 1.507641859676234e-05
3560 0 7.499999999999998e-05 2.525300114957692e-05
3561 0 6.249999999999995e-05 2.525300114957692e-05
3562 0 6.249999999999995e-05 3.54295837023915e-05
3563 0 7.499999999999998e-05 4.916797014869118e-05
3564 0 6.249999999999995e-05 4.916797014869118e-05
3565 0 6.249999999999995e-05 6.290635659499086e-05
3566 0 7.499999999999998e-05 8.145317829749544e-05
3567 0 6.249999999999995e-05 8.145317829749544e-05
3568 0 6.249999999999995e-05 0.0001
3569 0 7.499999999999998e-05 0.0001185468217025046
3570 0 6.249999999999995e-05 0.0001185468217025046
3571 0 6.249999999999995e-05 0.0001370936434050091
3572 0 7.499999999999998e-05 0.0001508320298513088
3573 0 6.249999999999995e-05 0.0001508320298513088
3574 0 6.249999999999995e-05 0.0001645704162976085
3575 0 7.499999999999998e-05 0.0001747469988504231
3576 0 6.249999999999995e-05 0.0001747469988504231
3577 0 6.249999999999995e-05 0.0001849235814032377
3578 0 7.499999999999998e-05 0.0001924617907016188
3579 0 6.249999999999995e-05 0.0001924617907016188
3580 0 6.249999999999995e-05 0.0002
3581 0 7.499999999999998e-05 0.0002008657460164807
3582 0 6.249999999999995e-05 0.0002008657460164807
3583 0 6.249999999999995e-05 0.0002017314920329615
3584 0 7.499999999999998e-05 0.0002029002491552105
3585 0 6.249999999999995e-05 0.0002029002491552105
3586 0 6.249999999999995e-05 0.0002040690062774595
3587 0 7.499999999999998e-05 0.0002056468283924956
3588 0 6.249999999999995e-05 0.0002056468283924956
3589 0 6.249999999999995e-05 0.0002072246505075317
3590 0 7.499999999999998e-05 0.0002093547103628305
3591 0 6.249999999999995e-05 0.0002093547103628305
3592 0 6.249999999999995e-05 0.0002114847702181292
3593 0 7.499999999999998e-05 0.0002143603510227826
3594 0 6.249999999999995e-05 0.0002143603510227826
3595 0 6.249999999999995e-05 0.000217235931827436
3596 0 7.499999999999998e-05 0.000221117965913718
3597 0 6.249999999999995e-05 0.000221117965913718
3598 0 6.249999999999995e-05 0.000225
3599 0 7.499999999999998e-05 0.000228882034086282
3600 0 6.249999999999995e-05 0.000228882034086282
3601 0 6.249999999999995e-05 0.0002327640681725641
3602 0 7.499999999999998e-05 0.0002356396489772174
3603 0 6.249999999999995e-05 0.0002356396489772174
3604 0 6.249999999999995e-05 0.0002385152297818707
3605 0 7.499999999999998e-05 0.0002406452896371695
3606 0 6.249999999999995e-05 0.0002406452896371695
3607 0 6.249999999999995e-05 0.0002427753494924683
3608 0 7.499999999999998e-05 0.0002443531716075045
3609 0 6.249999999999995e-05 0.0002443531716075045
3610 0 6.249999999999995e-05 0.0002459309937225406
3611 0 7.499999999999998e-05 0.0002470997508447895
3612 0 6.249999999999995e-05 0.0002470997508447895
3613 0 6.249999999999995e-05 0.0002482685079670386
3614 0 7.499999999999998e-05 0.0002491342539835193
3615 0 6.249999999999995e-05 0.0002491342539835193
3616 0 6.249999999999995e-05 0.00025
3617 0 8.750000000000001e-05 -5e-05
3618 0 0.0001 -4.913425398351927e-05
3619 0 8.750000000000001e-05 -4.913425398351927e-05
3620 0 8.750000000000001e-05 -4.826850796703854e-05
3621 0 0.0001 -4.709975084478956e-05
3622 0 8.750000000000001e-05 -4.709975084478956e-05
3623 0 8.750000000000001e-05 -4.593099372254057e-05
3624 0 0.0001 -4.435317160750444e-05
3625 0 8.750000000000001e-05 -4.435317160750444e-05
3626 0 8.750000000000001e-05 -4.277534949246831e-05
3627 0 0.0001 -4.064528963716953e-05
3628 0 8.750000000000001e-05 -4.064528963716953e-05
3629 0 8.750000000000001e-05 -3.851522978187075e-05
3630 0 0.0001 -3.56396489772174e-05
3631 0 8.750000000000001e-05 -3.56396489772174e-05
3632 0 8.750000000000001e-05 -3.276406817256406e-05
3633 0 0.0001 -2.888203408628203e-05
3634 0 8.750000000000001e-05 -2.888203408628203e-05
3635 0 8.750000000000001e-05 -2.5e-05
3636 0 0.0001 -2.111796591371798e-05
3637 0 8.750000000000001e-05 -2.111796591371798e-05
3638 0 8.750000000000001e-05 -1.723593182743596e-05
3639 0 0.0001 -1.436035102278261e-05
3640 0 8.750000000000001e-05 -1.436035102278261e-05
3641 0 8.750000000000001e-05 -1.148477021812926e-05
3642 0 0.0001 -9.354710362830477e-06
3643 0 8.750000000000001e-05 -9.354710362830477e-06
3644 0 8.750000000000001e-05 -7.224650507531695e-06
3645 0 0.0001 -5.646828392495564e-06
3646 0 8.750000000000001e-05 -5.646828392495564e-06
3647 0 8.750000000000001e-05 -4.069006277459433e-06
3648 0 0.0001 -2.900249155210446e-06
3649 0 8.750000000000001e-05 -2.900249155210446e-06
3650 0 8.750000000000001e-05 -1.73149203296146e-06
3651 0 0.0001 -8.657460164807302e-07
3652 0 8.750000000000001e-05 -8.657460164807302e-07
3653 0 8.750000000000001e-05 0
3654 0 0.0001 7.53820929838117e-06
3655 0 8.750000000000001e-05 7.53820929838117e-06
3656 0 8.750000000000001e-05 1.507641859676234e-05
3657 0 0.0001 2.525300114957692e-05
3658 0 8.750000000000001e-05 2.525300114957692e-05
3659 0 8.750000000000001e-05 3.54295837023915e-05
3660 0 0.0001 4.916797014869118e-05
3661 0 8.750000000000001e-05 4.916797014869118e-05
3662 0 8.750000000000001e-05 6.290635659499086e-05
3663 0 0.0001 8.145317829749544e-05
3664 0 8.750000000000001e-05 8.145317829749544e-05
3665 0 8.750000000000001e-05 0.0001
3666 0 0.0001 0.0001185468217025046
3667 0 8.750000000000001e-05 0.0001185468217025046
3668 0 8.750000000000001e-05 0.0001370936434050091
3669 0 0.0001 0.0001508320298513088
3670 0 8.750000000000001e-05 0.0001508320298513088
3671 0 8.750000000000001e-05 0.0001645704162976085
3672 0 0.0001 0.0001747469988504231
3673 0 8.750000000000001e-05 0.0001747469988504231
3674 0 8.750000000000001e-05 0.0001849235814032377
3675 0 0.0001 0.0001924617907016188
3676 0 8.750000000000001e-05 0.0001924617907016188
3677 0 8.750000000000001e-05 0.0002
3678 0 0.0001 0.0002008657460164807
3679 0 8.750000000000001e-05 0.0002008657460164807
3680 0 8.750000000000001e-05 0.0002017314920329615
3681 0 0.0001 0.0002029002491552105
3682 0 8.750000000000001e-05 0.0002029002491552105
3683 0 8.750000000000001e-05 0.0002040690062774595
3684 0 0.0001 0.0002056468283924956
3685 0 8.750000000000001e-05 0.0002056468283924956
3686 0 8.750000000000001e-05 0.0002072246505075317
3687 0 0.0001 0.0002093547103628305
3688 0 8.750000000000001e-05 0.0002093547103628305
3689 0 8.750000000000001e-05 0.0002114847702181292
3690 0 0.0001 0.0002143603510227826
3691 0 8.750000000000001e-05 0.0002143603510227826
3692 0 8.750000000000001e-05 0.000217235931827436
3693 0 0.0001 0.000221117965913718
3694 0 8.750000000000001e-05 0.000221117965913718
3695 0 8.750000000000001e-05 0.000225
3696 0 0.0001 0.000228882034086282
3697 0 8.750000000000001e-05 0.000228882034086282
3698 0 8.750000000000001e-05 0.0002327640681725641
3699 0 0.0001 0.0002356396489772174
3700 0 8.750000000000001e-05 0.0002356396489772174
3701 0 8.750000000000001e-05 0.0002385152297818707
3702 0 0.0001 0.0002406452896371695
3703 0 8.750000000000001e-05 0.0002406452896371695
3704 0 8.750000000000001e-05 0.0002427753494924683
3705 0 0.0001 0.0002443531716075045
3706 0 8.750000000000001e-05 0.0002443531716075045
3707 0 8.750000000000001e-05 0.0002459309937225406
3708 0 0.0001 0.0002470997508447895
3709 0 8.750000000000001e-05 0.0002470997508447895
3710 0 8.750000000000001e-05 0.0002482685079670386
3711 0 0.0001 0.0002491342539835193
3712 0 8.750000000000001e-05 0.0002491342539835193
3713 0 8.750000000000001e-05 0.00025
3714 0 0.0001125 -5e-05
3715 0 0.000125 -4.913425398351927e-05
3716 0 0.0001125 -4.913425398351927e-05
3717 0 0.0001125 -4.826850796703854e-05
3718 0 0.000125 -4.709975084478956e-05
3719 0 0.0001125 -4.709975084478956e-05
3720 0 0.0001125 -4.593099372254057e-05
3721 0 0.000125 -4.435317160750444e-05
3722 0 0.0001125 -4.435317160750444e-05
3723 0 0.0001125 -4.277534949246831e-05
3724 0 0.000125 -4.064528963716953e-05
3725 0 0.0001125 -4.064528963716953e-05
3726 0 0.0001125 -3.851522978187075e-05
3727 0 0.000125 -3.56396489772174e-05
3728 0 0.0001125 -3.56396489772174e-05
3729 0 0.0001125 -3.276406817256406e-05
3730 0 0.000125 -2.888203408628203e-05
3731 0 0.0001125 -2.888203408628203e-05
3732 0 0.0001125 -2.5e-05
3733 0 0.000125 -2.111796591371798e-05
3734 0 0.0001125 -2.111796591371798e-05
3735 0 0.0001125 -1.723593182743596e-05
3736 0 0.000125 -1.436035102278261e-05
3737 0 0.0001125 -1.436035102278261e-05
3738 0 0.0001125 -1.148477021812926e-05
3739 0 0.000125 -9.354710362830477e-06
3740 0 0.0001125 -9.354710362830477e-06
3741 0 0.0001125 -7.224650507531695e-06
3742 0 0.000125 -5.646828392495564e-06
3743 0 0.0001125 -5.646828392495564e-06
3744 0 0.0001125 -4.069006277459433e-06
3745 0 0.000125 -2.900249155210446e-06
3746 0 0.0001125 -2.900249155210446e-06
3747 0 0.0001125 -1.73149203296146e-06
3748 0 0.000125 -8.657460164807302e-07
3749 0 0.0001125 -8.657460164807302e-07
3750 0 0.0001125 0
3751 0 0.000125 7.53820929838117e-06
3752 0 0.0001125 7.53820929838117e-06
3753 0 0.0001125 1.507641859676234e-05
3754 0 0.000125 2.525300114957692e-05
3755 0 0.0001125 2.525300114957692e-05
3756 0 0.0001125 3.54295837023915e-05
3757 0 0.000125 4.916797014869118e-05
3758 0 0.0001125 4.916797014869118e-05
3759 0 0.0001125 6.290635659499086e-05
3760 0 0.000125 8.145317829749544e-05
3761 0 0.0001125 8.145317829749544e-05
3762 0 0.0001125 0.0001
3763 0 0.000125 0.0001185468217025046
3764 0 0.0001125 0.0001185468217025046
3765 0 0.0001125 0.0001370936434050091
3766 0 0.000125 0.0001508320298513088
3767 0 0.0001125 0.0001508320298513088
3768 0 0.0001125 0.0001645704162976085
3769 0 0.000125 0.0001747469988504231
3770 0 0.0001125 0.0001747469988504231
3771 0 0.0001125 0.0001849235814032377
3772 0 0.000125 0.0001924617907016188
3773 0 0.0001125 0.0001924617907016188
3774 0 0.0001125 0.0002
3775 0 0.000125 0.0002008657460164807
3776 0 0.0001125 0.0002008657460164807
3777 0 0.0001125 0.0002017314920329615
3778 0 0.000125 0.0002029002491552105
3779 0 0.0001125 0.0002029002491552105
3780 0 0.0001125 0.0002040690062774595
3781 0 0.000125 0.0002056468283924956
3782 0 0.0001125 0.0002056468283924956
3783 0 0.0001125 0.0002072246505075317
3784 0 0.000125 0.0002093547103628305
3785 0 0.0001125 0.0002093547103628305
3786 0 0.0001125 0.0002114847702181292
3787 0 0.000125 0.0002143603510227826
3788 0 0.0001125 0.0002143603510227826
3789 0 0.0001125 0.000217235931827436
3790 0 0.000125 0.000221117965913718
3791 0 0.0001125 0.000221117965913718
3792 0 0.0001125 0.000225
3793 0 0.000125 0.000228882034086282
3794 0 0.0001125 0.000228882034086282
3795 0 0.0001125 0.0002327640681725641
3796 0 0.000125 0.0002356396489772174
3797 0 0.0001125 0.0002356396489772174
3798 0 0.0001125 0.0002385152297818707
3799 0 0.000125 0.0002406452896371695
3800 0 0.0001125 0.0002406452896371695
3801 0 0.0001125 0.0002427753494924683
3802 0 0.000125 0.0002443531716075045
3803 0 0.0001125 0.0002443531716075045
3804 0 0.0001125 0.0002459309937225406
3805 0 0.000125 0.0002470997508447895
3806 0 0.0001125 0.0002470997508447895
3807 0 0.0001125 0.0002482685079670386
3808 0 0.000125 0.0002491342539835193
3809 0 0.0001125 0.0002491342539835193
3810 0 0.0001125 0.00025
3811 0 0.0001375 -5e-05
3812 0 0.0001500000000000001 -4.913425398351927e-05
3813 0 0.0001375 -4.913425398351927e-05
3814 0 0.0001375 -4.826850796703854e-05
3815 0 0.0001500000000000001 -4.709975084478956e-05
3816 0 0.0001375 -4.709975084478956e-05
3817 0 0.0001375 -4.593099372254057e-05
3818 0 0.0001500000000000001 -4.435317160750444e-05
3819 0 0.0001375 -4.435317160750444e-05
3820 0 0.0001375 -4.277534949246831e-05
3821 0 0.0001500000000000001 -4.064528963716953e-05
3822 0 0.0001375 -4.064528963716953e-05
3823 0 0.0001375 -3.851522978187075e-05
3824 0 0.0001500000000000001 -3.56396489772174e-05
3825 0 0.0001375 -3.56396489772174e-05
3826 0 0.0001375 -3.276406817256406e-05
3827 0 0.0001500000000000001 -2.888203408628203e-05
3828 0 0.0001375 -2.888203408628203e-05
3829 0 0.0001375 -2.5e-05
3830 0 0.0001500000000000001 -2.111796591371798e-05
3831 0 0.0001375 -2.111796591371798e-05
3832 0 0.0001375 -1.723593182743596e-05
3833 0 0.0001500000000000001 -1.436035102278261e-05
3834 0 0.0001375 -1.436035102278261e-05
3835 0 0.0001375 -1.148477021812926e-05
3836 0 0.0001500000000000001 -9.354710362830477e-06
3837 0 0.0001375 -9.354710362830477e-06
3838 0 0.0001375 -7.224650507531695e-06
3839 0 0.0001500000000000001 -5.646828392495564e-06
3840 0 0.0001375 -5.646828392495564e-06
3841 0 0.0001375 -4.069006277459433e-06
3842 0 0.0001500000000000001 -2.900249155210446e-06
3843 0 0.0001375 -2.900249155210446e-06
3844 0 0.0001375 -1.73149203296146e-06
3845 0 0.0001500000000000001 -8.657460164807302e-07
3846 0 0.0001375 -8.657460164807302e-07
3847 0 0.0001375 0
3848 0 0.0001500000000000001 7.53820929838117e-06
3849 0 0.0001375 7.53820929838117e-06
3850 0 0.0001375 1.507641859676234e-05
3851 0 0.0001500000000000001 2.525300114957692e-05
3852 0 0.0001375 2.525300114957692e-05
3853 0 0.0001375 3.54295837023915e-05
3854 0 0.0001500000000000001 4.916797014869118e-05
3855 0 0.0001375 4.916797014869118e-05
3856 0 0.0001375 6.290635659499086e-05
3857 0 0.0001500000000000001 8.145317829749544e-05
3858 0 0.0001375 8.145317829749544e-05
3859 0 0.0001375 0.0001
3860 0 0.0001500000000000001 0.0001185468217025046
3861 0 0.0001375 0.0001185468217025046
3862 0 0.0001375 0.0001370936434050091
3863 0 0.0001500000000000001 0.0001508320298513088
3864 0 0.0001375 0.0001508320298513088
3865 0 0.0001375 0.0001645704162976085
3866 0 0.0001500000000000001 0.0001747469988504231
3867 0 0.0001375 0.0001747469988504231
3868 0 0.0001375 0.0001849235814032377
3869 0 0.0001500000000000001 0.0001924617907016188
3870 0 0.0001375 0.0001924617907016188
3871 0 0.0001375 0.0002
3872 0 0.0001500000000000001 0.0002008657460164807
3873 0 0.0001375 0.0002008657460164807
3874 0 0.0001375 0.0002017314920329615
3875 0 0.0001500000000000001 0.0002029002491552105
3876 0 0.0001375 0.0002029002491552105
3877 0 0.0001375 0.0002040690062774595
3878 0 0.0001500000000000001 0.0002056468283924956
3879 0 0.0001375 0.0002056468283924956
3880 0 0.0001375 0.0002072246505075317
3881 0 0.0001500000000000001 0.0002093547103628305
3882 0 0.0001375 0.0002093547103628305
3883 0 0.0001375 0.0002114847702181292
3884 0 0.0001500000000000001 0.0002143603510227826
3885 0 0.0001375 0.0002143603510227826
3886 0 0.0001375 0.000217235931827436
3887 0 0.0001500000000000001 0.000221117965913718
3888 0 0.0001375 0.000221117965913718
3889 0 0.0001375 0.000225
3890 0 0.0001500000000000001 0.000228882034086282
3891 0 0.0001375 0.000228882034086282
3892 0 0.0001375 0.0002327640681725641
3893 0 0.0001500000000000001 0.0002356396489772174
3894 0 0.0001375 0.0002356396489772174
3895 0 0.0001375 0.0002385152297818707
3896 0 0.0001500000000000001 0.0002406452896371695
3897 0 0.0001375 0.0002406452896371695
3898 0 0.0001375 0.0002427753494924683
3899 0 0.0001500000000000001 0.0002443531716075045
3900 0 0.0001375 0.0002443531716075045
3901 0 0.0001375 0.0002459309937225406
3902 0 0.0001500000000000001 0.0002470997508447895
3903 0 0.0001375 0.0002470997508447895
3904 0 0.0001375 0.0002482685079670386
3905 0 0.0001500000000000001 0.0002491342539835193
3906 0 0.0001375 0.0002491342539835193
3907 0 0.0001375 0.00025
3908 0 0.0001625 -5e-05
3909 0 0.000175 -4.913425398351927e-05
3910 0 0.0001625 -4.913425398351927e-05
3911 0 0.0001625 -4.826850796703854e-05
3912 0 0.000175 -4.709975084478956e-05
3913 0 0.0001625 -4.709975084478956e-05
3914 0 0.0001625 -4.593099372254057e-05
3915 0 0.000175 -4.435317160750444e-05
3916 0 0.0001625 -4.435317160750444e-05
3917 0 0.0001625 -4.277534949246831e-05
3918 0 0.000175 -4.064528963716953e-05
3919 0 0.0001625 -4.064528963716953e-05
3920 0 0.0001625 -3.851522978187075e-05
3921 0 0.000175 -3.56396489772174e-05
3922 0 0.0001625 -3.56396489772174e-05
3923 0 0.0001625 -3.276406817256406e-05
3924 0 0.000175 -2.888203408628203e-05
3925 0 0.0001625 -2.888203408628203e-05
3926 0 0.0001625 -2.5e-05
3927 0 0.000175 -2.111796591371798e-05
3928 0 0.0001625 -2.111796591371798e-05
3929 0 0.0001625 -1.723593182743596e-05
3930 0 0.000175 -1.436035102278261e-05
3931 0 0.0001625 -1.436035102278261e-05
3932 0 0.0001625 -1.148477021812926e-05
3933 0 0.000175 -9.354710362830477e-06
3934 0 0.0001625 -9.354710362830477e-06
3935 0 0.0001625 -7.224650507531695e-06
3936 0 0.000175 -5.646828392495564e-06
3937 0 0.0001625 -5.646828392495564e-06
3938 0 0.0001625 -4.069006277459433e-06
3939 0 0.000175 -2.900249155210446e-06
3940 0 0.0001625 -2.900249155210446e-06
3941 0 0.0001625 -1.73149203296146e-06
3942 0 0.000175 -8.657460164807302e-07
3943 0 0.0001625 -8.657460164807302e-07
3944 0 0.0001625 0
3945 0 0.000175 7.53820929838117e-06
3946 0 0.0001625 7.53820929838117e-06
3947 0 0.0001625 1.507641859676234e-05
3948 0 0.000175 2.525300114957692e-05
3949 0 0.0001625 2.525300114957692e-05
3950 0 0.0001625 3.54295837023915e-05
3951 0 0.000175 4.916797014869118e-05
3952 0 0.0001625 4.916797014869118e-05
3953 0 0.0001625 6.290635659499086e-05
3954 0 0.000175 8.145317829749544e-05
3955 0 0.0001625 8.145317829749544e-05
3956 0 0.0001625 0.0001
3957 0 0.000175 0.0001185468217025046
3958 0 0.0001625 0.0001185468217025046
3959 0 0.0001625 0.0001370936434050091
3960 0 0.000175 0.0001508320298513088
3961 0 0.0001625 0.0001508320298513088
3962 0 0.0001625 0.0001645704162976085
3963 0 0.000175 0.0001747469988504231
3964 0 0.0001625 0.0001747469988504231
3965 0 0.0001625 0.0001849235814032377
3966 0 0.000175 0.0001924617907016188
3967 0 0.0001625 0.0001924617907016188
3968 0 0.0001625 0.0002
3969 0 0.000175 0.0002008657460164807
3970 0 0.0001625 0.0002008657460164807
3971 0 0.0001625 0.0002017314920329615
3972 0 0.000175 0.0002029002491552105
3973 0 0.0001625 0.0002029002491552105
3974 0 0.0001625 0.0002040690062774595
3975 0 0.000175 0.0002056468283924956
3976 0 0.0001625 0.0002056468283924956
3977 0 0.0001625 0.0002072246505075317
3978 0 0.000175 0.0002093547103628305
3979 0 0.0001625 0.0002093547103628305
3980 0 0.0001625 0.0002114847702181292
3981 0 0.000175 0.0002143603510227826
3982 0 0.0001625 0.0002143603510227826
3983 0 0.0001625 0.000217235931827436
3984 0 0.000175 0.000221117965913718
3985 0 0.0001625 0.000221117965913718
3986 0 0.0001625 0.000225
3987 0 0.000175 0.000228882034086282
3988 0 0.0001625 0.000228882034086282
3989 0 0.0001625 0.0002327640681725641
3990 0 0.000175 0.0002356396489772174
3991 0 0.0001625 0.0002356396489772174
3992 0 0.0001625 0.0002385152297818707
3993 0 0.000175 0.0002406452896371695
3994 0 0.0001625 0.0002406452896371695
3995 0 0.0001625 0.0002427753494924683
3996 0 0.000175 0.0002443531716075045
3997 0 0.0001625 0.0002443531716075045
3998 0 0.0001625 0.0002459309937225406
3999 0 0.000175 0.0002470997508447895
4000 0 0.0001625 0.0002470997508447895
4001 0 0.0001625 0.0002482685079670386
4002 0 0.000175 0.0002491342539835193
4003 0 0.0001625 0.0002491342539835193
4004 0 0.0001625 0.00025
4005 0 0.0001875 -5e-05
4006 0 0.0002 -4.913425398351927e-05
4007 0 0.0001875 -4.913425398351927e-05
4008 0 0.0001875 -4.826850796703854e-05
4009 0 0.0002 -4.709975084478956e-05
4010 0 0.0001875 -4.709975084478956e-05
4011 0 0.0001875 -4.593099372254057e-05
4012 0 0.0002 -4.435317160750444e-05
4013 0 0.0001875 -4.435317160750444e-05
4014 0 0.0001875 -4.277534949246831e-05
4015 0 0.0002 -4.064528963716953e-05
4016 0 0.0001875 -4.064528963716953e-05
4017 0 0.0001875 -3.851522978187075e-05
4018 0 0.0002 -3.56396489772174e-05
4019 0 0.0001875 -3.56396489772174e-05
4020 0 0.0001875 -3.276406817256406e-05
4021 0 0.0002 -2.888203408628203e-05
4022 0 0.0001875 -2.888203408628203e-05
4023 0 0.0001875 -2.5e-05
4024 0 0.0002 -2.111796591371798e-05
4025 0 0.0001875 -2.111796591371798e-05
4026 0 0.0001875 -1.723593182743596e-05
4027 0 0.0002 -1.436035102278261e-05
4028 0 0.0001875 -1.436035102278261e-05
4029 0 0.0001875 -1.148477021812926e-05
4030 0 0.0002 -9.354710362830477e-06
4031 0 0.0001875 -9.354710362830477e-06
4032 0 0.0001875 -7.224650507531695e-06
4033 0 0.0002 -5.646828392495564e-06
4034 0 0.0001875 -5.646828392495564e-06
4035 0 0.0001875 -4.069006277459433e-06
4036 0 0.0002 -2.900249155210446e-06
4037 0 0.0001875 -2.900249155210446e-06
4038 0 0.0001875 -1.73149203296146e-06
4039 0 0.0002 -8.657460164807302e-07
4040 0 0.0001875 -8.657460164807302e-07
4041 0 0.0001875 0
4042 0 0.0002 7.53820929838117e-06
4043 0 0.0001875 7.53820929838117e-06
4044 0 0.0001875 1.507641859676234e-05
4045 0 0.0002 2.525300114957692e-05
4046 0 0.0001875 2.525300114957692e-05
4047 0 0.0001875 3.54295837023915e-05
4048 0 0.0002 4.916797014869118e-05
4049 0 0.0001875 4.916797014869118e-05
4050 0 0.0001875 6.290635659499086e-05
4051 0 0.0002 8.145317829749544e-05
4052 0 0.0001875 8.145317829749544e-05
4053 0 0.0001875 0.0001
4054 0 0.0002 0.0001185468217025046
4055 0 0.0001875 0.0001185468217025046
4056 0 0.0001875 0.0001370936434050091
4057 0 0.0002 0.0001508320298513088
4058 0 0.0001875 0.0001508320298513088
4059 0 0.0001875 0.0001645704162976085
4060 0 0.0002 0.0001747469988504231
4061 0 0.0001875 0.0001747469988504231
4062 0 0.0001875 0.0001849235814032377
4063 0 0.0002 0.0001924617907016188
4064 0 0.0001875 0.0001924617907016188
4065 0 0.0001875 0.0002
4066 0 0.0002 0.0002008657460164807
4067 0 0.0001875 0.0002008657460164807
4068 0 0.0001875 0.0002017314920329615
4069 0 0.0002 0.0002029002491552105
4070 0 0.0001875 0.0002029002491552105
4071 0 0.0001875 0.0002040690062774595
4072 0 0.0002 0.0002056468283924956
4073 0 0.0001875 0.0002056468283924956
4074 0 0.0001875 0.0002072246505075317
4075 0 0.0002 0.0002093547103628305
4076 0 0.0001875 0.0002093547103628305
4077 0 0.0001875 0.0002114847702181292
4078 0 0.0002 0.0002143603510227826
4079 0 0.0001875 0.0002143603510227826
4080 0 0.0001875 0.000217235931827436
4081 0 0.0002 0.000221117965913718
4082 0 0.0001875 0.000221117965913718
4083 0 0.0001875 0.000225
4084 0 0.0002 0.000228882034086282
4085 0 0.0001875 0.000228882034086282
4086 0 0.0001875 0.0002327640681725641
4087 0 0.0002 0.0002356396489772174
4088 0 0.0001875 0.0002356396489772174
4089 0 0.0001875 0.0002385152297818707
4090 0 0.0002 0.0002406452896371695
4091 0 0.0001875 0.0002406452896371695
4092 0 0.0001875 0.0002427753494924683
4093 0 0.0002 0.0002443531716075045
4094 0 0.0001875 0.0002443531716075045
4095 0 0.0001875 0.0002459309937225406
4096 0 0.0002 0.0002470997508447895
4097 0 0.0001875 0.0002470997508447895
4098 0 0.0001875 0.0002482685079670386
4099 0 0.0002 0.0002491342539835193
4100 0 0.0001875 0.0002491342539835193
4101 0 0.0001875 0.00025
4102 0 0.0002125 -5e-05
4103 0 0.000225 -4.913425398351927e-05
4104 0 0.0002125 -4.913425398351927e-05
4105 0 0.0002125 -4.826850796703854e-05
4106 0 0.000225 -4.709975084478956e-05
4107 0 0.0002125 -4.709975084478956e-05
4108 0 0.0002125 -4.593099372254057e-05
4109 0 0.000225 -4.435317160750444e-05
4110 0 0.0002125 -4.435317160750444e-05
4111 0 0.0002125 -4.277534949246831e-05
4112 0 0.000225 -4.064528963716953e-05
4113 0 0.0002125 -4.064528963716953e-05
4114 0 0.0002125 -3.851522978187075e-05
4115 0 0.000225 -3.56396489772174e-05
4116 0 0.0002125 -3.56396489772174e-05
4117 0 0.0002125 -3.276406817256406e-05
4118 0 0.000225 -2.888203408628203e-05
4119 0 0.0002125 -2.888203408628203e-05
4120 0 0.0002125 -2.5e-05
4121 0 0.000225 -2.111796591371798e-05
4122 0 0.0002125 -2.111796591371798e-05
4123 0 0.0002125 -1.723593182743596e-05
4124 0 0.000225 -1.436035102278261e-05
4125 0 0.0002125 -1.436035102278261e-05
4126 0 0.0002125 -1.148477021812926e-05
4127 0 0.000225 -9.354710362830477e-06
4128 0 0.0002125 -9.354710362830477e-06
4129 0 0.0002125 -7.224650507531695e-06
4130 0 0.000225 -5.646828392495564e-06
4131 0 0.0002125 -5.646828392495564e-06
4132 0 0.0002125 -4.069006277459433e-06
4133 0 0.000225 -2.900249155210446e-06
4134 0 0.0002125 -2.900249155210446e-06
4135 0 0.0002125 -1.73149203296146e-06
4136 0 0.000225 -8.657460164807302e-07
4137 0 0.0002125 -8.657460164807302e-07
4138 0 0.0002125 0
4139 0 0.000225 7.53820929838117e-06
4140 0 0.0002125 7.53820929838117e-06
4141 0 0.0002125 1.507641859676234e-05
4142 0 0.000225 2.525300114957692e-05
4143 0 0.0002125 2.525300114957692e-05
4144 0 0.0002125 3.54295837023915e-05
4145 0 0.000225 4.916797014869118e-05
4146 0 0.0002125 4.916797014869118e-05
4147 0 0.0002125 6.290635659499086e-05
4148 0 0.000225 8.145317829749544e-05
4149 0 0.0002125 8.145317829749544e-05
4150 0 0.0002125 0.0001
4151 0 0.000225 0.0001185468217025046
4152 0 0.0002125 0.0001185468217025046
4153 0 0.0002125 0.0001370936434050091
4154 0 0.000225 0.0001508320298513088
4155 0 0.0002125 0.0001508320298513088
4156 0 0.0002125 0.0001645704162976085
4157 0 0.000225 0.0001747469988504231
4158 0 0.0002125 0.0001747469988504231
4159 0 0.0002125 0.0001849235814032377
4160 0 0.000225 0.0001924617907016188
4161 0 0.0002125 0.0001924617907016188
4162 0 0.0002125 0.0002
4163 0 0.000225 0.0002008657460164807
4164 0 0.0002125 0.0002008657460164807
4165 0 0.0002125 0.0002017314920329615
4166 0 0.000225 0.0002029002491552105
4167 0 0.0002125 0.0002029002491552105
4168 0 0.0002125 0.0002040690062774595
4169 0 0.000225 0.0002056468283924956
4170 0 0.0002125 0.0002056468283924956
4171 0 0.0002125 0.0002072246505075317
4172 0 0.000225 0.0002093547103628305
4173 0 0.0002125 0.0002093547103628305
4174 0 0.0002125 0.0002114847702181292
4175 0 0.000225 0.0002143603510227826
4176 0 0.0002125 0.0002143603510227826
4177 0 0.0002125 0.000217235931827436
4178 0 0.000225 0.000221117965913718
4179 0 0.0002125 0.000221117965913718
4180 0 0.0002125 0.000225
4181 0 0.000225 0.000228882034086282
4182 0 0.0002125 0.000228882034086282
4183 0 0.0002125 0.0002327640681725641
4184 0 0.000225 0.0002356396489772174
4185 0 0.0002125 0.0002356396489772174
4186 0 0.0002125 0.0002385152297818707
4187 0 0.000225 0.0002406452896371695
4188 0 0.0002125 0.0002406452896371695
4189 0 0.0002125 0.0002427753494924683
4190 0 0.000225 0.0002443531716075045
4191 0 0.0002125 0.0002443531716075045
4192 0 0.0002125 0.0002459309937225406
4193 0 0.000225 0.0002470997508447895
4194 0 0.0002125 0.0002470997508447895
4195 0 0.0002125 0.0002482685079670386
4196 0 0.000225 0.0002491342539835193
4197 0 0.0002125 0.0002491342539835193
4198 0 0.0002125 0.00025
4199 0 0.0002375 -5e-05
4200 0 0.00025 -4.913425398351927e-05
4201 0 0.0002375 -4.913425398351927e-05
4202 0 0.0002375 -4.826850796703854e-05
4203 0 0.00025 -4.709975084478956e-05
4204 0 0.0002375 -4.709975084478956e-05
4205 0 0.0002375 -4.593099372254057e-05
4206 0 0.00025 -4.435317160750444e-05
4207 0 0.0002375 -4.435317160750444e-05
4208 0 0.0002375 -4.277534949246831e-05
4209 0 0.00025 -4.064528963716953e-05
4210 0 0.0002375 -4.064528963716953e-05
4211 0 0.0002375 -3.851522978187075e-05
4212 0 0.00025 -3.56396489772174e-05
4213 0 0.0002375 -3.56396489772174e-05
4214 0 0.0002375 -3.276406817256406e-05
4215 0 0.00025 -2.888203408628203e-05
4216 0 0.0002375 -2.888203408628203e-05
4217 0 0.0002375 -2.5e-05
4218 0 0.00025 -2.111796591371798e-05
4219 0 0.0002375 -2.111796591371798e-05
4220 0 0.0002375 -1.723593182743596e-05
4221 0 0.00025 -1.436035102278261e-05
4222 0 0.0002375 -1.436035102278261e-05
4223 0 0.0002375 -1.148477021812926e-05
4224 0 0.00025 -9.354710362830477e-06
4225 0 0.0002375 -9.354710362830477e-06
4226 0 0.0002375 -7.224650507531695e-06
4227 0 0.00025 -5.646828392495564e-06
4228 0 0.0002375 -5.646828392495564e-06
4229 0 0.0002375 -4.069006277459433e-06
4230 0 0.00025 -2.900249155210446e-06
4231 0 0.0002375 -2.900249155210446e-06
4232 0 0.0002375 -1.73149203296146e-06
4233 0 0.00025 -8.657460164807302e-07
4234 0 0.0002375 -8.657460164807302e-07
4235 0 0.0002375 0
4236 0 0.00025 7.53820929838117e-06
4237 0 0.0002375 7.53820929838117e-06
4238 0 0.0002375 1.507641859676234e-05
4239 0 0.00025 2.525300114957692e-05
4240 0 0.0002375 2.525300114957692e-05
4241 0 0.0002375 3.54295837023915e-05
4242 0 0.00025 4.916797014869118e-05
4243 0 0.0002375 4.916797014869118e-05
4244 0 0.0002375 6.290635659499086e-05
4245 0 0.00025 8.145317829749544e-05
4246 0 0.0002375 8.145317829749544e-05
4247 0 0.0002375 0.0001
4248 0 0.00025 0.0001185468217025046
4249 0 0.0002375 0.0001185468217025046
4250 0 0.0002375 0.0001370936434050091
4251 0 0.00025 0.0001508320298513088
4252 0 0.0002375 0.0001508320298513088
4253 0 0.0002375 0.0001645704162976085
4254 0 0.00025 0.0001747469988504231
4255 0 0.0002375 0.0001747469988504231
4256 0 0.0002375 0.0001849235814032377
4257 0 0.00025 0.0001924617907016188
4258 0 0.0002375 0.0001924617907016188
4259 0 0.0002375 0.0002
4260 0 0.00025 0.0002008657460164807
4261 0 0.0002375 0.0002008657460164807
4262 0 0.0002375 0.0002017314920329615
4263 0 0.00025 0.0002029002491552105
4264 0 0.0002375 0.0002029002491552105
4265 0 0.0002375 0.0002040690062774595
4266 0 0.00025 0.0002056468283924956
4267 0 0.0002375 0.0002056468283924956
4268 0 0.0002375 0.0002072246505075317
4269 0 0.00025 0.0002093547103628305
4270 0 0.0002375 0.0002093547103628305
4271 0 0.0002375 0.0002114847702181292
4272 0 0.00025 0.0002143603510227826
4273 0 0.0002375 0.0002143603510227826
4274 0 0.0002375 0.000217235931827436
4275 0 0.00025 0.000221117965913718
4276 0 0.0002375 0.000221117965913718
4277 0 0.0002375 0.000225
4278 0 0.00025 0.000228882034086282
4279 0 0.0002375 0.000228882034086282
4280 0 0.0002375 0.0002327640681725641
4281 0 0.00025 0.0002356396489772174
4282 0 0.0002375 0.0002356396489772174
4283 0 0.0002375 0.0002385152297818707
4284 0 0.00025 0.0002406452896371695
4285 0 0.0002375 0.0002406452896371695
4286 0 0.0002375 0.0002427753494924683
4287 0 0.00025 0.0002443531716075045
4288 0 0.0002375 0.0002443531716075045
4289 0 0.0002375 0.0002459309937225406
4290 0 0.00025 0.0002470997508447895
4291 0 0.0002375 0.0002470997508447895
4292 0 0.0002375 0.0002482685079670386
4293 0 0.00025 0.0002491342539835193
4294 0 0.0002375 0.0002491342539835193
4295 0 0.0002375 0.00025
4296 0 0.0002625 -5e-05
4297 0 0.000275 -4.913425398351927e-05
4298 0 0.0002625 -4.913425398351927e-05
4299 0 0.0002625 -4.826850796703854e-05
4300 0 0.000275 -4.709975084478956e-05
4301 0 0.0002625 -4.709975084478956e-05
4302 0 0.0002625 -4.593099372254057e-05
4303 0 0.000275 -4.435317160750444e-05
4304 0 0.0002625 -4.435317160750444e-05
4305 0 0.0002625 -4.277534949246831e-05
4306 0 0.000275 -4.064528963716953e-05
4307 0 0.0002625 -4.064528963716953e-05
4308 0 0.0002625 -3.851522978187075e-05
4309 0 0.000275 -3.56396489772174e-05
4310 0 0.0002625 -3.56396489772174e-05
4311 0 0.0002625 -3.276406817256406e-05
4312 0 0.000275 -2.888203408628203e-05
4313 0 0.0002625 -2.888203408628203e-05
4314 0 0.0002625 -2.5e-05
4315 0 0.000275 -2.111796591371798e-05
4316 0 0.0002625 -2.111796591371798e-05
4317 0 0.0002625 -1.723593182743596e-05
4318 0 0.000275 -1.436035102278261e-05
4319 0 0.0002625 -1.436035102278261e-05
4320 0 0.0002625 -1.148477021812926e-05
4321 0 0.000275 -9.354710362830477e-06
4322 0 0.0002625 -9.354710362830477e-06
4323 0 0.0002625 -7.224650507531695e-06
4324 0 0.000275 -5.646828392495564e-06
4325 0 0.0002625 -5.646828392495564e-06
4326 0 0.0002625 -4.069006277459433e-06
4327 0 0.000275 -2.900249155210446e-06
4328 0 0.0002625 -2.900249155210446e-06
4329 0 0.0002625 -1.73149203296146e-06
4330 0 0.000275 -8.657460164807302e-07
4331 0 0.0002625 -8.657460164807302e-07
4332 0 0.0002625 0
4333 0 0.000275 7.53820929838117e-06
4334 0 0.0002625 7.53820929838117e-06
4335 0 0.0002625 1.507641859676234e-05
4336 0 0.000275 2.525300114957692e-05
4337 0 0.0002625 2.525300114957692e-05
4338 0 0.0002625 3.54295837023915e-05
4339 0 0.000275 4.916797014869118e-05
4340 0 0.0002625 4.916797014869118e-05
4341 0 0.0002625 6.290635659499086e-05
4342 0 0.000275 8.145317829749544e-05
4343 0 0.0002625 8.145317829749544e-05
4344 0 0.0002625 0.0001
4345 0 0.000275 0.0001185468217025046
4346 0 0.0002625 0.0001185468217025046
4347 0 0.0002625 0.0001370936434050091
4348 0 0.000275 0.0001508320298513088
4349 0 0.0002625 0.0001508320298513088
4350 0 0.0002625 0.0001645704162976085
4351 0 0.000275 0.0001747469988504231
4352 0 0.0002625 0.0001747469988504231
4353 0 0.0002625 0.0001849235814032377
4354 0 0.000275 0.0001924617907016188
4355 0 0.0002625 0.0001924617907016188
4356 0 0.0002625 0.0002
4357 0 0.000275 0.0002008657460164807
4358 0 0.0002625 0.0002008657460164807
4359 0 0.0002625 0.0002017314920329615
4360 0 0.000275 0.0002029002491552105
4361 0 0.0002625 0.0002029002491552105
4362 0 0.0002625 0.0002040690062774595
4363 0 0.000275 0.0002056468283924956
4364 0 0.0002625 0.0002056468283924956
4365 0 0.0002625 0.0002072246505075317
4366 0 0.000275 0.0002093547103628305
4367 0 0.0002625 0.0002093547103628305
4368 0 0.0002625 0.0002114847702181292
4369 0 0.000275 0.0002143603510227826
4370 0 0.0002625 0.0002143603510227826
4371 0 0.0002625 0.000217235931827436
4372 0 0.000275 0.000221117965913718
4373 0 0.0002625 0.000221117965913718
4374 0 0.0002625 0.000225
4375 0 0.000275 0.000228882034086282
4376 0 0.0002625 0.000228882034086282
4377 0 0.0002625 0.0002327640681725641
4378 0 0.000275 0.0002356396489772174
4379 0 0.0002625 0.0002356396489772174
4380 0 0.0002625 0.0002385152297818707
4381 0 0.000275 0.0002406452896371695
4382 0 0.0002625 0.0002406452896371695
4383 0 0.0002625 0.0002427753494924683
4384 0 0.000275 0.0002443531716075045
4385 0 0.0002625 0.0002443531716075045
4386 0 0.0002625 0.0002459309937225406
4387 0 0.000275 0.0002470997508447895
4388 0 0.0002625 0.0002470997508447895
4389 0 0.0002625 0.0002482685079670386
4390 0 0.000275 0.0002491342539835193
4391 0 0.0002625 0.0002491342539835193
4392 0 0.0002625 0.00025
4393 0 0.0002875 -5e-05
4394 0 0.0003 -4.913425398351927e-05
4395 0 0.0002875 -4.913425398351927e-05
4396 0 0.0002875 -4.826850796703854e-05
4397 0 0.0003 -4.709975084478956e-05
4398 0 0.0002875 -4.709975084478956e-05
4399 0 0.0002875 -4.593099372254057e-05
4400 0 0.0003 -4.435317160750444e-05
4401 0 0.0002875 -4.435317160750444e-05
4402 0 0.0002875 -4.277534949246831e-05
4403 0 0.0003 -4.064528963716953e-05
4404 0 0.0002875 -4.064528963716953e-05
4405 0 0.0002875 -3.851522978187075e-05
4406 0 0.0003 -3.56396489772174e-05
4407 0 0.0002875 -3.56396489772174e-05
4408 0 0.0002875 -3.276406817256406e-05
4409 0 0.0003 -2.888203408628203e-05
4410 0 0.0002875 -2.888203408628203e-05
4411 0 0.0002875 -2.5e-05
4412 0 0.0003 -2.111796591371798e-05
4413 0 0.0002875 -2.111796591371798e-05
4414 0 0.0002875 -1.723593182743596e-05
4415 0 0.0003 -1.436035102278261e-05
4416 0 0.0002875 -1.436035102278261e-05
4417 0 0.0002875 -1.148477021812926e-05
4418 0 0.0003 -9.354710362830477e-06
4419 0 0.0002875 -9.354710362830477e-06
4420 0 0.0002875 -7.224650507531695e-06
4421 0 0.0003 -5.646828392495564e-06
4422 0 0.0002875 -5.646828392495564e-06
4423 0 0.0002875 -4.069006277459433e-06
4424 0 0.0003 -2.900249155210446e-06
4425 0 0.0002875 -2.900249155210446e-06
4426 0 0.0002875 -1.73149203296146e-06
4427 0 0.0003 -8.657460164807302e-07
4428 0 0.0002875 -8.657460164807302e-07
4429 0 0.0002875 0
4430 0 0.0003 7.53820929838117e-06
4431 0 0.0002875 7.53820929838117e-06
4432 0 0.0002875 1.507641859676234e-05
4433 0 0.0003 2.525300114957692e-05
4434 0 0.0002875 2.525300114957692e-05
4435 0 0.0002875 3.54295837023915e-05
4436 0 0.0003 4.916797014869118e-05
4437 0 0.0002875 4.916797014869118e-05
4438 0 0.0002875 6.290635659499086e-05
4439 0 0.0003 8.145317829749544e-05
4440 0 0.0002875 8.145317829749544e-05
4441 0 0.0002875 0.0001
4442 0 0.0003 0.0001185468217025046
4443 0 0.0002875 0.0001185468217025046
4444 0 0.0002875 0.0001370936434050091
4445 0 0.0003 0.0001508320298513088
4446 0 0.0002875 0.0001508320298513088
4447 0 0.0002875 0.0001645704162976085
4448 0 0.0003 0.0001747469988504231
4449 0 0.0002875 0.0001747469988504231
4450 0 0.0002875 0.0001849235814032377
4451 0 0.0003 0.0001924617907016188
4452 0 0.0002875 0.0001924617907016188
4453 0 0.0002875 0.0002
4454 0 0.0003 0.0002008657460164807
4455 0 0.0002875 0.0002008657460164807
4456 0 0.0002875 0.0002017314920329615
4457 0 0.0003 0.0002029002491552105
4458 0 0.0002875 0.0002029002491552105
4459 0 0.0002875 0.0002040690062774595
4460 0 0.0003 0.0002056468283924956
4461 0 0.0002875 0.0002056468283924956
4462 0 0.0002875 0.0002072246505075317
4463 0 0.0003 0.0002093547103628305
4464 0 0.0002875 0.0002093547103628305
4465 0 0.0002875 0.0002114847702181292
4466 0 0.0003 0.0002143603510227826
4467 0 0.0002875 0.0002143603510227826
4468 0 0.0002875 0.000217235931827436
4469 0 0.0003 0.000221117965913718
4470 0 0.0002875 0.000221117965913718
4471 0 0.0002875 0.000225
4472 0 0.0003 0.000228882034086282
4473 0 0.0002875 0.000228882034086282
4474 0 0.0002875 0.0002327640681725641
4475 0 0.0003 0.0002356396489772174
4476 0 0.0002875 0.0002356396489772174
4477 0 0.0002875 0.0002385152297818707
4478 0 0.0003 0.0002406452896371695
4479 0 0.0002875 0.0002406452896371695
4480 0 0.0002875 0.0002427753494924683
4481 0 0.0003 0.0002443531716075045
4482 0 0.0002875 0.0002443531716075045
4483 0 0.0002875 0.0002459309937225406
4484 0 0.0003 0.0002470997508447895
4485 0 0.0002875 0.0002470997508447895
4486 0 0.0002875 0.0002482685079670386
4487 0 0.0003 0.0002491342539835193
4488 0 0.0002875 0.0002491342539835193
4489 0 0.0002875 0.00025
4490 0 0.0003125 -5e-05
4491 0 0.000325 -4.913425398351927e-05
4492 0 0.0003125 -4.913425398351927e-05
4493 0 0.0003125 -4.826850796703854e-05
4494 0 0.000325 -4.709975084478956e-05
4495 0 0.0003125 -4.709975084478956e-05
4496 0 0.0003125 -4.593099372254057e-05
4497 0 0.000325 -4.435317160750444e-05
4498 0 0.0003125 -4.435317160750444e-05
4499 0 0.0003125 -4.277534949246831e-05
4500 0 0.000325 -4.064528963716953e-05
4501 0 0.0003125 -4.064528963716953e-05
4502 0 0.0003125 -3.851522978187075e-05
4503 0 0.000325 -3.56396489772174e-05
4504 0 0.0003125 -3.56396489772174e-05
4505 0 0.0003125 -3.276406817256406e-05
4506 0 0.000325 -2.888203408628203e-05
4507 0 0.0003125 -2.888203408628203e-05
4508 0 0.0003125 -2.5e-05
4509 0 0.000325 -2.111796591371798e-05
4510 0 0.0003125 -2.111796591371798e-05
4511 0 0.0003125 -1.723593182743596e-05
4512 0 0.000325 -1.436035102278261e-05
4513 0 0.0003125 -1.436035102278261e-05
4514 0 0.0003125 -1.148477021812926e-05
4515 0 0.000325 -9.354710362830477e-06
4516 0 0.0003125 -9.354710362830477e-06
4517 0 0.0003125 -7.224650507531695e-06
4518 0 0.000325 -5.646828392495564e-06
4519 0 0.0003125 -5.646828392495564e-06
4520 0 0.0003125 -4.069006277459433e-06
4521 0 0.000325 -2.900249155210446e-06
4522 0 0.0003125 -2.900249155210446e-06
4523 0 0.0003125 -1.73149203296146e-06
4524 0 0.000325 -8.657460164807302e-07
4525 0 0.0003125 -8.657460164807302e-07
4526 0 0.0003125 0
4527 0 0.000325 7.53820929838117e-06
4528 0 0.0003125 7.53820929838117e-06
4529 0 0.0003125 1.507641859676234e-05
4530 0 0.000325 2.525300114957692e-05
4531 0 0.0003125 2.525300114957692e-05
4532 0 0.0003125 3.54295837023915e-05
4533 0 0.000325 4.916797014869118e-05
4534 0 0.0003125 4.916797014869118e-05
4535 0 0.0003125 6.290635659499086e-05
4536 0 0.000325 8.145317829749544e-05
4537 0 0.0003125 8.145317829749544e-05
4538 0 0.0003125 0.0001
4539 0 0.000325 0.0001185468217025046
4540 0 0.0003125 0.0001185468217025046
4541 0 0.0003125 0.0001370936434050091
4542 0 0.000325 0.0001508320298513088
4543 0 0.0003125 0.0001508320298513088
4544 0 0.0003125 0.0001645704162976085
4545 0 0.000325 0.0001747469988504231
4546 0 0.0003125 0.0001747469988504231
4547 0 0.0003125 0.0001849235814032377
4548 0 0.000325 0.0001924617907016188
4549 0 0.0003125 0.0001924617907016188
4550 0 0.0003125 0.0002
4551 0 0.000325 0.0002008657460164807
4552 0 0.0003125 0.0002008657460164807
4553 0 0.0003125 0.0002017314920329615
4554 0 0.000325 0.0002029002491552105
4555 0 0.0003125 0.0002029002491552105
4556 0 0.0003125 0.0002040690062774595
4557 0 0.000325 0.0002056468283924956
4558 0 0.0003125 0.0002056468283924956
4559 0 0.0003125 0.0002072246505075317
4560 0 0.000325 0.0002093547103628305
4561 0 0.0003125 0.0002093547103628305
4562 0 0.0003125 0.0002114847702181292
4563 0 0.000325 0.0002143603510227826
4564 0 0.0003125 0.0002143603510227826
4565 0 0.0003125 0.000217235931827436
4566 0 0.000325 0.000221117965913718
4567 0 0.0003125 0.000221117965913718
4568 0 0.0003125 0.000225
4569 0 0.000325 0.000228882034086282
4570 0 0.0003125 0.000228882034086282
4571 0 0.0003125 0.0002327640681725641
4572 0 0.000325 0.0002356396489772174
4573 0 0.0003125 0.0002356396489772174
4574 0 0.0003125 0.0002385152297818707
4575 0 0.000325 0.0002406452896371695
4576 0 0.0003125 0.0002406452896371695
4577 0 0.0003125 0.0002427753494924683
4578 0 0.000325 0.0002443531716075045
4579 0 0.0003125 0.0002443531716075045
4580 0 0.0003125 0.0002459309937225406
4581 0 0.000325 0.0002470997508447895
4582 0 0.0003125 0.0002470997508447895
4583 0 0.0003125 0.0002482685079670386
4584 0 0.000325 0.0002491342539835193
4585 0 0.0003125 0.0002491342539835193
4586 0 0.0003125 0.00025
4587 0 0.0003375 -5e-05
4588 0 0.0003500000000000001 -4.913425398351927e-05
4589 0 0.0003375 -4.913425398351927e-05
4590 0 0.0003375 -4.826850796703854e-05
4591 0 0.0003500000000000001 -4.709975084478956e-05
4592 0 0.0003375 -4.709975084478956e-05
4593 0 0.0003375 -4.593099372254057e-05
4594 0 0.0003500000000000001 -4.435317160750444e-05
4595 0 0.0003375 -4.435317160750444e-05
4596 0 0.0003375 -4.277534949246831e-05
4597 0 0.0003500000000000001 -4.064528963716953e-05
4598 0 0.0003375 -4.064528963716953e-05
4599 0 0.0003375 -3.851522978187075e-05
4600 0 0.0003500000000000001 -3.56396489772174e-05
4601 0 0.0003375 -3.56396489772174e-05
4602 0 0.0003375 -3.276406817256406e-05
4603 0 0.0003500000000000001 -2.888203408628203e-05
4604 0 0.0003375 -2.888203408628203e-05
4605 0 0.0003375 -2.5e-05
4606 0 0.0003500000000000001 -2.111796591371798e-05
4607 0 0.0003375 -2.111796591371798e-05
4608 0 0.0003375 -1.723593182743596e-05
4609 0 0.0003500000000000001 -1.436035102278261e-05
4610 0 0.0003375 -1.436035102278261e-05
4611 0 0.0003375 -1.148477021812926e-05
4612 0 0.0003500000000000001 -9.354710362830477e-06
4613 0 0.0003375 -9.354710362830477e-06
4614 0 0.0003375 -7.224650507531695e-06
4615 0 0.0003500000000000001 -5.646828392495564e-06
4616 0 0.0003375 -5.646828392495564e-06
4617 0 0.0003375 -4.069006277459433e-06
4618 0 0.0003500000000000001 -2.900249155210446e-06
4619 0 0.0003375 -2.900249155210446e-06
4620 0 0.0003375 -1.73149203296146e-06
4621 0 0.0003500000000000001 -8.657460164807302e-07
4622 0 0.0003375 -8.657460164807302e-07
4623 0 0.0003375 0
4624 0 0.0003500000000000001 7.53820929838117e-06
4625 0 0.0003375 7.53820929838117e-06
4626 0 0.0003375 1.507641859676234e-05
4627 0 0.0003500000000000001 2.525300114957692e-05
4628 0 0.0003375 2.525300114957692e-05
4629 0 0.0003375 3.54295837023915e-05
4630 0 0.0003500000000000001 4.916797014869118e-05
4631 0 0.0003375 4.916797014869118e-05
4632 0 0.0003375 6.290635659499086e-05
4633 0 0.0003500000000000001 8.145317829749544e-05
4634 0 0.0003375 8.145317829749544e-05
4635 0 0.0003375 0.0001
4636 0 0.0003500000000000001 0.0001185468217025046
4637 0 0.0003375 0.0001185468217025046
4638 0 0.0003375 0.0001370936434050091
4639 0 0.0003500000000000001 0.0001508320298513088
4640 0 0.0003375 0.0001508320298513088
4641 0 0.0003375 0.0001645704162976085
4642 0 0.0003500000000000001 0.0001747469988504231
4643 0 0.0003375 0.0001747469988504231
4644 0 0.0003375 0.0001849235814032377
4645 0 0.0003500000000000001 0.0001924617907016188
4646 0 0.0003375 0.0001924617907016188
4647 0 0.0003375 0.0002
4648 0 0.0003500000000000001 0.0002008657460164807
4649 0 0.0003375 0.0002008657460164807
4650 0 0.0003375 0.0002017314920329615
4651 0 0.0003500000000000001 0.0002029002491552105
4652 0 0.0003375 0.0002029002491552105
4653 0 0.0003375 0.0002040690062774595
4654 0 0.0003500000000000001 0.0002056468283924956
4655 0 0.0003375 0.0002056468283924956
4656 0 0.0003375 0.0002072246505075317
4657 0 0.0003500000000000001 0.0002093547103628305
4658 0 0.0003375 0.0002093547103628305
4659 0 0.0003375 0.0002114847702181292
4660 0 0.0003500000000000001 0.0002143603510227826
4661 0 0.0003375 0.0002143603510227826
4662 0 0.0003375 0.000217235931827436
4663 0 0.0003500000000000001 0.000221117965913718
4664 0 0.0003375 0.000221117965913718
4665 0 0.0003375 0.000225
4666 0 0.0003500000000000001 0.000228882034086282
4667 0 0.0003375 0.000228882034086282
4668 0 0.0003375 0.0002327640681725641
4669 0 0.0003500000000000001 0.0002356396489772174
4670 0 0.0003375 0.0002356396489772174
4671 0 0.0003375 0.0002385152297818707
4672 0 0.0003500000000000001 0.0002406452896371695
4673 0 0.0003375 0.0002406452896371695
4674 0 0.0003375 0.0002427753494924683
4675 0 0.0003500000000000001 0.0002443531716075045
4676 0 0.0003375 0.0002443531716075045
4677 0 0.0003375 0.0002459309937225406
4678 0 0.0003500000000000001 0.0002470997508447895
4679 0 0.0003375 0.0002470997508447895
4680 0 0.0003375 0.0002482685079670386
4681 0 0.0003500000000000001 0.0002491342539835193
4682 0 0.0003375 0.0002491342539835193
4683 0 0.0003375 0.00025
4684 0 0.0003625000000000001 -5e-05
4685 0 0.0003750000000000001 -4.913425398351927e-05
4686 0 0.0003625000000000001 -4.913425398351927e-05
4687 0 0.0003625000000000001 -4.826850796703854e-05
4688 0 0.0003750000000000001 -4.709975084478956e-05
4689 0 0.0003625000000000001 -4.709975084478956e-05
4690 0 0.0003625000000000001 -4.593099372254057e-05
4691 0 0.0003750000000000001 -4.435317160750444e-05
4692 0 0.0003625000000000001 -4.435317160750444e-05
4693 0 0.0003625000000000001 -4.277534949246831e-05
4694 0 0.0003750000000000001 -4.064528963716953e-05
4695 0 0.0003625000000000001 -4.064528963716953e-05
4696 0 0.0003625000000000001 -3.851522978187075e-05
4697 0 0.0003750000000000001 -3.56396489772174e-05
4698 0 0.0003625000000000001 -3.56396489772174e-05
4699 0 0.0003625000000000001 -3.276406817256406e-05
4700 0 0.0003750000000000001 -2.888203408628203e-05
4701 0 0.0003625000000000001 -2.888203408628203e-05
4702 0 0.0003625000000000001 -2.5e-05
4703 0 0.0003750000000000001 -2.111796591371798e-05
4704 0 0.0003625000000000001 -2.111796591371798e-05
4705 0 0.0003625000000000001 -1.723593182743596e-05
4706 0 0.0003750000000000001 -1.436035102278261e-05
4707 0 0.0003625000000000001 -1.436035102278261e-05
4708 0 0.0003625000000000001 -1.148477021812926e-05
4709 0 0.0003750000000000001 -9.354710362830477e-06
4710 0 0.0003625000000000001 -9.354710362830477e-06
4711 0 0.0003625000000000001 -7.224650507531695e-06
4712 0 0.0003750000000000001 -5.646828392495564e-06
4713 0 0.0003625000000000001 -5.646828392495564e-06
4714 0 0.0003625000000000001 -4.069006277459433e-06
4715 0 0.0003750000000000001 -2.900249155210446e-06
4716 0 0.0003625000000000001 -2.900249155210446e-06
4717 0 0.0003625000000000001 -1.73149203296146e-06
4718 0 0.0003750000000000001 -8.657460164807302e-07
4719 0 0.0003625000000000001 -8.657460164807302e-07
4720 0 0.0003625000000000001 0
4721 0 0.0003750000000000001 7.53820929838117e-06
4722 0 0.0003625000000000001 7.53820929838117e-06
4723 0 0.0003625000000000001 1.507641859676234e-05
4724 0 0.0003750000000000001 2.525300114957692e-05
4725 0 0.0003625000000000001 2.525300114957692e-05
4726 0 0.0003625000000000001 3.54295837023915e-05
4727 0 0.0003750000000000001 4.916797014869118e-05
4728 0 0.0003625000000000001 4.916797014869118e-05
4729 0 0.0003625000000000001 6.290635659499086e-05
4730 0 0.0003750000000000001 8.145317829749544e-05
4731 0 0.0003625000000000001 8.145317829749544e-05
4732 0 0.0003625000000000001 0.0001
4733 0 0.0003750000000000001 0.0001185468217025046
4734 0 0.0003625000000000001 0.0001185468217025046
4735 0 0.0003625000000000001 0.0001370936434050091
4736 0 0.0003750000000000001 0.0001508320298513088
4737 0 0.0003625000000000001 0.0001508320298513088
4738 0 0.0003625000000000001 0.0001645704162976085
4739 0 0.0003750000000000001 0.0001747469988504231
4740 0 0.0003625000000000001 0.0001747469988504231
4741 0 0.0003625000000000001 0.0001849235814032377
4742 0 0.0003750000000000001 0.0001924617907016188
4743 0 0.0003625000000000001 0.0001924617907016188
4744 0 0.0003625000000000001 0.0002
4745 0 0.0003750000000000001 0.0002008657460164807
4746 0 0.0003625000000000001 0.0002008657460164807
4747 0 0.0003625000000000001 0.0002017314920329615
4748 0 0.0003750000000000001 0.0002029002491552105
4749 0 0.0003625000000000001 0.0002029002491552105
4750 0 0.0003625000000000001 0.0002040690062774595
4751 0 0.0003750000000000001 0.0002056468283924956
4752 0 0.0003625000000000001 0.0002056468283924956
4753 0 0.0003625000000000001 0.0002072246505075317
4754 0 0.0003750000000000001 0.0002093547103628305
4755 0 0.0003625000000000001 0.0002093547103628305
4756 0 0.0003625000000000001 0.0002114847702181292
4757 0 0.0003750000000000001 0.0002143603510227826
4758 0 0.0003625000000000001 0.0002143603510227826
4759 0 0.0003625000000000001 0.000217235931827436
4760 0 0.0003750000000000001 0.000221117965913718
4761 0 0.0003625000000000001 0.000221117965913718
4762 0 0.0003625000000000001 0.000225
4763 0 0.0003750000000000001 0.000228882034086282
4764 0 0.0003625000000000001 0.000228882034086282
4765 0 0.0003625000000000001 0.0002327640681725641
4766 0 0.0003750000000000001 0.0002356396489772174
4767 0 0.0003625000000000001 0.0002356396489772174
4768 0 0.0003625000000000001 0.0002385152297818707
4769 0 0.0003750000000000001 0.0002406452896371695
4770 0 0.0003625000000000001 0.0002406452896371695
4771 0 0.0003625000000000001 0.0002427753494924683
4772 0 0.0003750000000000001 0.0002443531716075045
4773 0 0.0003625000000000001 0.0002443531716075045
4774 0 0.0003625000000000001 0.0002459309937225406
4775 0 0.0003750000000000001 0.0002470997508447895
4776 0 0.0003625000000000001 0.0002470997508447895
4777 0 0.0003625000000000001 0.0002482685079670386
4778 0 0.0003750000000000001 0.0002491342539835193
4779 0 0.0003625000000000001 0.0002491342539835193
4780 0 0.0003625000000000001 0.00025
4781 0 0.0003875000000000001 -5e-05
4782 0 0.0004000000000000001 -4.913425398351927e-05
4783 0 0.0003875000000000001 -4.913425398351927e-05
4784 0 0.0003875000000000001 -4.826850796703854e-05
4785 0 0.0004000000000000001 -4.709975084478956e-05
4786 0 0.0003875000000000001 -4.709975084478956e-05
4787 0 0.0003875000000000001 -4.593099372254057e-05
4788 0 0.0004000000000000001 -4.435317160750444e-05
4789 0 0.0003875000000000001 -4.435317160750444e-05
4790 0 0.0003875000000000001 -4.277534949246831e-05
4791 0 0.0004000000000000001 -4.064528963716953e-05
4792 0 0.0003875000000000001 -4.064528963716953e-05
4793 0 0.0003875000000000001 -3.851522978187075e-05
4794 0 0.0004000000000000001 -3.56396489772174e-05
4795 0 0.0003875000000000001 -3.56396489772174e-05
4796 0 0.0003875000000000001 -3.276406817256406e-05
4797 0 0.0004000000000000001 -2.888203408628203e-05
4798 0 0.0003875000000000001 -2.888203408628203e-05
4799 0 0.0003875000000000001 -2.5e-05
4800 0 0.0004000000000000001 -2.111796591371798e-05
4801 0 0.0003875000000000001 -2.111796591371798e-05
4802 0 0.0003875000000000001 -1.723593182743596e-05
4803 0 0.0004000000000000001 -1.436035102278261e-05
4804 0 0.0003875000000000001 -1.436035102278261e-05
4805 0 0.0003875000000000001 -1.148477021812926e-05
4806 0 0.0004000000000000001 -9.354710362830477e-06
4807 0 0.0003875000000000001 -9.354710362830477e-06
4808 0 0.0003875000000000001 -7.224650507531695e-06
4809 0 0.0004000000000000001 -5.646828392495564e-06
4810 0 0.0003875000000000001 -5.646828392495564e-06
4811 0 0.0003875000000000001 -4.069006277459433e-06
4812 0 0.0004000000000000001 -2.900249155210446e-06
4813 0 0.0003875000000000001 -2.900249155210446e-06
4814 0 0.0003875000000000001 -1.73149203296146e-06
4815 0 0.0004000000000000001 -8.657460164807302e-07
4816 0 0.0003875000000000001 -8.657460164807302e-07
4817 0 0.0003875000000000001 0
4818 0 0.0004000000000000001 7.53820929838117e-06
4819 0 0.0003875000000000001 7.53820929838117e-06
4820 0 0.0003875000000000001 1.507641859676234e-05
4821 0 0.0004000000000000001 2.525300114957692e-05
4822 0 0.0003875000000000001 2.525300114957692e-05
4823 0 0.0003875000000000001 3.54295837023915e-05
4824 0 0.0004000000000000001 4.916797014869118e-05
4825 0 0.0003875000000000001 4.916797014869118e-05
4826 0 0.0003875000000000001 6.290635659499086e-05
4827 0 0.0004000000000000001 8.145317829749544e-05
4828 0 0.0003875000000000001 8.145317829749544e-05
4829 0 0.0003875000000000001 0.0001
4830 0 0.0004000000000000001 0.0001185468217025046
4831 0 0.0003875000000000001 0.0001185468217025046
4832 0 0.0003875000000000001 0.0001370936434050091
4833 0 0.0004000000000000001 0.0001508320298513088
4834 0 0.0003875000000000001 0.0001508320298513088
4835 0 0.0003875000000000001 0.0001645704162976085
4836 0 0.0004000000000000001 0.0001747469988504231
4837 0 0.0003875000000000001 0.0001747469988504231
4838 0 0.0003875000000000001 0.0001849235814032377
4839 0 0.0004000000000000001 0.0001924617907016188
4840 0 0.0003875000000000001 0.0001924617907016188
4841 0 0.0003875000000000001 0.0002
4842 0 0.0004000000000000001 0.0002008657460164807
4843 0 0.0003875000000000001 0.0002008657460164807
4844 0 0.0003875000000000001 0.0002017314920329615
4845 0 0.0004000000000000001 0.0002029002491552105
4846 0 0.0003875000000000001 0.0002029002491552105
4847 0 0.0003875000000000001 0.0002040690062774595
4848 0 0.0004000000000000001 0.0002056468283924956
4849 0 0.0003875000000000001 0.0002056468283924956
4850 0 0.0003875000000000001 0.0002072246505075317
4851 0 0.0004000000000000001 0.0002093547103628305
4852 0 0.0003875000000000001 0.0002093547103628305
4853 0 0.0003875000000000001 0.0002114847702181292
4854 0 0.0004000000000000001 0.0002143603510227826
4855 0 0.0003875000000000001 0.0002143603510227826
4856 0 0.0003875000000000001 0.000217235931827436
4857 0 0.0004000000000000001 0.000221117965913718
4858 0 0.0003875000000000001 0.000221117965913718
4859 0 0.0003875000000000001 0.000225
4860 0 0.0004000000000000001 0.000228882034086282
4861 0 0.0003875000000000001 0.000228882034086282
4862 0 0.0003875000000000001 0.0002327640681725641
4863 0 0.0004000000000000001 0.0002356396489772174
4864 0 0.0003875000000000001 0.0002356396489772174
4865 0 0.0003875000000000001 0.0002385152297818707
4866 0 0.0004000000000000001 0.0002406452896371695
4867 0 0.0003875000000000001 0.0002406452896371695
4868 0 0.0003875000000000001 0.0002427753494924683
4869 0 0.0004000000000000001 0.0002443531716075045
4870 0 0.0003875000000000001 0.0002443531716075045
4871 0 0.0003875000000000001 0.0002459309937225406
4872 0 0.0004000000000000001 0.0002470997508447895
4873 0 0.0003875000000000001 0.0002470997508447895
4874 0 0.0003875000000000001 0.0002482685079670386
4875 0 0.0004000000000000001 0.0002491342539835193
4876 0 0.0003875000000000001 0.0002491342539835193
4877 0 0.0003875000000000001 0.00025
4878 0 0.0004125 -5e-05
4879 0 0.0004249999999999999 -4.913425398351927e-05
4880 0 0.0004125 -4.913425398351927e-05
4881 0 0.0004125 -4.826850796703854e-05
4882 0 0.0004249999999999999 -4.709975084478956e-05
4883 0 0.0004125 -4.709975084478956e-05
4884 0 0.0004125 -4.593099372254057e-05
4885 0 0.0004249999999999999 -4.435317160750444e-05
4886 0 0.0004125 -4.435317160750444e-05
4887 0 0.0004125 -4.277534949246831e-05
4888 0 0.0004249999999999999 -4.064528963716953e-05
4889 0 0.0004125 -4.064528963716953e-05
4890 0 0.0004125 -3.851522978187075e-05
4891 0 0.0004249999999999999 -3.56396489772174e-05
4892 0 0.0004125 -3.56396489772174e-05
4893 0 0.0004125 -3.276406817256406e-05
4894 0 0.0004249999999999999 -2.888203408628203e-05
4895 0 0.0004125 -2.888203408628203e-05
4896 0 0.0004125 -2.5e-05
4897 0 0.0004249999999999999 -2.111796591371798e-05
4898 0 0.0004125 -2.111796591371798e-05
4899 0 0.0004125 -1.723593182743596e-05
4900 0 0.0004249999999999999 -1.436035102278261e-05
4901 0 0.0004125 -1.436035102278261e-05
4902 0 0.0004125 -1.148477021812926e-05
4903 0 0.0004249999999999999 -9.354710362830477e-06
4904 0 0.0004125 -9.354710362830477e-06
4905 0 0.0004125 -7.224650507531695e-06
4906 0 0.0004249999999999999 -5.646828392495564e-06
4907 0 0.0004125 -5.646828392495564e-06
4908 0 0.0004125 -4.069006277459433e-06
4909 0 0.0004249999999999999 -2.900249155210446e-06
4910 0 0.0004125 -2.900249155210446e-06
4911 0 0.0004125 -1.73149203296146e-06
4912 0 0.0004249999999999999 -8.657460164807302e-07
4913 0 0.0004125 -8.657460164807302e-07
4914 0 0.0004125 0
4915 0 0.0004249999999999999 7.53820929838117e-06
4916 0 0.0004125 7.53820929838117e-06
4917 0 0.0004125 1.507641859676234e-05
4918 0 0.0004249999999999999 2.525300114957692e-05
4919 0 0.0004125 2.525300114957692e-05
4920 0 0.0004125 3.54295837023915e-05
4921 0 0.0004249999999999999 4.916797014869118e-05
4922 0 0.0004125 4.916797014869118e-05
4923 0 0.0004125 6.290635659499086e-05
4924 0 0.0004249999999999999 8.145317829749544e-05
4925 0 0.0004125 8.145317829749544e-05
4926 0 0.0004125 0.0001
4927 0 0.0004249999999999999 0.0001185468217025046
4928 0 0.0004125 0.0001185468217025046
4929 0 0.0004125 0.0001370936434050091
4930 0 0.0004249999999999999 0.0001508320298513088
4931 0 0.0004125 0.0001508320298513088
4932 0 0.0004125 0.0001645704162976085
4933 0 0.0004249999999999999 0.0001747469988504231
4934 0 0.0004125 0.0001747469988504231
4935 0 0.0004125 0.0001849235814032377
4936 0 0.0004249999999999999 0.0001924617907016188
4937 0 0.0004125 0.0001924617907016188
4938 0 0.0004125 0.0002
4939 0 0.0004249999999999999 0.0002008657460164807
4940 0 0.0004125 0.0002008657460164807
4941 0 0.0004125 0.0002017314920329615
4942 0 0.0004249999999999999 0.0002029002491552105
4943 0 0.0004125 0.0002029002491552105
4944 0 0.0004125 0.0002040690062774595
4945 0 0.0004249999999999999 0.0002056468283924956
4946 0 0.0004125 0.0002056468283924956
4947 0 0.0004125 0.0002072246505075317
4948 0 0.0004249999999999999 0.0002093547103628305
4949 0 0.0004125 0.0002093547103628305
4950 0 0.0004125 0.0002114847702181292
4951 0 0.0004249999999999999 0.0002143603510227826
4952 0 0.0004125 0.0002143603510227826
4953 0 0.0004125 0.000217235931827436
4954 0 0.0004249999999999999 0.000221117965913718
4955 0 0.0004125 0.000221117965913718
4956 0 0.0004125 0.000225
4957 0 0.0004249999999999999 0.000228882034086282
4958 0 0.0004125 0.000228882034086282
4959 0 0.0004125 0.0002327640681725641
4960 0 0.0004249999999999999 0.0002356396489772174
4961 0 0.0004125 0.0002356396489772174
4962 0 0.0004125 0.0002385152297818707
4963 0 0.0004249999999999999 0.0002406452896371695
4964 0 0.0004125 0.0002406452896371695
4965 0 0.0004125 0.0002427753494924683
4966 0 0.0004249999999999999 0.0002443531716075045
4967 0 0.0004125 0.0002443531716075045
4968 0 0.0004125 0.0002459309937225406
4969 0 0.0004249999999999999 0.0002470997508447895
4970 0 0.0004125 0.0002470997508447895
4971 0 0.0004125 0.0002482685079670386
4972 0 0.0004249999999999999 0.0002491342539835193
4973 0 0.0004125 0.0002491342539835193
4974 0 0.0004125 0.00025
4975 0 0.0004375 -5e-05
4976 0 0.00045 -4.913425398351927e-05
4977 0 0.0004375 -4.913425398351927e-05
4978 0 0.0004375 -4.826850796703854e-05
4979 0 0.00045 -4.709975084478956e-05
4980 0 0.0004375 -4.709975084478956e-05
4981 0 0.0004375 -4.593099372254057e-05
4982 0 0.00045 -4.435317160750444e-05
4983 0 0.0004375 -4.435317160750444e-05
4984 0 0.0004375 -4.277534949246831e-05
4985 0 0.00045 -4.064528963716953e-05
4986 0 0.0004375 -4.064528963716953e-05
4987 0 0.0004375 -3.851522978187075e-05
4988 0 0.00045 -3.56396489772174e-05
4989 0 0.0004375 -3.56396489772174e-05
4990 0 0.0004375 -3.276406817256406e-05
4991 0 0.00045 -2.888203408628203e-05
4992 0 0.0004375 -2.888203408628203e-05
4993 0 0.0004375 -2.5e-05
4994 0 0.00045 -2.111796591371798e-05
4995 0 0.0004375 -2.111796591371798e-05
4996 0 0.0004375 -1.723593182743596e-05
4997 0 0.00045 -1.436035102278261e-05
4998 0 0.0004375 -1.436035102278261e-05
4999 0 0.0004375 -1.148477021812926e-05
5000 0 0.00045 -9.354710362830477e-06
5001 0 0.0004375 -9.354710362830477e-06
5002 0 0.0004375 -7.224650507531695e-06
5003 0 0.00045 -5.646828392495564e-06
5004 0 0.0004375 -5.646828392495564e-06
5005 0 0.0004375 -4.069006277459433e-06
5006 0 0.00045 -2.900249155210446e-06
5007 0 0.0004375 -2.900249155210446e-06
5008 0 0.0004375 -1.73149203296146e-06
5009 0 0.00045 -8.657460164807302e-07
5010 0 0.0004375 -8.657460164807302e-07
5011 0 0.0004375 0
5012 0 0.00045 7.53820929838117e-06
5013 0 0.0004375 7.53820929838117e-06
5014 0 0.0004375 1.507641859676234e-05
5015 0 0.00045 2.525300114957692e-05
5016 0 0.0004375 2.525300114957692e-05
5017 0 0.0004375 3.54295837023915e-05
5018 0 0.00045 4.916797014869118e-05
5019 0 0.0004375 4.916797014869118e-05
5020 0 0.0004375 6.290635659499086e-05
5021 0 0.00045 8.145317829749544e-05
5022 0 0.0004375 8.145317829749544e-05
5023 0 0.0004375 0.0001
5024 0 0.00045 0.0001185468217025046
5025 0 0.0004375 0.0001185468217025046
5026 0 0.0004375 0.0001370936434050091
5027 0 0.00045 0.0001508320298513088
5028 0 0.0004375 0.0001508320298513088
5029 0 0.0004375 0.0001645704162976085
5030 0 0.00045 0.0001747469988504231
5031 0 0.0004375 0.0001747469988504231
5032 0 0.0004375 0.0001849235814032377
5033 0 0.00045 0.0001924617907016188
5034 0 0.0004375 0.0001924617907016188
5035 0 0.0004375 0.0002
5036 0 0.00045 0.0002008657460164807
5037 0 0.0004375 0.0002008657460164807
5038 0 0.0004375 0.0002017314920329615
5039 0 0.00045 0.0002029002491552105
5040 0 0.0004375 0.0002029002491552105
5041 0 0.0004375 0.0002040690062774595
5042 0 0.00045 0.0002056468283924956
5043 0 0.0004375 0.0002056468283924956
5044 0 0.0004375 0.0002072246505075317
5045 0 0.00045 0.0002093547103628305
5046 0 0.0004375 0.0002093547103628305
5047 0 0.0004375 0.0002114847702181292
5048 0 0.00045 0.0002143603510227826
5049 0 0.0004375 0.0002143603510227826
5050 0 0.0004375 0.000217235931827436
5051 0 0.00045 0.000221117965913718
5052 0 0.0004375 0.000221117965913718
5053 0 0.0004375 0.000225
5054 0 0.00045 0.000228882034086282
5055 0 0.0004375 0.000228882034086282
5056 0 0.0004375 0.0002327640681725641
5057 0 0.00045 0.0002356396489772174
5058 0 0.0004375 0.0002356396489772174
5059 0 0.0004375 0.0002385152297818707
5060 0 0.00045 0.0002406452896371695
5061 0 0.0004375 0.0002406452896371695
5062 0 0.0004375 0.0002427753494924683
5063 0 0.00045 0.0002443531716075045
5064 0 0.0004375 0.0002443531716075045
5065 0 0.0004375 0.0002459309937225406
5066 0 0.00045 0.0002470997508447895
5067 0 0.0004375 0.0002470997508447895
5068 0 0.0004375 0.0002482685079670386
5069 0 0.00045 0.0002491342539835193
5070 0 0.0004375 0.0002491342539835193
5071 0 0.0004375 0.00025
5072 0 0.0004625 -5e-05
5073 0 0.0004749999999999999 -4.913425398351927e-05
5074 0 0.0004625 -4.913425398351927e-05
5075 0 0.0004625 -4.826850796703854e-05
5076 0 0.0004749999999999999 -4.709975084478956e-05
5077 0 0.0004625 -4.709975084478956e-05
5078 0 0.0004625 -4.593099372254057e-05
5079 0 0.0004749999999999999 -4.435317160750444e-05
5080 0 0.0004625 -4.435317160750444e-05
5081 0 0.0004625 -4.277534949246831e-05
5082 0 0.0004749999999999999 -4.064528963716953e-05
5083 0 0.0004625 -4.064528963716953e-05
5084 0 0.0004625 -3.851522978187075e-05
5085 0 0.0004749999999999999 -3.56396489772174e-05
5086 0 0.0004625 -3.56396489772174e-05
5087 0 0.0004625 -3.276406817256406e-05
5088 0 0.0004749999999999999 -2.888203408628203e-05
5089 0 0.0004625 -2.888203408628203e-05
5090 0 0.0004625 -2.5e-05
5091 0 0.0004749999999999999 -2.111796591371798e-05
5092 0 0.0004625 -2.111796591371798e-05
5093 0 0.0004625 -1.723593182743596e-05
5094 0 0.0004749999999999999 -1.436035102278261e-05
5095 0 0.0004625 -1.436035102278261e-05
5096 0 0.0004625 -1.148477021812926e-05
5097 0 0.0004749999999999999 -9.354710362830477e-06
5098 0 0.0004625 -9.354710362830477e-06
5099 0 0.0004625 -7.224650507531695e-06
5100 0 0.0004749999999999999 -5.646828392495564e-06
5101 0 0.0004625 -5.646828392495564e-06
5102 0 0.0004625 -4.069006277459433e-06
5103 0 0.0004749999999999999 -2.900249155210446e-06
5104 0 0.0004625 -2.900249155210446e-06
5105 0 0.0004625 -1.73149203296146e-06
5106 0 0.0004749999999999999 -8.657460164807302e-07
5107 0 0.0004625 -8.657460164807302e-07
5108 0 0.0004625 0
5109 0 0.0004749999999999999 7.53820929838117e-06
5110 0 0.0004625 7.53820929838117e-06
5111 0 0.0004625 1.507641859676234e-05
5112 0 0.0004749999999999999 2.525300114957692e-05
5113 0 0.0004625 2.525300114957692e-05
5114 0 0.0004625 3.54295837023915e-05
5115 0 0.0004749999999999999 4.916797014869118e-05
5116 0 0.0004625 4.916797014869118e-05
5117 0 0.0004625 6.290635659499086e-05
5118 0 0.0004749999999999999 8.145317829749544e-05
5119 0 0.0004625 8.145317829749544e-05
5120 0 0.0004625 0.0001
5121 0 0.0004749999999999999 0.0001185468217025046
5122 0 0.0004625 0.0001185468217025046
5123 0 0.0004625 0.0001370936434050091
5124 0 0.0004749999999999999 0.0001508320298513088
5125 0 0.0004625 0.0001508320298513088
5126 0 0.0004625 0.0001645704162976085
5127 0 0.0004749999999999999 0.0001747469988504231
5128 0 0.0004625 0.0001747469988504231
5129 0 0.0004625 0.0001849235814032377
5130 0 0.0004749999999999999 0.0001924617907016188
5131 0 0.0004625 0.0001924617907016188
5132 0 0.0004625 0.0002
5133 0 0.0004749999999999999 0.0002008657460164807
5134 0 0.0004625 0.0002008657460164807
5135 0 0.0004625 0.0002017314920329615
5136 0 0.0004749999999999999 0.0002029002491552105
5137 0 0.0004625 0.0002029002491552105
5138 0 0.0004625 0.0002040690062774595
5139 0 0.0004749999999999999 0.0002056468283924956
5140 0 0.0004625 0.0002056468283924956
5141 0 0.0004625 0.0002072246505075317
5142 0 0.0004749999999999999 0.0002093547103628305
5143 0 0.0004625 0.0002093547103628305
5144 0 0.0004625 0.0002114847702181292
5145 0 0.0004749999999999999 0.0002143603510227826
5146 0 0.0004625 0.0002143603510227826
5147 0 0.0004625 0.000217235931827436
5148 0 0.0004749999999999999 0.000221117965913718
5149 0 0.0004625 0.000221117965913718
5150 0 0.0004625 0.000225
5151 0 0.0004749999999999999 0.000228882034086282
5152 0 0.0004625 0.000228882034086282
5153 0 0.0004625 0.0002327640681725641
5154 0 0.0004749999999999999 0.0002356396489772174
5155 0 0.0004625 0.0002356396489772174
5156 0 0.0004625 0.0002385152297818707
5157 0 0.0004749999999999999 0.0002406452896371695
5158 0 0.0004625 0.0002406452896371695
5159 0 0.0004625 0.0002427753494924683
5160 0 0.0004749999999999999 0.0002443531716075045
5161 0 0.0004625 0.0002443531716075045
5162 0 0.0004625 0.0002459309937225406
5163 0 0.0004749999999999999 0.0002470997508447895
5164 0 0.0004625 0.0002470997508447895
5165 0 0.0004625 0.0002482685079670386
5166 0 0.0004749999999999999 0.0002491342539835193
5167 0 0.0004625 0.0002491342539835193
5168 0 0.0004625 0.00025
5169 0 0.0004875 -5e-05
5170 0 0.0005 -4.913425398351927e-05
5171 0 0.0004875 -4.913425398351927e-05
5172 0 0.0004875 -4.826850796703854e-05
5173 0 0.0005 -4.709975084478956e-05
5174 0 0.0004875 -4.709975084478956e-05
5175 0 0.0004875 -4.593099372254057e-05
5176 0 0.0005 -4.435317160750444e-05
5177 0 0.0004875 -4.435317160750444e-05
5178 0 0.0004875 -4.277534949246831e-05
5179 0 0.0005 -4.064528963716953e-05
5180 0 0.0004875 -4.064528963716953e-05
5181 0 0.0004875 -3.851522978187075e-05
5182 0 0.0005 -3.56396489772174e-05
5183 0 0.0004875 -3.56396489772174e-05
5184 0 0.0004875 -3.276406817256406e-05
5185 0 0.0005 -2.888203408628203e-05
5186 0 0.0004875 -2.888203408628203e-05
5187 0 0.0004875 -2.5e-05
5188 0 0.0005 -2.111796591371798e-05
5189 0 0.0004875 -2.111796591371798e-05
5190 0 0.0004875 -1.723593182743596e-05
5191 0 0.0005 -1.436035102278261e-05
5192 0 0.0004875 -1.436035102278261e-05
5193 0 0.0004875 -1.148477021812926e-05
5194 0 0.0005 -9.354710362830477e-06
5195 0 0.0004875 -9.354710362830477e-06
5196 0 0.0004875 -7.224650507531695e-06
5197 0 0.0005 -5.646828392495564e-06
5198 0 0.0004875 -5.646828392495564e-06
5199 0 0.0004875 -4.069006277459433e-06
5200 0 0.0005 -2.900249155210446e-06
5201 0 0.0004875 -2.900249155210446e-06
5202 0 0.0004875 -1.73149203296146e-06
5203 0 0.0005 -8.657460164807302e-07
5204 0 0.0004875 -8.657460164807302e-07
5205 0 0.0004875 0
5206 0 0.0005 7.53820929838117e-06
5207 0 0.0004875 7.53820929838117e-06
5208 0 0.0004875 1.507641859676234e-05
5209 0 0.0005 2.525300114957692e-05
5210 0 0.0004875 2.525300114957692e-05
5211 0 0.0004875 3.54295837023915e-05
5212 0 0.0005 4.916797014869118e-05
5213 0 0.0004875 4.916797014869118e-05
5214 0 0.0004875 6.290635659499086e-05
5215 0 0.0005 8.145317829749544e-05
5216 0 0.0004875 8.145317829749544e-05
5217 0 0.0004875 0.0001
5218 0 0.0005 0.0001185468217025046
5219 0 0.0004875 0.0001185468217025046
5220 0 0.0004875 0.0001370936434050091
5221 0 0.0005 0.0001508320298513088
5222 0 0.0004875 0.0001508320298513088
5223 0 0.0004875 0.0001645704162976085
5224 0 0.0005 0.0001747469988504231
5225 0 0.0004875 0.0001747469988504231
5226 0 0.0004875 0.0001849235814032377
5227 0 0.0005 0.0001924617907016188
5228 0 0.0004875 0.0001924617907016188
5229 0 0.0004875 0.0002
5230 0 0.0005 0.0002008657460164807
5231 0 0.0004875 0.0002008657460164807
5232 0 0.0004875 0.0002017314920329615
5233 0 0.0005 0.0002029002491552105
5234 0 0.0004875 0.0002029002491552105
5235 0 0.0004875 0.0002040690062774595
5236 0 0.0005 0.0002056468283924956
5237 0 0.0004875 0.0002056468283924956
5238 0 0.0004875 0.0002072246505075317
5239 0 0.0005 0.0002093547103628305
5240 0 0.0004875 0.0002093547103628305
5241 0 0.0004875 0.0002114847702181292
5242 0 0.0005 0.0002143603510227826
5243 0 0.0004875 0.0002143603510227826
5244 0 0.0004875 0.000217235931827436
5245 0 0.0005 0.000221117965913718
5246 0 0.0004875 0.000221117965913718
5247 0 0.0004875 0.000225
5248 0 0.0005 0.000228882034086282
5249 0 0.0004875 0.000228882034086282
5250 0 0.0004875 0.0002327640681725641
5251 0 0.0005 0.0002356396489772174
5252 0 0.0004875 0.0002356396489772174
5253 0 0.0004875 0.0002385152297818707
5254 0 0.0005 0.0002406452896371695
5255 0 0.0004875 0.0002406452896371695
5256 0 0.0004875 0.0002427753494924683
5257 0 0.0005 0.0002443531716075045
5258 0 0.0004875 0.0002443531716075045
5259 0 0.0004875 0.0002459309937225406
5260 0 0.0005 0.0002470997508447895
5261 0 0.0004875 0.0002470997508447895
5262 0 0.0004875 0.0002482685079670386
5263 0 0.0005 0.0002491342539835193
5264 0 0.0004875 0.0002491342539835193
5265 0 0.0004875 0.00025
$EndNodes
$Elements
2560
1 9 2 10 10 1 34 35 1354 1355 1356
2 9 2 10 10 1 35 2 1356 1357 1358
3 9 2 10 10 2 35 36 1357 1359 1360
4 9 2 10 10 2 36 3 1360 1361 1362
5 9 2 10 10 3 36 37 1361 1363 1364
6 9 2 10 10 3 37 4 1364 1365 1366
7 9 2 10 10 4 37 38 1365 1367 1368
8 9 2 10 10 4 38 5 1368 1369 1370
9 9 2 10 10 5 38 39 1369 1371 1372
10 9 2 10 10 5 39 6 1372 1373 1374
11 9 2 10 10 6 39 40 1373 1375 1376
12 9 2 10 10 6 40 7 1376 1377 1378
13 9 2 10 10 7 40 41 1377 1379 1380
14 9 2 10 10 7 41 8 1380 1381 1382
15 9 2 10 10 8 41 42 1381 1383 1384
16 9 2 10 10 8 42 9 1384 1385 1386
17 9 2 10 10 9 42 43 1385 1387 1388
18 9 2 10 10 9 43 10 1388 1389 1390
19 9 2 10 10 10 43 44 1389 1391 1392
20 9 2 10 10 10 44 11 1392 1393 1394
21 9 2 10 10 11 44 45 1393 1395 1396
22 9 2 10 10 11 45 12 1396 1397 1398
23 9 2 10 10 12 45 46 1397 1399 1400
24 9 2 10 10 12 46 13 1400 1401 1402
25 9 2 1 1 13 46 47 1401 1403 1404
26 9 2 1 1 13 47 14 1404 1405 1406
27 9 2 1 1 14 47 48 1405 1407 1408
28 9 2 1 1 14 48 15 1408 1409 1410
29 9 2 1 1 15 48 49 1409 1411 1412
30 9 2 1 1 15 49 16 1412 1413 1414
31 9 2 1 1 16 49 50 1413 1415 1416
32 9 2 1 1 16 50 17 1416 1417 1418
33 9 2 1 1 17 50 51 1417 1419 1420
34 9 2 1 1 17 51 18 1420 1421 1422
35 9 2 1 1 18 51 52 1421 1423 1424
36 9 2 1 1 18 52 19 1424 1425 1426
37 9 2 1 1 19 52 53 1425 1427 1428
38 9 2 1 1 19 53 20 1428 1429 1430
39 9 2 1 1 20 53 54 1429 1431 1432
40 9 2 1 1 20 54 21 1432 1433 1434
41 9 2 11 11 21 54 55 1433 1435 1436
42 9 2 11 11 21 55 22 1436 1437 1438
43 9 2 11 11 22 55 56 1437 1439 1440
44 9 2 11 11 22 56 23 1440 1441 1442
45 9 2 11 11 23 56 57 1441 1443 1444
46 9 2 11 11 23 57 24 1444 1445 1446
47 9 2 11 11 24 57 58 1445 1447 1448
48 9 2 11 11 24 58 25 1448 1449 1450
49 9 2 11 11 25 58 59 1449 1451 1452
50 9 2 11 11 25 59 26 1452 1453 1454
51 9 2 11 11 26 59 60 1453 1455 1456
52 9 2 11 11 26 60 27 1456 1457 1458
53 9 2 11 11 27 60 61 1457 1459 1460
54 9 2 11 11 27 61 28 1460 1461 1462
55 9 2 11 11 28 61 62 1461 1463 1464
56 9 2 11 11 28 62 29 1464 1465 1466
57 9 2 11 11 29 62 63 1465 1467 1468
58 9 2 11 11 29 63 30 1468 1469 1470
59 9 2 11 11 30 63 64 1469 1471 1472
60 9 2 11 11 30 64 31 1472 1473 1474
61 9 2 11 11 31 64 65 1473 1475 1476
62 9 2 11 11 31 65 32 1476 1477 1478
63 9 2 11 11 32 65 66 1477 1479 1480
64 9 2 11 11 32 66 33 1480 1481 1482
65 9 2 10 10 34 67 68 1483 1484 1485
66 9 2 10 10 34 68 35 1485 1486 1355
67 9 2 10 10 35 68 69 1486 1487 1488
68 9 2 10 10 35 69 36 1488 1489 1359
69 9 2 10 10 36 69 70 1489 1490 1491
70 9 2 10 10 36 70 37 1491 1492 1363
71 9 2 10 10 37 70 71 1492 1493 1494
72 9 2 10 10 37 71 38 1494 1495 1367
73 9 2 10 10 38 71 72 1495 1496 1497
74 9 2 10 10 38 72 39 1497 1498 1371
75 9 2 10 10 39 72 73 1498 1499 1500
76 9 2 10 10 39 73 40 1500 1501 1375
77 9 2 10 10 40 73 74 1501 1502 1503
78 9 2 10 10 40 74 41 1503 1504 1379
79 9 2 10 10 41 74 75 1504 1505 1506
80 9 2 10 10 41 75 42 1506 1507 1383
81 9 2 10 10 42 75 76 1507 1508 1509
82 9 2 10 10 42 76 43 1509 1510 1387
83 9 2 10 10 43 76 77 1510 1511 1512
84 9 2 10 10 43 77 44 1512 1513 1391
85 9 2 10 10 44 77 78 1513 1514 1515
86 9 2 10 10 44 78 45 1515 1516 1395
87 9 2 10 10 45 78 79 1516 1517 1518
88 9 2 10 10 45 79 46 1518 1519 1399
89 9 2 1 1 46 79 80 1519 1520 1521
90 9 2 1 1 46 80 47 1521 1522 1403
91 9 2 1 1 47 80 81 1522 1523 1524
92 9 2 1 1 47 81 48 1524 1525 1407
93 9 2 1 1 48 81 82 1525 1526 1527
94 9 2 1 1 48 82 49 1527 1528 1411
95 9 2 1 1 49 82 83 1528 1529 1530
96 9 2 1 1 49 83 50 1530 1531 1415
97 9 2 1 1 50 83 84 1531 1532 1533
98 9 2 1 1 50 84 51 1533 1534 1419
99 9 2 1 1 51 84 85 1534 1535 1536
100 9 2 1 1 51 85 52 1536 1537 1423
101 9 2 1 1 52 85 86 1537 1538 1539
102 9 2 1 1 52 86 53 1539 1540 1427
103 9 2 1 1 53 86 87 1540 1541 1542
104 9 2 1 1 53 87 54 1542 1543 1431
105 9 2 11 11 54 87 88 1543 1544 1545
106 9 2 11 11 54 88 55 1545 1546 1435
107 9 2 11 11 55 88 89 1546 1547 1548
108 9 2 11 11 55 89 56 1548 1549 1439
109 9 2 11 11 56 89 90 1549 1550 1551
110 9 2 11 11 56 90 57 1551 1552 1443
111 9 2 11 11 57 90 91 1552 1553 1554
112 9 2 11 11 57 91 58 1554 1555 1447
113 9 2 11 11 58 91 92 1555 1556 1557
114 9 2 11 11 58 92 59 1557 1558 1451
115 9 2 11 11 59 92 93 1558 1559 1560
116 9 2 11 11 59 93 60 1560 1561 1455
117 9 2 11 11 60 93 94 1561 1562 1563
118 9 2 11 11 60 94 61 1563 1564 1459
119 9 2 11 11 61 94 95 1564 1565 1566
120 9 2 11 11 61 95 62 1566 1567 1463
121 9 2 11 11 62 95 96 1567 1568 1569
122 9 2 11 11 62 96 63 1569 1570 1467
123 9 2 11 11 63 96 97 1570 1571 1572
124 9 2 11 11 63 97 64 1572 1573 1471
125 9 2 11 11 64 97 98 1573 1574 1575
126 9 2 11 11 64 98 65 1575 1576 1475
127 9 2 11 11 65 98 99 1576 1577 1578
128 9 2 11 11 65 99 66 1578 1579 1479
129 9 2 10 10 67 100 101 1580 1581 1582
130 9 2 10 10 67 101 68 1582 1583 1484
131 9 2 10 10 68 101 102 1583 1584 1585
132 9 2 10 10 68 102 69 1585 1586 1487
133 9 2 10 10 69 102 103 1586 1587 1588
134 9 2 10 10 69 103 70 1588 1589 1490
135 9 2 10 10 70 103 104 1589 1590 1591
136 9 2 10 10 70 104 71 1591 1592 1493
137 9 2 10 10 71 104 105 1592 1593 1594
138 9 2 10 10 71 105 72 1594 1595 1496
139 9 2 10 10 72 105 106 1595 1596 1597
140 9 2 10 10 72 106 73 1597 1598 1499
141 9 2 10 10 73 106 107 1598 1599 1600
142 9 2 10 10 73 107 74 1600 1601 1502
143 9 2 10 10 74 107 108 1601 1602 1603
144 9 2 10 10 74 108 75 1603 1604 1505
145 9 2 10 10 75 108 109 1604 1605 1606
146 9 2 10 10 75 109 76 1606 1607 1508
147 9 2 10 10 76 109 110 1607 1608 1609
148 9 2 10 10 76 110 77 1609 1610 1511
149 9 2 10 10 77 110 111 1610 1611 1612
150 9 2 10 10 77 111 78 1612 1613 1514
151 9 2 10 10 78 111 112 1613 1614 1615
152 9 2 10 10 78 112 79 1615 1616 1517
153 9 2 1 1 79 112 113 1616 1617 1618
154 9 2 1 1 79 113 80 1618 1619 1520
155 9 2 1 1 80 113 114 1619 1620 1621
156 9 2 1 1 80 114 81 1621 1622 1523
157 9 2 1 1 81 114 115 1622 1623 1624
158 9 2 1 1 81 115 82 1624 1625 1526
159 9 2 1 1 82 115 116 1625 1626 1627
160 9 2 1 1 82 116 83 1627 1628 1529
161 9 2 1 1 83 116 117 1628 1629 1630
162 9 2 1 1 83 117 84 1630 1631 1532
163 9 2 1 1 84 117 118 1631 1632 1633
164 9 2 1 1 84 118 85 1633 1634 1535
165 9 2 1 1 85 118 119 1634 1635 1636
166 9 2 1 1 85 119 86 1636 1637 1538
167 9 2 1 1 86 119 120 1637 1638 1639
168 9 2 1 1 86 120 87 1639 1640 1541
169 9 2 11 11 87 120 121 1640 1641 1642
170 9 2 11 11 87 121 88 1642 1643 1544
171 9 2 11 11 88 121 122 1643 1644 1645
172 9 2 11 11 88 122 89 1645 1646 1547
173 9 2 11 11 89 122 123 1646 1647 1648
174 9 2 11 11 89 123 90 1648 1649 1550
175 9 2 11 11 90 123 124 1649 1650 1651
176 9 2 11 11 90 124 91 1651 1652 1553
177 9 2 11 11 91 124 125 1652 1653 1654
178 9 2 11 11 91 125 92 1654 1655 1556
179 9 2 11 11 92 125 126 1655 1656 1657
180 9 2 11 11 92 126 93 1657 1658 1559
181 9 2 11 11 93 126 127 1658 1659 1660
182 9 2 11 11 93 127 94 1660 1661 1562
183 9 2 11 11 94 127 128 1661 1662 1663
184 9 2 11 11 94 128 95 1663 1664 1565
185 9 2 11 11 95 128 129 1664 1665 1666
186 9 2 11 11 95 129 96 1666 1667 1568
187 9 2 11 11 96 129 130 1667 1668 1669
188 9 2 11 11 96 130 97 1669 1670 1571
189 9 2 11 11 97 130 131 1670 1671 1672
190 9 2 11 11 97 131 98 1672 1673 1574
191 9 2 11 11 98 131 132 1673 1674 1675
192 9 2 11 11 98 132 99 1675 1676 1577
193 9 2 10 10 100 133 134 1677 1678 1679
194 9 2 10 10 100 134 101 1679 1680 1581
195 9 2 10 10 101 134 135 1680 1681 1682
196 9 2 10 10 101 135 102 1682 1683 1584
197 9 2 10 10 102 135 136 1683 1684 1685
198 9 2 10 10 102 136 103 1685 1686 1587
199 9 2 10 10 103 136 137 1686 1687 1688
200 9 2 10 10 103 137 104 1688 1689 1590
201 9 2 10 10 104 137 138 1689 1690 1691
202 9 2 10 10 104 138 105 1691 1692 1593
203 9 2 10 10 105 138 139 1692 1693 1694
204 9 2 10 10 105 139 106 1694 1695 1596
205 9 2 10 10 106 139 140 1695 1696 1697
206 9 2 10 10 106 140 107 1697 1698 1599
207 9 2 10 10 107 140 141 1698 1699 1700
208 9 2 10 10 107 141 108 1700 1701 1602
209 9 2 10 10 108 141 142 1701 1702 1703
210 9 2 10 10 108 142 109 1703 1704 1605
211 9 2 10 10 109 142 143 1704 1705 1706
212 9 2 10 10 109 143 110 1706 1707 1608
213 9 2 10 10 110 143 144 1707 1708 1709
214 9 2 10 10 110 144 111 1709 1710 1611
215 9 2 10 10 111 144 145 1710 1711 1712
216 9 2 10 10 111 145 112 1712 1713 1614
217 9 2 1 1 112 145 146 1713 1714 1715
218 9 2 1 1 112 146 113 1715 1716 1617
219 9 2 1 1 113 146 147 1716 1717 1718
220 9 2 1 1 113 147 114 1718 1719 1620
221 9 2 1 1 114 147 148 1719 1720 1721
222 9 2 1 1 114 148 115 1721 1722 1623
223 9 2 1 1 115 148 149 1722 1723 1724
224 9 2 1 1 115 149 116 1724 1725 1626
225 9 2 1 1 116 149 150 1725 1726 1727
226 9 2 1 1 116 150 117 1727 1728 1629
227 9 2 1 1 117 150 151 1728 1729 1730
228 9 2 1 1 117 151 118 1730 1731 1632
229 9 2 1 1 118 151 152 1731 1732 1733
230 9 2 1 1 118 152 119 1733 1734 1635
231 9 2 1 1 119 152 153 1734 1735 1736
232 9 2 1 1 119 153 120 1736 1737 1638
233 9 2 11 11 120 153 154 1737 1738 1739
234 9 2 11 11 120 154 121 1739 1740 1641
235 9 2 11 11 121 154 155 1740 1741 1742
236 9 2 11 11 121 155 122 1742 1743 1644
237 9 2 11 11 122 155 156 1743 1744 1745
238 9 2 11 11 122 156 123 1745 1746 1647
239 9 2 11 11 123 156 157 1746 1747 1748
240 9 2 11 11 123 157 124 1748 1749 1650
241 9 2 11 11 124 157 158 1749 1750 1751
242 9 2 11 11 124 158 125 1751 1752 1653
243 9 2 11 11 125 158 159 1752 1753 1754
244 9 2 11 11 125 159 126 1754 1755 1656
245 9 2 11 11 126 159 160 1755 1756 1757
246 9 2 11 11 126 160 127 1757 1758 1659
247 9 2 11 11 127 160 161 1758 1759 1760
248 9 2 11 11 127 161 128 1760 1761 1662
249 9 2 11 11 128 161 162 1761 1762 1763
250 9 2 11 11 128 162 129 1763 1764 1665
251 9 2 11 11 129 162 163 1764 1765 1766
252 9 2 11 11 129 163 130 1766 1767 1668
253 9 2 11 11 130 163 164 1767 1768 1769
254 9 2 11 11 130 164 131 1769 1770 1671
255 9 2 11 11 131 164 165 1770 1771 1772
256 9 2 11 11 131 165 132 1772 1773 1674
257 9 2 10 10 133 166 167 1774 1775 1776
258 9 2 10 10 133 167 134 1776 1777 1678
259 9 2 10 10 134 167 168 1777 1778 1779
260 9 2 10 10 134 168 135 1779 1780 1681
261 9 2 10 10 135 168 169 1780 1781 1782
262 9 2 10 10 135 169 136 1782 1783 1684
263 9 2 10 10 136 169 170 1783 1784 1785
264 9 2 10 10 136 170 137 1785 1786 1687
265 9 2 10 10 137 170 171 1786 1787 1788
266 9 2 10 10 137 171 138 1788 1789 1690
267 9 2 10 10 138 171 172 1789 1790 1791
268 9 2 10 10 138 172 139 1791 1792 1693
269 9 2 10 10 139 172 173 1792 1793 1794
270 9 2 10 10 139 173 140 1794 1795 1696
271 9 2 10 10 140 173 174 1795 1796 1797
272 9 2 10 10 140 174 141 1797 1798 1699
273 9 2 10 10 141 174 175 1798 1799 1800
274 9 2 10 10 141 175 142 1800 1801 1702
275 9 2 10 10 142 175 176 1801 1802 1803
276 9 2 10 10 142 176 143 1803 1804 1705
277 9 2 10 10 143 176 177 1804 1805 1806
278 9 2 10 10 143 177 144 1806 1807 1708
279 9 2 10 10 144 177 178 1807 1808 1809
280 9 2 10 10 144 178 145 1809 1810 1711
281 9 2 1 1 145 178 179 1810 1811 1812
282 9 2 1 1 145 179 146 1812 1813 1714
283 9 2 1 1 146 179 180 1813 1814 1815
284 9 2 1 1 146 180 147 1815 1816 1717
285 9 2 1 1 147 180 181 1816 1817 1818
286 9 2 1 1 147 181 148 1818 1819 1720
287 9 2 1 1 148 181 182 1819 1820 1821
288 9 2 1 1 148 182 149 1821 1822 1723
289 9 2 1 1 149 182 183 1822 1823 1824
290 9 2 1 1 149 183 150 1824 1825 1726
291 9 2 1 1 150 183 184 1825 1826 1827
292 9 2 1 1 150 184 151 1827 1828 1729
293 9 2 1 1 151 184 185 1828 1829 1830
294 9 2 1 1 151 185 152 1830 1831 1732
295 9 2 1 1 152 185 186 1831 1832 1833
296 9 2 1 1 152 186 153 1833 1834 1735
297 9 2 11 11 153 186 187 1834 1835 1836
298 9 2 11 11 153 187 154 1836 1837 1738
299 9 2 11 11 154 187 188 1837 1838 1839
300 9 2 11 11 154 188 155 1839 1840 1741
301 9 2 11 11 155 188 189 1840 1841 1842
302 9 2 11 11 155 189 156 1842 1843 1744
303 9 2 11 11 156 189 190 1843 1844 1845
304 9 2 11 11 156 190 157 1845 1846 1747
305 9 2 11 11 157 190 191 1846 1847 1848
306 9 2 11 11 157 191 158 1848 1849 1750
307 9 2 11 11 158 191 192 1849 1850 1851
308 9 2 11 11 158 192 159 1851 1852 1753
309 9 2 11 11 159 192 193 1852 1853 1854
310 9 2 11 11 159 193 160 1854 1855 1756
311 9 2 11 11 160 193 194 1855 1856 1857
312 9 2 11 11 160 194 161 1857 1858 1759
313 9 2 11 11 161 194 195 1858 1859 1860
314 9 2 11 11 161 195 162 1860 1861 1762
315 9 2 11 11 162 195 196 1861 1862 1863
316 9 2 11 11 162 196 163 1863 1864 1765
317 9 2 11 11 163 196 197 1864 1865 1866
318 9 2 11 11 163 197 164 1866 1867 1768
319 9 2 11 11 164 197 198 1867 1868 1869
320 9 2 11 11 164 198 165 1869 1870 1771
321 9 2 10 10 166 199 200 1871 1872 1873
322 9 2 10 10 166 200 167 1873 1874 1775
323 9 2 10 10 167 200 201 1874 1875 1876
324 9 2 10 10 167 201 168 1876 1877 1778
325 9 2 10 10 168 201 202 1877 1878 1879
326 9 2 10 10 168 202 169 1879 1880 1781
327 9 2 10 10 169 202 203 1880 1881 1882
328 9 2 10 10 169 203 170 1882 1883 1784
329 9 2 10 10 170 203 204 1883 1884 1885
330 9 2 10 10 170 204 171 1885 1886 1787
331 9 2 10 10 171 204 205 1886 1887 1888
332 9 2 10 10 171 205 172 1888 1889 1790
333 9 2 10 10 172 205 206 1889 1890 1891
334 9 2 10 10 172 206 173 1891 1892 1793
335 9 2 10 10 173 206 207 1892 1893 1894
336 9 2 10 10 173 207 174 1894 1895 1796
337 9 2 10 10 174 207 208 1895 1896 1897
338 9 2 10 10 174 208 175 1897 1898 1799
339 9 2 10 10 175 208 209 1898 1899 1900
340 9 2 10 10 175 209 176 1900 1901 1802
341 9 2 10 10 176 209 210 1901 1902 1903
342 9 2 10 10 176 210 177 1903 1904 1805
343 9 2 10 10 177 210 211 1904 1905 1906
344 9 2 10 10 177 211 178 1906 1907 1808
345 9 2 1 1 178 211 212 1907 1908 1909
346 9 2 1 1 178 212 179 1909 1910 1811
347 9 2 1 1 179 212 213 1910 1911 1912
348 9 2 1 1 179 213 180 1912 1913 1814
349 9 2 1 1 180 213 214 1913 1914 1915
350 9 2 1 1 180 214 181 1915 1916 1817
351 9 2 1 1 181 214 215 1916 1917 1918
352 9 2 1 1 181 215 182 1918 1919 1820
353 9 2 1 1 182 215 216 1919 1920 1921
354 9 2 1 1 182 216 183 1921 1922 1823
355 9 2 1 1 183 216 217 1922 1923 1924
356 9 2 1 1 183 217 184 1924 1925 1826
357 9 2 1 1 184 217 218 1925 1926 1927
358 9 2 1 1 184 218 185 1927 1928 1829
359 9 2 1 1 185 218 219 1928 1929 1930
360 9 2 1 1 185 219 186 1930 1931 1832
361 9 2 11 11 186 219 220 1931 1932 1933
362 9 2 11 11 186 220 187 1933 1934 1835
363 9 2 11 11 187 220 221 1934 1935 1936
364 9 2 11 11 187 221 188 1936 1937 1838
365 9 2 11 11 188 221 222 1937 1938 1939
366 9 2 11 11 188 222 189 1939 1940 1841
367 9 2 11 11 189 222 223 1940 1941 1942
368 9 2 11 11 189 223 190 1942 1943 1844
369 9 2 11 11 190 223 224 1943 1944 1945
370 9 2 11 11 190 224 191 1945 1946 1847
371 9 2 11 11 191 224 225 1946 1947 1948
372 9 2 11 11 191 225 192 1948 1949 1850
373 9 2 11 11 192 225 226 1949 1950 1951
374 9 2 11 11 192 226 193 1951 1952 1853
375 9 2 11 11 193 226 227 1952 1953 1954
376 9 2 11 11 193 227 194 1954 1955 1856
377 9 2 11 11 194 227 228 1955 1956 1957
378 9 2 11 11 194 228 195 1957 1958 1859
379 9 2 11 11 195 228 229 1958 1959 1960
380 9 2 11 11 195 229 196 1960 1961 1862
381 9 2 11 11 196 229 230 1961 1962 1963
382 9 2 11 11 196 230 197 1963 1964 1865
383 9 2 11 11 197 230 231 1964 1965 1966
384 9 2 11 11 197 231 198 1966 1967 1868
385 9 2 10 10 199 232 233 1968 1969 1970
386 9 2 10 10 199 233 200 1970 1971 1872
387 9 2 10 10 200 233 234 1971 1972 1973
388 9 2 10 10 200 234 201 1973 1974 1875
389 9 2 10 10 201 234 235 1974 1975 1976
390 9 2 10 10 201 235 202 1976 1977 1878
391 9 2 10 10 202 235 236 1977 1978 1979
392 9 2 10 10 202 236 203 1979 1980 1881
393 9 2 10 10 203 236 237 1980 1981 1982
394 9 2 10 10 203 237 204 1982 1983 1884
395 9 2 10 10 204 237 238 1983 1984 1985
396 9 2 10 10 204 238 205 1985 1986 1887
397 9 2 10 10 205 238 239 1986 1987 1988
398 9 2 10 10 205 239 206 1988 1989 1890
399 9 2 10 10 206 239 240 1989 1990 1991
400 9 2 10 10 206 240 207 1991 1992 1893
401 9 2 10 10 207 240 241 1992 1993 1994
402 9 2 10 10 207 241 208 1994 1995 1896
403 9 2 10 10 208 241 242 1995 1996 1997
404 9 2 10 10 208 242 209 1997 1998 1899
405 9 2 10 10 209 242 243 1998 1999 2000
406 9 2 10 10 209 243 210 2000 2001 1902
407 9 2 10 10 210 243 244 2001 2002 2003
408 9 2 10 10 210 244 211 2003 2004 1905
409 9 2 1 1 211 244 245 2004 2005 2006
410 9 2 1 1 211 245 212 2006 2007 1908
411 9 2 1 1 212 245 246 2007 2008 2009
412 9 2 1 1 212 246 213 2009 2010 1911
413 9 2 1 1 213 246 247 2010 2011 2012
414 9 2 1 1 213 247 214 2012 2013 1914
415 9 2 1 1 214 247 248 2013 2014 2015
416 9 2 1 1 214 248 215 2015 2016 1917
417 9 2 1 1 215 248 249 2016 2017 2018
418 9 2 1 1 215 249 216 2018 2019 1920
419 9 2 1 1 216 249 250 2019 2020 2021
420 9 2 1 1 216 250 217 2021 2022 1923
421 9 2 1 1 217 250 251 2022 2023 2024
422 9 2 1 1 217 251 218 2024 2025 1926
423 9 2 1 1 218 251 252 2025 2026 2027
424 9 2 1 1 218 252 219 2027 2028 1929
425 9 2 11 11 219 252 253 2028 2029 2030
426 9 2 11 11 219 253 220 2030 2031 1932
427 9 2 11 11 220 253 254 2031 2032 2033
428 9 2 11 11 220 254 221 2033 2034 1935
429 9 2 11 11 221 254 255 2034 2035 2036
430 9 2 11 11 221 255 222 2036 2037 1938
431 9 2 11 11 222 255 256 2037 2038 2039
432 9 2 11 11 222 256 223 2039 2040 1941
433 9 2 11 11 223 256 257 2040 2041 2042
434 9 2 11 11 223 257 224 2042 2043 1944
435 9 2 11 11 224 257 258 2043 2044 2045
436 9 2 11 11 224 258 225 2045 2046 1947
437 9 2 11 11 225 258 259 2046 2047 2048
438 9 2 11 11 225 259 226 2048 2049 1950
439 9 2 11 11 226 259 260 2049 2050 2051
440 9 2 11 11 226 260 227 2051 2052 1953
441 9 2 11 11 227 260 261 2052 2053 2054
442 9 2 11 11 227 261 228 2054 2055 1956
443 9 2 11 11 228 261 262 2055 2056 2057
444 9 2 11 11 228 262 229 2057 2058 1959
445 9 2 11 11 229 262 263 2058 2059 2060
446 9 2 11 11 229 263 230 2060 2061 1962
447 9 2 11 11 230 263 264 2061 2062 2063
448 9 2 11 11 230 264 231 2063 2064 1965
449 9 2 10 10 232 265 266 2065 2066 2067
450 9 2 10 10 232 266 233 2067 2068 1969
451 9 2 10 10 233 266 267 2068 2069 2070
452 9 2 10 10 233 267 234 2070 2071 1972
453 9 2 10 10 234 267 268 2071 2072 2073
454 9 2 10 10 234 268 235 2073 2074 1975
455 9 2 10 10 235 268 269 2074 2075 2076
456 9 2 10 10 235 269 236 2076 2077 1978
457 9 2 10 10 236 269 270 2077 2078 2079
458 9 2 10 10 236 270 237 2079 2080 1981
459 9 2 10 10 237 270 271 2080 2081 2082
460 9 2 10 10 237 271 238 2082 2083 1984
461 9 2 10 10 238 271 272 2083 2084 2085
462 9 2 10 10 238 272 239 2085 2086 1987
463 9 2 10 10 239 272 273 2086 2087 2088
464 9 2 10 10 239 273 240 2088 2089 1990
465 9 2 10 10 240 273 274 2089 2090 2091
466 9 2 10 10 240 274 241 2091 2092 1993
467 9 2 10 10 241 274 275 2092 2093 2094
468 9 2 10 10 241 275 242 2094 2095 1996
469 9 2 10 10 242 275 276 2095 2096 2097
470 9 2 10 10 242 276 243 2097 2098 1999
471 9 2 10 10 243 276 277 2098 2099 2100
472 9 2 10 10 243 277 244 2100 2101 2002
473 9 2 1 1 244 277 278 2101 2102 2103
474 9 2 1 1 244 278 245 2103 2104 2005
475 9 2 1 1 245 278 279 2104 2105 2106
476 9 2 1 1 245 279 246 2106 2107 2008
477 9 2 1 1 246 279 280 2107 2108 2109
478 9 2 1 1 246 280 247 2109 2110 2011
479 9 2 1 1 247 280 281 2110 2111 2112
480 9 2 1 1 247 281 248 2112 2113 2014
481 9 2 1 1 248 281 282 2113 2114 2115
482 9 2 1 1 248 282 249 2115 2116 2017
483 9 2 1 1 249 282 283 2116 2117 2118
484 9 2 1 1 249 283 250 2118 2119 2020
485 9 2 1 1 250 283 284 2119 2120 2121
486 9 2 1 1 250 284 251 2121 2122 2023
487 9 2 1 1 251 284 285 2122 2123 2124
488 9 2 1 1 251 285 252 2124 2125 2026
489 9 2 11 11 252 285 286 2125 2126 2127
490 9 2 11 11 252 286 253 2127 2128 2029
491 9 2 11 11 253 286 287 2128 2129 2130
492 9 2 11 11 253 287 254 2130 2131 2032
493 9 2 11 11 254 287 288 2131 2132 2133
494 9 2 11 11 254 288 255 2133 2134 2035
495 9 2 11 11 255 288 289 2134 2135 2136
496 9 2 11 11 255 289 256 2136 2137 2038
497 9 2 11 11 256 289 290 2137 2138 2139
498 9 2 11 11 256 290 257 2139 2140 2041
499 9 2 11 11 257 290 291 2140 2141 2142
500 9 2 11 11 257 291 258 2142 2143 2044
501 9 2 11 11 258 291 292 2143 2144 2145
502 9 2 11 11 258 292 259 2145 2146 2047
503 9 2 11 11 259 292 293 2146 2147 2148
504 9 2 11 11 259 293 260 2148 2149 2050
505 9 2 11 11 260 293 294 2149 2150 2151
506 9 2 11 11 260 294 261 2151 2152 2053
507 9 2 11 11 261 294 295 2152 2153 2154
508 9 2 11 11 261 295 262 2154 2155 2056
509 9 2 11 11 262 295 296 2155 2156 2157
510 9 2 11 11 262 296 263 2157 2158 2059
511 9 2 11 11 263 296 297 2158 2159 2160
512 9 2 11 11 263 297 264 2160 2161 2062
513 9 2 10 10 265 298 299 2162 2163 2164
514 9 2 10 10 265 299 266 2164 2165 2066
515 9 2 10 10 266 299 300 2165 2166 2167
516 9 2 10 10 266 300 267 2167 2168 2069
517 9 2 10 10 267 300 301 2168 2169 2170
518 9 2 10 10 267 301 268 2170 2171 2072
519 9 2 10 10 268 301 302 2171 2172 2173
520 9 2 10 10 268 302 269 2173 2174 2075
521 9 2 10 10 269 302 303 2174 2175 2176
522 9 2 10 10 269 303 270 2176 2177 2078
523 9 2 10 10 270 303 304 2177 2178 2179
524 9 2 10 10 270 304 271 2179 2180 2081
525 9 2 10 10 271 304 305 2180 2181 2182
526 9 2 10 10 271 305 272 2182 2183 2084
527 9 2 10 10 272 305 306 2183 2184 2185
528 9 2 10 10 272 306 273 2185 2186 2087
529 9 2 10 10 273 306 307 2186 2187 2188
530 9 2 10 10 273 307 274 2188 2189 2090
531 9 2 10 10 274 307 308 2189 2190 2191
532 9 2 10 10 274 308 275 2191 2192 2093
533 9 2 10 10 275 308 309 2192 2193 2194
534 9 2 10 10 275 309 276 2194 2195 2096
535 9 2 10 10 276 309 310 2195 2196 2197
536 9 2 10 10 276 310 277 2197 2198 2099
537 9 2 1 1 277 310 311 2198 2199 2200
538 9 2 1 1 277 311 278 2200 2201 2102
539 9 2 1 1 278 311 312 2201 2202 2203
540 9 2 1 1 278 312 279 2203 2204 2105
541 9 2 1 1 279 312 313 2204 2205 2206
542 9 2 1 1 279 313 280 2206 2207 2108
543 9 2 1 1 280 313 314 2207 2208 2209
544 9 2 1 1 280 314 281 2209 2210 2111
545 9 2 1 1 281 314 315 2210 2211 2212
546 9 2 1 1 281 315 282 2212 2213 2114
547 9 2 1 1 282 315 316 2213 2214 2215
548 9 2 1 1 282 316 283 2215 2216 2117
549 9 2 1 1 283 316 317 2216 2217 2218
550 9 2 1 1 283 317 284 2218 2219 2120
551 9 2 1 1 284 317 318 2219 2220 2221
552 9 2 1 1 284 318 285 2221 2222 2123
553 9 2 11 11 285 318 319 2222 2223 2224
554 9 2 11 11 285 319 286 2224 2225 2126
555 9 2 11 11 286 319 320 2225 2226 2227
556 9 2 11 11 286 320 287 2227 2228 2129
557 9 2 11 11 287 320 321 2228 2229 2230
558 9 2 11 11 287 321 288 2230 2231 2132
559 9 2 11 11 288 321 322 2231 2232 2233
560 9 2 11 11 288 322 289 2233 2234 2135
561 9 2 11 11 289 322 323 2234 2235 2236
562 9 2 11 11 289 323 290 2236 2237 2138
563 9 2 11 11 290 323 324 2237 2238 2239
564 9 2 11 11 290 324 291 2239 2240 2141
565 9 2 11 11 291 324 325 2240 2241 2242
566 9 2 11 11 291 325 292 2242 2243 2144
567 9 2 11 11 292 325 326 2243 2244 2245
568 9 2 11 11 292 326 293 2245 2246 2147
569 9 2 11 11 293 326 327 2246 2247 2248
570 9 2 11 11 293 327 294 2248 2249 2150
571 9 2 11 11 294 327 328 2249 2250 2251
572 9 2 11 11 294 328 295 2251 2252 2153
573 9 2 11 11 295 328 329 2252 2253 2254
574 9 2 11 11 295 329 296 2254 2255 2156
575 9 2 11 11 296 329 330 2255 2256 2257
576 9 2 11 11 296 330 297 2257 2258 2159
577 9 2 10 10 298 331 332 2259 2260 2261
578 9 2 10 10 298 332 299 2261 2262 2163
579 9 2 10 10 299 332 333 2262 2263 2264
580 9 2 10 10 299 333 300 2264 2265 2166
581 9 2 10 10 300 333 334 2265 2266 2267
582 9 2 10 10 300 334 301 2267 2268 2169
583 9 2 10 10 301 334 335 2268 2269 2270
584 9 2 10 10 301 335 302 2270 2271 2172
585 9 2 10 10 302 335 336 2271 2272 2273
586 9 2 10 10 302 336 303 2273 2274 2175
587 9 2 10 10 303 336 337 2274 2275 2276
588 9 2 10 10 303 337 304 2276 2277 2178
589 9 2 10 10 304 337 338 2277 2278 2279
590 9 2 10 10 304 338 305 2279 2280 2181
591 9 2 10 10 305 338 339 2280 2281 2282
592 9 2 10 10 305 339 306 2282 2283 2184
593 9 2 10 10 306 339 340 2283 2284 2285
594 9 2 10 10 306 340 307 2285 2286 2187
595 9 2 10 10 307 340 341 2286 2287 2288
596 9 2 10 10 307 341 308 2288 2289 2190
597 9 2 10 10 308 341 342 2289 2290 2291
598 9 2 10 10 308 342 309 2291 2292 2193
599 9 2 10 10 309 342 343 2292 2293 2294
600 9 2 10 10 309 343 310 2294 2295 2196
601 9 2 1 1 310 343 344 2295 2296 2297
602 9 2 1 1 310 344 311 2297 2298 2199
603 9 2 1 1 311 344 345 2298 2299 2300
604 9 2 1 1 311 345 312 2300 2301 2202
605 9 2 1 1 312 345 346 2301 2302 2303
606 9 2 1 1 312 346 313 2303 2304 2205
607 9 2 1 1 313 346 347 2304 2305 2306
608 9 2 1 1 313 347 314 2306 2307 2208
609 9 2 1 1 314 347 348 2307 2308 2309
610 9 2 1 1 314 348 315 2309 2310 2211
611 9 2 1 1 315 348 349 2310 2311 2312
612 9 2 1 1 315 349 316 2312 2313 2214
613 9 2 1 1 316 349 350 2313 2314 2315
614 9 2 1 1 316 350 317 2315 2316 2217
615 9 2 1 1 317 350 351 2316 2317 2318
616 9 2 1 1 317 351 318 2318 2319 2220
617 9 2 11 11 318 351 352 2319 2320 2321
618 9 2 11 11 318 352 319 2321 2322 2223
619 9 2 11 11 319 352 353 2322 2323 2324
620 9 2 11 11 319 353 320 2324 2325 2226
621 9 2 11 11 320 353 354 2325 2326 2327
622 9 2 11 11 320 354 321 2327 2328 2229
623 9 2 11 11 321 354 355 2328 2329 2330
624 9 2 11 11 321 355 322 2330 2331 2232
625 9 2 11 11 322 355 356 2331 2332 2333
626 9 2 11 11 322 356 323 2333 2334 2235
627 9 2 11 11 323 356 357 2334 2335 2336
628 9 2 11 11 323 357 324 2336 2337 2238
629 9 2 11 11 324 357 358 2337 2338 2339
630 9 2 11 11 324 358 325 2339 2340 2241
631 9 2 11 11 325 358 359 2340 2341 2342
632 9 2 11 11 325 359 326 2342 2343 2244
633 9 2 11 11 326 359 360 2343 2344 2345
634 9 2 11 11 326 360 327 2345 2346 2247
635 9 2 11 11 327 360 361 2346 2347 2348
636 9 2 11 11 327 361 328 2348 2349 2250
637 9 2 11 11 328 361 362 2349 2350 2351
638 9 2 11 11 328 362 329 2351 2352 2253
639 9 2 11 11 329 362 363 2352 2353 2354
640 9 2 11 11 329 363 330 2354 2355 2256
641 9 2 10 10 331 364 365 2356 2357 2358
642 9 2 10 10 331 365 332 2358 2359 2260
643 9 2 10 10 332 365 366 2359 2360 2361
644 9 2 10 10 332 366 333 2361 2362 2263
645 9 2 10 10 333 366 367 2362 2363 2364
646 9 2 10 10 333 367 334 2364 2365 2266
647 9 2 10 10 334 367 368 2365 2366 2367
648 9 2 10 10 334 368 335 2367 2368 2269
649 9 2 10 10 335 368 369 2368 2369 2370
650 9 2 10 10 335 369 336 2370 2371 2272
651 9 2 10 10 336 369 370 2371 2372 2373
652 9 2 10 10 336 370 337 2373 2374 2275
653 9 2 10 10 337 370 371 2374 2375 2376
654 9 2 10 10 337 371 338 2376 2377 2278
655 9 2 10 10 338 371 372 2377 2378 2379
656 9 2 10 10 338 372 339 2379 2380 2281
657 9 2 10 10 339 372 373 2380 2381 2382
658 9 2 10 10 339 373 340 2382 2383 2284
659 9 2 10 10 340 373 374 2383 2384 2385
660 9 2 10 10 340 374 341 2385 2386 2287
661 9 2 10 10 341 374 375 2386 2387 2388
662 9 2 10 10 341 375 342 2388 2389 2290
663 9 2 10 10 342 375 376 2389 2390 2391
664 9 2 10 10 342 376 343 2391 2392 2293
665 9 2 1 1 343 376 377 2392 2393 2394
666 9 2 1 1 343 377 344 2394 2395 2296
667 9 2 1 1 344 377 378 2395 2396 2397
668 9 2 1 1 344 378 345 2397 2398 2299
669 9 2 1 1 345 378 379 2398 2399 2400
670 9 2 1 1 345 379 346 2400 2401 2302
671 9 2 1 1 346 379 380 2401 2402 2403
672 9 2 1 1 346 380 347 2403 2404 2305
673 9 2 1 1 347 380 381 2404 2405 2406
674 9 2 1 1 347 381 348 2406 2407 2308
675 9 2 1 1 348 381 382 2407 2408 2409
676 9 2 1 1 348 382 349 2409 2410 2311
677 9 2 1 1 349 382 383 2410 2411 2412
678 9 2 1 1 349 383 350 2412 2413 2314
679 9 2 1 1 350 383 384 2413 2414 2415
680 9 2 1 1 350 384 351 2415 2416 2317
681 9 2 11 11 351 384 385 2416 2417 2418
682 9 2 11 11 351 385 352 2418 2419 2320
683 9 2 11 11 352 385 386 2419 2420 2421
684 9 2 11 11 352 386 353 2421 2422 2323
685 9 2 11 11 353 386 387 2422 2423 2424
686 9 2 11 11 353 387 354 2424 2425 2326
687 9 2 11 11 354 387 388 2425 2426 2427
688 9 2 11 11 354 388 355 2427 2428 2329
689 9 2 11 11 355 388 389 2428 2429 2430
690 9 2 11 11 355 389 356 2430 2431 2332
691 9 2 11 11 356 389 390 2431 2432 2433
692 9 2 11 11 356 390 357 2433 2434 2335
693 9 2 11 11 357 390 391 2434 2435 2436
694 9 2 11 11 357 391 358 2436 2437 2338
695 9 2 11 11 358 391 392 2437 2438 2439
696 9 2 11 11 358 392 359 2439 2440 2341
697 9 2 11 11 359 392 393 2440 2441 2442
698 9 2 11 11 359 393 360 2442 2443 2344
699 9 2 11 11 360 393 394 2443 2444 2445
700 9 2 11 11 360 394 361 2445 2446 2347
701 9 2 11 11 361 394 395 2446 2447 2448
702 9 2 11 11 361 395 362 2448 2449 2350
703 9 2 11 11 362 395 396 2449 2450 2451
704 9 2 11 11 362 396 363 2451 2452 2353
705 9 2 10 10 364 397 398 2453 2454 2455
706 9 2 10 10 364 398 365 2455 2456 2357
707 9 2 10 10 365 398 399 2456 2457 2458
708 9 2 10 10 365 399 366 2458 2459 2360
709 9 2 10 10 366 399 400 2459 2460 2461
710 9 2 10 10 366 400 367 2461 2462 2363
711 9 2 10 10 367 400 401 2462 2463 2464
712 9 2 10 10 367 401 368 2464 2465 2366
713 9 2 10 10 368 401 402 2465 2466 2467
714 9 2 10 10 368 402 369 2467 2468 2369
715 9 2 10 10 369 402 403 2468 2469 2470
716 9 2 10 10 369 403 370 2470 2471 2372
717 9 2 10 10 370 403 404 2471 2472 2473
718 9 2 10 10 370 404 371 2473 2474 2375
719 9 2 10 10 371 404 405 2474 2475 2476
720 9 2 10 10 371 405 372 2476 2477 2378
721 9 2 10 10 372 405 406 2477 2478 2479
722 9 2 10 10 372 406 373 2479 2480 2381
723 9 2 10 10 373 406 407 2480 2481 2482
724 9 2 10 10 373 407 374 2482 2483 2384
725 9 2 10 10 374 407 408 2483 2484 2485
726 9 2 10 10 374 408 375 2485 2486 2387
727 9 2 10 10 375 408 409 2486 2487 2488
728 9 2 10 10 375 409 376 2488 2489 2390
729 9 2 1 1 376 409 410 2489 2490 2491
730 9 2 1 1 376 410 377 2491 2492 2393
731 9 2 1 1 377 410 411 2492 2493 2494
732 9 2 1 1 377 411 378 2494 2495 2396
733 9 2 1 1 378 411 412 2495 2496 2497
734 9 2 1 1 378 412 379 2497 2498 2399
735 9 2 1 1 379 412 413 2498 2499 2500
736 9 2 1 1 379 413 380 2500 2501 2402
737 9 2 1 1 380 413 414 2501 2502 2503
738 9 2 1 1 380 414 381 2503 2504 2405
739 9 2 1 1 381 414 415 2504 2505 2506
740 9 2 1 1 381 415 382 2506 2507 2408
741 9 2 1 1 382 415 416 2507 2508 2509
742 9 2 1 1 382 416 383 2509 2510 2411
743 9 2 1 1 383 416 417 2510 2511 2512
744 9 2 1 1 383 417 384 2512 2513 2414
745 9 2 11 11 384 417 418 2513 2514 2515
746 9 2 11 11 384 418 385 2515 2516 2417
747 9 2 11 11 385 418 419 2516 2517 2518
748 9 2 11 11 385 419 386 2518 2519 2420
749 9 2 11 11 386 419 420 2519 2520 2521
750 9 2 11 11 386 420 387 2521 2522 2423
751 9 2 11 11 387 420 421 2522 2523 2524
752 9 2 11 11 387 421 388 2524 2525 2426
753 9 2 11 11 388 421 422 2525 2526 2527
754 9 2 11 11 388 422 389 2527 2528 2429
755 9 2 11 11 389 422 423 2528 2529 2530
756 9 2 11 11 389 423 390 2530 2531 2432
757 9 2 11 11 390 423 424 2531 2532 2533
758 9 2 11 11 390 424 391 2533 2534 2435
759 9 2 11 11 391 424 425 2534 2535 2536
760 9 2 11 11 391 425 392 2536 2537 2438
761 9 2 11 11 392 425 426 2537 2538 2539
762 9 2 11 11 392 426 393 2539 2540 2441
763 9 2 11 11 393 426 427 2540 2541 2542
764 9 2 11 11 393 427 394 2542 2543 2444
765 9 2 11 11 394 427 428 2543 2544 2545
766 9 2 11 11 394 428 395 2545 2546 2447
767 9 2 11 11 395 428 429 2546 2547 2548
768 9 2 11 11 395 429 396 2548 2549 2450
769 9 2 10 10 397 430 431 2550 2551 2552
770 9 2 10 10 397 431 398 2552 2553 2454
771 9 2 10 10 398 431 432 2553 2554 2555
772 9 2 10 10 398 432 399 2555 2556 2457
773 9 2 10 10 399 432 433 2556 2557 2558
774 9 2 10 10 399 433 400 2558 2559 2460
775 9 2 10 10 400 433 434 2559 2560 2561
776 9 2 10 10 400 434 401 2561 2562 2463
777 9 2 10 10 401 434 435 2562 2563 2564
778 9 2 10 10 401 435 402 2564 2565 2466
779 9 2 10 10 402 435 436 2565 2566 2567
780 9 2 10 10 402 436 403 2567 2568 2469
781 9 2 10 10 403 436 437 2568 2569 2570
782 9 2 10 10 403 437 404 2570 2571 2472
783 9 2 10 10 404 437 438 2571 2572 2573
784 9 2 10 10 404 438 405 2573 2574 2475
785 9 2 10 10 405 438 439 2574 2575 2576
786 9 2 10 10 405 439 406 2576 2577 2478
787 9 2 10 10 406 439 440 2577 2578 2579
788 9 2 10 10 406 440 407 2579 2580 2481
789 9 2 10 10 407 440 441 2580 2581 2582
790 9 2 10 10 407 441 408 2582 2583 2484
791 9 2 10 10 408 441 442 2583 2584 2585
792 9 2 10 10 408 442 409 2585 2586 2487
793 9 2 1 1 409 442 443 2586 2587 2588
794 9 2 1 1 409 443 410 2588 2589 2490
795 9 2 1 1 410 443 444 2589 2590 2591
796 9 2 1 1 410 444 411 2591 2592 2493
797 9 2 1 1 411 444 445 2592 2593 2594
798 9 2 1 1 411 445 412 2594 2595 2496
799 9 2 1 1 412 445 446 2595 2596 2597
800 9 2 1 1 412 446 413 2597 2598 2499
801 9 2 1 1 413 446 447 2598 2599 2600
802 9 2 1 1 413 447 414 2600 2601 2502
803 9 2 1 1 414 447 448 2601 2602 2603
804 9 2 1 1 414 448 415 2603 2604 2505
805 9 2 1 1 415 448 449 2604 2605 2606
806 9 2 1 1 415 449 416 2606 2607 2508
807 9 2 1 1 416 449 450 2607 2608 2609
808 9 2 1 1 416 450 417 2609 2610 2511
809 9 2 11 11 417 450 451 2610 2611 2612
810 9 2 11 11 417 451 418 2612 2613 2514
811 9 2 11 11 418 451 452 2613 2614 2615
812 9 2 11 11 418 452 419 2615 2616 2517
813 9 2 11 11 419 452 453 2616 2617 2618
814 9 2 11 11 419 453 420 2618 2619 2520
815 9 2 11 11 420 453 454 2619 2620 2621
816 9 2 11 11 420 454 421 2621 2622 2523
817 9 2 11 11 421 454 455 2622 2623 2624
818 9 2 11 11 421 455 422 2624 2625 2526
819 9 2 11 11 422 455 456 2625 2626 2627
820 9 2 11 11 422 456 423 2627 2628 2529
821 9 2 11 11 423 456 457 2628 2629 2630
822 9 2 11 11 423 457 424 2630 2631 2532
823 9 2 11 11 424 457 458 2631 2632 2633
824 9 2 11 11 424 458 425 2633 2634 2535
825 9 2 11 11 425 458 459 2634 2635 2636
826 9 2 11 11 425 459 426 2636 2637 2538
827 9 2 11 11 426 459 460 2637 2638 2639
828 9 2 11 11 426 460 427 2639 2640 2541
829 9 2 11 11 427 460 461 2640 2641 2642
830 9 2 11 11 427 461 428 2642 2643 2544
831 9 2 11 11 428 461 462 2643 2644 2645
832 9 2 11 11 428 462 429 2645 2646 2547
833 9 2 10 10 430 463 464 2647 2648 2649
834 9 2 10 10 430 464 431 2649 2650 2551
835 9 2 10 10 431 464 465 2650 2651 2652
836 9 2 10 10 431 465 432 2652 2653 2554
837 9 2 10 10 432 465 466 2653 2654 2655
838 9 2 10 10 432 466 433 2655 2656 2557
839 9 2 10 10 433 466 467 2656 2657 2658
840 9 2 10 10 433 467 434 2658 2659 2560
841 9 2 10 10 434 467 468 2659 2660 2661
842 9 2 10 10 434 468 435 2661 2662 2563
843 9 2 10 10 435 468 469 2662 2663 2664
844 9 2 10 10 435 469 436 2664 2665 2566
845 9 2 10 10 436 469 470 2665 2666 2667
846 9 2 10 10 436 470 437 2667 2668 2569
847 9 2 10 10 437 470 471 2668 2669 2670
848 9 2 10 10 437 471 438 2670 2671 2572
849 9 2 10 10 438 471 472 2671 2672 2673
850 9 2 10 10 438 472 439 2673 2674 2575
851 9 2 10 10 439 472 473 2674 2675 2676
852 9 2 10 10 439 473 440 2676 2677 2578
853 9 2 10 10 440 473 474 2677 2678 2679
854 9 2 10 10 440 474 441 2679 2680 2581
855 9 2 10 10 441 474 475 2680 2681 2682
856 9 2 10 10 441 475 442 2682 2683 2584
857 9 2 1 1 442 475 476 2683 2684 2685
858 9 2 1 1 442 476 443 2685 2686 2587
859 9 2 1 1 443 476 477 2686 2687 2688
860 9 2 1 1 443 477 444 2688 2689 2590
861 9 2 1 1 444 477 478 2689 2690 2691
862 9 2 1 1 444 478 445 2691 2692 2593
863 9 2 1 1 445 478 479 2692 2693 2694
864 9 2 1 1 445 479 446 2694 2695 2596
865 9 2 1 1 446 479 480 2695 2696 2697
866 9 2 1 1 446 480 447 2697 2698 2599
867 9 2 1 1 447 480 481 2698 2699 2700
868 9 2 1 1 447 481 448 2700 2701 2602
869 9 2 1 1 448 481 482 2701 2702 2703
870 9 2 1 1 448 482 449 2703 2704 2605
871 9 2 1 1 449 482 483 2704 2705 2706
872 9 2 1 1 449 483 450 2706 2707 2608
873 9 2 11 11 450 483 484 2707 2708 2709
874 9 2 11 11 450 484 451 2709 2710 2611
875 9 2 11 11 451 484 485 2710 2711 2712
876 9 2 11 11 451 485 452 2712 2713 2614
877 9 2 11 11 452 485 486 2713 2714 2715
878 9 2 11 11 452 486 453 2715 2716 2617
879 9 2 11 11 453 486 487 2716 2717 2718
880 9 2 11 11 453 487 454 2718 2719 2620
881 9 2 11 11 454 487 488 2719 2720 2721
882 9 2 11 11 454 488 455 2721 2722 2623
883 9 2 11 11 455 488 489 2722 2723 2724
884 9 2 11 11 455 489 456 2724 2725 2626
885 9 2 11 11 456 489 490 2725 2726 2727
886 9 2 11 11 456 490 457 2727 2728 2629
887 9 2 11 11 457 490 491 2728 2729 2730
888 9 2 11 11 457 491 458 2730 2731 2632
889 9 2 11 11 458 491 492 2731 2732 2733
890 9 2 11 11 458 492 459 2733 2734 2635
891 9 2 11 11 459 492 493 2734 2735 2736
892 9 2 11 11 459 493 460 2736 2737 2638
893 9 2 11 11 460 493 494 2737 2738 2739
894 9 2 11 11 460 494 461 2739 2740 2641
895 9 2 11 11 461 494 495 2740 2741 2742
896 9 2 11 11 461 495 462 2742 2743 2644
897 9 2 10 10 463 496 497 2744 2745 2746
898 9 2 10 10 463 497 464 2746 2747 2648
899 9 2 10 10 464 497 498 2747 2748 2749
900 9 2 10 10 464 498 465 2749 2750 2651
901 9 2 10 10 465 498 499 2750 2751 2752
902 9 2 10 10 465 499 466 2752 2753 2654
903 9 2 10 10 466 499 500 2753 2754 2755
904 9 2 10 10 466 500 467 2755 2756 2657
905 9 2 10 10 467 500 501 2756 2757 2758
906 9 2 10 10 467 501 468 2758 2759 2660
907 9 2 10 10 468 501 502 2759 2760 2761
908 9 2 10 10 468 502 469 2761 2762 2663
909 9 2 10 10 469 502 503 2762 2763 2764
910 9 2 10 10 469 503 470 2764 2765 2666
911 9 2 10 10 470 503 504 2765 2766 2767
912 9 2 10 10 470 504 471 2767 2768 2669
913 9 2 10 10 471 504 505 2768 2769 2770
914 9 2 10 10 471 505 472 2770 2771 2672
915 9 2 10 10 472 505 506 2771 2772 2773
916 9 2 10 10 472 506 473 2773 2774 2675
917 9 2 10 10 473 506 507 2774 2775 2776
918 9 2 10 10 473 507 474 2776 2777 2678
919 9 2 10 10 474 507 508 2777 2778 2779
920 9 2 10 10 474 508 475 2779 2780 2681
921 9 2 1 1 475 508 509 2780 2781 2782
922 9 2 1 1 475 509 476 2782 2783 2684
923 9 2 1 1 476 509 510 2783 2784 2785
924 9 2 1 1 476 510 477 2785 2786 2687
925 9 2 1 1 477 510 511 2786 2787 2788
926 9 2 1 1 477 511 478 2788 2789 2690
927 9 2 1 1 478 511 512 2789 2790 2791
928 9 2 1 1 478 512 479 2791 2792 2693
929 9 2 1 1 479 512 513 2792 2793 2794
930 9 2 1 1 479 513 480 2794 2795 2696
931 9 2 1 1 480 513 514 2795 2796 2797
932 9 2 1 1 480 514 481 2797 2798 2699
933 9 2 1 1 481 514 515 2798 2799 2800
934 9 2 1 1 481 515 482 2800 2801 2702
935 9 2 1 1 482 515 516 2801 2802 2803
936 9 2 1 1 482 516 483 2803 2804 2705
937 9 2 11 11 483 516 517 2804 2805 2806
938 9 2 11 11 483 517 484 2806 2807 2708
939 9 2 11 11 484 517 518 2807 2808 2809
940 9 2 11 11 484 518 485 2809 2810 2711
941 9 2 11 11 485 518 519 2810 2811 2812
942 9 2 11 11 485 519 486 2812 2813 2714
943 9 2 11 11 486 519 520 2813 2814 2815
944 9 2 11 11 486 520 487 2815 2816 2717
945 9 2 11 11 487 520 521 2816 2817 2818
946 9 2 11 11 487 521 488 2818 2819 2720
947 9 2 11 11 488 521 522 2819 2820 2821
948 9 2 11 11 488 522 489 2821 2822 2723
949 9 2 11 11 489 522 523 2822 2823 2824
950 9 2 11 11 489 523 490 2824 2825 2726
951 9 2 11 11 490 523 524 2825 2826 2827
952 9 2 11 11 490 524 491 2827 2828 2729
953 9 2 11 11 491 524 525 2828 2829 2830
954 9 2 11 11 491 525 492 2830 2831 2732
955 9 2 11 11 492 525 526 2831 2832 2833
956 9 2 11 11 492 526 493 2833 2834 2735
957 9 2 11 11 493 526 527 2834 2835 2836
958 9 2 11 11 493 527 494 2836 2837 2738
959 9 2 11 11 494 527 528 2837 2838 2839
960 9 2 11 11 494 528 495 2839 2840 2741
961 9 2 10 10 496 529 530 2841 2842 2843
962 9 2 10 10 496 530 497 2843 2844 2745
963 9 2 10 10 497 530 531 2844 2845 2846
964 9 2 10 10 497 531 498 2846 2847 2748
965 9 2 10 10 498 531 532 2847 2848 2849
966 9 2 10 10 498 532 499 2849 2850 2751
967 9 2 10 10 499 532 533 2850 2851 2852
968 9 2 10 10 499 533 500 2852 2853 2754
969 9 2 10 10 500 533 534 2853 2854 2855
970 9 2 10 10 500 534 501 2855 2856 2757
971 9 2 10 10 501 534 535 2856 2857 2858
972 9 2 10 10 501 535 502 2858 2859 2760
973 9 2 10 10 502 535 536 2859 2860 2861
974 9 2 10 10 502 536 503 2861 2862 2763
975 9 2 10 10 503 536 537 2862 2863 2864
976 9 2 10 10 503 537 504 2864 2865 2766
977 9 2 10 10 504 537 538 2865 2866 2867
978 9 2 10 10 504 538 505 2867 2868 2769
979 9 2 10 10 505 538 539 2868 2869 2870
980 9 2 10 10 505 539 506 2870 2871 2772
981 9 2 10 10 506 539 540 2871 2872 2873
982 9 2 10 10 506 540 507 2873 2874 2775
983 9 2 10 10 507 540 541 2874 2875 2876
984 9 2 10 10 507 541 508 2876 2877 2778
985 9 2 1 1 508 541 542 2877 2878 2879
986 9 2 1 1 508 542 509 2879 2880 2781
987 9 2 1 1 509 542 543 2880 2881 2882
988 9 2 1 1 509 543 510 2882 2883 2784
989 9 2 1 1 510 543 544 2883 2884 2885
990 9 2 1 1 510 544 511 2885 2886 2787
991 9 2 1 1 511 544 545 2886 2887 2888
992 9 2 1 1 511 545 512 2888 2889 2790
993 9 2 1 1 512 545 546 2889 2890 2891
994 9 2 1 1 512 546 513 2891 2892 2793
995 9 2 1 1 513 546 547 2892 2893 2894
996 9 2 1 1 513 547 514 2894 2895 2796
997 9 2 1 1 514 547 548 2895 2896 2897
998 9 2 1 1 514 548 515 2897 2898 2799
999 9 2 1 1 515 548 549 2898 2899 2900
1000 9 2 1 1 515 549 516 2900 2901 2802
1001 9 2 11 11 516 549 550 2901 2902 2903
1002 9 2 11 11 516 550 517 2903 2904 2805
1003 9 2 11 11 517 550 551 2904 2905 2906
1004 9 2 11 11 517 551 518 2906 2907 2808
1005 9 2 11 11 518 551 552 2907 2908 2909
1006 9 2 11 11 518 552 519 2909 2910 2811
1007 9 2 11 11 519 552 553 2910 2911 2912
1008 9 2 11 11 519 553 520 2912 2913 2814
1009 9 2 11 11 520 553 554 2913 2914 2915
1010 9 2 11 11 520 554 521 2915 2916 2817
1011 9 2 11 11 521 554 555 2916 2917 2918
1012 9 2 11 11 521 555 522 2918 2919 2820
1013 9 2 11 11 522 555 556 2919 2920 2921
1014 9 2 11 11 522 556 523 2921 2922 2823
1015 9 2 11 11 523 556 557 2922 2923 2924
1016 9 2 11 11 523 557 524 2924 2925 2826
1017 9 2 11 11 524 557 558 2925 2926 2927
1018 9 2 11 11 524 558 525 2927 2928 2829
1019 9 2 11 11 525 558 559 2928 2929 2930
1020 9 2 11 11 525 559 526 2930 2931 2832
1021 9 2 11 11 526 559 560 2931 2932 2933
1022 9 2 11 11 526 560 527 2933 2934 2835
1023 9 2 11 11 527 560 561 2934 2935 2936
1024 9 2 11 11 527 561 528 2936 2937 2838
1025 9 2 10 10 529 562 563 2938 2939 2940
1026 9 2 10 10 529 563 530 2940 2941 2842
1027 9 2 10 10 530 563 564 2941 2942 2943
1028 9 2 10 10 530 564 531 2943 2944 2845
1029 9 2 10 10 531 564 565 2944 2945 2946
1030 9 2 10 10 531 565 532 2946 2947 2848
1031 9 2 10 10 532 565 566 2947 2948 2949
1032 9 2 10 10 532 566 533 2949 2950 2851
1033 9 2 10 10 533 566 567 2950 2951 2952
1034 9 2 10 10 533 567 534 2952 2953 2854
1035 9 2 10 10 534 567 568 2953 2954 2955
1036 9 2 10 10 534 568 535 2955 2956 2857
1037 9 2 10 10 535 568 569 2956 2957 2958
1038 9 2 10 10 535 569 536 2958 2959 2860
1039 9 2 10 10 536 569 570 2959 2960 2961
1040 9 2 10 10 536 570 537 2961 2962 2863
1041 9 2 10 10 537 570 571 2962 2963 2964
1042 9 2 10 10 537 571 538 2964 2965 2866
1043 9 2 10 10 538 571 572 2965 2966 2967
1044 9 2 10 10 538 572 539 2967 2968 2869
1045 9 2 10 10 539 572 573 2968 2969 2970
1046 9 2 10 10 539 573 540 2970 2971 2872
1047 9 2 10 10 540 573 574 2971 2972 2973
1048 9 2 10 10 540 574 541 2973 2974 2875
1049 9 2 1 1 541 574 575 2974 2975 2976
1050 9 2 1 1 541 575 542 2976 2977 2878
1051 9 2 1 1 542 575 576 2977 2978 2979
1052 9 2 1 1 542 576 543 2979 2980 2881
1053 9 2 1 1 543 576 577 2980 2981 2982
1054 9 2 1 1 543 577 544 2982 2983 2884
1055 9 2 1 1 544 577 578 2983 2984 2985
1056 9 2 1 1 544 578 545 2985 2986 2887
1057 9 2 1 1 545 578 579 2986 2987 2988
1058 9 2 1 1 545 579 546 2988 2989 2890
1059 9 2 1 1 546 579 580 2989 2990 2991
1060 9 2 1 1 546 580 547 2991 2992 2893
1061 9 2 1 1 547 580 581 2992 2993 2994
1062 9 2 1 1 547 581 548 2994 2995 2896
1063 9 2 1 1 548 581 582 2995 2996 2997
1064 9 2 1 1 548 582 549 2997 2998 2899
1065 9 2 11 11 549 582 583 2998 2999 3000
1066 9 2 11 11 549 583 550 3000 3001 2902
1067 9 2 11 11 550 583 584 3001 3002 3003
1068 9 2 11 11 550 584 551 3003 3004 2905
1069 9 2 11 11 551 584 585 3004 3005 3006
1070 9 2 11 11 551 585 552 3006 3007 2908
1071 9 2 11 11 552 585 586 3007 3008 3009
1072 9 2 11 11 552 586 553 3009 3010 2911
1073 9 2 11 11 553 586 587 3010 3011 3012
1074 9 2 11 11 553 587 554 3012 3013 2914
1075 9 2 11 11 554 587 588 3013 3014 3015
1076 9 2 11 11 554 588 555 3015 3016 2917
1077 9 2 11 11 555 588 589 3016 3017 3018
1078 9 2 11 11 555 589 556 3018 3019 2920
1079 9 2 11 11 556 589 590 3019 3020 3021
1080 9 2 11 11 556 590 557 3021 3022 2923
1081 9 2 11 11 557 590 591 3022 3023 3024
1082 9 2 11 11 557 591 558 3024 3025 2926
1083 9 2 11 11 558 591 592 3025 3026 3027
1084 9 2 11 11 558 592 559 3027 3028 2929
1085 9 2 11 11 559 592 593 3028 3029 3030
1086 9 2 11 11 559 593 560 3030 3031 2932
1087 9 2 11 11 560 593 594 3031 3032 3033
1088 9 2 11 11 560 594 561 3033 3034 2935
1089 9 2 10 10 562 595 596 3035 3036 3037
1090 9 2 10 10 562 596 563 3037 3038 2939
1091 9 2 10 10 563 596 597 3038 3039 3040
1092 9 2 10 10 563 597 564 3040 3041 2942
1093 9 2 10 10 564 597 598 3041 3042 3043
1094 9 2 10 10 564 598 565 3043 3044 2945
1095 9 2 10 10 565 598 599 3044 3045 3046
1096 9 2 10 10 565 599 566 3046 3047 2948
1097 9 2 10 10 566 599 600 3047 3048 3049
1098 9 2 10 10 566 600 567 3049 3050 2951
1099 9 2 10 10 567 600 601 3050 3051 3052
1100 9 2 10 10 567 601 568 3052 3053 2954
1101 9 2 10 10 568 601 602 3053 3054 3055
1102 9 2 10 10 568 602 569 3055 3056 2957
1103 9 2 10 10 569 602 603 3056 3057 3058
1104 9 2 10 10 569 603 570 3058 3059 2960
1105 9 2 10 10 570 603 604 3059 3060 3061
1106 9 2 10 10 570 604 571 3061 3062 2963
1107 9 2 10 10 571 604 605 3062 3063 3064
1108 9 2 10 10 571 605 572 3064 3065 2966
1109 9 2 10 10 572 605 606 3065 3066 3067
1110 9 2 10 10 572 606 573 3067 3068 2969
1111 9 2 10 10 573 606 607 3068 3069 3070
1112 9 2 10 10 573 607 574 3070 3071 2972
1113 9 2 1 1 574 607 608 3071 3072 3073
1114 9 2 1 1 574 608 575 3073 3074 2975
1115 9 2 1 1 575 608 609 3074 3075 3076
1116 9 2 1 1 575 609 576 3076 3077 2978
1117 9 2 1 1 576 609 610 3077 3078 3079
1118 9 2 1 1 576 610 577 3079 3080 2981
1119 9 2 1 1 577 610 611 3080 3081 3082
1120 9 2 1 1 577 611 578 3082 3083 2984
1121 9 2 1 1 578 611 612 3083 3084 3085
1122 9 2 1 1 578 612 579 3085 3086 2987
1123 9 2 1 1 579 612 613 3086 3087 3088
1124 9 2 1 1 579 613 580 3088 3089 2990
1125 9 2 1 1 580 613 614 3089 3090 3091
1126 9 2 1 1 580 614 581 3091 3092 2993
1127 9 2 1 1 581 614 615 3092 3093 3094
1128 9 2 1 1 581 615 582 3094 3095 2996
1129 9 2 11 11 582 615 616 3095 3096 3097
1130 9 2 11 11 582 616 583 3097 3098 2999
1131 9 2 11 11 583 616 617 3098 3099 3100
1132 9 2 11 11 583 617 584 3100 3101 3002
1133 9 2 11 11 584 617 618 3101 3102 3103
1134 9 2 11 11 584 618 585 3103 3104 3005
1135 9 2 11 11 585 618 619 3104 3105 3106
1136 9 2 11 11 585 619 586 3106 3107 3008
1137 9 2 11 11 586 619 620 3107 3108 3109
1138 9 2 11 11 586 620 587 3109 3110 3011
1139 9 2 11 11 587 620 621 3110 3111 3112
1140 9 2 11 11 587 621 588 3112 3113 3014
1141 9 2 11 11 588 621 622 3113 3114 3115
1142 9 2 11 11 588 622 589 3115 3116 3017
1143 9 2 11 11 589 622 623 3116 3117 3118
1144 9 2 11 11 589 623 590 3118 3119 3020
1145 9 2 11 11 590 623 624 3119 3120 3121
1146 9 2 11 11 590 624 591 3121 3122 3023
1147 9 2 11 11 591 624 625 3122 3123 3124
1148 9 2 11 11 591 625 592 3124 3125 3026
1149 9 2 11 11 592 625 626 3125 3126 3127
1150 9 2 11 11 592 626 593 3127 3128 3029
1151 9 2 11 11 593 626 627 3128 3129 3130
1152 9 2 11 11 593 627 594 3130 3131 3032
1153 9 2 10 10 595 628 629 3132 3133 3134
1154 9 2 10 10 595 629 596 3134 3135 3036
1155 9 2 10 10 596 629 630 3135 3136 3137
1156 9 2 10 10 596 630 597 3137 3138 3039
1157 9 2 10 10 597 630 631 3138 3139 3140
1158 9 2 10 10 597 631 598 3140 3141 3042
1159 9 2 10 10 598 631 632 3141 3142 3143
1160 9 2 10 10 598 632 599 3143 3144 3045
1161 9 2 10 10 599 632 633 3144 3145 3146
1162 9 2 10 10 599 633 600 3146 3147 3048
1163 9 2 10 10 600 633 634 3147 3148 3149
1164 9 2 10 10 600 634 601 3149 3150 3051
1165 9 2 10 10 601 634 635 3150 3151 3152
1166 9 2 10 10 601 635 602 3152 3153 3054
1167 9 2 10 10 602 635 636 3153 3154 3155
1168 9 2 10 10 602 636 603 3155 3156 3057
1169 9 2 10 10 603 636 637 3156 3157 3158
1170 9 2 10 10 603 637 604 3158 3159 3060
1171 9 2 10 10 604 637 638 3159 3160 3161
1172 9 2 10 10 604 638 605 3161 3162 3063
1173 9 2 10 10 605 638 639 3162 3163 3164
1174 9 2 10 10 605 639 606 3164 3165 3066
1175 9 2 10 10 606 639 640 3165 3166 3167
1176 9 2 10 10 606 640 607 3167 3168 3069
1177 9 2 1 1 607 640 641 3168 3169 3170
1178 9 2 1 1 607 641 608 3170 3171 3072
1179 9 2 1 1 608 641 642 3171 3172 3173
1180 9 2 1 1 608 642 609 3173 3174 3075
1181 9 2 1 1 609 642 643 3174 3175 3176
1182 9 2 1 1 609 643 610 3176 3177 3078
1183 9 2 1 1 610 643 644 3177 3178 3179
1184 9 2 1 1 610 644 611 3179 3180 3081
1185 9 2 1 1 611 644 645 3180 3181 3182
1186 9 2 1 1 611 645 612 3182 3183 3084
1187 9 2 1 1 612 645 646 3183 3184 3185
1188 9 2 1 1 612 646 613 3185 3186 3087
1189 9 2 1 1 613 646 647 3186 3187 3188
1190 9 2 1 1 613 647 614 3188 3189 3090
1191 9 2 1 1 614 647 648 3189 3190 3191
1192 9 2 1 1 614 648 615 3191 3192 3093
1193 9 2 11 11 615 648 649 3192 3193 3194
1194 9 2 11 11 615 649 616 3194 3195 3096
1195 9 2 11 11 616 649 650 3195 3196 3197
1196 9 2 11 11 616 650 617 3197 3198 3099
1197 9 2 11 11 617 650 651 3198 3199 3200
1198 9 2 11 11 617 651 618 3200 3201 3102
1199 9 2 11 11 618 651 652 3201 3202 3203
1200 9 2 11 11 618 652 619 3203 3204 3105
1201 9 2 11 11 619 652 653 3204 3205 3206
1202 9 2 11 11 619 653 620 3206 3207 3108
1203 9 2 11 11 620 653 654 3207 3208 3209
1204 9 2 11 11 620 654 621 3209 3210 3111
1205 9 2 11 11 621 654 655 3210 3211 3212
1206 9 2 11 11 621 655 622 3212 3213 3114
1207 9 2 11 11 622 655 656 3213 3214 3215
1208 9 2 11 11 622 656 623 3215 3216 3117
1209 9 2 11 11 623 656 657 3216 3217 3218
1210 9 2 11 11 623 657 624 3218 3219 3120
1211 9 2 11 11 624 657 658 3219 3220 3221
1212 9 2 11 11 624 658 625 3221 3222 3123
1213 9 2 11 11 625 658 659 3222 3223 3224
1214 9 2 11 11 625 659 626 3224 3225 3126
1215 9 2 11 11 626 659 660 3225 3226 3227
1216 9 2 11 11 626 660 627 3227 3228 3129
1217 9 2 10 10 628 661 662 3229 3230 3231
1218 9 2 10 10 628 662 629 3231 3232 3133
1219 9 2 10 10 629 662 663 3232 3233 3234
1220 9 2 10 10 629 663 630 3234 3235 3136
1221 9 2 10 10 630 663 664 3235 3236 3237
1222 9 2 10 10 630 664 631 3237 3238 3139
1223 9 2 10 10 631 664 665 3238 3239 3240
1224 9 2 10 10 631 665 632 3240 3241 3142
1225 9 2 10 10 632 665 666 3241 3242 3243
1226 9 2 10 10 632 666 633 3243 3244 3145
1227 9 2 10 10 633 666 667 3244 3245 3246
1228 9 2 10 10 633 667 634 3246 3247 3148
1229 9 2 10 10 634 667 668 3247 3248 3249
1230 9 2 10 10 634 668 635 3249 3250 3151
1231 9 2 10 10 635 668 669 3250 3251 3252
1232 9 2 10 10 635 669 636 3252 3253 3154
1233 9 2 10 10 636 669 670 3253 3254 3255
1234 9 2 10 10 636 670 637 3255 3256 3157
1235 9 2 10 10 637 670 671 3256 3257 3258
1236 9 2 10 10 637 671 638 3258 3259 3160
1237 9 2 10 10 638 671 672 3259 3260 3261
1238 9 2 10 10 638 672 639 3261 3262 3163
1239 9 2 10 10 639 672 673 3262 3263 3264
1240 9 2 10 10 639 673 640 3264 3265 3166
1241 9 2 1 1 640 673 674 3265 3266 3267
1242 9 2 1 1 640 674 641 3267 3268 3169
1243 9 2 1 1 641 674 675 3268 3269 3270
1244 9 2 1 1 641 675 642 3270 3271 3172
1245 9 2 1 1 642 675 676 3271 3272 3273
1246 9 2 1 1 642 676 643 3273 3274 3175
1247 9 2 1 1 643 676 677 3274 3275 3276
1248 9 2 1 1 643 677 644 3276 3277 3178
1249 9 2 1 1 644 677 678 3277 3278 3279
1250 9 2 1 1 644 678 645 3279 3280 3181
1251 9 2 1 1 645 678 679 3280 3281 3282
1252 9 2 1 1 645 679 646 3282 3283 3184
1253 9 2 1 1 646 679 680 3283 3284 3285
1254 9 2 1 1 646 680 647 3285 3286 3187
1255 9 2 1 1 647 680 681 3286 3287 3288
1256 9 2 1 1 647 681 648 3288 3289 3190
1257 9 2 11 11 648 681 682 3289 3290 3291
1258 9 2 11 11 648 682 649 3291 3292 3193
1259 9 2 11 11 649 682 683 3292 3293 3294
1260 9 2 11 11 649 683 650 3294 3295 3196
1261 9 2 11 11 650 683 684 3295 3296 3297
1262 9 2 11 11 650 684 651 3297 3298 3199
1263 9 2 11 11 651 684 685 3298 3299 3300
1264 9 2 11 11 651 685 652 3300 3301 3202
1265 9 2 11 11 652 685 686 3301 3302 3303
1266 9 2 11 11 652 686 653 3303 3304 3205
1267 9 2 11 11 653 686 687 3304 3305 3306
1268 9 2 11 11 653 687 654 3306 3307 3208
1269 9 2 11 11 654 687 688 3307 3308 3309
1270 9 2 11 11 654 688 655 3309 3310 3211
1271 9 2 11 11 655 688 689 3310 3311 3312
1272 9 2 11 11 655 689 656 3312 3313 3214
1273 9 2 11 11 656 689 690 3313 3314 3315
1274 9 2 11 11 656 690 657 3315 3316 3217
1275 9 2 11 11 657 690 691 3316 3317 3318
1276 9 2 11 11 657 691 658 3318 3319 3220
1277 9 2 11 11 658 691 692 3319 3320 3321
1278 9 2 11 11 658 692 659 3321 3322 3223
1279 9 2 11 11 659 692 693 3322 3323 3324
1280 9 2 11 11 659 693 660 3324 3325 3226
1281 9 2 10 10 661 694 695 3326 3327 3328
1282 9 2 10 10 661 695 662 3328 3329 3230
1283 9 2 10 10 662 695 696 3329 3330 3331
1284 9 2 10 10 662 696 663 3331 3332 3233
1285 9 2 10 10 663 696 697 3332 3333 3334
1286 9 2 10 10 663 697 664 3334 3335 3236
1287 9 2 10 10 664 697 698 3335 3336 3337
1288 9 2 10 10 664 698 665 3337 3338 3239
1289 9 2 10 10 665 698 699 3338 3339 3340
1290 9 2 10 10 665 699 666 3340 3341 3242
1291 9 2 10 10 666 699 700 3341 3342 3343
1292 9 2 10 10 666 700 667 3343 3344 3245
1293 9 2 10 10 667 700 701 3344 3345 3346
1294 9 2 10 10 667 701 668 3346 3347 3248
1295 9 2 10 10 668 701 702 3347 3348 3349
1296 9 2 10 10 668 702 669 3349 3350 3251
1297 9 2 10 10 669 702 703 3350 3351 3352
1298 9 2 10 10 669 703 670 3352 3353 3254
1299 9 2 10 10 670 703 704 3353 3354 3355
1300 9 2 10 10 670 704 671 3355 3356 3257
1301 9 2 10 10 671 704 705 3356 3357 3358
1302 9 2 10 10 671 705 672 3358 3359 3260
1303 9 2 10 10 672 705 706 3359 3360 3361
1304 9 2 10 10 672 706 673 3361 3362 3263
1305 9 2 1 1 673 706 707 3362 3363 3364
1306 9 2 1 1 673 707 674 3364 3365 3266
1307 9 2 1 1 674 707 708 3365 3366 3367
1308 9 2 1 1 674 708 675 3367 3368 3269
1309 9 2 1 1 675 708 709 3368 3369 3370
1310 9 2 1 1 675 709 676 3370 3371 3272
1311 9 2 1 1 676 709 710 3371 3372 3373
1312 9 2 1 1 676 710 677 3373 3374 3275
1313 9 2 1 1 677 710 711 3374 3375 3376
1314 9 2 1 1 677 711 678 3376 3377 3278
1315 9 2 1 1 678 711 712 3377 3378 3379
1316 9 2 1 1 678 712 679 3379 3380 3281
1317 9 2 1 1 679 712 713 3380 3381 3382
1318 9 2 1 1 679 713 680 3382 3383 3284
1319 9 2 1 1 680 713 714 3383 3384 3385
1320 9 2 1 1 680 714 681 3385 3386 3287
1321 9 2 11 11 681 714 715 3386 3387 3388
1322 9 2 11 11 681 715 682 3388 3389 3290
1323 9 2 11 11 682 715 716 3389 3390 3391
1324 9 2 11 11 682 716 683 3391 3392 3293
1325 9 2 11 11 683 716 717 3392 3393 3394
1326 9 2 11 11 683 717 684 3394 3395 3296
1327 9 2 11 11 684 717 718 3395 3396 3397
1328 9 2 11 11 684 718 685 3397 3398 3299
1329 9 2 11 11 685 718 719 3398 3399 3400
1330 9 2 11 11 685 719 686 3400 3401 3302
1331 9 2 11 11 686 719 720 3401 3402 3403
1332 9 2 11 11 686 720 687 3403 3404 3305
1333 9 2 11 11 687 720 721 3404 3405 3406
1334 9 2 11 11 687 721 688 3406 3407 3308
1335 9 2 11 11 688 721 722 3407 3408 3409
1336 9 2 11 11 688 722 689 3409 3410 3311
1337 9 2 11 11 689 722 723 3410 3411 3412
1338 9 2 11 11 689 723 690 3412 3413 3314
1339 9 2 11 11 690 723 724 3413 3414 3415
1340 9 2 11 11 690 724 691 3415 3416 3317
1341 9 2 11 11 691 724 725 3416 3417 3418
1342 9 2 11 11 691 725 692 3418 3419 3320
1343 9 2 11 11 692 725 726 3419 3420 3421
1344 9 2 11 11 692 726 693 3421 3422 3323
1345 9 2 10 10 694 727 728 3423 3424 3425
1346 9 2 10 10 694 728 695 3425 3426 3327
1347 9 2 10 10 695 728 729 3426 3427 3428
1348 9 2 10 10 695 729 696 3428 3429 3330
1349 9 2 10 10 696 729 730 3429 3430 3431
1350 9 2 10 10 696 730 697 3431 3432 3333
1351 9 2 10 10 697 730 731 3432 3433 3434
1352 9 2 10 10 697 731 698 3434 3435 3336
1353 9 2 10 10 698 731 732 3435 3436 3437
1354 9 2 10 10 698 732 699 3437 3438 3339
1355 9 2 10 10 699 732 733 3438 3439 3440
1356 9 2 10 10 699 733 700 3440 3441 3342
1357 9 2 10 10 700 733 734 3441 3442 3443
1358 9 2 10 10 700 734 701 3443 3444 3345
1359 9 2 10 10 701 734 735 3444 3445 3446
1360 9 2 10 10 701 735 702 3446 3447 3348
1361 9 2 10 10 702 735 736 3447 3448 3449
1362 9 2 10 10 702 736 703 3449 3450 3351
1363 9 2 10 10 703 736 737 3450 3451 3452
1364 9 2 10 10 703 737 704 3452 3453 3354
1365 9 2 10 10 704 737 738 3453 3454 3455
1366 9 2 10 10 704 738 705 3455 3456 3357
1367 9 2 10 10 705 738 739 3456 3457 3458
1368 9 2 10 10 705 739 706 3458 3459 3360
1369 9 2 1 1 706 739 740 3459 3460 3461
1370 9 2 1 1 706 740 707 3461 3462 3363
1371 9 2 1 1 707 740 741 3462 3463 3464
1372 9 2 1 1 707 741 708 3464 3465 3366
1373 9 2 1 1 708 741 742 3465 3466 3467
1374 9 2 1 1 708 742 709 3467 3468 3369
1375 9 2 1 1 709 742 743 3468 3469 3470
1376 9 2 1 1 709 743 710 3470 3471 3372
1377 9 2 1 1 710 743 744 3471 3472 3473
1378 9 2 1 1 710 744 711 3473 3474 3375
1379 9 2 1 1 711 744 745 3474 3475 3476
1380 9 2 1 1 711 745 712 3476 3477 3378
1381 9 2 1 1 712 745 746 3477 3478 3479
1382 9 2 1 1 712 746 713 3479 3480 3381
1383 9 2 1 1 713 746 747 3480 3481 3482
1384 9 2 1 1 713 747 714 3482 3483 3384
1385 9 2 11 11 714 747 748 3483 3484 3485
1386 9 2 11 11 714 748 715 3485 3486 3387
1387 9 2 11 11 715 748 749 3486 3487 3488
1388 9 2 11 11 715 749 716 3488 3489 3390
1389 9 2 11 11 716 749 750 3489 3490 3491
1390 9 2 11 11 716 750 717 3491 3492 3393
1391 9 2 11 11 717 750 751 3492 3493 3494
1392 9 2 11 11 717 751 718 3494 3495 3396
1393 9 2 11 11 718 751 752 3495 3496 3497
1394 9 2 11 11 718 752 719 3497 3498 3399
1395 9 2 11 11 719 752 753 3498 3499 3500
1396 9 2 11 11 719 753 720 3500 3501 3402
1397 9 2 11 11 720 753 754 3501 3502 3503
1398 9 2 11 11 720 754 721 3503 3504 3405
1399 9 2 11 11 721 754 755 3504 3505 3506
1400 9 2 11 11 721 755 722 3506 3507 3408
1401 9 2 11 11 722 755 756 3507 3508 3509
1402 9 2 11 11 722 756 723 3509 3510 3411
1403 9 2 11 11 723 756 757 3510 3511 3512
1404 9 2 11 11 723 757 724 3512 3513 3414
1405 9 2 11 11 724 757 758 3513 3514 3515
1406 9 2 11 11 724 758 725 3515 3516 3417
1407 9 2 11 11 725 758 759 3516 3517 3518
1408 9 2 11 11 725 759 726 3518 3519 3420
1409 9 2 10 10 727 760 761 3520 3521 3522
1410 9 2 10 10 727 761 728 3522 3523 3424
1411 9 2 10 10 728 761 762 3523 3524 3525
1412 9 2 10 10 728 762 729 3525 3526 3427
1413 9 2 10 10 729 762 763 3526 3527 3528
1414 9 2 10 10 729 763 730 3528 3529 3430
1415 9 2 10 10 730 763 764 3529 3530 3531
1416 9 2 10 10 730 764 731 3531 3532 3433
1417 9 2 10 10 731 764 765 3532 3533 3534
1418 9 2 10 10 731 765 732 3534 3535 3436
1419 9 2 10 10 732 765 766 3535 3536 3537
1420 9 2 10 10 732 766 733 3537 3538 3439
1421 9 2 10 10 733 766 767 3538 3539 3540
1422 9 2 10 10 733 767 734 3540 3541 3442
1423 9 2 10 10 734 767 768 3541 3542 3543
1424 9 2 10 10 734 768 735 3543 3544 3445
1425 9 2 10 10 735 768 769 3544 3545 3546
1426 9 2 10 10 735 769 736 3546 3547 3448
1427 9 2 10 10 736 769 770 3547 3548 3549
1428 9 2 10 10 736 770 737 3549 3550 3451
1429 9 2 10 10 737 770 771 3550 3551 3552
1430 9 2 10 10 737 771 738 3552 3553 3454
1431 9 2 10 10 738 771 772 3553 3554 3555
1432 9 2 10 10 738 772 739 3555 3556 3457
1433 9 2 1 1 739 772 773 3556 3557 3558
1434 9 2 1 1 739 773 740 3558 3559 3460
1435 9 2 1 1 740 773 774 3559 3560 3561
1436 9 2 1 1 740 774 741 3561 3562 3463
1437 9 2 1 1 741 774 775 3562 3563 3564
1438 9 2 1 1 741 775 742 3564 3565 3466
1439 9 2 1 1 742 775 776 3565 3566 3567
1440 9 2 1 1 742 776 743 3567 3568 3469
1441 9 2 1 1 743 776 777 3568 3569 3570
1442 9 2 1 1 743 777 744 3570 3571 3472
1443 9 2 1 1 744 777 778 3571 3572 3573
1444 9 2 1 1 744 778 745 3573 3574 3475
1445 9 2 1 1 745 778 779 3574 3575 3576
1446 9 2 1 1 745 779 746 3576 3577 3478
1447 9 2 1 1 746 779 780 3577 3578 3579
1448 9 2 1 1 746 780 747 3579 3580 3481
1449 9 2 11 11 747 780 781 3580 3581 3582
1450 9 2 11 11 747 781 748 3582 3583 3484
1451 9 2 11 11 748 781 782 3583 3584 3585
1452 9 2 11 11 748 782 749 3585 3586 3487
1453 9 2 11 11 749 782 783 3586 3587 3588
1454 9 2 11 11 749 783 750 3588 3589 3490
1455 9 2 11 11 750 783 784 3589 3590 3591
1456 9 2 11 11 750 784 751 3591 3592 3493
1457 9 2 11 11 751 784 785 3592 3593 3594
1458 9 2 11 11 751 785 752 3594 3595 3496
1459 9 2 11 11 752 785 786 3595 3596 3597
1460 9 2 11 11 752 786 753 3597 3598 3499
1461 9 2 11 11 753 786 787 3598 3599 3600
1462 9 2 11 11 753 787 754 3600 3601 3502
1463 9 2 11 11 754 787 788 3601 3602 3603
1464 9 2 11 11 754 788 755 3603 3604 3505
1465 9 2 11 11 755 788 789 3604 3605 3606
1466 9 2 11 11 755 789 756 3606 3607 3508
1467 9 2 11 11 756 789 790 3607 3608 3609
1468 9 2 11 11 756 790 757 3609 3610 3511
1469 9 2 11 11 757 790 791 3610 3611 3612
1470 9 2 11 11 757 791 758 3612 3613 3514
1471 9 2 11 11 758 791 792 3613 3614 3615
1472 9 2 11 11 758 792 759 3615 3616 3517
1473 9 2 10 10 760 793 794 3617 3618 3619
1474 9 2 10 10 760 794 761 3619 3620 3521
1475 9 2 10 10 761 794 795 3620 3621 3622
1476 9 2 10 10 761 795 762 3622 3623 3524
1477 9 2 10 10 762 795 796 3623 3624 3625
1478 9 2 10 10 762 796 763 3625 3626 3527
1479 9 2 10 10 763 796 797 3626 3627 3628
1480 9 2 10 10 763 797 764 3628 3629 3530
1481 9 2 10 10 764 797 798 3629 3630 3631
1482 9 2 10 10 764 798 765 3631 3632 3533
1483 9 2 10 10 765 798 799 3632 3633 3634
1484 9 2 10 10 765 799 766 3634 3635 3536
1485 9 2 10 10 766 799 800 3635 3636 3637
1486 9 2 10 10 766 800 767 3637 3638 3539
1487 9 2 10 10 767 800 801 3638 3639 3640
1488 9 2 10 10 767 801 768 3640 3641 3542
1489 9 2 10 10 768 801 802 3641 3642 3643
1490 9 2 10 10 768 802 769 3643 3644 3545
1491 9 2 10 10 769 802 803 3644 3645 3646
1492 9 2 10 10 769 803 770 3646 3647 3548
1493 9 2 10 10 770 803 804 3647 3648 3649
1494 9 2 10 10 770 804 771 3649 3650 3551
1495 9 2 10 10 771 804 805 3650 3651 3652
1496 9 2 10 10 771 805 772 3652 3653 3554
1497 9 2 1 1 772 805 806 3653 3654 3655
1498 9 2 1 1 772 806 773 3655 3656 3557
1499 9 2 1 1 773 806 807 3656 3657 3658
1500 9 2 1 1 773 807 774 3658 3659 3560
1501 9 2 1 1 774 807 808 3659 3660 3661
1502 9 2 1 1 774 808 775 3661 3662 3563
1503 9 2 1 1 775 808 809 3662 3663 3664
1504 9 2 1 1 775 809 776 3664 3665 3566
1505 9 2 1 1 776 809 810 3665 3666 3667
1506 9 2 1 1 776 810 777 3667 3668 3569
1507 9 2 1 1 777 810 811 3668 3669 3670
1508 9 2 1 1 777 811 778 3670 3671 3572
1509 9 2 1 1 778 811 812 3671 3672 3673
1510 9 2 1 1 778 812 779 3673 3674 3575
1511 9 2 1 1 779 812 813 3674 3675 3676
1512 9 2 1 1 779 813 780 3676 3677 3578
1513 9 2 11 11 780 813 814 3677 3678 3679
1514 9 2 11 11 780 814 781 3679 3680 3581
1515 9 2 11 11 781 814 815 3680 3681 3682
1516 9 2 11 11 781 815 782 3682 3683 3584
1517 9 2 11 11 782 815 816 3683 3684 3685
1518 9 2 11 11 782 816 783 3685 3686 3587
1519 9 2 11 11 783 816 817 3686 3687 3688
1520 9 2 11 11 783 817 784 3688 3689 3590
1521 9 2 11 11 784 817 818 3689 3690 3691
1522 9 2 11 11 784 818 785 3691 3692 3593
1523 9 2 11 11 785 818 819 3692 3693 3694
1524 9 2 11 11 785 819 786 3694 3695 3596
1525 9 2 11 11 786 819 820 3695 3696 3697
1526 9 2 11 11 786 820 787 3697 3698 3599
1527 9 2 11 11 787 820 821 3698 3699 3700
1528 9 2 11 11 787 821 788 3700 3701 3602
1529 9 2 11 11 788 821 822 3701 3702 3703
1530 9 2 11 11 788 822 789 3703 3704 3605
1531 9 2 11 11 789 822 823 3704 3705 3706
1532 9 2 11 11 789 823 790 3706 3707 3608
1533 9 2 11 11 790 823 824 3707 3708 3709
1534 9 2 11 11 790 824 791 3709 3710 3611
1535 9 2 11 11 791 824 825 3710 3711 3712
1536 9 2 11 11 791 825 792 3712 3713 3614
1537 9 2 10 10 793 826 827 3714 3715 3716
1538 9 2 10 10 793 827 794 3716 3717 3618
1539 9 2 10 10 794 827 828 3717 3718 3719
1540 9 2 10 10 794 828 795 3719 3720 3621
1541 9 2 10 10 795 828 829 3720 3721 3722
1542 9 2 10 10 795 829 796 3722 3723 3624
1543 9 2 10 10 796 829 830 3723 3724 3725
1544 9 2 10 10 796 830 797 3725 3726 3627
1545 9 2 10 10 797 830 831 3726 3727 3728
1546 9 2 10 10 797 831 798 3728 3729 3630
1547 9 2 10 10 798 831 832 3729 3730 3731
1548 9 2 10 10 798 832 799 3731 3732 3633
1549 9 2 10 10 799 832 833 3732 3733 3734
1550 9 2 10 10 799 833 800 3734 3735 3636
1551 9 2 10 10 800 833 834 3735 3736 3737
1552 9 2 10 10 800 834 801 3737 3738 3639
1553 9 2 10 10 801 834 835 3738 3739 3740
1554 9 2 10 10 801 835 802 3740 3741 3642
1555 9 2 10 10 802 835 836 3741 3742 3743
1556 9 2 10 10 802 836 803 3743 3744 3645
1557 9 2 10 10 803 836 837 3744 3745 3746
1558 9 2 10 10 803 837 804 3746 3747 3648
1559 9 2 10 10 804 837 838 3747 3748 3749
1560 9 2 10 10 804 838 805 3749 3750 3651
1561 9 2 1 1 805 838 839 3750 3751 3752
1562 9 2 1 1 805 839 806 3752 3753 3654
1563 9 2 1 1 806 839 840 3753 3754 3755
1564 9 2 1 1 806 840 807 3755 3756 3657
1565 9 2 1 1 807 840 841 3756 3757 3758
1566 9 2 1 1 807 841 808 3758 3759 3660
1567 9 2 1 1 808 841 842 3759 3760 3761
1568 9 2 1 1 808 842 809 3761 3762 3663
1569 9 2 1 1 809 842 843 3762 3763 3764
1570 9 2 1 1 809 843 810 3764 3765 3666
1571 9 2 1 1 810 843 844 3765 3766 3767
1572 9 2 1 1 810 844 811 3767 3768 3669
1573 9 2 1 1 811 844 845 3768 3769 3770
1574 9 2 1 1 811 845 812 3770 3771 3672
1575 9 2 1 1 812 845 846 3771 3772 3773
1576 9 2 1 1 812 846 813 3773 3774 3675
1577 9 2 11 11 813 846 847 3774 3775 3776
1578 9 2 11 11 813 847 814 3776 3777 3678
1579 9 2 11 11 814 847 848 3777 3778 3779
1580 9 2 11 11 814 848 815 3779 3780 3681
1581 9 2 11 11 815 848 849 3780 3781 3782
1582 9 2 11 11 815 849 816 3782 3783 3684
1583 9 2 11 11 816 849 850 3783 3784 3785
1584 9 2 11 11 816 850 817 3785 3786 3687
1585 9 2 11 11 817 850 851 3786 3787 3788
1586 9 2 11 11 817 851 818 3788 3789 3690
1587 9 2 11 11 818 851 852 3789 3790 3791
1588 9 2 11 11 818 852 819 3791 3792 3693
1589 9 2 11 11 819 852 853 3792 3793 3794
1590 9 2 11 11 819 853 820 3794 3795 3696
1591 9 2 11 11 820 853 854 3795 3796 3797
1592 9 2 11 11 820 854 821 3797 3798 3699
1593 9 2 11 11 821 854 855 3798 3799 3800
1594 9 2 11 11 821 855 822 3800 3801 3702
1595 9 2 11 11 822 855 856 3801 3802 3803
1596 9 2 11 11 822 856 823 3803 3804 3705
1597 9 2 11 11 823 856 857 3804 3805 3806
1598 9 2 11 11 823 857 824 3806 3807 3708
1599 9 2 11 11 824 857 858 3807 3808 3809
1600 9 2 11 11 824 858 825 3809 3810 3711
1601 9 2 10 10 826 859 860 3811 3812 3813
1602 9 2 10 10 826 860 827 3813 3814 3715
1603 9 2 10 10 827 860 861 3814 3815 3816
1604 9 2 10 10 827 861 828 3816 3817 3718
1605 9 2 10 10 828 861 862 3817 3818 3819
1606 9 2 10 10 828 862 829 3819 3820 3721
1607 9 2 10 10 829 862 863 3820 3821 3822
1608 9 2 10 10 829 863 830 3822 3823 3724
1609 9 2 10 10 830 863 864 3823 3824 3825
1610 9 2 10 10 830 864 831 3825 3826 3727
1611 9 2 10 10 831 864 865 3826 3827 3828
1612 9 2 10 10 831 865 832 3828 3829 3730
1613 9 2 10 10 832 865 866 3829 3830 3831
1614 9 2 10 10 832 866 833 3831 3832 3733
1615 9 2 10 10 833 866 867 3832 3833 3834
1616 9 2 10 10 833 867 834 3834 3835 3736
1617 9 2 10 10 834 867 868 3835 3836 3837
1618 9 2 10 10 834 868 835 3837 3838 3739
1619 9 2 10 10 835 868 869 3838 3839 3840
1620 9 2 10 10 835 869 836 3840 3841 3742
1621 9 2 10 10 836 869 870 3841 3842 3843
1622 9 2 10 10 836 870 837 3843 3844 3745
1623 9 2 10 10 837 870 871 3844 3845 3846
1624 9 2 10 10 837 871 838 3846 3847 3748
1625 9 2 1 1 838 871 872 3847 3848 3849
1626 9 2 1 1 838 872 839 3849 3850 3751
1627 9 2 1 1 839 872 873 3850 3851 3852
1628 9 2 1 1 839 873 840 3852 3853 3754
1629 9 2 1 1 840 873 874 3853 3854 3855
1630 9 2 1 1 840 874 841 3855 3856 3757
1631 9 2 1 1 841 874 875 3856 3857 3858
1632 9 2 1 1 841 875 842 3858 3859 3760
1633 9 2 1 1 842 875 876 3859 3860 3861
1634 9 2 1 1 842 876 843 3861 3862 3763
1635 9 2 1 1 843 876 877 3862 3863 3864
1636 9 2 1 1 843 877 844 3864 3865 3766
1637 9 2 1 1 844 877 878 3865 3866 3867
1638 9 2 1 1 844 878 845 3867 3868 3769
1639 9 2 1 1 845 878 879 3868 3869 3870
1640 9 2 1 1 845 879 846 3870 3871 3772
1641 9 2 11 11 846 879 880 3871 3872 3873
1642 9 2 11 11 846 880 847 3873 3874 3775
1643 9 2 11 11 847 880 881 3874 3875 3876
1644 9 2 11 11 847 881 848 3876 3877 3778
1645 9 2 11 11 848 881 882 3877 3878 3879
1646 9 2 11 11 848 882 849 3879 3880 3781
1647 9 2 11 11 849 882 883 3880 3881 3882
1648 9 2 11 11 849 883 850 3882 3883 3784
1649 9 2 11 11 850 883 884 3883 3884 3885
1650 9 2 11 11 850 884 851 3885 3886 3787
1651 9 2 11 11 851 884 885 3886 3887 3888
1652 9 2 11 11 851 885 852 3888 3889 3790
1653 9 2 11 11 852 885 886 3889 3890 3891
1654 9 2 11 11 852 886 853 3891 3892 3793
1655 9 2 11 11 853 886 887 3892 3893 3894
1656 9 2 11 11 853 887 854 3894 3895 3796
1657 9 2 11 11 854 887 888 3895 3896 3897
1658 9 2 11 11 854 888 855 3897 3898 3799
1659 9 2 11 11 855 888 889 3898 3899 3900
1660 9 2 11 11 855 889 856 3900 3901 3802
1661 9 2 11 11 856 889 890 3901 3902 3903
1662 9 2 11 11 856 890 857 3903 3904 3805
1663 9 2 11 11 857 890 891 3904 3905 3906
1664 9 2 11 11 857 891 858 3906 3907 3808
1665 9 2 10 10 859 892 893 3908 3909 3910
1666 9 2 10 10 859 893 860 3910 3911 3812
1667 9 2 10 10 860 893 894 3911 3912 3913
1668 9 2 10 10 860 894 861 3913 3914 3815
1669 9 2 10 10 861 894 895 3914 3915 3916
1670 9 2 10 10 861 895 862 3916 3917 3818
1671 9 2 10 10 862 895 896 3917 3918 3919
1672 9 2 10 10 862 896 863 3919 3920 3821
1673 9 2 10 10 863 896 897 3920 3921 3922
1674 9 2 10 10 863 897 864 3922 3923 3824
1675 9 2 10 10 864 897 898 3923 3924 3925
1676 9 2 10 10 864 898 865 3925 3926 3827
1677 9 2 10 10 865 898 899 3926 3927 3928
1678 9 2 10 10 865 899 866 3928 3929 3830
1679 9 2 10 10 866 899 900 3929 3930 3931
1680 9 2 10 10 866 900 867 3931 3932 3833
1681 9 2 10 10 867 900 901 3932 3933 3934
1682 9 2 10 10 867 901 868 3934 3935 3836
1683 9 2 10 10 868 901 902 3935 3936 3937
1684 9 2 10 10 868 902 869 3937 3938 3839
1685 9 2 10 10 869 902 903 3938 3939 3940
1686 9 2 10 10 869 903 870 3940 3941 3842
1687 9 2 10 10 870 903 904 3941 3942 3943
1688 9 2 10 10 870 904 871 3943 3944 3845
1689 9 2 1 1 871 904 905 3944 3945 3946
1690 9 2 1 1 871 905 872 3946 3947 3848
1691 9 2 1 1 872 905 906 3947 3948 3949
1692 9 2 1 1 872 906 873 3949 3950 3851
1693 9 2 1 1 873 906 907 3950 3951 3952
1694 9 2 1 1 873 907 874 3952 3953 3854
1695 9 2 1 1 874 907 908 3953 3954 3955
1696 9 2 1 1 874 908 875 3955 3956 3857
1697 9 2 1 1 875 908 909 3956 3957 3958
1698 9 2 1 1 875 909 876 3958 3959 3860
1699 9 2 1 1 876 909 910 3959 3960 3961
1700 9 2 1 1 876 910 877 3961 3962 3863
1701 9 2 1 1 877 910 911 3962 3963 3964
1702 9 2 1 1 877 911 878 3964 3965 3866
1703 9 2 1 1 878 911 912 3965 3966 3967
1704 9 2 1 1 878 912 879 3967 3968 3869
1705 9 2 11 11 879 912 913 3968 3969 3970
1706 9 2 11 11 879 913 880 3970 3971 3872
1707 9 2 11 11 880 913 914 3971 3972 3973
1708 9 2 11 11 880 914 881 3973 3974 3875
1709 9 2 11 11 881 914 915 3974 3975 3976
1710 9 2 11 11 881 915 882 3976 3977 3878
1711 9 2 11 11 882 915 916 3977 3978 3979
1712 9 2 11 11 882 916 883 3979 3980 3881
1713 9 2 11 11 883 916 917 3980 3981 3982
1714 9 2 11 11 883 917 884 3982 3983 3884
1715 9 2 11 11 884 917 918 3983 3984 3985
1716 9 2 11 11 884 918 885 3985 3986 3887
1717 9 2 11 11 885 918 919 3986 3987 3988
1718 9 2 11 11 885 919 886 3988 3989 3890
1719 9 2 11 11 886 919 920 3989 3990 3991
1720 9 2 11 11 886 920 887 3991 3992 3893
1721 9 2 11 11 887 920 921 3992 3993 3994
1722 9 2 11 11 887 921 888 3994 3995 3896
1723 9 2 11 11 888 921 922 3995 3996 3997
1724 9 2 11 11 888 922 889 3997 3998 3899
1725 9 2 11 11 889 922 923 3998 3999 4000
1726 9 2 11 11 889 923 890 4000 4001 3902
1727 9 2 11 11 890 923 924 4001 4002 4003
1728 9 2 11 11 890 924 891 4003 4004 3905
1729 9 2 10 10 892 925 926 4005 4006 4007
1730 9 2 10 10 892 926 893 4007 4008 3909
1731 9 2 10 10 893 926 927 4008 4009 4010
1732 9 2 10 10 893 927 894 4010 4011 3912
1733 9 2 10 10 894 927 928 4011 4012 4013
1734 9 2 10 10 894 928 895 4013 4014 3915
1735 9 2 10 10 895 928 929 4014 4015 4016
1736 9 2 10 10 895 929 896 4016 4017 3918
1737 9 2 10 10 896 929 930 4017 4018 4019
1738 9 2 10 10 896 930 897 4019 4020 3921
1739 9 2 10 10 897 930 931 4020 4021 4022
1740 9 2 10 10 897 931 898 4022 4023 3924
1741 9 2 10 10 898 931 932 4023 4024 4025
1742 9 2 10 10 898 932 899 4025 4026 3927
1743 9 2 10 10 899 932 933 4026 4027 4028
1744 9 2 10 10 899 933 900 4028 4029 3930
1745 9 2 10 10 900 933 934 4029 4030 4031
1746 9 2 10 10 900 934 901 4031 4032 3933
1747 9 2 10 10 901 934 935 4032 4033 4034
1748 9 2 10 10 901 935 902 4034 4035 3936
1749 9 2 10 10 902 935 936 4035 4036 4037
1750 9 2 10 10 902 936 903 4037 4038 3939
1751 9 2 10 10 903 936 937 4038 4039 4040
1752 9 2 10 10 903 937 904 4040 4041 3942
1753 9 2 1 1 904 937 938 4041 4042 4043
1754 9 2 1 1 904 938 905 4043 4044 3945
1755 9 2 1 1 905 938 939 4044 4045 4046
1756 9 2 1 1 905 939 906 4046 4047 3948
1757 9 2 1 1 906 939 940 4047 4048 4049
1758 9 2 1 1 906 940 907 4049 4050 3951
1759 9 2 1 1 907 940 941 4050 4051 4052
1760 9 2 1 1 907 941 908 4052 4053 3954
1761 9 2 1 1 908 941 942 4053 4054 4055
1762 9 2 1 1 908 942 909 4055 4056 3957
1763 9 2 1 1 909 942 943 4056 4057 4058
1764 9 2 1 1 909 943 910 4058 4059 3960
1765 9 2 1 1 910 943 944 4059 4060 4061
1766 9 2 1 1 910 944 911 4061 4062 3963
1767 9 2 1 1 911 944 945 4062 4063 4064
1768 9 2 1 1 911 945 912 4064 4065 3966
1769 9 2 11 11 912 945 946 4065 4066 4067
1770 9 2 11 11 912 946 913 4067 4068 3969
1771 9 2 11 11 913 946 947 4068 4069 4070
1772 9 2 11 11 913 947 914 4070 4071 3972
1773 9 2 11 11 914 947 948 4071 4072 4073
1774 9 2 11 11 914 948 915 4073 4074 3975
1775 9 2 11 11 915 948 949 4074 4075 4076
1776 9 2 11 11 915 949 916 4076 4077 3978
1777 9 2 11 11 916 949 950 4077 4078 4079
1778 9 2 11 11 916 950 917 4079 4080 3981
1779 9 2 11 11 917 950 951 4080 4081 4082
1780 9 2 11 11 917 951 918 4082 4083 3984
1781 9 2 11 11 918 951 952 4083 4084 4085
1782 9 2 11 11 918 952 919 4085 4086 3987
1783 9 2 11 11 919 952 953 4086 4087 4088
1784 9 2 11 11 919 953 920 4088 4089 3990
1785 9 2 11 11 920 953 954 4089 4090 4091
1786 9 2 11 11 920 954 921 4091 4092 3993
1787 9 2 11 11 921 954 955 4092 4093 4094
1788 9 2 11 11 921 955 922 4094 4095 3996
1789 9 2 11 11 922 955 956 4095 4096 4097
1790 9 2 11 11 922 956 923 4097 4098 3999
1791 9 2 11 11 923 956 957 4098 4099 4100
1792 9 2 11 11 923 957 924 4100 4101 4002
1793 9 2 10 10 925 958 959 4102 4103 4104
1794 9 2 10 10 925 959 926 4104 4105 4006
1795 9 2 10 10 926 959 960 4105 4106 4107
1796 9 2 10 10 926 960 927 4107 4108 4009
1797 9 2 10 10 927 960 961 4108 4109 4110
1798 9 2 10 10 927 961 928 4110 4111 4012
1799 9 2 10 10 928 961 962 4111 4112 4113
1800 9 2 10 10 928 962 929 4113 4114 4015
1801 9 2 10 10 929 962 963 4114 4115 4116
1802 9 2 10 10 929 963 930 4116 4117 4018
1803 9 2 10 10 930 963 964 4117 4118 4119
1804 9 2 10 10 930 964 931 4119 4120 4021
1805 9 2 10 10 931 964 965 4120 4121 4122
1806 9 2 10 10 931 965 932 4122 4123 4024
1807 9 2 10 10 932 965 966 4123 4124 4125
1808 9 2 10 10 932 966 933 4125 4126 4027
1809 9 2 10 10 933 966 967 4126 4127 4128
1810 9 2 10 10 933 967 934 4128 4129 4030
1811 9 2 10 10 934 967 968 4129 4130 4131
1812 9 2 10 10 934 968 935 4131 4132 4033
1813 9 2 10 10 935 968 969 4132 4133 4134
1814 9 2 10 10 935 969 936 4134 4135 4036
1815 9 2 10 10 936 969 970 4135 4136 4137
1816 9 2 10 10 936 970 937 4137 4138 4039
1817 9 2 1 1 937 970 971 4138 4139 4140
1818 9 2 1 1 937 971 938 4140 4141 4042
1819 9 2 1 1 938 971 972 4141 4142 4143
1820 9 2 1 1 938 972 939 4143 4144 4045
1821 9 2 1 1 939 972 973 4144 4145 4146
1822 9 2 1 1 939 973 940 4146 4147 4048
1823 9 2 1 1 940 973 974 4147 4148 4149
1824 9 2 1 1 940 974 941 4149 4150 4051
1825 9 2 1 1 941 974 975 4150 4151 4152
1826 9 2 1 1 941 975 942 4152 4153 4054
1827 9 2 1 1 942 975 976 4153 4154 4155
1828 9 2 1 1 942 976 943 4155 4156 4057
1829 9 2 1 1 943 976 977 4156 4157 4158
1830 9 2 1 1 943 977 944 4158 4159 4060
1831 9 2 1 1 944 977 978 4159 4160 4161
1832 9 2 1 1 944 978 945 4161 4162 4063
1833 9 2 11 11 945 978 979 4162 4163 4164
1834 9 2 11 11 945 979 946 4164 4165 4066
1835 9 2 11 11 946 979 980 4165 4166 4167
1836 9 2 11 11 946 980 947 4167 4168 4069
1837 9 2 11 11 947 980 981 4168 4169 4170
1838 9 2 11 11 947 981 948 4170 4171 4072
1839 9 2 11 11 948 981 982 4171 4172 4173
1840 9 2 11 11 948 982 949 4173 4174 4075
1841 9 2 11 11 949 982 983 4174 4175 4176
1842 9 2 11 11 949 983 950 4176 4177 4078
1843 9 2 11 11 950 983 984 4177 4178 4179
1844 9 2 11 11 950 984 951 4179 4180 4081
1845 9 2 11 11 951 984 985 4180 4181 4182
1846 9 2 11 11 951 985 952 4182 4183 4084
1847 9 2 11 11 952 985 986 4183 4184 4185
1848 9 2 11 11 952 986 953 4185 4186 4087
1849 9 2 11 11 953 986 987 4186 4187 4188
1850 9 2 11 11 953 987 954 4188 4189 4090
1851 9 2 11 11 954 987 988 4189 4190 4191
1852 9 2 11 11 954 988 955 4191 4192 4093
1853 9 2 11 11 955 988 989 4192 4193 4194
1854 9 2 11 11 955 989 956 4194 4195 4096
1855 9 2 11 11 956 989 990 4195 4196 4197
1856 9 2 11 11 956 990 957 4197 4198 4099
1857 9 2 10 10 958 991 992 4199 4200 4201
1858 9 2 10 10 958 992 959 4201 4202 4103
1859 9 2 10 10 959 992 993 4202 4203 4204
1860 9 2 10 10 959 993 960 4204 4205 4106
1861 9 2 10 10 960 993 994 4205 4206 4207
1862 9 2 10 10 960 994 961 4207 4208 4109
1863 9 2 10 10 961 994 995 4208 4209 4210
1864 9 2 10 10 961 995 962 4210 4211 4112
1865 9 2 10 10 962 995 996 4211 4212 4213
1866 9 2 10 10 962 996 963 4213 4214 4115
1867 9 2 10 10 963 996 997 4214 4215 4216
1868 9 2 10 10 963 997 964 4216 4217 4118
1869 9 2 10 10 964 997 998 4217 4218 4219
1870 9 2 10 10 964 998 965 4219 4220 4121
1871 9 2 10 10 965 998 999 4220 4221 4222
1872 9 2 10 10 965 999 966 4222 4223 4124
1873 9 2 10 10 966 999 1000 4223 4224 4225
1874 9 2 10 10 966 1000 967 4225 4226 4127
1875 9 2 10 10 967 1000 1001 4226 4227 4228
1876 9 2 10 10 967 1001 968 4228 4229 4130
1877 9 2 10 10 968 1001 1002 4229 4230 4231
1878 9 2 10 10 968 1002 969 4231 4232 4133
1879 9 2 10 10 969 1002 1003 4232 4233 4234
1880 9 2 10 10 969 1003 970 4234 4235 4136
1881 9 2 1 1 970 1003 1004 4235 4236 4237
1882 9 2 1 1 970 1004 971 4237 4238 4139
1883 9 2 1 1 971 1004 1005 4238 4239 4240
1884 9 2 1 1 971 1005 972 4240 4241 4142
1885 9 2 1 1 972 1005 1006 4241 4242 4243
1886 9 2 1 1 972 1006 973 4243 4244 4145
1887 9 2 1 1 973 1006 1007 4244 4245 4246
1888 9 2 1 1 973 1007 974 4246 4247 4148
1889 9 2 1 1 974 1007 1008 4247 4248 4249
1890 9 2 1 1 974 1008 975 4249 4250 4151
1891 9 2 1 1 975 1008 1009 4250 4251 4252
1892 9 2 1 1 975 1009 976 4252 4253 4154
1893 9 2 1 1 976 1009 1010 4253 4254 4255
1894 9 2 1 1 976 1010 977 4255 4256 4157
1895 9 2 1 1 977 1010 1011 4256 4257 4258
1896 9 2 1 1 977 1011 978 4258 4259 4160
1897 9 2 11 11 978 1011 1012 4259 4260 4261
1898 9 2 11 11 978 1012 979 4261 4262 4163
1899 9 2 11 11 979 1012 1013 4262 4263 4264
1900 9 2 11 11 979 1013 980 4264 4265 4166
1901 9 2 11 11 980 1013 1014 4265 4266 4267
1902 9 2 11 11 980 1014 981 4267 4268 4169
1903 9 2 11 11 981 1014 1015 4268 4269 4270
1904 9 2 11 11 981 1015 982 4270 4271 4172
1905 9 2 11 11 982 1015 1016 4271 4272 4273
1906 9 2 11 11 982 1016 983 4273 4274 4175
1907 9 2 11 11 983 1016 1017 4274 4275 4276
1908 9 2 11 11 983 1017 984 4276 4277 4178
1909 9 2 11 11 984 1017 1018 4277 4278 4279
1910 9 2 11 11 984 1018 985 4279 4280 4181
1911 9 2 11 11 985 1018 1019 4280 4281 4282
1912 9 2 11 11 985 1019 986 4282 4283 4184
1913 9 2 11 11 986 1019 1020 4283 4284 4285
1914 9 2 11 11 986 1020 987 4285 4286 4187
1915 9 2 11 11 987 1020 1021 4286 4287 4288
1916 9 2 11 11 987 1021 988 4288 4289 4190
1917 9 2 11 11 988 1021 1022 4289 4290 4291
1918 9 2 11 11 988 1022 989 4291 4292 4193
1919 9 2 11 11 989 1022 1023 4292 4293 4294
1920 9 2 11 11 989 1023 990 4294 4295 4196
1921 9 2 10 10 991 1024 1025 4296 4297 4298
1922 9 2 10 10 991 1025 992 4298 4299 4200
1923 9 2 10 10 992 1025 1026 4299 4300 4301
1924 9 2 10 10 992 1026 993 4301 4302 4203
1925 9 2 10 10 993 1026 1027 4302 4303 4304
1926 9 2 10 10 993 1027 994 4304 4305 4206
1927 9 2 10 10 994 1027 1028 4305 4306 4307
1928 9 2 10 10 994 1028 995 4307 4308 4209
1929 9 2 10 10 995 1028 1029 4308 4309 4310
1930 9 2 10 10 995 1029 996 4310 4311 4212
1931 9 2 10 10 996 1029 1030 4311 4312 4313
1932 9 2 10 10 996 1030 997 4313 4314 4215
1933 9 2 10 10 997 1030 1031 4314 4315 4316
1934 9 2 10 10 997 1031 998 4316 4317 4218
1935 9 2 10 10 998 1031 1032 4317 4318 4319
1936 9 2 10 10 998 1032 999 4319 4320 4221
1937 9 2 10 10 999 1032 1033 4320 4321 4322
1938 9 2 10 10 999 1033 1000 4322 4323 4224
1939 9 2 10 10 1000 1033 1034 4323 4324 4325
1940 9 2 10 10 1000 1034 1001 4325 4326 4227
1941 9 2 10 10 1001 1034 1035 4326 4327 4328
1942 9 2 10 10 1001 1035 1002 4328 4329 4230
1943 9 2 10 10 1002 1035 1036 4329 4330 4331
1944 9 2 10 10 1002 1036 1003 4331 4332 4233
1945 9 2 1 1 1003 1036 1037 4332 4333 4334
1946 9 2 1 1 1003 1037 1004 4334 4335 4236
1947 9 2 1 1 1004 1037 1038 4335 4336 4337
1948 9 2 1 1 1004 1038 1005 4337 4338 4239
1949 9 2 1 1 1005 1038 1039 4338 4339 4340
1950 9 2 1 1 1005 1039 1006 4340 4341 4242
1951 9 2 1 1 1006 1039 1040 4341 4342 4343
1952 9 2 1 1 1006 1040 1007 4343 4344 4245
1953 9 2 1 1 1007 1040 1041 4344 4345 4346
1954 9 2 1 1 1007 1041 1008 4346 4347 4248
1955 9 2 1 1 1008 1041 1042 4347 4348 4349
1956 9 2 1 1 1008 1042 1009 4349 4350 4251
1957 9 2 1 1 1009 1042 1043 4350 4351 4352
1958 9 2 1 1 1009 1043 1010 4352 4353 4254
1959 9 2 1 1 1010 1043 1044 4353 4354 4355
1960 9 2 1 1 1010 1044 1011 4355 4356 4257
1961 9 2 11 11 1011 1044 1045 4356 4357 4358
1962 9 2 11 11 1011 1045 1012 4358 4359 4260
1963 9 2 11 11 1012 1045 1046 4359 4360 4361
1964 9 2 11 11 1012 1046 1013 4361 4362 4263
1965 9 2 11 11 1013 1046 1047 4362 4363 4364
1966 9 2 11 11 1013 1047 1014 4364 4365 4266
1967 9 2 11 11 1014 1047 1048 4365 4366 4367
1968 9 2 11 11 1014 1048 1015 4367 4368 4269
1969 9 2 11 11 1015 1048 1049 4368 4369 4370
1970 9 2 11 11 1015 1049 1016 4370 4371 4272
1971 9 2 11 11 1016 1049 1050 4371 4372 4373
1972 9 2 11 11 1016 1050 1017 4373 4374 4275
1973 9 2 11 11 1017 1050 1051 4374 4375 4376
1974 9 2 11 11 1017 1051 1018 4376 4377 4278
1975 9 2 11 11 1018 1051 1052 4377 4378 4379
1976 9 2 11 11 1018 1052 1019 4379 4380 4281
1977 9 2 11 11 1019 1052 1053 4380 4381 4382
1978 9 2 11 11 1019 1053 1020 4382 4383 4284
1979 9 2 11 11 1020 1053 1054 4383 4384 4385
1980 9 2 11 11 1020 1054 1021 4385 4386 4287
1981 9 2 11 11 1021 1054 1055 4386 4387 4388
1982 9 2 11 11 1021 1055 1022 4388 4389 4290
1983 9 2 11 11 1022 1055 1056 4389 4390 4391
1984 9 2 11 11 1022 1056 1023 4391 4392 4293
1985 9 2 10 10 1024 1057 1058 4393 4394 4395
1986 9 2 10 10 1024 1058 1025 4395 4396 4297
1987 9 2 10 10 1025 1058 1059 4396 4397 4398
1988 9 2 10 10 1025 1059 1026 4398 4399 4300
1989 9 2 10 10 1026 1059 1060 4399 4400 4401
1990 9 2 10 10 1026 1060 1027 4401 4402 4303
1991 9 2 10 10 1027 1060 1061 4402 4403 4404
1992 9 2 10 10 1027 1061 1028 4404 4405 4306
1993 9 2 10 10 1028 1061 1062 4405 4406 4407
1994 9 2 10 10 1028 1062 1029 4407 4408 4309
1995 9 2 10 10 1029 1062 1063 4408 4409 4410
1996 9 2 10 10 1029 1063 1030 4410 4411 4312
1997 9 2 10 10 1030 1063 1064 4411 4412 4413
1998 9 2 10 10 1030 1064 1031 4413 4414 4315
1999 9 2 10 10 1031 1064 1065 4414 4415 4416
2000 9 2 10 10 1031 1065 1032 4416 4417 4318
2001 9 2 10 10 1032 1065 1066 4417 4418 4419
2002 9 2 10 10 1032 1066 1033 4419 4420 4321
2003 9 2 10 10 1033 1066 1067 4420 4421 4422
2004 9 2 10 10 1033 1067 1034 4422 4423 4324
2005 9 2 10 10 1034 1067 1068 4423 4424 4425
2006 9 2 10 10 1034 1068 1035 4425 4426 4327
2007 9 2 10 10 1035 1068 1069 4426 4427 4428
2008 9 2 10 10 1035 1069 1036 4428 4429 4330
2009 9 2 1 1 1036 1069 1070 4429 4430 4431
2010 9 2 1 1 1036 1070 1037 4431 4432 4333
2011 9 2 1 1 1037 1070 1071 4432 4433 4434
2012 9 2 1 1 1037 1071 1038 4434 4435 4336
2013 9 2 1 1 1038 1071 1072 4435 4436 4437
2014 9 2 1 1 1038 1072 1039 4437 4438 4339
2015 9 2 1 1 1039 1072 1073 4438 4439 4440
2016 9 2 1 1 1039 1073 1040 4440 4441 4342
2017 9 2 1 1 1040 1073 1074 4441 4442 4443
2018 9 2 1 1 1040 1074 1041 4443 4444 4345
2019 9 2 1 1 1041 1074 1075 4444 4445 4446
2020 9 2 1 1 1041 1075 1042 4446 4447 4348
2021 9 2 1 1 1042 1075 1076 4447 4448 4449
2022 9 2 1 1 1042 1076 1043 4449 4450 4351
2023 9 2 1 1 1043 1076 1077 4450 4451 4452
2024 9 2 1 1 1043 1077 1044 4452 4453 4354
2025 9 2 11 11 1044 1077 1078 4453 4454 4455
2026 9 2 11 11 1044 1078 1045 4455 4456 4357
2027 9 2 11 11 1045 1078 1079 4456 4457 4458
2028 9 2 11 11 1045 1079 1046 4458 4459 4360
2029 9 2 11 11 1046 1079 1080 4459 4460 4461
2030 9 2 11 11 1046 1080 1047 4461 4462 4363
2031 9 2 11 11 1047 1080 1081 4462 4463 4464
2032 9 2 11 11 1047 1081 1048 4464 4465 4366
2033 9 2 11 11 1048 1081 1082 4465 4466 4467
2034 9 2 11 11 1048 1082 1049 4467 4468 4369
2035 9 2 11 11 1049 1082 1083 4468 4469 4470
2036 9 2 11 11 1049 1083 1050 4470 4471 4372
2037 9 2 11 11 1050 1083 1084 4471 4472 4473
2038 9 2 11 11 1050 1084 1051 4473 4474 4375
2039 9 2 11 11 1051 1084 1085 4474 4475 4476
2040 9 2 11 11 1051 1085 1052 4476 4477 4378
2041 9 2 11 11 1052 1085 1086 4477 4478 4479
2042 9 2 11 11 1052 1086 1053 4479 4480 4381
2043 9 2 11 11 1053 1086 1087 4480 4481 4482
2044 9 2 11 11 1053 1087 1054 4482 4483 4384
2045 9 2 11 11 1054 1087 1088 4483 4484 4485
2046 9 2 11 11 1054 1088 1055 4485 4486 4387
2047 9 2 11 11 1055 1088 1089 4486 4487 4488
2048 9 2 11 11 1055 1089 1056 4488 4489 4390
2049 9 2 10 10 1057 1090 1091 4490 4491 4492
2050 9 2 10 10 1057 1091 1058 4492 4493 4394
2051 9 2 10 10 1058 1091 1092 4493 4494 4495
2052 9 2 10 10 1058 1092 1059 4495 4496 4397
2053 9 2 10 10 1059 1092 1093 4496 4497 4498
2054 9 2 10 10 1059 1093 1060 4498 4499 4400
2055 9 2 10 10 1060 1093 1094 4499 4500 4501
2056 9 2 10 10 1060 1094 1061 4501 4502 4403
2057 9 2 10 10 1061 1094 1095 4502 4503 4504
2058 9 2 10 10 1061 1095 1062 4504 4505 4406
2059 9 2 10 10 1062 1095 1096 4505 4506 4507
2060 9 2 10 10 1062 1096 1063 4507 4508 4409
2061 9 2 10 10 1063 1096 1097 4508 4509 4510
2062 9 2 10 10 1063 1097 1064 4510 4511 4412
2063 9 2 10 10 1064 1097 1098 4511 4512 4513
2064 9 2 10 10 1064 1098 1065 4513 4514 4415
2065 9 2 10 10 1065 1098 1099 4514 4515 4516
2066 9 2 10 10 1065 1099 1066 4516 4517 4418
2067 9 2 10 10 1066 1099 1100 4517 4518 4519
2068 9 2 10 10 1066 1100 1067 4519 4520 4421
2069 9 2 10 10 1067 1100 1101 4520 4521 4522
2070 9 2 10 10 1067 1101 1068 4522 4523 4424
2071 9 2 10 10 1068 1101 1102 4523 4524 4525
2072 9 2 10 10 1068 1102 1069 4525 4526 4427
2073 9 2 1 1 1069 1102 1103 4526 4527 4528
2074 9 2 1 1 1069 1103 1070 4528 4529 4430
2075 9 2 1 1 1070 1103 1104 4529 4530 4531
2076 9 2 1 1 1070 1104 1071 4531 4532 4433
2077 9 2 1 1 1071 1104 1105 4532 4533 4534
2078 9 2 1 1 1071 1105 1072 4534 4535 4436
2079 9 2 1 1 1072 1105 1106 4535 4536 4537
2080 9 2 1 1 1072 1106 1073 4537 4538 4439
2081 9 2 1 1 1073 1106 1107 4538 4539 4540
2082 9 2 1 1 1073 1107 1074 4540 4541 4442
2083 9 2 1 1 1074 1107 1108 4541 4542 4543
2084 9 2 1 1 1074 1108 1075 4543 4544 4445
2085 9 2 1 1 1075 1108 1109 4544 4545 4546
2086 9 2 1 1 1075 1109 1076 4546 4547 4448
2087 9 2 1 1 1076 1109 1110 4547 4548 4549
2088 9 2 1 1 1076 1110 1077 4549 4550 4451
2089 9 2 11 11 1077 1110 1111 4550 4551 4552
2090 9 2 11 11 1077 1111 1078 4552 4553 4454
2091 9 2 11 11 1078 1111 1112 4553 4554 4555
2092 9 2 11 11 1078 1112 1079 4555 4556 4457
2093 9 2 11 11 1079 1112 1113 4556 4557 4558
2094 9 2 11 11 1079 1113 1080 4558 4559 4460
2095 9 2 11 11 1080 1113 1114 4559 4560 4561
2096 9 2 11 11 1080 1114 1081 4561 4562 4463
2097 9 2 11 11 1081 1114 1115 4562 4563 4564
2098 9 2 11 11 1081 1115 1082 4564 4565 4466
2099 9 2 11 11 1082 1115 1116 4565 4566 4567
2100 9 2 11 11 1082 1116 1083 4567 4568 4469
2101 9 2 11 11 1083 1116 1117 4568 4569 4570
2102 9 2 11 11 1083 1117 1084 4570 4571 4472
2103 9 2 11 11 1084 1117 1118 4571 4572 4573
2104 9 2 11 11 1084 1118 1085 4573 4574 4475
2105 9 2 11 11 1085 1118 1119 4574 4575 4576
2106 9 2 11 11 1085 1119 1086 4576 4577 4478
2107 9 2 11 11 1086 1119 1120 4577 4578 4579
2108 9 2 11 11 1086 1120 1087 4579 4580 4481
2109 9 2 11 11 1087 1120 1121 4580 4581 4582
2110 9 2 11 11 1087 1121 1088 4582 4583 4484
2111 9 2 11 11 1088 1121 1122 4583 4584 4585
2112 9 2 11 11 1088 1122 1089 4585 4586 4487
2113 9 2 10 10 1090 1123 1124 4587 4588 4589
2114 9 2 10 10 1090 1124 1091 4589 4590 4491
2115 9 2 10 10 1091 1124 1125 4590 4591 4592
2116 9 2 10 10 1091 1125 1092 4592 4593 4494
2117 9 2 10 10 1092 1125 1126 4593 4594 4595
2118 9 2 10 10 1092 1126 1093 4595 4596 4497
2119 9 2 10 10 1093 1126 1127 4596 4597 4598
2120 9 2 10 10 1093 1127 1094 4598 4599 4500
2121 9 2 10 10 1094 1127 1128 4599 4600 4601
2122 9 2 10 10 1094 1128 1095 4601 4602 4503
2123 9 2 10 10 1095 1128 1129 4602 4603 4604
2124 9 2 10 10 1095 1129 1096 4604 4605 4506
2125 9 2 10 10 1096 1129 1130 4605 4606 4607
2126 9 2 10 10 1096 1130 1097 4607 4608 4509
2127 9 2 10 10 1097 1130 1131 4608 4609 4610
2128 9 2 10 10 1097 1131 1098 4610 4611 4512
2129 9 2 10 10 1098 1131 1132 4611 4612 4613
2130 9 2 10 10 1098 1132 1099 4613 4614 4515
2131 9 2 10 10 1099 1132 1133 4614 4615 4616
2132 9 2 10 10 1099 1133 1100 4616 4617 4518
2133 9 2 10 10 1100 1133 1134 4617 4618 4619
2134 9 2 10 10 1100 1134 1101 4619 4620 4521
2135 9 2 10 10 1101 1134 1135 4620 4621 4622
2136 9 2 10 10 1101 1135 1102 4622 4623 4524
2137 9 2 1 1 1102 1135 1136 4623 4624 4625
2138 9 2 1 1 1102 1136 1103 4625 4626 4527
2139 9 2 1 1 1103 1136 1137 4626 4627 4628
2140 9 2 1 1 1103 1137 1104 4628 4629 4530
2141 9 2 1 1 1104 1137 1138 4629 4630 4631
2142 9 2 1 1 1104 1138 1105 4631 4632 4533
2143 9 2 1 1 1105 1138 1139 4632 4633 4634
2144 9 2 1 1 1105 1139 1106 4634 4635 4536
2145 9 2 1 1 1106 1139 1140 4635 4636 4637
2146 9 2 1 1 1106 1140 1107 4637 4638 4539
2147 9 2 1 1 1107 1140 1141 4638 4639 4640
2148 9 2 1 1 1107 1141 1108 4640 4641 4542
2149 9 2 1 1 1108 1141 1142 4641 4642 4643
2150 9 2 1 1 1108 1142 1109 4643 4644 4545
2151 9 2 1 1 1109 1142 1143 4644 4645 4646
2152 9 2 1 1 1109 1143 1110 4646 4647 4548
2153 9 2 11 11 1110 1143 1144 4647 4648 4649
2154 9 2 11 11 1110 1144 1111 4649 4650 4551
2155 9 2 11 11 1111 1144 1145 4650 4651 4652
2156 9 2 11 11 1111 1145 1112 4652 4653 4554
2157 9 2 11 11 1112 1145 1146 4653 4654 4655
2158 9 2 11 11 1112 1146 1113 4655 4656 4557
2159 9 2 11 11 1113 1146 1147 4656 4657 4658
2160 9 2 11 11 1113 1147 1114 4658 4659 4560
2161 9 2 11 11 1114 1147 1148 4659 4660 4661
2162 9 2 11 11 1114 1148 1115 4661 4662 4563
2163 9 2 11 11 1115 1148 1149 4662 4663 4664
2164 9 2 11 11 1115 1149 1116 4664 4665 4566
2165 9 2 11 11 1116 1149 1150 4665 4666 4667
2166 9 2 11 11 1116 1150 1117 4667 4668 4569
2167 9 2 11 11 1117 1150 1151 4668 4669 4670
2168 9 2 11 11 1117 1151 1118 4670 4671 4572
2169 9 2 11 11 1118 1151 1152 4671 4672 4673
2170 9 2 11 11 1118 1152 1119 4673 4674 4575
2171 9 2 11 11 1119 1152 1153 4674 4675 4676
2172 9 2 11 11 1119 1153 1120 4676 4677 4578
2173 9 2 11 11 1120 1153 1154 4677 4678 4679
2174 9 2 11 11 1120 1154 1121 4679 4680 4581
2175 9 2 11 11 1121 1154 1155 4680 4681 4682
2176 9 2 11 11 1121 1155 1122 4682 4683 4584
2177 9 2 10 10 1123 1156 1157 4684 4685 4686
2178 9 2 10 10 1123 1157 1124 4686 4687 4588
2179 9 2 10 10 1124 1157 1158 4687 4688 4689
2180 9 2 10 10 1124 1158 1125 4689 4690 4591
2181 9 2 10 10 1125 1158 1159 4690 4691 4692
2182 9 2 10 10 1125 1159 1126 4692 4693 4594
2183 9 2 10 10 1126 1159 1160 4693 4694 4695
2184 9 2 10 10 1126 1160 1127 4695 4696 4597
2185 9 2 10 10 1127 1160 1161 4696 4697 4698
2186 9 2 10 10 1127 1161 1128 4698 4699 4600
2187 9 2 10 10 1128 1161 1162 4699 4700 4701
2188 9 2 10 10 1128 1162 1129 4701 4702 4603
2189 9 2 10 10 1129 1162 1163 4702 4703 4704
2190 9 2 10 10 1129 1163 1130 4704 4705 4606
2191 9 2 10 10 1130 1163 1164 4705 4706 4707
2192 9 2 10 10 1130 1164 1131 4707 4708 4609
2193 9 2 10 10 1131 1164 1165 4708 4709 4710
2194 9 2 10 10 1131 1165 1132 4710 4711 4612
2195 9 2 10 10 1132 1165 1166 4711 4712 4713
2196 9 2 10 10 1132 1166 1133 4713 4714 4615
2197 9 2 10 10 1133 1166 1167 4714 4715 4716
2198 9 2 10 10 1133 1167 1134 4716 4717 4618
2199 9 2 10 10 1134 1167 1168 4717 4718 4719
2200 9 2 10 10 1134 1168 1135 4719 4720 4621
2201 9 2 1 1 1135 1168 1169 4720 4721 4722
2202 9 2 1 1 1135 1169 1136 4722 4723 4624
2203 9 2 1 1 1136 1169 1170 4723 4724 4725
2204 9 2 1 1 1136 1170 1137 4725 4726 4627
2205 9 2 1 1 1137 1170 1171 4726 4727 4728
2206 9 2 1 1 1137 1171 1138 4728 4729 4630
2207 9 2 1 1 1138 1171 1172 4729 4730 4731
2208 9 2 1 1 1138 1172 1139 4731 4732 4633
2209 9 2 1 1 1139 1172 1173 4732 4733 4734
2210 9 2 1 1 1139 1173 1140 4734 4735 4636
2211 9 2 1 1 1140 1173 1174 4735 4736 4737
2212 9 2 1 1 1140 1174 1141 4737 4738 4639
2213 9 2 1 1 1141 1174 1175 4738 4739 4740
2214 9 2 1 1 1141 1175 1142 4740 4741 4642
2215 9 2 1 1 1142 1175 1176 4741 4742 4743
2216 9 2 1 1 1142 1176 1143 4743 4744 4645
2217 9 2 11 11 1143 1176 1177 4744 4745 4746
2218 9 2 11 11 1143 1177 1144 4746 4747 4648
2219 9 2 11 11 1144 1177 1178 4747 4748 4749
2220 9 2 11 11 1144 1178 1145 4749 4750 4651
2221 9 2 11 11 1145 1178 1179 4750 4751 4752
2222 9 2 11 11 1145 1179 1146 4752 4753 4654
2223 9 2 11 11 1146 1179 1180 4753 4754 4755
2224 9 2 11 11 1146 1180 1147 4755 4756 4657
2225 9 2 11 11 1147 1180 1181 4756 4757 4758
2226 9 2 11 11 1147 1181 1148 4758 4759 4660
2227 9 2 11 11 1148 1181 1182 4759 4760 4761
2228 9 2 11 11 1148 1182 1149 4761 4762 4663
2229 9 2 11 11 1149 1182 1183 4762 4763 4764
2230 9 2 11 11 1149 1183 1150 4764 4765 4666
2231 9 2 11 11 1150 1183 1184 4765 4766 4767
2232 9 2 11 11 1150 1184 1151 4767 4768 4669
2233 9 2 11 11 1151 1184 1185 4768 4769 4770
2234 9 2 11 11 1151 1185 1152 4770 4771 4672
2235 9 2 11 11 1152 1185 1186 4771 4772 4773
2236 9 2 11 11 1152 1186 1153 4773 4774 4675
2237 9 2 11 11 1153 1186 1187 4774 4775 4776
2238 9 2 11 11 1153 1187 1154 4776 4777 4678
2239 9 2 11 11 1154 1187 1188 4777 4778 4779
2240 9 2 11 11 1154 1188 1155 4779 4780 4681
2241 9 2 10 10 1156 1189 1190 4781 4782 4783
2242 9 2 10 10 1156 1190 1157 4783 4784 4685
2243 9 2 10 10 1157 1190 1191 4784 4785 4786
2244 9 2 10 10 1157 1191 1158 4786 4787 4688
2245 9 2 10 10 1158 1191 1192 4787 4788 4789
2246 9 2 10 10 1158 1192 1159 4789 4790 4691
2247 9 2 10 10 1159 1192 1193 4790 4791 4792
2248 9 2 10 10 1159 1193 1160 4792 4793 4694
2249 9 2 10 10 1160 1193 1194 4793 4794 4795
2250 9 2 10 10 1160 1194 1161 4795 4796 4697
2251 9 2 10 10 1161 1194 1195 4796 4797 4798
2252 9 2 10 10 1161 1195 1162 4798 4799 4700
2253 9 2 10 10 1162 1195 1196 4799 4800 4801
2254 9 2 10 10 1162 1196 1163 4801 4802 4703
2255 9 2 10 10 1163 1196 1197 4802 4803 4804
2256 9 2 10 10 1163 1197 1164 4804 4805 4706
2257 9 2 10 10 1164 1197 1198 4805 4806 4807
2258 9 2 10 10 1164 1198 1165 4807 4808 4709
2259 9 2 10 10 1165 1198 1199 4808 4809 4810
2260 9 2 10 10 1165 1199 1166 4810 4811 4712
2261 9 2 10 10 1166 1199 1200 4811 4812 4813
2262 9 2 10 10 1166 1200 1167 4813 4814 4715
2263 9 2 10 10 1167 1200 1201 4814 4815 4816
2264 9 2 10 10 1167 1201 1168 4816 4817 4718
2265 9 2 1 1 1168 1201 1202 4817 4818 4819
2266 9 2 1 1 1168 1202 1169 4819 4820 4721
2267 9 2 1 1 1169 1202 1203 4820 4821 4822
2268 9 2 1 1 1169 1203 1170 4822 4823 4724
2269 9 2 1 1 1170 1203 1204 4823 4824 4825
2270 9 2 1 1 1170 1204 1171 4825 4826 4727
2271 9 2 1 1 1171 1204 1205 4826 4827 4828
2272 9 2 1 1 1171 1205 1172 4828 4829 4730
2273 9 2 1 1 1172 1205 1206 4829 4830 4831
2274 9 2 1 1 1172 1206 1173 4831 4832 4733
2275 9 2 1 1 1173 1206 1207 4832 4833 4834
2276 9 2 1 1 1173 1207 1174 4834 4835 4736
2277 9 2 1 1 1174 1207 1208 4835 4836 4837
2278 9 2 1 1 1174 1208 1175 4837 4838 4739
2279 9 2 1 1 1175 1208 1209 4838 4839 4840
2280 9 2 1 1 1175 1209 1176 4840 4841 4742
2281 9 2 11 11 1176 1209 1210 4841 4842 4843
2282 9 2 11 11 1176 1210 1177 4843 4844 4745
2283 9 2 11 11 1177 1210 1211 4844 4845 4846
2284 9 2 11 11 1177 1211 1178 4846 4847 4748
2285 9 2 11 11 1178 1211 1212 4847 4848 4849
2286 9 2 11 11 1178 1212 1179 4849 4850 4751
2287 9 2 11 11 1179 1212 1213 4850 4851 4852
2288 9 2 11 11 1179 1213 1180 4852 4853 4754
2289 9 2 11 11 1180 1213 1214 4853 4854 4855
2290 9 2 11 11 1180 1214 1181 4855 4856 4757
2291 9 2 11 11 1181 1214 1215 4856 4857 4858
2292 9 2 11 11 1181 1215 1182 4858 4859 4760
2293 9 2 11 11 1182 1215 1216 4859 4860 4861
2294 9 2 11 11 1182 1216 1183 4861 4862 4763
2295 9 2 11 11 1183 1216 1217 4862 4863 4864
2296 9 2 11 11 1183 1217 1184 4864 4865 4766
2297 9 2 11 11 1184 1217 1218 4865 4866 4867
2298 9 2 11 11 1184 1218 1185 4867 4868 4769
2299 9 2 11 11 1185 1218 1219 4868 4869 4870
2300 9 2 11 11 1185 1219 1186 4870 4871 4772
2301 9 2 11 11 1186 1219 1220 4871 4872 4873
2302 9 2 11 11 1186 1220 1187 4873 4874 4775
2303 9 2 11 11 1187 1220 1221 4874 4875 4876
2304 9 2 11 11 1187 1221 1188 4876 4877 4778
2305 9 2 10 10 1189 1222 1223 4878 4879 4880
2306 9 2 10 10 1189 1223 1190 4880 4881 4782
2307 9 2 10 10 1190 1223 1224 4881 4882 4883
2308 9 2 10 10 1190 1224 1191 4883 4884 4785
2309 9 2 10 10 1191 1224 1225 4884 4885 4886
2310 9 2 10 10 1191 1225 1192 4886 4887 4788
2311 9 2 10 10 1192 1225 1226 4887 4888 4889
2312 9 2 10 10 1192 1226 1193 4889 4890 4791
2313 9 2 10 10 1193 1226 1227 4890 4891 4892
2314 9 2 10 10 1193 1227 1194 4892 4893 4794
2315 9 2 10 10 1194 1227 1228 4893 4894 4895
2316 9 2 10 10 1194 1228 1195 4895 4896 4797
2317 9 2 10 10 1195 1228 1229 4896 4897 4898
2318 9 2 10 10 1195 1229 1196 4898 4899 4800
2319 9 2 10 10 1196 1229 1230 4899 4900 4901
2320 9 2 10 10 1196 1230 1197 4901 4902 4803
2321 9 2 10 10 1197 1230 1231 4902 4903 4904
2322 9 2 10 10 1197 1231 1198 4904 4905 4806
2323 9 2 10 10 1198 1231 1232 4905 4906 4907
2324 9 2 10 10 1198 1232 1199 4907 4908 4809
2325 9 2 10 10 1199 1232 1233 4908 4909 4910
2326 9 2 10 10 1199 1233 1200 4910 4911 4812
2327 9 2 10 10 1200 1233 1234 4911 4912 4913
2328 9 2 10 10 1200 1234 1201 4913 4914 4815
2329 9 2 1 1 1201 1234 1235 4914 4915 4916
2330 9 2 1 1 1201 1235 1202 4916 4917 4818
2331 9 2 1 1 1202 1235 1236 4917 4918 4919
2332 9 2 1 1 1202 1236 1203 4919 4920 4821
2333 9 2 1 1 1203 1236 1237 4920 4921 4922
2334 9 2 1 1 1203 1237 1204 4922 4923 4824
2335 9 2 1 1 1204 1237 1238 4923 4924 4925
2336 9 2 1 1 1204 1238 1205 4925 4926 4827
2337 9 2 1 1 1205 1238 1239 4926 4927 4928
2338 9 2 1 1 1205 1239 1206 4928 4929 4830
2339 9 2 1 1 1206 1239 1240 4929 4930 4931
2340 9 2 1 1 1206 1240 1207 4931 4932 4833
2341 9 2 1 1 1207 1240 1241 4932 4933 4934
2342 9 2 1 1 1207 1241 1208 4934 4935 4836
2343 9 2 1 1 1208 1241 1242 4935 4936 4937
2344 9 2 1 1 1208 1242 1209 4937 4938 4839
2345 9 2 11 11 1209 1242 1243 4938 4939 4940
2346 9 2 11 11 1209 1243 1210 4940 4941 4842
2347 9 2 11 11 1210 1243 1244 4941 4942 4943
2348 9 2 11 11 1210 1244 1211 4943 4944 4845
2349 9 2 11 11 1211 1244 1245 4944 4945 4946
2350 9 2 11 11 1211 1245 1212 4946 4947 4848
2351 9 2 11 11 1212 1245 1246 4947 4948 4949
2352 9 2 11 11 1212 1246 1213 4949 4950 4851
2353 9 2 11 11 1213 1246 1247 4950 4951 4952
2354 9 2 11 11 1213 1247 1214 4952 4953 4854
2355 9 2 11 11 1214 1247 1248 4953 4954 4955
2356 9 2 11 11 1214 1248 1215 4955 4956 4857
2357 9 2 11 11 1215 1248 1249 4956 4957 4958
2358 9 2 11 11 1215 1249 1216 4958 4959 4860
2359 9 2 11 11 1216 1249 1250 4959 4960 4961
2360 9 2 11 11 1216 1250 1217 4961 4962 4863
2361 9 2 11 11 1217 1250 1251 4962 4963 4964
2362 9 2 11 11 1217 1251 1218 4964 4965 4866
2363 9 2 11 11 1218 1251 1252 4965 4966 4967
2364 9 2 11 11 1218 1252 1219 4967 4968 4869
2365 9 2 11 11 1219 1252 1253 4968 4969 4970
2366 9 2 11 11 1219 1253 1220 4970 4971 4872
2367 9 2 11 11 1220 1253 1254 4971 4972 4973
2368 9 2 11 11 1220 1254 1221 4973 4974 4875
2369 9 2 10 10 1222 1255 1256 4975 4976 4977
2370 9 2 10 10 1222 1256 1223 4977 4978 4879
2371 9 2 10 10 1223 1256 1257 4978 4979 4980
2372 9 2 10 10 1223 1257 1224 4980 4981 4882
2373 9 2 10 10 1224 1257 1258 4981 4982 4983
2374 9 2 10 10 1224 1258 1225 4983 4984 4885
2375 9 2 10 10 1225 1258 1259 4984 4985 4986
2376 9 2 10 10 1225 1259 1226 4986 4987 4888
2377 9 2 10 10 1226 1259 1260 4987 4988 4989
2378 9 2 10 10 1226 1260 1227 4989 4990 4891
2379 9 2 10 10 1227 1260 1261 4990 4991 4992
2380 9 2 10 10 1227 1261 1228 4992 4993 4894
2381 9 2 10 10 1228 1261 1262 4993 4994 4995
2382 9 2 10 10 1228 1262 1229 4995 4996 4897
2383 9 2 10 10 1229 1262 1263 4996 4997 4998
2384 9 2 10 10 1229 1263 1230 4998 4999 4900
2385 9 2 10 10 1230 1263 1264 4999 5000 5001
2386 9 2 10 10 1230 1264 1231 5001 5002 4903
2387 9 2 10 10 1231 1264 1265 5002 5003 5004
2388 9 2 10 10 1231 1265 1232 5004 5005 4906
2389 9 2 10 10 1232 1265 1266 5005 5006 5007
2390 9 2 10 10 1232 1266 1233 5007 5008 4909
2391 9 2 10 10 1233 1266 1267 5008 5009 5010
2392 9 2 10 10 1233 1267 1234 5010 5011 4912
2393 9 2 1 1 1234 1267 1268 5011 5012 5013
2394 9 2 1 1 1234 1268 1235 5013 5014 4915
2395 9 2 1 1 1235 1268 1269 5014 5015 5016
2396 9 2 1 1 1235 1269 1236 5016 5017 4918
2397 9 2 1 1 1236 1269 1270 5017 5018 5019
2398 9 2 1 1 1236 1270 1237 5019 5020 4921
2399 9 2 1 1 1237 1270 1271 5020 5021 5022
2400 9 2 1 1 1237 1271 1238 5022 5023 4924
2401 9 2 1 1 1238 1271 1272 5023 5024 5025
2402 9 2 1 1 1238 1272 1239 5025 5026 4927
2403 9 2 1 1 1239 1272 1273 5026 5027 5028
2404 9 2 1 1 1239 1273 1240 5028 5029 4930
2405 9 2 1 1 1240 1273 1274 5029 5030 5031
2406 9 2 1 1 1240 1274 1241 5031 5032 4933
2407 9 2 1 1 1241 1274 1275 5032 5033 5034
2408 9 2 1 1 1241 1275 1242 5034 5035 4936
2409 9 2 11 11 1242 1275 1276 5035 5036 5037
2410 9 2 11 11 1242 1276 1243 5037 5038 4939
2411 9 2 11 11 1243 1276 1277 5038 5039 5040
2412 9 2 11 11 1243 1277 1244 5040 5041 4942
2413 9 2 11 11 1244 1277 1278 5041 5042 5043
2414 9 2 11 11 1244 1278 1245 5043 5044 4945
2415 9 2 11 11 1245 1278 1279 5044 5045 5046
2416 9 2 11 11 1245 1279 1246 5046 5047 4948
2417 9 2 11 11 1246 1279 1280 5047 5048 5049
2418 9 2 11 11 1246 1280 1247 5049 5050 4951
2419 9 2 11 11 1247 1280 1281 5050 5051 5052
2420 9 2 11 11 1247 1281 1248 5052 5053 4954
2421 9 2 11 11 1248 1281 1282 5053 5054 5055
2422 9 2 11 11 1248 1282 1249 5055 5056 4957
2423 9 2 11 11 1249 1282 1283 5056 5057 5058
2424 9 2 11 11 1249 1283 1250 5058 5059 4960
2425 9 2 11 11 1250 1283 1284 5059 5060 5061
2426 9 2 11 11 1250 1284 1251 5061 5062 4963
2427 9 2 11 11 1251 1284 1285 5062 5063 5064
2428 9 2 11 11 1251 1285 1252 5064 5065 4966
2429 9 2 11 11 1252 1285 1286 5065 5066 5067
2430 9 2 11 11 1252 1286 1253 5067 5068 4969
2431 9 2 11 11 1253 1286 1287 5068 5069 5070
2432 9 2 11 11 1253 1287 1254 5070 5071 4972
2433 9 2 10 10 1255 1288 1289 5072 5073 5074
2434 9 2 10 10 1255 1289 1256 5074 5075 4976
2435 9 2 10 10 1256 1289 1290 5075 5076 5077
2436 9 2 10 10 1256 1290 1257 5077 5078 4979
2437 9 2 10 10 1257 1290 1291 5078 5079 5080
2438 9 2 10 10 1257 1291 1258 5080 5081 4982
2439 9 2 10 10 1258 1291 1292 5081 5082 5083
2440 9 2 10 10 1258 1292 1259 5083 5084 4985
2441 9 2 10 10 1259 1292 1293 5084 5085 5086
2442 9 2 10 10 1259 1293 1260 5086 5087 4988
2443 9 2 10 10 1260 1293 1294 5087 5088 5089
2444 9 2 10 10 1260 1294 1261 5089 5090 4991
2445 9 2 10 10 1261 1294 1295 5090 5091 5092
2446 9 2 10 10 1261 1295 1262 5092 5093 4994
2447 9 2 10 10 1262 1295 1296 5093 5094 5095
2448 9 2 10 10 1262 1296 1263 5095 5096 4997
2449 9 2 10 10 1263 1296 1297 5096 5097 5098
2450 9 2 10 10 1263 1297 1264 5098 5099 5000
2451 9 2 10 10 1264 1297 1298 5099 5100 5101
2452 9 2 10 10 1264 1298 1265 5101 5102 5003
2453 9 2 10 10 1265 1298 1299 5102 5103 5104
2454 9 2 10 10 1265 1299 1266 5104 5105 5006
2455 9 2 10 10 1266 1299 1300 5105 5106 5107
2456 9 2 10 10 1266 1300 1267 5107 5108 5009
2457 9 2 1 1 1267 1300 1301 5108 5109 5110
2458 9 2 1 1 1267 1301 1268 5110 5111 5012
2459 9 2 1 1 1268 1301 1302 5111 5112 5113
2460 9 2 1 1 1268 1302 1269 5113 5114 5015
2461 9 2 1 1 1269 1302 1303 5114 5115 5116
2462 9 2 1 1 1269 1303 1270 5116 5117 5018
2463 9 2 1 1 1270 1303 1304 5117 5118 5119
2464 9 2 1 1 1270 1304 1271 5119 5120 5021
2465 9 2 1 1 1271 1304 1305 5120 5121 5122
2466 9 2 1 1 1271 1305 1272 5122 5123 5024
2467 9 2 1 1 1272 1305 1306 5123 5124 5125
2468 9 2 1 1 1272 1306 1273 5125 5126 5027
2469 9 2 1 1 1273 1306 1307 5126 5127 5128
2470 9 2 1 1 1273 1307 1274 5128 5129 5030
2471 9 2 1 1 1274 1307 1308 5129 5130 5131
2472 9 2 1 1 1274 1308 1275 5131 5132 5033
2473 9 2 11 11 1275 1308 1309 5132 5133 5134
2474 9 2 11 11 1275 1309 1276 5134 5135 5036
2475 9 2 11 11 1276 1309 1310 5135 5136 5137
2476 9 2 11 11 1276 1310 1277 5137 5138 5039
2477 9 2 11 11 1277 1310 1311 5138 5139 5140
2478 9 2 11 11 1277 1311 1278 5140 5141 5042
2479 9 2 11 11 1278 1311 1312 5141 5142 5143
2480 9 2 11 11 1278 1312 1279 5143 5144 5045
2481 9 2 11 11 1279 1312 1313 5144 5145 5146
2482 9 2 11 11 1279 1313 1280 5146 5147 5048
2483 9 2 11 11 1280 1313 1314 5147 5148 5149
2484 9 2 11 11 1280 1314 1281 5149 5150 5051
2485 9 2 11 11 1281 1314 1315 5150 5151 5152
2486 9 2 11 11 1281 1315 1282 5152 5153 5054
2487 9 2 11 11 1282 1315 1316 5153 5154 5155
2488 9 2 11 11 1282 1316 1283 5155 5156 5057
2489 9 2 11 11 1283 1316 1317 5156 5157 5158
2490 9 2 11 11 1283 1317 1284 5158 5159 5060
2491 9 2 11 11 1284 1317 1318 5159 5160 5161
2492 9 2 11 11 1284 1318 1285 5161 5162 5063
2493 9 2 11 11 1285 1318 1319 5162 5163 5164
2494 9 2 11 11 1285 1319 1286 5164 5165 5066
2495 9 2 11 11 1286 1319 1320 5165 5166 5167
2496 9 2 11 11 1286 1320 1287 5167 5168 5069
2497 9 2 10 10 1288 1321 1322 5169 5170 5171
2498 9 2 10 10 1288 1322 1289 5171 5172 5073
2499 9 2 10 10 1289 1322 1323 5172 5173 5174
2500 9 2 10 10 1289 1323 1290 5174 5175 5076
2501 9 2 10 10 1290 1323 1324 5175 5176 5177
2502 9 2 10 10 1290 1324 1291 5177 5178 5079
2503 9 2 10 10 1291 1324 1325 5178 5179 5180
2504 9 2 10 10 1291 1325 1292 5180 5181 5082
2505 9 2 10 10 1292 1325 1326 5181 5182 5183
2506 9 2 10 10 1292 1326 1293 5183 5184 5085
2507 9 2 10 10 1293 1326 1327 5184 5185 5186
2508 9 2 10 10 1293 1327 1294 5186 5187 5088
2509 9 2 10 10 1294 1327 1328 5187 5188 5189
2510 9 2 10 10 1294 1328 1295 5189 5190 5091
2511 9 2 10 10 1295 1328 1329 5190 5191 5192
2512 9 2 10 10 1295 1329 1296 5192 5193 5094
2513 9 2 10 10 1296 1329 1330 5193 5194 5195
2514 9 2 10 10 1296 1330 1297 5195 5196 5097
2515 9 2 10 10 1297 1330 1331 5196 5197 5198
2516 9 2 10 10 1297 1331 1298 5198 5199 5100
2517 9 2 10 10 1298 1331 1332 5199 5200 5201
2518 9 2 10 10 1298 1332 1299 5201 5202 5103
2519 9 2 10 10 1299 1332 1333 5202 5203 5204
2520 9 2 10 10 1299 1333 1300 5204 5205 5106
2521 9 2 1 1 1300 1333 1334 5205 5206 5207
2522 9 2 1 1 1300 1334 1301 5207 5208 5109
2523 9 2 1 1 1301 1334 1335 5208 5209 5210
2524 9 2 1 1 1301 1335 1302 5210 5211 5112
2525 9 2 1 1 1302 1335 1336 5211 5212 5213
2526 9 2 1 1 1302 1336 1303 5213 5214 5115
2527 9 2 1 1 1303 1336 1337 5214 5215 5216
2528 9 2 1 1 1303 1337 1304 5216 5217 5118
2529 9 2 1 1 1304 1337 1338 5217 5218 5219
2530 9 2 1 1 1304 1338 1305 5219 5220 5121
2531 9 2 1 1 1305 1338 1339 5220 5221 5222
2532 9 2 1 1 1305 1339 1306 5222 5223 5124
2533 9 2 1 1 1306 1339 1340 5223 5224 5225
2534 9 2 1 1 1306 1340 1307 5225 5226 5127
2535 9 2 1 1 1307 1340 1341 5226 5227 5228
2536 9 2 1 1 1307 1341 1308 5228 5229 5130
2537 9 2 11 11 1308 1341 1342 5229 5230 5231
2538 9 2 11 11 1308 1342 1309 5231 5232 5133
2539 9 2 11 11 1309 1342 1343 5232 5233 5234
2540 9 2 11 11 1309 1343 1310 5234 5235 5136
2541 9 2 11 11 1310 1343 1344 5235 5236 5237
2542 9 2 11 11 1310 1344 1311 5237 5238 5139
2543 9 2 11 11 1311 1344 1345 5238 5239 5240
2544 9 2 11 11 1311 1345 1312 5240 5241 5142
2545 9 2 11 11 1312 1345 1346 5241 5242 5243
2546 9 2 11 11 1312 1346 1313 5243 5244 5145
2547 9 2 11 11 1313 1346 1347 5244 5245 5246
2548 9 2 11 11 1313 1347 1314 5246 5247 5148
2549 9 2 11 11 1314 1347 1348 5247 5248 5249
2550 9 2 11 11 1314 1348 1315 5249 5250 5151
2551 9 2 11 11 1315 1348 1349 5250 5251 5252
2552 9 2 11 11 1315 1349 1316 5252 5253 5154
2553 9 2 11 11 1316 1349 1350 5253 5254 5255
2554 9 2 11 11 1316 1350 1317 5255 5256 5157
2555 9 2 11 11 1317 1350 1351 5256 5257 5258
2556 9 2 11 11 1317 1351 1318 5258 5259 5160
2557 9 2 11 11 1318 1351 1352 5259 5260 5261
2558 9 2 11 11 1318 1352 1319 5261 5262 5163
2559 9 2 11 11 1319 1352 1353 5262 5263 5264
2560 9 2 11 11 1319 1353 1320 5264 5265 5166
$EndElements
