$MeshFormat
2.2 0 8
$EndMeshFormat
$Nodes
1353
1 0 -0.0004080127018922193 -0.0002933012701892219
2 0 -0.0004088784479087001 -0.0002918017541022269
3 0 -0.0004100472050309491 -0.0002897774073847837
4 0 -0.0004116250271459852 -0.0002870445393162353
5 0 -0.000413755087001284 -0.000283355167423695
6 0 -0.0004166306678059373 -0.0002783745153687656
7 0 -0.0004205127018922194 -0.0002716506350946109
8 0 -0.0004243947359785014 -0.0002649267548204562
9 0 -0.0004272703167831547 -0.0002599461027655268
10 0 -0.0004294003766384535 -0.0002562567308729865
11 0 -0.0004309781987534896 -0.0002535238628044382
12 0 -0.0004321469558757386 -0.0002514995160869949
13 0 -0.0004330127018922193 -0.00025
14 0 -0.0004405509111906005 -0.0002369434384971156
15 0 -0.0004507274937434151 -0.0002193170804682218
16 0 -0.0004644658801897148 -0.0001955214971292151
17 0 -0.0004830127018922194 -0.0001633974596215561
18 0 -0.0005015595235947239 -0.0001312734221138971
19 0 -0.0005152979100410236 -0.0001074778387748903
20 0 -0.0005254744925938382 -8.985148074599651e-05
21 0 -0.0005330127018922193 -7.67949192431122e-05
22 0 -0.0005338784479087 -7.529540315611723e-05
23 0 -0.0005350472050309491 -7.327105643867396e-05
24 0 -0.0005366250271459852 -7.05381883701256e-05
25 0 -0.0005387550870012839 -6.684881647758532e-05
26 0 -0.0005416306678059373 -6.186816442265591e-05
27 0 -0.0005455127018922193 -5.514428414850125e-05
28 0 -0.0005493947359785014 -4.842040387434654e-05
29 0 -0.0005522703167831547 -4.343975181941718e-05
30 0 -0.0005544003766384535 -3.975037992687687e-05
31 0 -0.0005559781987534896 -3.701751185832851e-05
32 0 -0.0005571469558757386 -3.499316514088524e-05
33 0 -0.0005580127018922194 -3.349364905389028e-05
34 0 -0.0003863620667976084 -0.0002808012701892219
35 0 -0.0003872278128140891 -0.0002793017541022269
36 0 -0.0003883965699363381 -0.0002772774073847837
37 0 -0.0003899743920513742 -0.0002745445393162353
38 0 -0.000392104451906673 -0.000270855167423695
39 0 -0.0003949800327113263 -0.0002658745153687657
40 0 -0.0003988620667976084 -0.0002591506350946109
41 0 -0.0004027441008838904 -0.0002524267548204562
42 0 -0.0004056196816885437 -0.0002474461027655268
43 0 -0.0004077497415438426 -0.0002437567308729866
44 0 -0.0004093275636588787 -0.0002410238628044382
45 0 -0.0004104963207811276 -0.000238999516086995
46 0 -0.0004113620667976084 -0.0002375
47 0 -0.0004189002760959895 -0.0002244434384971157
48 0 -0.0004290768586488041 -0.0002068170804682218
49 0 -0.0004428152450951038 -0.0001830214971292151
50 0 -0.0004613620667976083 -0.0001508974596215561
51 0 -0.0004799088885001129 -0.0001187734221138971
52 0 -0.0004936472749464126 -9.497783877489036e-05
53 0 -0.0005038238574992273 -7.735148074599653e-05
54 0 -0.0005113620667976084 -6.429491924311222e-05
55 0 -0.0005122278128140891 -6.279540315611725e-05
56 0 -0.0005133965699363381 -6.077105643867398e-05
57 0 -0.0005149743920513742 -5.803818837012563e-05
58 0 -0.000517104451906673 -5.434881647758535e-05
59 0 -0.0005199800327113263 -4.936816442265593e-05
60 0 -0.0005238620667976084 -4.264428414850127e-05
61 0 -0.0005277441008838903 -3.592040387434656e-05
62 0 -0.0005306196816885437 -3.09397518194172e-05
63 0 -0.0005327497415438425 -2.725037992687689e-05
64 0 -0.0005343275636588786 -2.451751185832853e-05
65 0 -0.0005354963207811277 -2.249316514088526e-05
66 0 -0.0005363620667976083 -2.09936490538903e-05
67 0 -0.0003647114317029974 -0.0002683012701892219
68 0 -0.0003655771777194781 -0.0002668017541022269
69 0 -0.0003667459348417271 -0.0002647774073847837
70 0 -0.0003683237569567633 -0.0002620445393162353
71 0 -0.000370453816812062 -0.000258355167423695
72 0 -0.0003733293976167154 -0.0002533745153687656
73 0 -0.0003772114317029974 -0.000246650635094611
74 0 -0.0003810934657892794 -0.0002399267548204563
75 0 -0.0003839690465939328 -0.0002349461027655269
76 0 -0.0003860991064492316 -0.0002312567308729866
77 0 -0.0003876769285642677 -0.0002285238628044382
78 0 -0.0003888456856865166 -0.000226499516086995
79 0 -0.0003897114317029974 -0.000225
80 0 -0.0003972496410013786 -0.0002119434384971157
81 0 -0.0004074262235541931 -0.0001943170804682218
82 0 -0.0004211646100004928 -0.0001705214971292151
83 0 -0.0004397114317029974 -0.0001383974596215561
84 0 -0.0004582582534055019 -0.0001062734221138971
85 0 -0.0004719966398518017 -8.247783877489035e-05
86 0 -0.0004821732224046162 -6.485148074599653e-05
87 0 -0.0004897114317029974 -5.179491924311221e-05
88 0 -0.0004905771777194781 -5.029540315611725e-05
89 0 -0.0004917459348417271 -4.827105643867398e-05
90 0 -0.0004933237569567633 -4.553818837012562e-05
91 0 -0.000495453816812062 -4.184881647758534e-05
92 0 -0.0004983293976167154 -3.686816442265592e-05
93 0 -0.0005022114317029974 -3.014428414850127e-05
94 0 -0.0005060934657892794 -2.342040387434655e-05
95 0 -0.0005089690465939328 -1.843975181941719e-05
96 0 -0.0005110991064492316 -1.475037992687688e-05
97 0 -0.0005126769285642677 -1.201751185832853e-05
98 0 -0.0005138456856865167 -9.993165140885257e-06
99 0 -0.0005147114317029974 -8.493649053890293e-06
100 0 -0.0003430607966083865 -0.0002558012701892219
101 0 -0.0003439265426248672 -0.0002543017541022269
102 0 -0.0003450952997471162 -0.0002522774073847837
103 0 -0.0003466731218621523 -0.0002495445393162353
104 0 -0.0003488031817174511 -0.000245855167423695
105 0 -0.0003516787625221044 -0.0002408745153687656
106 0 -0.0003555607966083865 -0.000234150635094611
107 0 -0.0003594428306946685 -0.0002274267548204563
108 0 -0.0003623184114993219 -0.0002224461027655269
109 0 -0.0003644484713546207 -0.0002187567308729866
110 0 -0.0003660262934696568 -0.0002160238628044382
111 0 -0.0003671950505919057 -0.000213999516086995
112 0 -0.0003680607966083865 -0.0002125
113 0 -0.0003755990059067676 -0.0001994434384971157
114 0 -0.0003857755884595822 -0.0001818170804682218
115 0 -0.0003995139749058819 -0.0001580214971292151
116 0 -0.0004180607966083865 -0.0001258974596215561
117 0 -0.000436607618310891 -9.377342211389708e-05
118 0 -0.0004503460047571907 -6.997783877489038e-05
119 0 -0.0004605225873100053 -5.235148074599655e-05
120 0 -0.0004680607966083865 -3.929491924311223e-05
121 0 -0.0004689265426248672 -3.779540315611727e-05
122 0 -0.0004700952997471162 -3.5771056438674e-05
123 0 -0.0004716731218621523 -3.303818837012564e-05
124 0 -0.0004738031817174511 -2.934881647758536e-05
125 0 -0.0004766787625221045 -2.436816442265595e-05
126 0 -0.0004805607966083865 -1.764428414850129e-05
127 0 -0.0004844428306946685 -1.092040387434657e-05
128 0 -0.0004873184114993219 -5.939751819417213e-06
129 0 -0.0004894484713546207 -2.250379926876906e-06
130 0 -0.0004910262934696568 4.824881416714524e-07
131 0 -0.0004921950505919057 2.506834859114721e-06
132 0 -0.0004930607966083865 4.006350946109686e-06
133 0 -0.0003214101615137755 -0.0002433012701892219
134 0 -0.0003222759075302563 -0.0002418017541022269
135 0 -0.0003234446646525052 -0.0002397774073847837
136 0 -0.0003250224867675414 -0.0002370445393162353
137 0 -0.0003271525466228401 -0.000233355167423695
138 0 -0.0003300281274274935 -0.0002283745153687656
139 0 -0.0003339101615137755 -0.000221650635094611
140 0 -0.0003377921956000575 -0.0002149267548204563
141 0 -0.0003406677764047109 -0.0002099461027655269
142 0 -0.0003427978362600097 -0.0002062567308729866
143 0 -0.0003443756583750458 -0.0002035238628044382
144 0 -0.0003455444154972948 -0.000201499516086995
145 0 -0.0003464101615137755 -0.0002
146 0 -0.0003539483708121567 -0.0001869434384971157
147 0 -0.0003641249533649712 -0.0001693170804682218
148 0 -0.000377863339811271 -0.0001455214971292151
149 0 -0.0003964101615137755 -0.0001133974596215561
150 0 -0.0004149569832162801 -8.127342211389708e-05
151 0 -0.0004286953696625798 -5.747783877489037e-05
152 0 -0.0004388719522153943 -3.985148074599654e-05
153 0 -0.0004464101615137755 -2.679491924311223e-05
154 0 -0.0004472759075302563 -2.529540315611726e-05
155 0 -0.0004484446646525052 -2.327105643867399e-05
156 0 -0.0004500224867675413 -2.053818837012564e-05
157 0 -0.0004521525466228401 -1.684881647758536e-05
158 0 -0.0004550281274274935 -1.186816442265594e-05
159 0 -0.0004589101615137755 -5.144284148501281e-06
160 0 -0.0004627921956000575 1.579596125653431e-06
161 0 -0.0004656677764047109 6.560248180582793e-06
162 0 -0.0004677978362600096 1.02496200731231e-05
163 0 -0.0004693756583750457 1.298248814167146e-05
164 0 -0.0004705444154972948 1.500683485911473e-05
165 0 -0.0004714101615137755 1.650635094610969e-05
166 0 -0.0002997595264191645 -0.0002308012701892219
167 0 -0.0003006252724356453 -0.0002293017541022269
168 0 -0.0003017940295578942 -0.0002272774073847837
169 0 -0.0003033718516729304 -0.0002245445393162353
170 0 -0.0003055019115282292 -0.000220855167423695
171 0 -0.0003083774923328825 -0.0002158745153687656
172 0 -0.0003122595264191646 -0.0002091506350946109
173 0 -0.0003161415605054466 -0.0002024267548204563
174 0 -0.0003190171413100999 -0.0001974461027655269
175 0 -0.0003211472011653987 -0.0001937567308729866
176 0 -0.0003227250232804348 -0.0001910238628044382
177 0 -0.0003238937804026838 -0.000188999516086995
178 0 -0.0003247595264191645 -0.0001875
179 0 -0.0003322977357175457 -0.0001744434384971157
180 0 -0.0003424743182703603 -0.0001568170804682218
181 0 -0.00035621270471666 -0.0001330214971292151
182 0 -0.0003747595264191646 -0.0001008974596215561
183 0 -0.0003933063481216691 -6.877342211389707e-05
184 0 -0.0004070447345679688 -4.497783877489036e-05
185 0 -0.0004172213171207834 -2.735148074599654e-05
186 0 -0.0004247595264191645 -1.429491924311222e-05
187 0 -0.0004256252724356452 -1.279540315611726e-05
188 0 -0.0004267940295578943 -1.077105643867399e-05
189 0 -0.0004283718516729304 -8.03818837012563e-06
190 0 -0.0004305019115282292 -4.34881647758535e-06
191 0 -0.0004333774923328825 6.318355773440659e-07
192 0 -0.0004372595264191645 7.355715851498724e-06
193 0 -0.0004411415605054466 1.407959612565344e-05
194 0 -0.0004440171413100999 1.90602481805828e-05
195 0 -0.0004461472011653987 2.274962007312311e-05
196 0 -0.0004477250232804348 2.548248814167146e-05
197 0 -0.0004488937804026838 2.750683485911473e-05
198 0 -0.0004497595264191645 2.90063509461097e-05
199 0 -0.0002781088913245536 -0.0002183012701892219
200 0 -0.0002789746373410343 -0.0002168017541022269
201 0 -0.0002801433944632833 -0.0002147774073847837
202 0 -0.0002817212165783194 -0.0002120445393162353
203 0 -0.0002838512764336182 -0.000208355167423695
204 0 -0.0002867268572382715 -0.0002033745153687656
205 0 -0.0002906088913245536 -0.0001966506350946109
206 0 -0.0002944909254108356 -0.0001899267548204563
207 0 -0.0002973665062154889 -0.0001849461027655269
208 0 -0.0002994965660707877 -0.0001812567308729866
209 0 -0.0003010743881858238 -0.0001785238628044382
210 0 -0.0003022431453080728 -0.000176499516086995
211 0 -0.0003031088913245536 -0.000175
212 0 -0.0003106471006229347 -0.0001619434384971157
213 0 -0.0003208236831757493 -0.0001443170804682218
214 0 -0.000334562069622049 -0.0001205214971292151
215 0 -0.0003531088913245535 -8.839745962155609e-05
216 0 -0.0003716557130270581 -5.627342211389707e-05
217 0 -0.0003853940994733578 -3.247783877489036e-05
218 0 -0.0003955706820261724 -1.485148074599653e-05
219 0 -0.0004031088913245536 -1.794919243112216e-06
220 0 -0.0004039746373410343 -2.954031561172511e-07
221 0 -0.0004051433944632833 1.728943561326017e-06
222 0 -0.0004067212165783194 4.461811629874376e-06
223 0 -0.0004088512764336182 8.151183522414656e-06
224 0 -0.0004117268572382715 1.313183557734407e-05
225 0 -0.0004156088913245535 1.985571585149873e-05
226 0 -0.0004194909254108356 2.657959612565344e-05
227 0 -0.0004223665062154889 3.15602481805828e-05
228 0 -0.0004244965660707877 3.524962007312311e-05
229 0 -0.0004260743881858238 3.798248814167147e-05
230 0 -0.0004272431453080728 4.000683485911474e-05
231 0 -0.0004281088913245535 4.15063509461097e-05
232 0 -0.0002564582562299426 -0.0002058012701892219
233 0 -0.0002573240022464233 -0.0002043017541022269
234 0 -0.0002584927593686723 -0.0002022774073847837
235 0 -0.0002600705814837085 -0.0001995445393162353
236 0 -0.0002622006413390072 -0.000195855167423695
237 0 -0.0002650762221436606 -0.0001908745153687656
238 0 -0.0002689582562299426 -0.0001841506350946109
239 0 -0.0002728402903162246 -0.0001774267548204563
240 0 -0.000275715871120878 -0.0001724461027655269
241 0 -0.0002778459309761768 -0.0001687567308729866
242 0 -0.0002794237530912129 -0.0001660238628044382
243 0 -0.0002805925102134618 -0.000163999516086995
244 0 -0.0002814582562299426 -0.0001625
245 0 -0.0002889964655283238 -0.0001494434384971157
246 0 -0.0002991730480811383 -0.0001318170804682218
247 0 -0.000312911434527438 -0.0001080214971292151
248 0 -0.0003314582562299426 -7.589745962155609e-05
249 0 -0.0003500050779324471 -4.377342211389706e-05
250 0 -0.0003637434643787469 -1.997783877489035e-05
251 0 -0.0003739200469315614 -2.351480745996524e-06
252 0 -0.0003814582562299426 1.070508075688779e-05
253 0 -0.0003823240022464233 1.220459684388275e-05
254 0 -0.0003834927593686723 1.422894356132602e-05
255 0 -0.0003850705814837085 1.696181162987438e-05
256 0 -0.0003872006413390072 2.065118352241466e-05
257 0 -0.0003900762221436606 2.563183557734408e-05
258 0 -0.0003939582562299426 3.235571585149874e-05
259 0 -0.0003978402903162246 3.907959612565345e-05
260 0 -0.000400715871120878 4.406024818058281e-05
261 0 -0.0004028459309761767 4.774962007312312e-05
262 0 -0.0004044237530912129 5.048248814167148e-05
263 0 -0.0004055925102134618 5.250683485911474e-05
264 0 -0.0004064582562299426 5.400635094610971e-05
265 0 -0.0002348076211353316 -0.0001933012701892219
266 0 -0.0002356733671518124 -0.0001918017541022269
267 0 -0.0002368421242740613 -0.0001897774073847837
268 0 -0.0002384199463890975 -0.0001870445393162353
269 0 -0.0002405500062443962 -0.000183355167423695
270 0 -0.0002434255870490496 -0.0001783745153687656
271 0 -0.0002473076211353316 -0.000171650635094611
272 0 -0.0002511896552216136 -0.0001649267548204563
273 0 -0.000254065236026267 -0.0001599461027655269
274 0 -0.0002561952958815658 -0.0001562567308729866
275 0 -0.0002577731179966019 -0.0001535238628044382
276 0 -0.0002589418751188509 -0.000151499516086995
277 0 -0.0002598076211353316 -0.00015
278 0 -0.0002673458304337128 -0.0001369434384971157
279 0 -0.0002775224129865273 -0.0001193170804682218
280 0 -0.0002912607994328271 -9.552149712921514e-05
281 0 -0.0003098076211353316 -6.339745962155611e-05
282 0 -0.0003283544428378362 -3.127342211389708e-05
283 0 -0.0003420928292841359 -7.477838774890374e-06
284 0 -0.0003522694118369504 1.014851925400345e-05
285 0 -0.0003598076211353316 2.320508075688777e-05
286 0 -0.0003606733671518124 2.470459684388273e-05
287 0 -0.0003618421242740613 2.6728943561326e-05
288 0 -0.0003634199463890974 2.946181162987436e-05
289 0 -0.0003655500062443962 3.315118352241464e-05
290 0 -0.0003684255870490496 3.813183557734406e-05
291 0 -0.0003723076211353316 4.485571585149871e-05
292 0 -0.0003761896552216136 5.157959612565343e-05
293 0 -0.000379065236026267 5.656024818058279e-05
294 0 -0.0003811952958815657 6.02496200731231e-05
295 0 -0.0003827731179966018 6.298248814167145e-05
296 0 -0.0003839418751188509 6.500683485911472e-05
297 0 -0.0003848076211353316 6.650635094610969e-05
298 0 -0.0002131569860407206 -0.0001808012701892219
299 0 -0.0002140227320572014 -0.0001793017541022269
300 0 -0.0002151914891794503 -0.0001772774073847837
301 0 -0.0002167693112944865 -0.0001745445393162353
302 0 -0.0002188993711497852 -0.000170855167423695
303 0 -0.0002217749519544386 -0.0001658745153687656
304 0 -0.0002256569860407206 -0.0001591506350946109
305 0 -0.0002295390201270026 -0.0001524267548204562
306 0 -0.000232414600931656 -0.0001474461027655269
307 0 -0.0002345446607869548 -0.0001437567308729865
308 0 -0.0002361224829019909 -0.0001410238628044382
309 0 -0.0002372912400242399 -0.0001389995160869949
310 0 -0.0002381569860407206 -0.0001375
311 0 -0.0002456951953391018 -0.0001244434384971156
312 0 -0.0002558717778919164 -0.0001068170804682218
313 0 -0.000269610164338216 -8.30214971292151e-05
314 0 -0.0002881569860407206 -5.089745962155608e-05
315 0 -0.0003067038077432252 -1.877342211389705e-05
316 0 -0.0003204421941895249 5.022161225109659e-06
317 0 -0.0003306187767423395 2.264851925400349e-05
318 0 -0.0003381569860407206 3.57050807568878e-05
319 0 -0.0003390227320572013 3.720459684388277e-05
320 0 -0.0003401914891794503 3.922894356132603e-05
321 0 -0.0003417693112944865 4.196181162987439e-05
322 0 -0.0003438993711497852 4.565118352241467e-05
323 0 -0.0003467749519544386 5.063183557734409e-05
324 0 -0.0003506569860407206 5.735571585149875e-05
325 0 -0.0003545390201270026 6.407959612565346e-05
326 0 -0.000357414600931656 6.906024818058282e-05
327 0 -0.0003595446607869548 7.274962007312313e-05
328 0 -0.0003611224829019909 7.548248814167149e-05
329 0 -0.0003622912400242399 7.750683485911476e-05
330 0 -0.0003631569860407206 7.900635094610972e-05
331 0 -0.0001915063509461097 -0.0001683012701892219
332 0 -0.0001923720969625904 -0.0001668017541022269
333 0 -0.0001935408540848394 -0.0001647774073847837
334 0 -0.0001951186761998755 -0.0001620445393162353
335 0 -0.0001972487360551743 -0.000158355167423695
336 0 -0.0002001243168598276 -0.0001533745153687656
337 0 -0.0002040063509461097 -0.0001466506350946109
338 0 -0.0002078883850323917 -0.0001399267548204563
339 0 -0.000210763965837045 -0.0001349461027655269
340 0 -0.0002128940256923438 -0.0001312567308729866
341 0 -0.00021447184780738 -0.0001285238628044382
342 0 -0.0002156406049296289 -0.000126499516086995
343 0 -0.0002165063509461097 -0.000125
344 0 -0.0002240445602444908 -0.0001119434384971156
345 0 -0.0002342211427973054 -9.431708046822181e-05
346 0 -0.0002479595292436051 -7.052149712921512e-05
347 0 -0.0002665063509461096 -3.83974596215561e-05
348 0 -0.0002850531726486142 -6.273422113897071e-06
349 0 -0.0002987915590949139 1.752216122510964e-05
350 0 -0.0003089681416477285 3.514851925400347e-05
351 0 -0.0003165063509461097 4.820508075688778e-05
352 0 -0.0003173720969625904 4.970459684388274e-05
353 0 -0.0003185408540848394 5.172894356132601e-05
354 0 -0.0003201186761998755 5.446181162987437e-05
355 0 -0.0003222487360551743 5.815118352241465e-05
356 0 -0.0003251243168598276 6.313183557734407e-05
357 0 -0.0003290063509461096 6.985571585149873e-05
358 0 -0.0003328883850323917 7.657959612565344e-05
359 0 -0.000335763965837045 8.15602481805828e-05
360 0 -0.0003378940256923438 8.524962007312311e-05
361 0 -0.0003394718478073799 8.798248814167147e-05
362 0 -0.0003406406049296289 9.000683485911473e-05
363 0 -0.0003415063509461096 9.15063509461097e-05
364 0 -0.0001698557158514987 -0.0001558012701892219
365 0 -0.0001707214618679795 -0.000154301754102227
366 0 -0.0001718902189902285 -0.0001522774073847837
367 0 -0.0001734680411052646 -0.0001495445393162354
368 0 -0.0001755981009605634 -0.0001458551674236951
369 0 -0.0001784736817652167 -0.0001408745153687657
370 0 -0.0001823557158514987 -0.000134150635094611
371 0 -0.0001862377499377808 -0.0001274267548204563
372 0 -0.0001891133307424341 -0.0001224461027655269
373 0 -0.0001912433905977329 -0.0001187567308729866
374 0 -0.000192821212712769 -0.0001160238628044382
375 0 -0.000193989969835018 -0.000113999516086995
376 0 -0.0001948557158514988 -0.0001125
377 0 -0.0002023939251498799 -9.944343849711568e-05
378 0 -0.0002125705077026945 -8.181708046822185e-05
379 0 -0.0002263088941489942 -5.802149712921516e-05
380 0 -0.0002448557158514987 -2.589745962155613e-05
381 0 -0.0002634025375540033 6.226577886102894e-06
382 0 -0.000277140924000303 3.00221612251096e-05
383 0 -0.0002873175065531176 4.764851925400343e-05
384 0 -0.0002948557158514987 6.070508075688774e-05
385 0 -0.0002957214618679795 6.220459684388271e-05
386 0 -0.0002968902189902285 6.422894356132598e-05
387 0 -0.0002984680411052646 6.696181162987434e-05
388 0 -0.0003005981009605634 7.065118352241462e-05
389 0 -0.0003034736817652167 7.563183557734403e-05
390 0 -0.0003073557158514987 8.235571585149869e-05
391 0 -0.0003112377499377808 8.90795961256534e-05
392 0 -0.0003141133307424341 9.406024818058276e-05
393 0 -0.0003162433905977329 9.774962007312307e-05
394 0 -0.000317821212712769 0.0001004824881416714
395 0 -0.000318989969835018 0.0001025068348591147
396 0 -0.0003198557158514987 0.0001040063509461097
397 0 -0.0001482050807568877 -0.0001433012701892219
398 0 -0.0001490708267733685 -0.0001418017541022269
399 0 -0.0001502395838956174 -0.0001397774073847837
400 0 -0.0001518174060106536 -0.0001370445393162353
401 0 -0.0001539474658659524 -0.000133355167423695
402 0 -0.0001568230466706057 -0.0001283745153687656
403 0 -0.0001607050807568877 -0.000121650635094611
404 0 -0.0001645871148431698 -0.0001149267548204563
405 0 -0.0001674626956478231 -0.0001099461027655269
406 0 -0.0001695927555031219 -0.0001062567308729866
407 0 -0.000171170577618158 -0.0001035238628044382
408 0 -0.000172339334740407 -0.000101499516086995
409 0 -0.0001732050807568877 -9.999999999999998e-05
410 0 -0.0001807432900552689 -8.694343849711565e-05
411 0 -0.0001909198726080835 -6.931708046822182e-05
412 0 -0.0002046582590543831 -4.552149712921513e-05
413 0 -0.0002232050807568877 -1.33974596215561e-05
414 0 -0.0002417519024593923 1.872657788610293e-05
415 0 -0.000255490288905692 4.252216122510964e-05
416 0 -0.0002656668714585066 6.014851925400346e-05
417 0 -0.0002732050807568877 7.320508075688778e-05
418 0 -0.0002740708267733685 7.470459684388274e-05
419 0 -0.0002752395838956174 7.672894356132601e-05
420 0 -0.0002768174060106535 7.946181162987437e-05
421 0 -0.0002789474658659524 8.315118352241465e-05
422 0 -0.0002818230466706057 8.813183557734406e-05
423 0 -0.0002857050807568877 9.485571585149872e-05
424 0 -0.0002895871148431698 0.0001015795961256534
425 0 -0.0002924626956478231 0.0001065602481805828
426 0 -0.0002945927555031219 0.0001102496200731231
427 0 -0.000296170577618158 0.0001129824881416715
428 0 -0.000297339334740407 0.0001150068348591147
429 0 -0.0002982050807568877 0.0001165063509461097
430 0 -0.0001265544456622767 -0.0001308012701892219
431 0 -0.0001274201916787575 -0.0001293017541022269
432 0 -0.0001285889488010065 -0.0001272774073847837
433 0 -0.0001301667709160426 -0.0001245445393162353
434 0 -0.0001322968307713414 -0.000120855167423695
435 0 -0.0001351724115759947 -0.0001158745153687656
436 0 -0.0001390544456622767 -0.0001091506350946109
437 0 -0.0001429364797485588 -0.0001024267548204563
438 0 -0.0001458120605532121 -9.744610276552686e-05
439 0 -0.0001479421204085109 -9.375673087298656e-05
440 0 -0.000149519942523547 -9.102386280443819e-05
441 0 -0.000150688699645796 -8.899951608699496e-05
442 0 -0.0001515544456622768 -8.749999999999997e-05
443 0 -0.0001590926549606579 -7.444343849711564e-05
444 0 -0.0001692692375134725 -5.681708046822181e-05
445 0 -0.0001830076239597722 -3.302149712921512e-05
446 0 -0.0002015544456622768 -8.974596215560943e-07
447 0 -0.0002201012673647813 3.122657788610293e-05
448 0 -0.000233839653811081 5.502216122510964e-05
449 0 -0.0002440162363638956 7.264851925400347e-05
450 0 -0.0002515544456622767 8.570508075688778e-05
451 0 -0.0002524201916787574 8.720459684388275e-05
452 0 -0.0002535889488010065 8.922894356132602e-05
453 0 -0.0002551667709160426 9.196181162987438e-05
454 0 -0.0002572968307713414 9.565118352241465e-05
455 0 -0.0002601724115759947 0.0001006318355773441
456 0 -0.0002640544456622767 0.0001073557158514987
457 0 -0.0002679364797485588 0.0001140795961256534
458 0 -0.0002708120605532121 0.0001190602481805828
459 0 -0.0002729421204085109 0.0001227496200731231
460 0 -0.000274519942523547 0.0001254824881416715
461 0 -0.000275688699645796 0.0001275068348591147
462 0 -0.0002765544456622768 0.0001290063509461097
463 0 -0.0001049038105676658 -0.0001183012701892219
464 0 -0.0001057695565841465 -0.0001168017541022269
465 0 -0.0001069383137063955 -0.0001147774073847837
466 0 -0.0001085161358214317 -0.0001120445393162353
467 0 -0.0001106461956767304 -0.0001083551674236951
468 0 -0.0001135217764813838 -0.0001033745153687657
469 0 -0.0001174038105676658 -9.665063509461097e-05
470 0 -0.0001212858446539478 -8.992675482045628e-05
471 0 -0.0001241614254586012 -8.494610276552688e-05
472 0 -0.0001262914853139 -8.125673087298659e-05
473 0 -0.0001278693074289361 -7.852386280443821e-05
474 0 -0.0001290380645511851 -7.649951608699499e-05
475 0 -0.0001299038105676658 -7.499999999999999e-05
476 0 -0.000137442019866047 -6.194343849711567e-05
477 0 -0.0001476186024188616 -4.431708046822183e-05
478 0 -0.0001613569888651612 -2.052149712921514e-05
479 0 -0.0001799038105676658 1.160254037844388e-05
480 0 -0.0001984506322701704 4.372657788610291e-05
481 0 -0.00021218901871647 6.752216122510962e-05
482 0 -0.0002223656012692846 8.514851925400345e-05
483 0 -0.0002299038105676658 9.820508075688776e-05
484 0 -0.0002307695565841465 9.970459684388273e-05
485 0 -0.0002319383137063955 0.000101728943561326
486 0 -0.0002335161358214316 0.0001044618116298744
487 0 -0.0002356461956767304 0.0001081511835224146
488 0 -0.0002385217764813838 0.000113131835577344
489 0 -0.0002424038105676658 0.0001198557158514987
490 0 -0.0002462858446539478 0.0001265795961256534
491 0 -0.0002491614254586012 0.0001315602481805828
492 0 -0.0002512914853139 0.0001352496200731231
493 0 -0.0002528693074289361 0.0001379824881416714
494 0 -0.0002540380645511851 0.0001400068348591147
495 0 -0.0002549038105676658 0.0001415063509461097
496 0 -8.325317547305484e-05 -0.0001058012701892219
497 0 -8.411892148953557e-05 -0.0001043017541022269
498 0 -8.528767861178455e-05 -0.0001022774073847837
499 0 -8.686550072682069e-05 -9.954453931623534e-05
500 0 -8.899556058211946e-05 -9.585516742369505e-05
501 0 -9.187114138677282e-05 -9.087451536876566e-05
502 0 -9.575317547305483e-05 -8.415063509461096e-05
503 0 -9.963520955933686e-05 -7.742675482045628e-05
504 0 -0.0001025107903639902 -7.244610276552687e-05
505 0 -0.000104640850219289 -6.875673087298658e-05
506 0 -0.0001062186723343251 -6.602386280443821e-05
507 0 -0.0001073874294565741 -6.399951608699498e-05
508 0 -0.0001082531754730548 -6.249999999999999e-05
509 0 -0.000115791384771436 -4.944343849711566e-05
510 0 -0.0001259679673242506 -3.181708046822182e-05
511 0 -0.0001397063537705503 -8.021497129215136e-06
512 0 -0.0001582531754730548 2.410254037844389e-05
513 0 -0.0001767999971755594 5.622657788610292e-05
514 0 -0.0001905383836218591 8.002216122510963e-05
515 0 -0.0002007149661746737 9.764851925400345e-05
516 0 -0.0002082531754730548 0.0001107050807568878
517 0 -0.0002091189214895356 0.0001122045968438827
518 0 -0.0002102876786117846 0.000114228943561326
519 0 -0.0002118655007268207 0.0001169618116298744
520 0 -0.0002139955605821194 0.0001206511835224146
521 0 -0.0002168711413867728 0.000125631835577344
522 0 -0.0002207531754730548 0.0001323557158514987
523 0 -0.0002246352095593368 0.0001390795961256534
524 0 -0.0002275107903639902 0.0001440602481805828
525 0 -0.000229640850219289 0.0001477496200731231
526 0 -0.0002312186723343251 0.0001504824881416715
527 0 -0.0002323874294565741 0.0001525068348591147
528 0 -0.0002332531754730548 0.0001540063509461097
529 0 -6.160254037844387e-05 -9.330127018922193e-05
530 0 -6.246828639492459e-05 -9.180175410222694e-05
531 0 -6.363704351717358e-05 -8.977740738478371e-05
532 0 -6.521486563220971e-05 -8.704453931623535e-05
533 0 -6.734492548750849e-05 -8.335516742369504e-05
534 0 -7.022050629216184e-05 -7.837451536876565e-05
535 0 -7.410254037844386e-05 -7.165063509461097e-05
536 0 -7.798457446472589e-05 -6.492675482045627e-05
537 0 -8.086015526937923e-05 -5.994610276552688e-05
538 0 -8.299021512467802e-05 -5.625673087298657e-05
539 0 -8.456803723971415e-05 -5.352386280443821e-05
540 0 -8.573679436196314e-05 -5.149951608699497e-05
541 0 -8.660254037844386e-05 -4.999999999999999e-05
542 0 -9.414074967682503e-05 -3.694343849711566e-05
543 0 -0.0001043173322296396 -1.931708046822183e-05
544 0 -0.0001180557186759393 4.478502870784862e-06
545 0 -0.0001366025403784439 3.660254037844389e-05
546 0 -0.0001551493620809484 6.872657788610292e-05
547 0 -0.0001688877485272481 9.252216122510962e-05
548 0 -0.0001790643310800627 0.0001101485192540034
549 0 -0.0001866025403784439 0.0001232050807568878
550 0 -0.0001874682863949246 0.0001247045968438827
551 0 -0.0001886370435171736 0.000126728943561326
552 0 -0.0001902148656322097 0.0001294618116298744
553 0 -0.0001923449254875085 0.0001331511835224146
554 0 -0.0001952205062921618 0.000138131835577344
555 0 -0.0001991025403784439 0.0001448557158514987
556 0 -0.0002029845744647259 0.0001515795961256534
557 0 -0.0002058601552693792 0.0001565602481805828
558 0 -0.000207990215124678 0.0001602496200731231
559 0 -0.0002095680372397141 0.0001629824881416714
560 0 -0.0002107367943619631 0.0001650068348591147
561 0 -0.0002116025403784438 0.0001665063509461097
562 0 -3.995190528383289e-05 -8.080127018922192e-05
563 0 -4.081765130031362e-05 -7.930175410222693e-05
564 0 -4.198640842256261e-05 -7.72774073847837e-05
565 0 -4.356423053759874e-05 -7.454453931623534e-05
566 0 -4.569429039289752e-05 -7.085516742369504e-05
567 0 -4.856987119755087e-05 -6.587451536876565e-05
568 0 -5.245190528383289e-05 -5.915063509461096e-05
569 0 -5.633393937011492e-05 -5.242675482045627e-05
570 0 -5.920952017476826e-05 -4.744610276552688e-05
571 0 -6.133958003006704e-05 -4.375673087298657e-05
572 0 -6.291740214510318e-05 -4.10238628044382e-05
573 0 -6.408615926735216e-05 -3.899951608699497e-05
574 0 -6.495190528383289e-05 -3.749999999999998e-05
575 0 -7.249011458221406e-05 -2.444343849711566e-05
576 0 -8.266669713502864e-05 -6.81708046822182e-06
577 0 -9.640508358132831e-05 1.697850287078487e-05
578 0 -0.0001149519052838329 4.910254037844389e-05
579 0 -0.0001334987269863375 8.122657788610293e-05
580 0 -0.0001472371134326371 0.0001050221612251096
581 0 -0.0001574136959854517 0.0001226485192540035
582 0 -0.0001649519052838329 0.0001357050807568878
583 0 -0.0001658176513003136 0.0001372045968438827
584 0 -0.0001669864084225626 0.000139228943561326
585 0 -0.0001685642305375987 0.0001419618116298744
586 0 -0.0001706942903928975 0.0001456511835224146
587 0 -0.0001735698711975509 0.0001506318355773441
588 0 -0.0001774519052838329 0.0001573557158514987
589 0 -0.0001813339393701149 0.0001640795961256534
590 0 -0.0001842095201747682 0.0001690602481805828
591 0 -0.000186339580030067 0.0001727496200731231
592 0 -0.0001879174021451031 0.0001754824881416715
593 0 -0.0001890861592673521 0.0001775068348591147
594 0 -0.0001899519052838329 0.0001790063509461097
595 0 -1.830127018922191e-05 -6.830127018922192e-05
596 0 -1.916701620570264e-05 -6.680175410222692e-05
597 0 -2.033577332795162e-05 -6.47774073847837e-05
598 0 -2.191359544298775e-05 -6.204453931623534e-05
599 0 -2.404365529828653e-05 -5.835516742369503e-05
600 0 -2.691923610293988e-05 -5.337451536876564e-05
601 0 -3.080127018922191e-05 -4.665063509461096e-05
602 0 -3.468330427550393e-05 -3.992675482045626e-05
603 0 -3.755888508015728e-05 -3.494610276552687e-05
604 0 -3.968894493545606e-05 -3.125673087298657e-05
605 0 -4.126676705049219e-05 -2.85238628044382e-05
606 0 -4.243552417274118e-05 -2.649951608699497e-05
607 0 -4.33012701892219e-05 -2.499999999999998e-05
608 0 -5.083947948760307e-05 -1.194343849711565e-05
609 0 -6.101606204041765e-05 5.682919531778182e-06
610 0 -7.475444848671734e-05 2.947850287078487e-05
611 0 -9.33012701892219e-05 6.160254037844389e-05
612 0 -0.0001118480918917265 9.372657788610292e-05
613 0 -0.0001255864783380262 0.0001175221612251096
614 0 -0.0001357630608908407 0.0001351485192540035
615 0 -0.0001433012701892219 0.0001482050807568878
616 0 -0.0001441670162057026 0.0001497045968438827
617 0 -0.0001453357733279516 0.000151728943561326
618 0 -0.0001469135954429878 0.0001544618116298744
619 0 -0.0001490436552982865 0.0001581511835224146
620 0 -0.0001519192361029399 0.0001631318355773441
621 0 -0.0001558012701892219 0.0001698557158514987
622 0 -0.0001596833042755039 0.0001765795961256534
623 0 -0.0001625588850801573 0.0001815602481805828
624 0 -0.000164688944935456 0.0001852496200731231
625 0 -0.0001662667670504922 0.0001879824881416715
626 0 -0.0001674355241727411 0.0001900068348591147
627 0 -0.0001683012701892219 0.0001915063509461097
628 0 3.349364905389022e-06 -5.580127018922194e-05
629 0 2.483618888908291e-06 -5.430175410222695e-05
630 0 1.314861766659305e-06 -5.227740738478372e-05
631 0 -2.629603483768259e-07 -4.954453931623536e-05
632 0 -2.393020203675605e-06 -4.585516742369506e-05
633 0 -5.268601008328951e-06 -4.087451536876567e-05
634 0 -9.150635094610976e-06 -3.415063509461098e-05
635 0 -1.3032669180893e-05 -2.742675482045629e-05
636 0 -1.590824998554635e-05 -2.244610276552689e-05
637 0 -1.803830984084513e-05 -1.875673087298659e-05
638 0 -1.961613195588126e-05 -1.602386280443823e-05
639 0 -2.078488907813025e-05 -1.399951608699499e-05
640 0 -2.165063509461098e-05 -1.25e-05
641 0 -2.918884439299214e-05 5.565615028843221e-07
642 0 -3.936542694580673e-05 1.818291953177816e-05
643 0 -5.310381339210641e-05 4.197850287078485e-05
644 0 -7.165063509461097e-05 7.410254037844387e-05
645 0 -9.019745679711553e-05 0.0001062265778861029
646 0 -0.0001039358432434152 0.0001300221612251096
647 0 -0.0001141124257962298 0.0001476485192540034
648 0 -0.000121650635094611 0.0001607050807568877
649 0 -0.0001225163811110917 0.0001622045968438827
650 0 -0.0001236851382333407 0.000164228943561326
651 0 -0.0001252629603483768 0.0001669618116298743
652 0 -0.0001273930202036756 0.0001706511835224146
653 0 -0.0001302686010083289 0.000175631835577344
654 0 -0.000134150635094611 0.0001823557158514987
655 0 -0.000138032669180893 0.0001890795961256534
656 0 -0.0001409082499855463 0.0001940602481805828
657 0 -0.0001430383098408451 0.0001977496200731231
658 0 -0.0001446161319558812 0.0002004824881416714
659 0 -0.0001457848890781302 0.0002025068348591147
660 0 -0.0001466506350946109 0.0002040063509461097
661 0 2.5e-05 -4.330127018922194e-05
662 0 2.413425398351927e-05 -4.180175410222695e-05
663 0 2.296549686127028e-05 -3.977740738478372e-05
664 0 2.138767474623415e-05 -3.704453931623535e-05
665 0 1.925761489093537e-05 -3.335516742369505e-05
666 0 1.638203408628202e-05 -2.837451536876567e-05
667 0 1.25e-05 -2.165063509461097e-05
668 0 8.617965913717978e-06 -1.492675482045629e-05
669 0 5.742385109064629e-06 -9.946102765526889e-06
670 0 3.612325253765847e-06 -6.256730872986587e-06
671 0 2.034503138729716e-06 -3.523862804438221e-06
672 0 8.657460164807301e-07 -1.499516086994987e-06
673 0 0 0
674 0 -7.538209298381169e-06 1.305656150288433e-05
675 0 -1.771479185119575e-05 3.068291953177816e-05
676 0 -3.145317829749543e-05 5.447850287078485e-05
677 0 -5e-05 8.660254037844388e-05
678 0 -6.854682170250456e-05 0.0001187265778861029
679 0 -8.228520814880425e-05 0.0001425221612251096
680 0 -9.246179070161883e-05 0.0001601485192540034
681 0 -9.999999999999999e-05 0.0001732050807568878
682 0 -0.0001008657460164807 0.0001747045968438827
683 0 -0.0001020345031387297 0.000176728943561326
684 0 -0.0001036123252537658 0.0001794618116298743
685 0 -0.0001057423851090646 0.0001831511835224146
686 0 -0.000108617965913718 0.000188131835577344
687 0 -0.0001125 0.0001948557158514987
688 0 -0.000116382034086282 0.0002015795961256534
689 0 -0.0001192576148909354 0.0002065602481805828
690 0 -0.0001213876747462341 0.0002102496200731231
691 0 -0.0001229654968612703 0.0002129824881416714
692 0 -0.0001241342539835192 0.0002150068348591147
693 0 -0.000125 0.0002165063509461097
694 0 4.665063509461102e-05 -3.080127018922191e-05
695 0 4.578488907813029e-05 -2.930175410222691e-05
696 0 4.46161319558813e-05 -2.727740738478369e-05
697 0 4.303830984084518e-05 -2.454453931623532e-05
698 0 4.090824998554639e-05 -2.085516742369502e-05
699 0 3.803266918089305e-05 -1.587451536876563e-05
700 0 3.415063509461103e-05 -9.150635094610942e-06
701 0 3.0268601008329e-05 -2.426754820456255e-06
702 0 2.739302020367565e-05 2.553897234473143e-06
703 0 2.526296034837687e-05 6.243269127013444e-06
704 0 2.368513823334074e-05 8.97613719556181e-06
705 0 2.251638111109175e-05 1.100048391300504e-05
706 0 2.165063509461102e-05 1.250000000000003e-05
707 0 1.411242579622985e-05 2.555656150288436e-05
708 0 3.935843243415278e-06 4.31829195317782e-05
709 0 -9.802543202884402e-06 6.697850287078488e-05
710 0 -2.834936490538897e-05 9.910254037844391e-05
711 0 -4.689618660789353e-05 0.0001312265778861029
712 0 -6.063457305419323e-05 0.0001550221612251096
713 0 -7.08111556070078e-05 0.0001726485192540035
714 0 -7.834936490538896e-05 0.0001857050807568878
715 0 -7.921511092186969e-05 0.0001872045968438828
716 0 -8.038386804411869e-05 0.000189228943561326
717 0 -8.196169015915481e-05 0.0001919618116298744
718 0 -8.409175001445358e-05 0.0001956511835224147
719 0 -8.696733081910694e-05 0.0002006318355773441
720 0 -9.084936490538896e-05 0.0002073557158514987
721 0 -9.473139899167099e-05 0.0002140795961256534
722 0 -9.760697979632433e-05 0.0002190602481805828
723 0 -9.973703965162311e-05 0.0002227496200731231
724 0 -0.0001013148617666592 0.0002254824881416715
725 0 -0.0001024836188889082 0.0002275068348591147
726 0 -0.0001033493649053889 0.0002290063509461097
727 0 6.830127018922186e-05 -1.830127018922199e-05
728 0 6.743552417274114e-05 -1.680175410222699e-05
729 0 6.626676705049215e-05 -1.477740738478377e-05
730 0 6.468894493545601e-05 -1.20445393162354e-05
731 0 6.255888508015724e-05 -8.3551674236951e-06
732 0 5.968330427550389e-05 -3.374515368765711e-06
733 0 5.580127018922186e-05 3.349364905388981e-06
734 0 5.191923610293984e-05 1.007324517954367e-05
735 0 4.904365529828649e-05 1.505389723447307e-05
736 0 4.691359544298771e-05 1.874326912701337e-05
737 0 4.533577332795158e-05 2.147613719556173e-05
738 0 4.416701620570259e-05 2.350048391300497e-05
739 0 4.330127018922186e-05 2.499999999999995e-05
740 0 3.57630608908407e-05 3.805656150288428e-05
741 0 2.558647833802612e-05 5.568291953177811e-05
742 0 1.184809189172644e-05 7.947850287078481e-05
743 0 -6.698729810778131e-06 0.0001116025403784438
744 0 -2.524555151328269e-05 0.0001437265778861028
745 0 -3.898393795958239e-05 0.0001675221612251096
746 0 -4.916052051239696e-05 0.0001851485192540034
747 0 -5.669872981077813e-05 0.0001982050807568877
748 0 -5.756447582725885e-05 0.0001997045968438827
749 0 -5.873323294950785e-05 0.0002017289435613259
750 0 -6.031105506454397e-05 0.0002044618116298743
751 0 -6.244111491984275e-05 0.0002081511835224146
752 0 -6.53166957244961e-05 0.000213131835577344
753 0 -6.919872981077812e-05 0.0002198557158514987
754 0 -7.308076389706015e-05 0.0002265795961256534
755 0 -7.595634470171349e-05 0.0002315602481805827
756 0 -7.808640455701228e-05 0.000235249620073123
757 0 -7.966422667204839e-05 0.0002379824881416714
758 0 -8.083298379429738e-05 0.0002400068348591147
759 0 -8.169872981077811e-05 0.0002415063509461096
760 0 8.995190528383289e-05 -5.801270189221956e-06
761 0 8.908615926735216e-05 -4.301754102226964e-06
762 0 8.791740214510318e-05 -2.277407384783736e-06
763 0 8.633958003006704e-05 4.554606837646293e-07
764 0 8.420952017476827e-05 4.144832576304929e-06
765 0 8.133393937011491e-05 9.125484631234318e-06
766 0 7.74519052838329e-05 1.584936490538901e-05
767 0 7.356987119755087e-05 2.25732451795437e-05
768 0 7.069429039289752e-05 2.755389723447309e-05
769 0 6.856423053759874e-05 3.12432691270134e-05
770 0 6.69864084225626e-05 3.397613719556176e-05
771 0 6.581765130031362e-05 3.6000483913005e-05
772 0 6.495190528383289e-05 3.749999999999998e-05
773 0 5.741369598545173e-05 5.055656150288431e-05
774 0 4.723711343263715e-05 6.818291953177815e-05
775 0 3.349872698633747e-05 9.197850287078483e-05
776 0 1.49519052838329e-05 0.0001241025403784439
777 0 -3.594916418671668e-06 0.0001562265778861029
778 0 -1.733330286497136e-05 0.0001800221612251096
779 0 -2.750988541778593e-05 0.0001976485192540034
780 0 -3.50480947161671e-05 0.0002107050807568877
781 0 -3.591384073264783e-05 0.0002122045968438827
782 0 -3.708259785489682e-05 0.000214228943561326
783 0 -3.866041996993295e-05 0.0002169618116298743
784 0 -4.079047982523172e-05 0.0002206511835224146
785 0 -4.366606062988508e-05 0.000225631835577344
786 0 -4.754809471616709e-05 0.0002323557158514987
787 0 -5.143012880244912e-05 0.0002390795961256534
788 0 -5.430570960710246e-05 0.0002440602481805828
789 0 -5.643576946240125e-05 0.0002477496200731231
790 0 -5.801359157743736e-05 0.0002504824881416714
791 0 -5.918234869968636e-05 0.0002525068348591147
792 0 -6.004809471616708e-05 0.0002540063509461097
793 0 0.0001116025403784439 6.698729810778077e-06
794 0 0.0001107367943619632 8.198245897773069e-06
795 0 0.0001095680372397142 1.02225926152163e-05
796 0 0.0001079902151246781 1.295546068376466e-05
797 0 0.0001058601552693793 1.664483257630496e-05
798 0 0.0001029845744647259 2.162548463123435e-05
799 0 9.910254037844391e-05 2.834936490538904e-05
800 0 9.522050629216188e-05 3.507324517954373e-05
801 0 9.234492548750854e-05 4.005389723447312e-05
802 0 9.021486563220975e-05 4.374326912701343e-05
803 0 8.863704351717361e-05 4.64761371955618e-05
804 0 8.746828639492463e-05 4.850048391300503e-05
805 0 8.66025403784439e-05 5.000000000000002e-05
806 0 7.906433108006274e-05 6.305656150288434e-05
807 0 6.888774852724817e-05 8.068291953177818e-05
808 0 5.514936208094848e-05 0.0001044785028707849
809 0 3.660254037844391e-05 0.0001366025403784439
810 0 1.805571867593935e-05 0.0001687265778861029
811 0 4.317332229639652e-06 0.0001925221612251096
812 0 -5.859250323174921e-06 0.0002101485192540035
813 0 -1.339745962155609e-05 0.0002232050807568878
814 0 -1.426320563803681e-05 0.0002247045968438827
815 0 -1.543196276028581e-05 0.000226728943561326
816 0 -1.700978487532193e-05 0.0002294618116298744
817 0 -1.913984473062071e-05 0.0002331511835224146
818 0 -2.201542553527406e-05 0.0002381318355773441
819 0 -2.589745962155608e-05 0.0002448557158514987
820 0 -2.977949370783811e-05 0.0002515795961256534
821 0 -3.265507451249145e-05 0.0002565602481805828
822 0 -3.478513436779024e-05 0.0002602496200731231
823 0 -3.636295648282635e-05 0.0002629824881416714
824 0 -3.753171360507534e-05 0.0002650068348591147
825 0 -3.839745962155607e-05 0.0002665063509461097
826 0 0.0001332531754730548 1.919872981077805e-05
827 0 0.0001323874294565741 2.069824589777304e-05
828 0 0.0001312186723343251 2.272259261521627e-05
829 0 0.000129640850219289 2.545546068376463e-05
830 0 0.0001275107903639902 2.914483257630493e-05
831 0 0.0001246352095593369 3.412548463123432e-05
832 0 0.0001207531754730548 4.084936490538901e-05
833 0 0.0001168711413867728 4.75732451795437e-05
834 0 0.0001139955605821195 5.25538972344731e-05
835 0 0.0001118655007268207 5.62432691270134e-05
836 0 0.0001102876786117845 5.897613719556177e-05
837 0 0.0001091189214895356 6.1000483913005e-05
838 0 0.0001082531754730548 6.249999999999999e-05
839 0 0.0001007149661746737 7.555656150288432e-05
840 0 9.053838362185908e-05 9.318291953177814e-05
841 0 7.679999717555942e-05 0.0001169785028707848
842 0 5.825317547305484e-05 0.0001491025403784439
843 0 3.970635377055028e-05 0.0001812265778861029
844 0 2.596796732425058e-05 0.0002050221612251096
845 0 1.579138477143601e-05 0.0002226485192540034
846 0 8.253175473054846e-06 0.0002357050807568877
847 0 7.387429456574119e-06 0.0002372045968438827
848 0 6.218672334325123e-06 0.000239228943561326
849 0 4.640850219288998e-06 0.0002419618116298743
850 0 2.510790363990226e-06 0.0002456511835224146
851 0 -3.647904406631306e-07 0.000250631835577344
852 0 -4.246824526945146e-06 0.0002573557158514987
853 0 -8.128858613227176e-06 0.0002640795961256534
854 0 -1.100443941788052e-05 0.0002690602481805827
855 0 -1.31344992731793e-05 0.0002727496200731231
856 0 -1.471232138821542e-05 0.0002754824881416714
857 0 -1.588107851046441e-05 0.0002775068348591147
858 0 -1.674682452694514e-05 0.0002790063509461097
859 0 0.0001549038105676658 3.169872981077808e-05
860 0 0.0001540380645511851 3.319824589777307e-05
861 0 0.0001528693074289362 3.52225926152163e-05
862 0 0.0001512914853139 3.795546068376467e-05
863 0 0.0001491614254586012 4.164483257630497e-05
864 0 0.0001462858446539479 4.662548463123436e-05
865 0 0.0001424038105676659 5.334936490538905e-05
866 0 0.0001385217764813838 6.007324517954373e-05
867 0 0.0001356461956767305 6.505389723447314e-05
868 0 0.0001335161358214317 6.874326912701343e-05
869 0 0.0001319383137063956 7.14761371955618e-05
870 0 0.0001307695565841466 7.350048391300503e-05
871 0 0.0001299038105676659 7.500000000000002e-05
872 0 0.0001223656012692847 8.805656150288435e-05
873 0 0.0001121890187164701 0.0001056829195317782
874 0 9.845063227017045e-05 0.0001294785028707849
875 0 7.990381056766587e-05 0.0001616025403784439
876 0 6.135698886516131e-05 0.0001937265778861029
877 0 4.761860241886161e-05 0.0002175221612251096
878 0 3.744201986604704e-05 0.0002351485192540035
879 0 2.990381056766587e-05 0.0002482050807568878
880 0 2.903806455118515e-05 0.0002497045968438828
881 0 2.786930742893615e-05 0.000251728943561326
882 0 2.629148531390003e-05 0.0002544618116298744
883 0 2.416142545860125e-05 0.0002581511835224146
884 0 2.12858446539479e-05 0.0002631318355773441
885 0 1.740381056766588e-05 0.0002698557158514987
886 0 1.352177648138385e-05 0.0002765795961256534
887 0 1.064619567673051e-05 0.0002815602481805828
888 0 8.516135821431722e-06 0.0002852496200731231
889 0 6.938313706395611e-06 0.0002879824881416714
890 0 5.769556584146615e-06 0.0002900068348591147
891 0 4.903810567665888e-06 0.0002915063509461097
892 0 0.0001765544456622768 4.419872981077806e-05
893 0 0.000175688699645796 4.569824589777305e-05
894 0 0.0001745199425235471 4.772259261521628e-05
895 0 0.0001729421204085109 5.045546068376465e-05
896 0 0.0001708120605532122 5.414483257630495e-05
897 0 0.0001679364797485588 5.912548463123433e-05
898 0 0.0001640544456622768 6.584936490538903e-05
899 0 0.0001601724115759948 7.257324517954371e-05
900 0 0.0001572968307713414 7.755389723447311e-05
901 0 0.0001551667709160426 8.124326912701341e-05
902 0 0.0001535889488010065 8.397613719556178e-05
903 0 0.0001524201916787575 8.600048391300501e-05
904 0 0.0001515544456622768 8.75e-05
905 0 0.0001440162363638956 0.0001005565615028843
906 0 0.000133839653811081 0.0001181829195317782
907 0 0.0001201012673647814 0.0001419785028707849
908 0 0.0001015544456622768 0.0001741025403784439
909 0 8.300762395977222e-05 0.0002062265778861029
910 0 6.926923751347253e-05 0.0002300221612251096
911 0 5.909265496065796e-05 0.0002476485192540035
912 0 5.155444566227679e-05 0.0002607050807568877
913 0 5.068869964579606e-05 0.0002622045968438827
914 0 4.951994252354707e-05 0.000264228943561326
915 0 4.794212040851094e-05 0.0002669618116298743
916 0 4.581206055321217e-05 0.0002706511835224146
917 0 4.293647974855882e-05 0.0002756318355773441
918 0 3.90544456622768e-05 0.0002823557158514987
919 0 3.517241157599477e-05 0.0002890795961256534
920 0 3.229683077134143e-05 0.0002940602481805828
921 0 3.016677091604264e-05 0.0002977496200731231
922 0 2.858894880100653e-05 0.0003004824881416714
923 0 2.742019167875753e-05 0.0003025068348591147
924 0 2.655444566227681e-05 0.0003040063509461097
925 0 0.0001982050807568877 5.669872981077804e-05
926 0 0.000197339334740407 5.819824589777303e-05
927 0 0.000196170577618158 6.022259261521626e-05
928 0 0.0001945927555031219 6.295546068376462e-05
929 0 0.0001924626956478231 6.664483257630492e-05
930 0 0.0001895871148431698 7.162548463123431e-05
931 0 0.0001857050807568877 7.8349364905389e-05
932 0 0.0001818230466706057 8.507324517954369e-05
933 0 0.0001789474658659524 9.005389723447309e-05
934 0 0.0001768174060106536 9.374326912701339e-05
935 0 0.0001752395838956175 9.647613719556176e-05
936 0 0.0001740708267733685 9.850048391300499e-05
937 0 0.0001732050807568877 9.999999999999998e-05
938 0 0.0001656668714585066 0.0001130565615028843
939 0 0.000155490288905692 0.0001306829195317781
940 0 0.0001417519024593923 0.0001544785028707848
941 0 0.0001232050807568877 0.0001866025403784439
942 0 0.0001046582590543832 0.0002187265778861029
943 0 9.091987260808348e-05 0.0002425221612251096
944 0 8.07432900552689e-05 0.0002601485192540034
945 0 7.320508075688774e-05 0.0002732050807568877
946 0 7.233933474040701e-05 0.0002747045968438827
947 0 7.117057761815801e-05 0.000276728943561326
948 0 6.959275550312189e-05 0.0002794618116298743
949 0 6.746269564782312e-05 0.0002831511835224146
950 0 6.458711484316976e-05 0.000288131835577344
951 0 6.070508075688774e-05 0.0002948557158514987
952 0 5.682304667060572e-05 0.0003015795961256534
953 0 5.394746586595237e-05 0.0003065602481805827
954 0 5.181740601065359e-05 0.0003102496200731231
955 0 5.023958389561748e-05 0.0003129824881416714
956 0 4.907082677336848e-05 0.0003150068348591147
957 0 4.820508075688775e-05 0.0003165063509461097
958 0 0.0002198557158514988 6.919872981077808e-05
959 0 0.000218989969835018 7.069824589777307e-05
960 0 0.000217821212712769 7.272259261521628e-05
961 0 0.0002162433905977329 7.545546068376466e-05
962 0 0.0002141133307424341 7.914483257630495e-05
963 0 0.0002112377499377808 8.412548463123434e-05
964 0 0.0002073557158514988 9.084936490538904e-05
965 0 0.0002034736817652167 9.757324517954372e-05
966 0 0.0002005981009605634 0.0001025538972344731
967 0 0.0001984680411052646 0.0001062432691270134
968 0 0.0001968902189902285 0.0001089761371955618
969 0 0.0001957214618679795 0.000111000483913005
970 0 0.0001948557158514988 0.0001125
971 0 0.0001873175065531176 0.0001255565615028843
972 0 0.000177140924000303 0.0001431829195317782
973 0 0.0001634025375540033 0.0001669785028707849
974 0 0.0001448557158514988 0.0001991025403784439
975 0 0.0001263088941489942 0.0002312265778861029
976 0 0.0001125705077026945 0.0002550221612251096
977 0 0.0001023939251498799 0.0002726485192540035
978 0 9.485571585149876e-05 0.0002857050807568878
979 0 9.398996983501804e-05 0.0002872045968438827
980 0 9.282121271276904e-05 0.000289228943561326
981 0 9.124339059773292e-05 0.0002919618116298743
982 0 8.911333074243414e-05 0.0002956511835224146
983 0 8.623774993778079e-05 0.0003006318355773441
984 0 8.235571585149877e-05 0.0003073557158514987
985 0 7.847368176521674e-05 0.0003140795961256534
986 0 7.55981009605634e-05 0.0003190602481805828
987 0 7.346804110526461e-05 0.0003227496200731231
988 0 7.18902189902285e-05 0.0003254824881416714
989 0 7.072146186797951e-05 0.0003275068348591147
990 0 6.985571585149878e-05 0.0003290063509461097
991 0 0.0002415063509461097 8.169872981077803e-05
992 0 0.0002406406049296289 8.319824589777302e-05
993 0 0.00023947184780738 8.522259261521626e-05
994 0 0.0002378940256923438 8.795546068376462e-05
995 0 0.0002357639658370451 9.164483257630493e-05
996 0 0.0002328883850323917 9.662548463123432e-05
997 0 0.0002290063509461097 0.000103349364905389
998 0 0.0002251243168598277 0.0001100732451795437
999 0 0.0002222487360551743 0.0001150538972344731
1000 0 0.0002201186761998755 0.0001187432691270134
1001 0 0.0002185408540848394 0.0001214761371955618
1002 0 0.0002173720969625904 0.000123500483913005
1003 0 0.0002165063509461097 0.000125
1004 0 0.0002089681416477285 0.0001380565615028843
1005 0 0.0001987915590949139 0.0001556829195317781
1006 0 0.0001850531726486143 0.0001794785028707848
1007 0 0.0001665063509461097 0.0002116025403784438
1008 0 0.0001479595292436051 0.0002437265778861029
1009 0 0.0001342211427973054 0.0002675221612251096
1010 0 0.0001240445602444908 0.0002851485192540034
1011 0 0.0001165063509461097 0.0002982050807568877
1012 0 0.000115640604929629 0.0002997045968438827
1013 0 0.00011447184780738 0.000301728943561326
1014 0 0.0001128940256923438 0.0003044618116298743
1015 0 0.0001107639658370451 0.0003081511835224146
1016 0 0.0001078883850323917 0.000313131835577344
1017 0 0.0001040063509461097 0.0003198557158514987
1018 0 0.0001001243168598277 0.0003265795961256534
1019 0 9.724873605517432e-05 0.0003315602481805828
1020 0 9.511867619987553e-05 0.0003352496200731231
1021 0 9.354085408483942e-05 0.0003379824881416714
1022 0 9.237209696259043e-05 0.0003400068348591147
1023 0 9.15063509461097e-05 0.0003415063509461096
1024 0 0.0002631569860407206 9.419872981077801e-05
1025 0 0.0002622912400242399 9.5698245897773e-05
1026 0 0.0002611224829019909 9.772259261521624e-05
1027 0 0.0002595446607869548 0.0001004554606837646
1028 0 0.000257414600931656 0.0001041448325763049
1029 0 0.0002545390201270026 0.0001091254846312343
1030 0 0.0002506569860407206 0.000115849364905389
1031 0 0.0002467749519544386 0.0001225732451795437
1032 0 0.0002438993711497853 0.0001275538972344731
1033 0 0.0002417693112944865 0.0001312432691270134
1034 0 0.0002401914891794503 0.0001339761371955617
1035 0 0.0002390227320572013 0.000136000483913005
1036 0 0.0002381569860407206 0.0001375
1037 0 0.0002306187767423395 0.0001505565615028843
1038 0 0.0002204421941895249 0.0001681829195317781
1039 0 0.0002067038077432252 0.0001919785028707848
1040 0 0.0001881569860407206 0.0002241025403784438
1041 0 0.000169610164338216 0.0002562265778861029
1042 0 0.0001558717778919164 0.0002800221612251095
1043 0 0.0001456951953391018 0.0002976485192540034
1044 0 0.0001381569860407206 0.0003107050807568877
1045 0 0.0001372912400242399 0.0003122045968438826
1046 0 0.0001361224829019909 0.0003142289435613259
1047 0 0.0001345446607869548 0.0003169618116298743
1048 0 0.000132414600931656 0.0003206511835224146
1049 0 0.0001295390201270027 0.000325631835577344
1050 0 0.0001256569860407206 0.0003323557158514986
1051 0 0.0001217749519544386 0.0003390795961256533
1052 0 0.0001188993711497853 0.0003440602481805827
1053 0 0.0001167693112944865 0.000347749620073123
1054 0 0.0001151914891794504 0.0003504824881416714
1055 0 0.0001140227320572014 0.0003525068348591147
1056 0 0.0001131569860407206 0.0003540063509461097
1057 0 0.0002848076211353316 0.000106698729810778
1058 0 0.0002839418751188509 0.000108198245897773
1059 0 0.0002827731179966019 0.0001102225926152163
1060 0 0.0002811952958815658 0.0001129554606837646
1061 0 0.000279065236026267 0.0001166448325763049
1062 0 0.0002761896552216137 0.0001216254846312343
1063 0 0.0002723076211353316 0.000128349364905389
1064 0 0.0002684255870490496 0.0001350732451795437
1065 0 0.0002655500062443963 0.0001400538972344731
1066 0 0.0002634199463890974 0.0001437432691270134
1067 0 0.0002618421242740613 0.0001464761371955618
1068 0 0.0002606733671518124 0.000148500483913005
1069 0 0.0002598076211353316 0.00015
1070 0 0.0002522694118369505 0.0001630565615028843
1071 0 0.0002420928292841359 0.0001806829195317782
1072 0 0.0002283544428378362 0.0002044785028707849
1073 0 0.0002098076211353316 0.0002366025403784439
1074 0 0.0001912607994328271 0.0002687265778861029
1075 0 0.0001775224129865274 0.0002925221612251096
1076 0 0.0001673458304337128 0.0003101485192540034
1077 0 0.0001598076211353316 0.0003232050807568877
1078 0 0.0001589418751188509 0.0003247045968438827
1079 0 0.0001577731179966019 0.0003267289435613259
1080 0 0.0001561952958815658 0.0003294618116298743
1081 0 0.000154065236026267 0.0003331511835224146
1082 0 0.0001511896552216137 0.0003381318355773441
1083 0 0.0001473076211353316 0.0003448557158514987
1084 0 0.0001434255870490496 0.0003515795961256534
1085 0 0.0001405500062443963 0.0003565602481805828
1086 0 0.0001384199463890975 0.000360249620073123
1087 0 0.0001368421242740614 0.0003629824881416714
1088 0 0.0001356733671518124 0.0003650068348591147
1089 0 0.0001348076211353316 0.0003665063509461097
1090 0 0.0003064582562299426 0.000119198729810778
1091 0 0.0003055925102134618 0.000120698245897773
1092 0 0.0003044237530912129 0.0001227225926152163
1093 0 0.0003028459309761767 0.0001254554606837646
1094 0 0.000300715871120878 0.0001291448325763049
1095 0 0.0002978402903162246 0.0001341254846312343
1096 0 0.0002939582562299426 0.000140849364905389
1097 0 0.0002900762221436606 0.0001475732451795437
1098 0 0.0002872006413390072 0.0001525538972344731
1099 0 0.0002850705814837084 0.0001562432691270134
1100 0 0.0002834927593686723 0.0001589761371955617
1101 0 0.0002823240022464233 0.000161000483913005
1102 0 0.0002814582562299426 0.0001625
1103 0 0.0002739200469315614 0.0001755565615028843
1104 0 0.0002637434643787469 0.0001931829195317781
1105 0 0.0002500050779324471 0.0002169785028707848
1106 0 0.0002314582562299426 0.0002491025403784438
1107 0 0.000212911434527438 0.0002812265778861029
1108 0 0.0001991730480811383 0.0003050221612251096
1109 0 0.0001889964655283238 0.0003226485192540034
1110 0 0.0001814582562299426 0.0003357050807568877
1111 0 0.0001805925102134619 0.0003372045968438827
1112 0 0.0001794237530912129 0.000339228943561326
1113 0 0.0001778459309761768 0.0003419618116298743
1114 0 0.000175715871120878 0.0003456511835224146
1115 0 0.0001728402903162246 0.000350631835577344
1116 0 0.0001689582562299426 0.0003573557158514987
1117 0 0.0001650762221436606 0.0003640795961256534
1118 0 0.0001622006413390072 0.0003690602481805827
1119 0 0.0001600705814837085 0.0003727496200731231
1120 0 0.0001584927593686723 0.0003754824881416714
1121 0 0.0001573240022464233 0.0003775068348591147
1122 0 0.0001564582562299426 0.0003790063509461096
1123 0 0.0003281088913245536 0.0001316987298107781
1124 0 0.0003272431453080728 0.000133198245897773
1125 0 0.0003260743881858239 0.0001352225926152163
1126 0 0.0003244965660707877 0.0001379554606837646
1127 0 0.0003223665062154889 0.000141644832576305
1128 0 0.0003194909254108356 0.0001466254846312343
1129 0 0.0003156088913245535 0.000153349364905389
1130 0 0.0003117268572382715 0.0001600732451795437
1131 0 0.0003088512764336182 0.0001650538972344731
1132 0 0.0003067212165783194 0.0001687432691270134
1133 0 0.0003051433944632833 0.0001714761371955618
1134 0 0.0003039746373410343 0.000173500483913005
1135 0 0.0003031088913245536 0.000175
1136 0 0.0002955706820261724 0.0001880565615028843
1137 0 0.0002853940994733578 0.0002056829195317782
1138 0 0.0002716557130270581 0.0002294785028707849
1139 0 0.0002531088913245536 0.0002616025403784439
1140 0 0.000234562069622049 0.0002937265778861029
1141 0 0.0002208236831757493 0.0003175221612251096
1142 0 0.0002106471006229347 0.0003351485192540035
1143 0 0.0002031088913245536 0.0003482050807568878
1144 0 0.0002022431453080728 0.0003497045968438827
1145 0 0.0002010743881858239 0.000351728943561326
1146 0 0.0001994965660707877 0.0003544618116298743
1147 0 0.0001973665062154889 0.0003581511835224146
1148 0 0.0001944909254108356 0.000363131835577344
1149 0 0.0001906088913245536 0.0003698557158514987
1150 0 0.0001867268572382715 0.0003765795961256534
1151 0 0.0001838512764336182 0.0003815602481805828
1152 0 0.0001817212165783194 0.0003852496200731231
1153 0 0.0001801433944632833 0.0003879824881416714
1154 0 0.0001789746373410343 0.0003900068348591147
1155 0 0.0001781088913245536 0.0003915063509461096
1156 0 0.0003497595264191646 0.0001441987298107781
1157 0 0.0003488937804026838 0.0001456982458977731
1158 0 0.0003477250232804349 0.0001477225926152163
1159 0 0.0003461472011653987 0.0001504554606837647
1160 0 0.0003440171413101 0.000154144832576305
1161 0 0.0003411415605054466 0.0001591254846312344
1162 0 0.0003372595264191646 0.0001658493649053891
1163 0 0.0003333774923328826 0.0001725732451795437
1164 0 0.0003305019115282292 0.0001775538972344731
1165 0 0.0003283718516729304 0.0001812432691270134
1166 0 0.0003267940295578943 0.0001839761371955618
1167 0 0.0003256252724356453 0.000186000483913005
1168 0 0.0003247595264191646 0.0001875
1169 0 0.0003172213171207834 0.0002005565615028843
1170 0 0.0003070447345679689 0.0002181829195317782
1171 0 0.0002933063481216691 0.0002419785028707849
1172 0 0.0002747595264191646 0.0002741025403784439
1173 0 0.00025621270471666 0.0003062265778861029
1174 0 0.0002424743182703603 0.0003300221612251097
1175 0 0.0002322977357175458 0.0003476485192540035
1176 0 0.0002247595264191646 0.0003607050807568878
1177 0 0.0002238937804026839 0.0003622045968438828
1178 0 0.0002227250232804349 0.000364228943561326
1179 0 0.0002211472011653988 0.0003669618116298744
1180 0 0.0002190171413101 0.0003706511835224147
1181 0 0.0002161415605054466 0.000375631835577344
1182 0 0.0002122595264191646 0.0003823557158514988
1183 0 0.0002083774923328826 0.0003890795961256535
1184 0 0.0002055019115282292 0.0003940602481805828
1185 0 0.0002033718516729305 0.0003977496200731231
1186 0 0.0002017940295578943 0.0004004824881416715
1187 0 0.0002006252724356453 0.0004025068348591147
1188 0 0.0001997595264191646 0.0004040063509461097
1189 0 0.0003714101615137756 0.0001566987298107781
1190 0 0.0003705444154972948 0.0001581982458977731
1191 0 0.0003693756583750459 0.0001602225926152163
1192 0 0.0003677978362600097 0.0001629554606837647
1193 0 0.0003656677764047109 0.000166644832576305
1194 0 0.0003627921956000576 0.0001716254846312344
1195 0 0.0003589101615137755 0.000178349364905389
1196 0 0.0003550281274274935 0.0001850732451795437
1197 0 0.0003521525466228402 0.0001900538972344731
1198 0 0.0003500224867675414 0.0001937432691270134
1199 0 0.0003484446646525053 0.0001964761371955618
1200 0 0.0003472759075302563 0.000198500483913005
1201 0 0.0003464101615137756 0.0002
1202 0 0.0003388719522153944 0.0002130565615028843
1203 0 0.0003286953696625798 0.0002306829195317782
1204 0 0.0003149569832162801 0.0002544785028707849
1205 0 0.0002964101615137755 0.0002866025403784439
1206 0 0.000277863339811271 0.0003187265778861029
1207 0 0.0002641249533649713 0.0003425221612251096
1208 0 0.0002539483708121567 0.0003601485192540034
1209 0 0.0002464101615137756 0.0003732050807568878
1210 0 0.0002455444154972949 0.0003747045968438827
1211 0 0.0002443756583750459 0.000376728943561326
1212 0 0.0002427978362600097 0.0003794618116298744
1213 0 0.0002406677764047109 0.0003831511835224146
1214 0 0.0002377921956000576 0.0003881318355773441
1215 0 0.0002339101615137756 0.0003948557158514987
1216 0 0.0002300281274274935 0.0004015795961256534
1217 0 0.0002271525466228402 0.0004065602481805828
1218 0 0.0002250224867675414 0.0004102496200731231
1219 0 0.0002234446646525053 0.0004129824881416715
1220 0 0.0002222759075302563 0.0004150068348591147
1221 0 0.0002214101615137756 0.0004165063509461097
1222 0 0.0003930607966083864 0.000169198729810778
1223 0 0.0003921950505919056 0.000170698245897773
1224 0 0.0003910262934696567 0.0001727225926152162
1225 0 0.0003894484713546205 0.0001754554606837646
1226 0 0.0003873184114993218 0.0001791448325763049
1227 0 0.0003844428306946684 0.0001841254846312343
1228 0 0.0003805607966083864 0.000190849364905389
1229 0 0.0003766787625221044 0.0001975732451795436
1230 0 0.000373803181717451 0.000202553897234473
1231 0 0.0003716731218621522 0.0002062432691270133
1232 0 0.0003700952997471161 0.0002089761371955617
1233 0 0.0003689265426248671 0.0002110004839130049
1234 0 0.0003680607966083864 0.0002124999999999999
1235 0 0.0003605225873100052 0.0002255565615028842
1236 0 0.0003503460047571906 0.0002431829195317781
1237 0 0.0003366076183108909 0.0002669785028707848
1238 0 0.0003180607966083864 0.0002991025403784438
1239 0 0.0002995139749058818 0.0003312265778861029
1240 0 0.0002857755884595821 0.0003550221612251095
1241 0 0.0002755990059067675 0.0003726485192540033
1242 0 0.0002680607966083864 0.0003857050807568877
1243 0 0.0002671950505919057 0.0003872045968438826
1244 0 0.0002660262934696567 0.0003892289435613259
1245 0 0.0002644484713546205 0.0003919618116298743
1246 0 0.0002623184114993218 0.0003956511835224146
1247 0 0.0002594428306946684 0.000400631835577344
1248 0 0.0002555607966083864 0.0004073557158514986
1249 0 0.0002516787625221043 0.0004140795961256533
1250 0 0.000248803181717451 0.0004190602481805827
1251 0 0.0002466731218621522 0.000422749620073123
1252 0 0.0002450952997471161 0.0004254824881416714
1253 0 0.0002439265426248671 0.0004275068348591146
1254 0 0.0002430607966083864 0.0004290063509461096
1255 0 0.0004147114317029974 0.000181698729810778
1256 0 0.0004138456856865167 0.000183198245897773
1257 0 0.0004126769285642677 0.0001852225926152163
1258 0 0.0004110991064492315 0.0001879554606837646
1259 0 0.0004089690465939328 0.0001916448325763049
1260 0 0.0004060934657892794 0.0001966254846312343
1261 0 0.0004022114317029974 0.000203349364905389
1262 0 0.0003983293976167154 0.0002100732451795437
1263 0 0.000395453816812062 0.0002150538972344731
1264 0 0.0003933237569567632 0.0002187432691270134
1265 0 0.0003917459348417271 0.0002214761371955617
1266 0 0.0003905771777194782 0.000223500483913005
1267 0 0.0003897114317029974 0.000225
1268 0 0.0003821732224046162 0.0002380565615028843
1269 0 0.0003719966398518017 0.0002556829195317781
1270 0 0.000358258253405502 0.0002794785028707848
1271 0 0.0003397114317029974 0.0003116025403784438
1272 0 0.0003211646100004929 0.0003437265778861029
1273 0 0.0003074262235541931 0.0003675221612251096
1274 0 0.0002972496410013786 0.0003851485192540034
1275 0 0.0002897114317029974 0.0003982050807568877
1276 0 0.0002888456856865167 0.0003997045968438827
1277 0 0.0002876769285642677 0.0004017289435613259
1278 0 0.0002860991064492315 0.0004044618116298743
1279 0 0.0002839690465939328 0.0004081511835224146
1280 0 0.0002810934657892794 0.000413131835577344
1281 0 0.0002772114317029974 0.0004198557158514986
1282 0 0.0002733293976167154 0.0004265795961256534
1283 0 0.000270453816812062 0.0004315602481805827
1284 0 0.0002683237569567633 0.000435249620073123
1285 0 0.0002667459348417271 0.0004379824881416714
1286 0 0.0002655771777194782 0.0004400068348591147
1287 0 0.0002647114317029974 0.0004415063509461097
1288 0 0.0004363620667976083 0.000194198729810778
1289 0 0.0004354963207811276 0.000195698245897773
1290 0 0.0004343275636588786 0.0001977225926152162
1291 0 0.0004327497415438425 0.0002004554606837646
1292 0 0.0004306196816885437 0.0002041448325763049
1293 0 0.0004277441008838904 0.0002091254846312343
1294 0 0.0004238620667976083 0.000215849364905389
1295 0 0.0004199800327113263 0.0002225732451795437
1296 0 0.000417104451906673 0.000227553897234473
1297 0 0.0004149743920513741 0.0002312432691270134
1298 0 0.000413396569936338 0.0002339761371955617
1299 0 0.0004122278128140891 0.000236000483913005
1300 0 0.0004113620667976083 0.0002374999999999999
1301 0 0.0004038238574992272 0.0002505565615028843
1302 0 0.0003936472749464126 0.0002681829195317781
1303 0 0.0003799088885001129 0.0002919785028707848
1304 0 0.0003613620667976083 0.0003241025403784438
1305 0 0.0003428152450951038 0.0003562265778861029
1306 0 0.0003290768586488041 0.0003800221612251096
1307 0 0.0003189002760959895 0.0003976485192540034
1308 0 0.0003113620667976083 0.0004107050807568877
1309 0 0.0003104963207811276 0.0004122045968438827
1310 0 0.0003093275636588786 0.000414228943561326
1311 0 0.0003077497415438425 0.0004169618116298743
1312 0 0.0003056196816885437 0.0004206511835224146
1313 0 0.0003027441008838904 0.000425631835577344
1314 0 0.0002988620667976084 0.0004323557158514987
1315 0 0.0002949800327113263 0.0004390795961256534
1316 0 0.000292104451906673 0.0004440602481805827
1317 0 0.0002899743920513742 0.0004477496200731231
1318 0 0.000288396569936338 0.0004504824881416714
1319 0 0.0002872278128140891 0.0004525068348591147
1320 0 0.0002863620667976083 0.0004540063509461096
1321 0 0.0004580127018922194 0.000206698729810778
1322 0 0.0004571469558757386 0.000208198245897773
1323 0 0.0004559781987534896 0.0002102225926152162
1324 0 0.0004544003766384535 0.0002129554606837646
1325 0 0.0004522703167831547 0.0002166448325763049
1326 0 0.0004493947359785014 0.0002216254846312343
1327 0 0.0004455127018922193 0.000228349364905389
1328 0 0.0004416306678059373 0.0002350732451795437
1329 0 0.000438755087001284 0.0002400538972344731
1330 0 0.0004366250271459852 0.0002437432691270134
1331 0 0.0004350472050309491 0.0002464761371955617
1332 0 0.0004338784479087001 0.000248500483913005
1333 0 0.0004330127018922193 0.00025
1334 0 0.0004254744925938382 0.0002630565615028843
1335 0 0.0004152979100410236 0.0002806829195317781
1336 0 0.0004015595235947239 0.0003044785028707848
1337 0 0.0003830127018922193 0.0003366025403784438
1338 0 0.0003644658801897148 0.0003687265778861028
1339 0 0.0003507274937434151 0.0003925221612251096
1340 0 0.0003405509111906005 0.0004101485192540034
1341 0 0.0003330127018922194 0.0004232050807568877
1342 0 0.0003321469558757387 0.0004247045968438827
1343 0 0.0003309781987534896 0.0004267289435613259
1344 0 0.0003294003766384535 0.0004294618116298743
1345 0 0.0003272703167831547 0.0004331511835224146
1346 0 0.0003243947359785014 0.000438131835577344
1347 0 0.0003205127018922194 0.0004448557158514987
1348 0 0.0003166306678059373 0.0004515795961256534
1349 0 0.000313755087001284 0.0004565602481805827
1350 0 0.0003116250271459852 0.000460249620073123
1351 0 0.0003100472050309491 0.0004629824881416714
1352 0 0.0003088784479087001 0.0004650068348591147
1353 0 0.0003080127018922193 0.0004665063509461096
$EndNodes
$Elements
2560
1 2 2 10 10 1 34 35
2 2 2 10 10 1 35 2
3 2 2 10 10 2 35 36
4 2 2 10 10 2 36 3
5 2 2 10 10 3 36 37
6 2 2 10 10 3 37 4
7 2 2 10 10 4 37 38
8 2 2 10 10 4 38 5
9 2 2 10 10 5 38 39
10 2 2 10 10 5 39 6
11 2 2 10 10 6 39 40
12 2 2 10 10 6 40 7
13 2 2 10 10 7 40 41
14 2 2 10 10 7 41 8
15 2 2 10 10 8 41 42
16 2 2 10 10 8 42 9
17 2 2 10 10 9 42 43
18 2 2 10 10 9 43 10
19 2 2 10 10 10 43 44
20 2 2 10 10 10 44 11
21 2 2 10 10 11 44 45
22 2 2 10 10 11 45 12
23 2 2 10 10 12 45 46
24 2 2 10 10 12 46 13
25 2 2 1 1 13 46 47
26 2 2 1 1 13 47 14
27 2 2 1 1 14 47 48
28 2 2 1 1 14 48 15
29 2 2 1 1 15 48 49
30 2 2 1 1 15 49 16
31 2 2 1 1 16 49 50
32 2 2 1 1 16 50 17
33 2 2 1 1 17 50 51
34 2 2 1 1 17 51 18
35 2 2 1 1 18 51 52
36 2 2 1 1 18 52 19
37 2 2 1 1 19 52 53
38 2 2 1 1 19 53 20
39 2 2 1 1 20 53 54
40 2 2 1 1 20 54 21
41 2 2 11 11 21 54 55
42 2 2 11 11 21 55 22
43 2 2 11 11 22 55 56
44 2 2 11 11 22 56 23
45 2 2 11 11 23 56 57
46 2 2 11 11 23 57 24
47 2 2 11 11 24 57 58
48 2 2 11 11 24 58 25
49 2 2 11 11 25 58 59
50 2 2 11 11 25 59 26
51 2 2 11 11 26 59 60
52 2 2 11 11 26 60 27
53 2 2 11 11 27 60 61
54 2 2 11 11 27 61 28
55 2 2 11 11 28 61 62
56 2 2 11 11 28 62 29
57 2 2 11 11 29 62 63
58 2 2 11 11 29 63 30
59 2 2 11 11 30 63 64
60 2 2 11 11 30 64 31
61 2 2 11 11 31 64 65
62 2 2 11 11 31 65 32
63 2 2 11 11 32 65 66
64 2 2 11 11 32 66 33
65 2 2 10 10 34 67 68
66 2 2 10 10 34 68 35
67 2 2 10 10 35 68 69
68 2 2 10 10 35 69 36
69 2 2 10 10 36 69 70
70 2 2 10 10 36 70 37
71 2 2 10 10 37 70 71
72 2 2 10 10 37 71 38
73 2 2 10 10 38 71 72
74 2 2 10 10 38 72 39
75 2 2 10 10 39 72 73
76 2 2 10 10 39 73 40
77 2 2 10 10 40 73 74
78 2 2 10 10 40 74 41
79 2 2 10 10 41 74 75
80 2 2 10 10 41 75 42
81 2 2 10 10 42 75 76
82 2 2 10 10 42 76 43
83 2 2 10 10 43 76 77
84 2 2 10 10 43 77 44
85 2 2 10 10 44 77 78
86 2 2 10 10 44 78 45
87 2 2 10 10 45 78 79
88 2 2 10 10 45 79 46
89 2 2 1 1 46 79 80
90 2 2 1 1 46 80 47
91 2 2 1 1 47 80 81
92 2 2 1 1 47 81 48
93 2 2 1 1 48 81 82
94 2 2 1 1 48 82 49
95 2 2 1 1 49 82 83
96 2 2 1 1 49 83 50
97 2 2 1 1 50 83 84
98 2 2 1 1 50 84 51
99 2 2 1 1 51 84 85
100 2 2 1 1 51 85 52
101 2 2 1 1 52 85 86
102 2 2 1 1 52 86 53
103 2 2 1 1 53 86 87
104 2 2 1 1 53 87 54
105 2 2 11 11 54 87 88
106 2 2 11 11 54 88 55
107 2 2 11 11 55 88 89
108 2 2 11 11 55 89 56
109 2 2 11 11 56 89 90
110 2 2 11 11 56 90 57
111 2 2 11 11 57 90 91
112 2 2 11 11 57 91 58
113 2 2 11 11 58 91 92
114 2 2 11 11 58 92 59
115 2 2 11 11 59 92 93
116 2 2 11 11 59 93 60
117 2 2 11 11 60 93 94
118 2 2 11 11 60 94 61
119 2 2 11 11 61 94 95
120 2 2 11 11 61 95 62
121 2 2 11 11 62 95 96
122 2 2 11 11 62 96 63
123 2 2 11 11 63 96 97
124 2 2 11 11 63 97 64
125 2 2 11 11 64 97 98
126 2 2 11 11 64 98 65
127 2 2 11 11 65 98 99
128 2 2 11 11 65 99 66
129 2 2 10 10 67 100 101
130 2 2 10 10 67 101 68
131 2 2 10 10 68 101 102
132 2 2 10 10 68 102 69
133 2 2 10 10 69 102 103
134 2 2 10 10 69 103 70
135 2 2 10 10 70 103 104
136 2 2 10 10 70 104 71
137 2 2 10 10 71 104 105
138 2 2 10 10 71 105 72
139 2 2 10 10 72 105 106
140 2 2 10 10 72 106 73
141 2 2 10 10 73 106 107
142 2 2 10 10 73 107 74
143 2 2 10 10 74 107 108
144 2 2 10 10 74 108 75
145 2 2 10 10 75 108 109
146 2 2 10 10 75 109 76
147 2 2 10 10 76 109 110
148 2 2 10 10 76 110 77
149 2 2 10 10 77 110 111
150 2 2 10 10 77 111 78
151 2 2 10 10 78 111 112
152 2 2 10 10 78 112 79
153 2 2 1 1 79 112 113
154 2 2 1 1 79 113 80
155 2 2 1 1 80 113 114
156 2 2 1 1 80 114 81
157 2 2 1 1 81 114 115
158 2 2 1 1 81 115 82
159 2 2 1 1 82 115 116
160 2 2 1 1 82 116 83
161 2 2 1 1 83 116 117
162 2 2 1 1 83 117 84
163 2 2 1 1 84 117 118
164 2 2 1 1 84 118 85
165 2 2 1 1 85 118 119
166 2 2 1 1 85 119 86
167 2 2 1 1 86 119 120
168 2 2 1 1 86 120 87
169 2 2 11 11 87 120 121
170 2 2 11 11 87 121 88
171 2 2 11 11 88 121 122
172 2 2 11 11 88 122 89
173 2 2 11 11 89 122 123
174 2 2 11 11 89 123 90
175 2 2 11 11 90 123 124
176 2 2 11 11 90 124 91
177 2 2 11 11 91 124 125
178 2 2 11 11 91 125 92
179 2 2 11 11 92 125 126
180 2 2 11 11 92 126 93
181 2 2 11 11 93 126 127
182 2 2 11 11 93 127 94
183 2 2 11 11 94 127 128
184 2 2 11 11 94 128 95
185 2 2 11 11 95 128 129
186 2 2 11 11 95 129 96
187 2 2 11 11 96 129 130
188 2 2 11 11 96 130 97
189 2 2 11 11 97 130 131
190 2 2 11 11 97 131 98
191 2 2 11 11 98 131 132
192 2 2 11 11 98 132 99
193 2 2 10 10 100 133 134
194 2 2 10 10 100 134 101
195 2 2 10 10 101 134 135
196 2 2 10 10 101 135 102
197 2 2 10 10 102 135 136
198 2 2 10 10 102 136 103
199 2 2 10 10 103 136 137
200 2 2 10 10 103 137 104
201 2 2 10 10 104 137 138
202 2 2 10 10 104 138 105
203 2 2 10 10 105 138 139
204 2 2 10 10 105 139 106
205 2 2 10 10 106 139 140
206 2 2 10 10 106 140 107
207 2 2 10 10 107 140 141
208 2 2 10 10 107 141 108
209 2 2 10 10 108 141 142
210 2 2 10 10 108 142 109
211 2 2 10 10 109 142 143
212 2 2 10 10 109 143 110
213 2 2 10 10 110 143 144
214 2 2 10 10 110 144 111
215 2 2 10 10 111 144 145
216 2 2 10 10 111 145 112
217 2 2 1 1 112 145 146
218 2 2 1 1 112 146 113
219 2 2 1 1 113 146 147
220 2 2 1 1 113 147 114
221 2 2 1 1 114 147 148
222 2 2 1 1 114 148 115
223 2 2 1 1 115 148 149
224 2 2 1 1 115 149 116
225 2 2 1 1 116 149 150
226 2 2 1 1 116 150 117
227 2 2 1 1 117 150 151
228 2 2 1 1 117 151 118
229 2 2 1 1 118 151 152
230 2 2 1 1 118 152 119
231 2 2 1 1 119 152 153
232 2 2 1 1 119 153 120
233 2 2 11 11 120 153 154
234 2 2 11 11 120 154 121
235 2 2 11 11 121 154 155
236 2 2 11 11 121 155 122
237 2 2 11 11 122 155 156
238 2 2 11 11 122 156 123
239 2 2 11 11 123 156 157
240 2 2 11 11 123 157 124
241 2 2 11 11 124 157 158
242 2 2 11 11 124 158 125
243 2 2 11 11 125 158 159
244 2 2 11 11 125 159 126
245 2 2 11 11 126 159 160
246 2 2 11 11 126 160 127
247 2 2 11 11 127 160 161
248 2 2 11 11 127 161 128
249 2 2 11 11 128 161 162
250 2 2 11 11 128 162 129
251 2 2 11 11 129 162 163
252 2 2 11 11 129 163 130
253 2 2 11 11 130 163 164
254 2 2 11 11 130 164 131
255 2 2 11 11 131 164 165
256 2 2 11 11 131 165 132
257 2 2 10 10 133 166 167
258 2 2 10 10 133 167 134
259 2 2 10 10 134 167 168
260 2 2 10 10 134 168 135
261 2 2 10 10 135 168 169
262 2 2 10 10 135 169 136
263 2 2 10 10 136 169 170
264 2 2 10 10 136 170 137
265 2 2 10 10 137 170 171
266 2 2 10 10 137 171 138
267 2 2 10 10 138 171 172
268 2 2 10 10 138 172 139
269 2 2 10 10 139 172 173
270 2 2 10 10 139 173 140
271 2 2 10 10 140 173 174
272 2 2 10 10 140 174 141
273 2 2 10 10 141 174 175
274 2 2 10 10 141 175 142
275 2 2 10 10 142 175 176
276 2 2 10 10 142 176 143
277 2 2 10 10 143 176 177
278 2 2 10 10 143 177 144
279 2 2 10 10 144 177 178
280 2 2 10 10 144 178 145
281 2 2 1 1 145 178 179
282 2 2 1 1 145 179 146
283 2 2 1 1 146 179 180
284 2 2 1 1 146 180 147
285 2 2 1 1 147 180 181
286 2 2 1 1 147 181 148
287 2 2 1 1 148 181 182
288 2 2 1 1 148 182 149
289 2 2 1 1 149 182 183
290 2 2 1 1 149 183 150
291 2 2 1 1 150 183 184
292 2 2 1 1 150 184 151
293 2 2 1 1 151 184 185
294 2 2 1 1 151 185 152
295 2 2 1 1 152 185 186
296 2 2 1 1 152 186 153
297 2 2 11 11 153 186 187
298 2 2 11 11 153 187 154
299 2 2 11 11 154 187 188
300 2 2 11 11 154 188 155
301 2 2 11 11 155 188 189
302 2 2 11 11 155 189 156
303 2 2 11 11 156 189 190
304 2 2 11 11 156 190 157
305 2 2 11 11 157 190 191
306 2 2 11 11 157 191 158
307 2 2 11 11 158 191 192
308 2 2 11 11 158 192 159
309 2 2 11 11 159 192 193
310 2 2 11 11 159 193 160
311 2 2 11 11 160 193 194
312 2 2 11 11 160 194 161
313 2 2 11 11 161 194 195
314 2 2 11 11 161 195 162
315 2 2 11 11 162 195 196
316 2 2 11 11 162 196 163
317 2 2 11 11 163 196 197
318 2 2 11 11 163 197 164
319 2 2 11 11 164 197 198
320 2 2 11 11 164 198 165
321 2 2 10 10 166 199 200
322 2 2 10 10 166 200 167
323 2 2 10 10 167 200 201
324 2 2 10 10 167 201 168
325 2 2 10 10 168 201 202
326 2 2 10 10 168 202 169
327 2 2 10 10 169 202 203
328 2 2 10 10 169 203 170
329 2 2 10 10 170 203 204
330 2 2 10 10 170 204 171
331 2 2 10 10 171 204 205
332 2 2 10 10 171 205 172
333 2 2 10 10 172 205 206
334 2 2 10 10 172 206 173
335 2 2 10 10 173 206 207
336 2 2 10 10 173 207 174
337 2 2 10 10 174 207 208
338 2 2 10 10 174 208 175
339 2 2 10 10 175 208 209
340 2 2 10 10 175 209 176
341 2 2 10 10 176 209 210
342 2 2 10 10 176 210 177
343 2 2 10 10 177 210 211
344 2 2 10 10 177 211 178
345 2 2 1 1 178 211 212
346 2 2 1 1 178 212 179
347 2 2 1 1 179 212 213
348 2 2 1 1 179 213 180
349 2 2 1 1 180 213 214
350 2 2 1 1 180 214 181
351 2 2 1 1 181 214 215
352 2 2 1 1 181 215 182
353 2 2 1 1 182 215 216
354 2 2 1 1 182 216 183
355 2 2 1 1 183 216 217
356 2 2 1 1 183 217 184
357 2 2 1 1 184 217 218
358 2 2 1 1 184 218 185
359 2 2 1 1 185 218 219
360 2 2 1 1 185 219 186
361 2 2 11 11 186 219 220
362 2 2 11 11 186 220 187
363 2 2 11 11 187 220 221
364 2 2 11 11 187 221 188
365 2 2 11 11 188 221 222
366 2 2 11 11 188 222 189
367 2 2 11 11 189 222 223
368 2 2 11 11 189 223 190
369 2 2 11 11 190 223 224
370 2 2 11 11 190 224 191
371 2 2 11 11 191 224 225
372 2 2 11 11 191 225 192
373 2 2 11 11 192 225 226
374 2 2 11 11 192 226 193
375 2 2 11 11 193 226 227
376 2 2 11 11 193 227 194
377 2 2 11 11 194 227 228
378 2 2 11 11 194 228 195
379 2 2 11 11 195 228 229
380 2 2 11 11 195 229 196
381 2 2 11 11 196 229 230
382 2 2 11 11 196 230 197
383 2 2 11 11 197 230 231
384 2 2 11 11 197 231 198
385 2 2 10 10 199 232 233
386 2 2 10 10 199 233 200
387 2 2 10 10 200 233 234
388 2 2 10 10 200 234 201
389 2 2 10 10 201 234 235
390 2 2 10 10 201 235 202
391 2 2 10 10 202 235 236
392 2 2 10 10 202 236 203
393 2 2 10 10 203 236 237
394 2 2 10 10 203 237 204
395 2 2 10 10 204 237 238
396 2 2 10 10 204 238 205
397 2 2 10 10 205 238 239
398 2 2 10 10 205 239 206
399 2 2 10 10 206 239 240
400 2 2 10 10 206 240 207
401 2 2 10 10 207 240 241
402 2 2 10 10 207 241 208
403 2 2 10 10 208 241 242
404 2 2 10 10 208 242 209
405 2 2 10 10 209 242 243
406 2 2 10 10 209 243 210
407 2 2 10 10 210 243 244
408 2 2 10 10 210 244 211
409 2 2 1 1 211 244 245
410 2 2 1 1 211 245 212
411 2 2 1 1 212 245 246
412 2 2 1 1 212 246 213
413 2 2 1 1 213 246 247
414 2 2 1 1 213 247 214
415 2 2 1 1 214 247 248
416 2 2 1 1 214 248 215
417 2 2 1 1 215 248 249
418 2 2 1 1 215 249 216
419 2 2 1 1 216 249 250
420 2 2 1 1 216 250 217
421 2 2 1 1 217 250 251
422 2 2 1 1 217 251 218
423 2 2 1 1 218 251 252
424 2 2 1 1 218 252 219
425 2 2 11 11 219 252 253
426 2 2 11 11 219 253 220
427 2 2 11 11 220 253 254
428 2 2 11 11 220 254 221
429 2 2 11 11 221 254 255
430 2 2 11 11 221 255 222
431 2 2 11 11 222 255 256
432 2 2 11 11 222 256 223
433 2 2 11 11 223 256 257
434 2 2 11 11 223 257 224
435 2 2 11 11 224 257 258
436 2 2 11 11 224 258 225
437 2 2 11 11 225 258 259
438 2 2 11 11 225 259 226
439 2 2 11 11 226 259 260
440 2 2 11 11 226 260 227
441 2 2 11 11 227 260 261
442 2 2 11 11 227 261 228
443 2 2 11 11 228 261 262
444 2 2 11 11 228 262 229
445 2 2 11 11 229 262 263
446 2 2 11 11 229 263 230
447 2 2 11 11 230 263 264
448 2 2 11 11 230 264 231
449 2 2 10 10 232 265 266
450 2 2 10 10 232 266 233
451 2 2 10 10 233 266 267
452 2 2 10 10 233 267 234
453 2 2 10 10 234 267 268
454 2 2 10 10 234 268 235
455 2 2 10 10 235 268 269
456 2 2 10 10 235 269 236
457 2 2 10 10 236 269 270
458 2 2 10 10 236 270 237
459 2 2 10 10 237 270 271
460 2 2 10 10 237 271 238
461 2 2 10 10 238 271 272
462 2 2 10 10 238 272 239
463 2 2 10 10 239 272 273
464 2 2 10 10 239 273 240
465 2 2 10 10 240 273 274
466 2 2 10 10 240 274 241
467 2 2 10 10 241 274 275
468 2 2 10 10 241 275 242
469 2 2 10 10 242 275 276
470 2 2 10 10 242 276 243
471 2 2 10 10 243 276 277
472 2 2 10 10 243 277 244
473 2 2 1 1 244 277 278
474 2 2 1 1 244 278 245
475 2 2 1 1 245 278 279
476 2 2 1 1 245 279 246
477 2 2 1 1 246 279 280
478 2 2 1 1 246 280 247
479 2 2 1 1 247 280 281
480 2 2 1 1 247 281 248
481 2 2 1 1 248 281 282
482 2 2 1 1 248 282 249
483 2 2 1 1 249 282 283
484 2 2 1 1 249 283 250
485 2 2 1 1 250 283 284
486 2 2 1 1 250 284 251
487 2 2 1 1 251 284 285
488 2 2 1 1 251 285 252
489 2 2 11 11 252 285 286
490 2 2 11 11 252 286 253
491 2 2 11 11 253 286 287
492 2 2 11 11 253 287 254
493 2 2 11 11 254 287 288
494 2 2 11 11 254 288 255
495 2 2 11 11 255 288 289
496 2 2 11 11 255 289 256
497 2 2 11 11 256 289 290
498 2 2 11 11 256 290 257
499 2 2 11 11 257 290 291
500 2 2 11 11 257 291 258
501 2 2 11 11 258 291 292
502 2 2 11 11 258 292 259
503 2 2 11 11 259 292 293
504 2 2 11 11 259 293 260
505 2 2 11 11 260 293 294
506 2 2 11 11 260 294 261
507 2 2 11 11 261 294 295
508 2 2 11 11 261 295 262
509 2 2 11 11 262 295 296
510 2 2 11 11 262 296 263
511 2 2 11 11 263 296 297
512 2 2 11 11 263 297 264
513 2 2 10 10 265 298 299
514 2 2 10 10 265 299 266
515 2 2 10 10 266 299 300
516 2 2 10 10 266 300 267
517 2 2 10 10 267 300 301
518 2 2 10 10 267 301 268
519 2 2 10 10 268 301 302
520 2 2 10 10 268 302 269
521 2 2 10 10 269 302 303
522 2 2 10 10 269 303 270
523 2 2 10 10 270 303 304
524 2 2 10 10 270 304 271
525 2 2 10 10 271 304 305
526 2 2 10 10 271 305 272
527 2 2 10 10 272 305 306
528 2 2 10 10 272 306 273
529 2 2 10 10 273 306 307
530 2 2 10 10 273 307 274
531 2 2 10 10 274 307 308
532 2 2 10 10 274 308 275
533 2 2 10 10 275 308 309
534 2 2 10 10 275 309 276
535 2 2 10 10 276 309 310
536 2 2 10 10 276 310 277
537 2 2 1 1 277 310 311
538 2 2 1 1 277 311 278
539 2 2 1 1 278 311 312
540 2 2 1 1 278 312 279
541 2 2 1 1 279 312 313
542 2 2 1 1 279 313 280
543 2 2 1 1 280 313 314
544 2 2 1 1 280 314 281
545 2 2 1 1 281 314 315
546 2 2 1 1 281 315 282
547 2 2 1 1 282 315 316
548 2 2 1 1 282 316 283
549 2 2 1 1 283 316 317
550 2 2 1 1 283 317 284
551 2 2 1 1 284 317 318
552 2 2 1 1 284 318 285
553 2 2 11 11 285 318 319
554 2 2 11 11 285 319 286
555 2 2 11 11 286 319 320
556 2 2 11 11 286 320 287
557 2 2 11 11 287 320 321
558 2 2 11 11 287 321 288
559 2 2 11 11 288 321 322
560 2 2 11 11 288 322 289
561 2 2 11 11 289 322 323
562 2 2 11 11 289 323 290
563 2 2 11 11 290 323 324
564 2 2 11 11 290 324 291
565 2 2 11 11 291 324 325
566 2 2 11 11 291 325 292
567 2 2 11 11 292 325 326
568 2 2 11 11 292 326 293
569 2 2 11 11 293 326 327
570 2 2 11 11 293 327 294
571 2 2 11 11 294 327 328
572 2 2 11 11 294 328 295
573 2 2 11 11 295 328 329
574 2 2 11 11 295 329 296
575 2 2 11 11 296 329 330
576 2 2 11 11 296 330 297
577 2 2 10 10 298 331 332
578 2 2 10 10 298 332 299
579 2 2 10 10 299 332 333
580 2 2 10 10 299 333 300
581 2 2 10 10 300 333 334
582 2 2 10 10 300 334 301
583 2 2 10 10 301 334 335
584 2 2 10 10 301 335 302
585 2 2 10 10 302 335 336
586 2 2 10 10 302 336 303
587 2 2 10 10 303 336 337
588 2 2 10 10 303 337 304
589 2 2 10 10 304 337 338
590 2 2 10 10 304 338 305
591 2 2 10 10 305 338 339
592 2 2 10 10 305 339 306
593 2 2 10 10 306 339 340
594 2 2 10 10 306 340 307
595 2 2 10 10 307 340 341
596 2 2 10 10 307 341 308
597 2 2 10 10 308 341 342
598 2 2 10 10 308 342 309
599 2 2 10 10 309 342 343
600 2 2 10 10 309 343 310
601 2 2 1 1 310 343 344
602 2 2 1 1 310 344 311
603 2 2 1 1 311 344 345
604 2 2 1 1 311 345 312
605 2 2 1 1 312 345 346
606 2 2 1 1 312 346 313
607 2 2 1 1 313 346 347
608 2 2 1 1 313 347 314
609 2 2 1 1 314 347 348
610 2 2 1 1 314 348 315
611 2 2 1 1 315 348 349
612 2 2 1 1 315 349 316
613 2 2 1 1 316 349 350
614 2 2 1 1 316 350 317
615 2 2 1 1 317 350 351
616 2 2 1 1 317 351 318
617 2 2 11 11 318 351 352
618 2 2 11 11 318 352 319
619 2 2 11 11 319 352 353
620 2 2 11 11 319 353 320
621 2 2 11 11 320 353 354
622 2 2 11 11 320 354 321
623 2 2 11 11 321 354 355
624 2 2 11 11 321 355 322
625 2 2 11 11 322 355 356
626 2 2 11 11 322 356 323
627 2 2 11 11 323 356 357
628 2 2 11 11 323 357 324
629 2 2 11 11 324 357 358
630 2 2 11 11 324 358 325
631 2 2 11 11 325 358 359
632 2 2 11 11 325 359 326
633 2 2 11 11 326 359 360
634 2 2 11 11 326 360 327
635 2 2 11 11 327 360 361
636 2 2 11 11 327 361 328
637 2 2 11 11 328 361 362
638 2 2 11 11 328 362 329
639 2 2 11 11 329 362 363
640 2 2 11 11 329 363 330
641 2 2 10 10 331 364 365
642 2 2 10 10 331 365 332
643 2 2 10 10 332 365 366
644 2 2 10 10 332 366 333
645 2 2 10 10 333 366 367
646 2 2 10 10 333 367 334
647 2 2 10 10 334 367 368
648 2 2 10 10 334 368 335
649 2 2 10 10 335 368 369
650 2 2 10 10 335 369 336
651 2 2 10 10 336 369 370
652 2 2 10 10 336 370 337
653 2 2 10 10 337 370 371
654 2 2 10 10 337 371 338
655 2 2 10 10 338 371 372
656 2 2 10 10 338 372 339
657 2 2 10 10 339 372 373
658 2 2 10 10 339 373 340
659 2 2 10 10 340 373 374
660 2 2 10 10 340 374 341
661 2 2 10 10 341 374 375
662 2 2 10 10 341 375 342
663 2 2 10 10 342 375 376
664 2 2 10 10 342 376 343
665 2 2 1 1 343 376 377
666 2 2 1 1 343 377 344
667 2 2 1 1 344 377 378
668 2 2 1 1 344 378 345
669 2 2 1 1 345 378 379
670 2 2 1 1 345 379 346
671 2 2 1 1 346 379 380
672 2 2 1 1 346 380 347
673 2 2 1 1 347 380 381
674 2 2 1 1 347 381 348
675 2 2 1 1 348 381 382
676 2 2 1 1 348 382 349
677 2 2 1 1 349 382 383
678 2 2 1 1 349 383 350
679 2 2 1 1 350 383 384
680 2 2 1 1 350 384 351
681 2 2 11 11 351 384 385
682 2 2 11 11 351 385 352
683 2 2 11 11 352 385 386
684 2 2 11 11 352 386 353
685 2 2 11 11 353 386 387
686 2 2 11 11 353 387 354
687 2 2 11 11 354 387 388
688 2 2 11 11 354 388 355
689 2 2 11 11 355 388 389
690 2 2 11 11 355 389 356
691 2 2 11 11 356 389 390
692 2 2 11 11 356 390 357
693 2 2 11 11 357 390 391
694 2 2 11 11 357 391 358
695 2 2 11 11 358 391 392
696 2 2 11 11 358 392 359
697 2 2 11 11 359 392 393
698 2 2 11 11 359 393 360
699 2 2 11 11 360 393 394
700 2 2 11 11 360 394 361
701 2 2 11 11 361 394 395
702 2 2 11 11 361 395 362
703 2 2 11 11 362 395 396
704 2 2 11 11 362 396 363
705 2 2 10 10 364 397 398
706 2 2 10 10 364 398 365
707 2 2 10 10 365 398 399
708 2 2 10 10 365 399 366
709 2 2 10 10 366 399 400
710 2 2 10 10 366 400 367
711 2 2 10 10 367 400 401
712 2 2 10 10 367 401 368
713 2 2 10 10 368 401 402
714 2 2 10 10 368 402 369
715 2 2 10 10 369 402 403
716 2 2 10 10 369 403 370
717 2 2 10 10 370 403 404
718 2 2 10 10 370 404 371
719 2 2 10 10 371 404 405
720 2 2 10 10 371 405 372
721 2 2 10 10 372 405 406
722 2 2 10 10 372 406 373
723 2 2 10 10 373 406 407
724 2 2 10 10 373 407 374
725 2 2 10 10 374 407 408
726 2 2 10 10 374 408 375
727 2 2 10 10 375 408 409
728 2 2 10 10 375 409 376
729 2 2 1 1 376 409 410
730 2 2 1 1 376 410 377
731 2 2 1 1 377 410 411
732 2 2 1 1 377 411 378
733 2 2 1 1 378 411 412
734 2 2 1 1 378 412 379
735 2 2 1 1 379 412 413
736 2 2 1 1 379 413 380
737 2 2 1 1 380 413 414
738 2 2 1 1 380 414 381
739 2 2 1 1 381 414 415
740 2 2 1 1 381 415 382
741 2 2 1 1 382 415 416
742 2 2 1 1 382 416 383
743 2 2 1 1 383 416 417
744 2 2 1 1 383 417 384
745 2 2 11 11 384 417 418
746 2 2 11 11 384 418 385
747 2 2 11 11 385 418 419
748 2 2 11 11 385 419 386
749 2 2 11 11 386 419 420
750 2 2 11 11 386 420 387
751 2 2 11 11 387 420 421
752 2 2 11 11 387 421 388
753 2 2 11 11 388 421 422
754 2 2 11 11 388 422 389
755 2 2 11 11 389 422 423
756 2 2 11 11 389 423 390
757 2 2 11 11 390 423 424
758 2 2 11 11 390 424 391
759 2 2 11 11 391 424 425
760 2 2 11 11 391 425 392
761 2 2 11 11 392 425 426
762 2 2 11 11 392 426 393
763 2 2 11 11 393 426 427
764 2 2 11 11 393 427 394
765 2 2 11 11 394 427 428
766 2 2 11 11 394 428 395
767 2 2 11 11 395 428 429
768 2 2 11 11 395 429 396
769 2 2 10 10 397 430 431
770 2 2 10 10 397 431 398
771 2 2 10 10 398 431 432
772 2 2 10 10 398 432 399
773 2 2 10 10 399 432 433
774 2 2 10 10 399 433 400
775 2 2 10 10 400 433 434
776 2 2 10 10 400 434 401
777 2 2 10 10 401 434 435
778 2 2 10 10 401 435 402
779 2 2 10 10 402 435 436
780 2 2 10 10 402 436 403
781 2 2 10 10 403 436 437
782 2 2 10 10 403 437 404
783 2 2 10 10 404 437 438
784 2 2 10 10 404 438 405
785 2 2 10 10 405 438 439
786 2 2 10 10 405 439 406
787 2 2 10 10 406 439 440
788 2 2 10 10 406 440 407
789 2 2 10 10 407 440 441
790 2 2 10 10 407 441 408
791 2 2 10 10 408 441 442
792 2 2 10 10 408 442 409
793 2 2 1 1 409 442 443
794 2 2 1 1 409 443 410
795 2 2 1 1 410 443 444
796 2 2 1 1 410 444 411
797 2 2 1 1 411 444 445
798 2 2 1 1 411 445 412
799 2 2 1 1 412 445 446
800 2 2 1 1 412 446 413
801 2 2 1 1 413 446 447
802 2 2 1 1 413 447 414
803 2 2 1 1 414 447 448
804 2 2 1 1 414 448 415
805 2 2 1 1 415 448 449
806 2 2 1 1 415 449 416
807 2 2 1 1 416 449 450
808 2 2 1 1 416 450 417
809 2 2 11 11 417 450 451
810 2 2 11 11 417 451 418
811 2 2 11 11 418 451 452
812 2 2 11 11 418 452 419
813 2 2 11 11 419 452 453
814 2 2 11 11 419 453 420
815 2 2 11 11 420 453 454
816 2 2 11 11 420 454 421
817 2 2 11 11 421 454 455
818 2 2 11 11 421 455 422
819 2 2 11 11 422 455 456
820 2 2 11 11 422 456 423
821 2 2 11 11 423 456 457
822 2 2 11 11 423 457 424
823 2 2 11 11 424 457 458
824 2 2 11 11 424 458 425
825 2 2 11 11 425 458 459
826 2 2 11 11 425 459 426
827 2 2 11 11 426 459 460
828 2 2 11 11 426 460 427
829 2 2 11 11 427 460 461
830 2 2 11 11 427 461 428
831 2 2 11 11 428 461 462
832 2 2 11 11 428 462 429
833 2 2 10 10 430 463 464
834 2 2 10 10 430 464 431
835 2 2 10 10 431 464 465
836 2 2 10 10 431 465 432
837 2 2 10 10 432 465 466
838 2 2 10 10 432 466 433
839 2 2 10 10 433 466 467
840 2 2 10 10 433 467 434
841 2 2 10 10 434 467 468
842 2 2 10 10 434 468 435
843 2 2 10 10 435 468 469
844 2 2 10 10 435 469 436
845 2 2 10 10 436 469 470
846 2 2 10 10 436 470 437
847 2 2 10 10 437 470 471
848 2 2 10 10 437 471 438
849 2 2 10 10 438 471 472
850 2 2 10 10 438 472 439
851 2 2 10 10 439 472 473
852 2 2 10 10 439 473 440
853 2 2 10 10 440 473 474
854 2 2 10 10 440 474 441
855 2 2 10 10 441 474 475
856 2 2 10 10 441 475 442
857 2 2 1 1 442 475 476
858 2 2 1 1 442 476 443
859 2 2 1 1 443 476 477
860 2 2 1 1 443 477 444
861 2 2 1 1 444 477 478
862 2 2 1 1 444 478 445
863 2 2 1 1 445 478 479
864 2 2 1 1 445 479 446
865 2 2 1 1 446 479 480
866 2 2 1 1 446 480 447
867 2 2 1 1 447 480 481
868 2 2 1 1 447 481 448
869 2 2 1 1 448 481 482
870 2 2 1 1 448 482 449
871 2 2 1 1 449 482 483
872 2 2 1 1 449 483 450
873 2 2 11 11 450 483 484
874 2 2 11 11 450 484 451
875 2 2 11 11 451 484 485
876 2 2 11 11 451 485 452
877 2 2 11 11 452 485 486
878 2 2 11 11 452 486 453
879 2 2 11 11 453 486 487
880 2 2 11 11 453 487 454
881 2 2 11 11 454 487 488
882 2 2 11 11 454 488 455
883 2 2 11 11 455 488 489
884 2 2 11 11 455 489 456
885 2 2 11 11 456 489 490
886 2 2 11 11 456 490 457
887 2 2 11 11 457 490 491
888 2 2 11 11 457 491 458
889 2 2 11 11 458 491 492
890 2 2 11 11 458 492 459
891 2 2 11 11 459 492 493
892 2 2 11 11 459 493 460
893 2 2 11 11 460 493 494
894 2 2 11 11 460 494 461
895 2 2 11 11 461 494 495
896 2 2 11 11 461 495 462
897 2 2 10 10 463 496 497
898 2 2 10 10 463 497 464
899 2 2 10 10 464 497 498
900 2 2 10 10 464 498 465
901 2 2 10 10 465 498 499
902 2 2 10 10 465 499 466
903 2 2 10 10 466 499 500
904 2 2 10 10 466 500 467
905 2 2 10 10 467 500 501
906 2 2 10 10 467 501 468
907 2 2 10 10 468 501 502
908 2 2 10 10 468 502 469
909 2 2 10 10 469 502 503
910 2 2 10 10 469 503 470
911 2 2 10 10 470 503 504
912 2 2 10 10 470 504 471
913 2 2 10 10 471 504 505
914 2 2 10 10 471 505 472
915 2 2 10 10 472 505 506
916 2 2 10 10 472 506 473
917 2 2 10 10 473 506 507
918 2 2 10 10 473 507 474
919 2 2 10 10 474 507 508
920 2 2 10 10 474 508 475
921 2 2 1 1 475 508 509
922 2 2 1 1 475 509 476
923 2 2 1 1 476 509 510
924 2 2 1 1 476 510 477
925 2 2 1 1 477 510 511
926 2 2 1 1 477 511 478
927 2 2 1 1 478 511 512
928 2 2 1 1 478 512 479
929 2 2 1 1 479 512 513
930 2 2 1 1 479 513 480
931 2 2 1 1 480 513 514
932 2 2 1 1 480 514 481
933 2 2 1 1 481 514 515
934 2 2 1 1 481 515 482
935 2 2 1 1 482 515 516
936 2 2 1 1 482 516 483
937 2 2 11 11 483 516 517
938 2 2 11 11 483 517 484
939 2 2 11 11 484 517 518
940 2 2 11 11 484 518 485
941 2 2 11 11 485 518 519
942 2 2 11 11 485 519 486
943 2 2 11 11 486 519 520
944 2 2 11 11 486 520 487
945 2 2 11 11 487 520 521
946 2 2 11 11 487 521 488
947 2 2 11 11 488 521 522
948 2 2 11 11 488 522 489
949 2 2 11 11 489 522 523
950 2 2 11 11 489 523 490
951 2 2 11 11 490 523 524
952 2 2 11 11 490 524 491
953 2 2 11 11 491 524 525
954 2 2 11 11 491 525 492
955 2 2 11 11 492 525 526
956 2 2 11 11 492 526 493
957 2 2 11 11 493 526 527
958 2 2 11 11 493 527 494
959 2 2 11 11 494 527 528
960 2 2 11 11 494 528 495
961 2 2 10 10 496 529 530
962 2 2 10 10 496 530 497
963 2 2 10 10 497 530 531
964 2 2 10 10 497 531 498
965 2 2 10 10 498 531 532
966 2 2 10 10 498 532 499
967 2 2 10 10 499 532 533
968 2 2 10 10 499 533 500
969 2 2 10 10 500 533 534
970 2 2 10 10 500 534 501
971 2 2 10 10 501 534 535
972 2 2 10 10 501 535 502
973 2 2 10 10 502 535 536
974 2 2 10 10 502 536 503
975 2 2 10 10 503 536 537
976 2 2 10 10 503 537 504
977 2 2 10 10 504 537 538
978 2 2 10 10 504 538 505
979 2 2 10 10 505 538 539
980 2 2 10 10 505 539 506
981 2 2 10 10 506 539 540
982 2 2 10 10 506 540 507
983 2 2 10 10 507 540 541
984 2 2 10 10 507 541 508
985 2 2 1 1 508 541 542
986 2 2 1 1 508 542 509
987 2 2 1 1 509 542 543
988 2 2 1 1 509 543 510
989 2 2 1 1 510 543 544
990 2 2 1 1 510 544 511
991 2 2 1 1 511 544 545
992 2 2 1 1 511 545 512
993 2 2 1 1 512 545 546
994 2 2 1 1 512 546 513
995 2 2 1 1 513 546 547
996 2 2 1 1 513 547 514
997 2 2 1 1 514 547 548
998 2 2 1 1 514 548 515
999 2 2 1 1 515 548 549
1000 2 2 1 1 515 549 516
1001 2 2 11 11 516 549 550
1002 2 2 11 11 516 550 517
1003 2 2 11 11 517 550 551
1004 2 2 11 11 517 551 518
1005 2 2 11 11 518 551 552
1006 2 2 11 11 518 552 519
1007 2 2 11 11 519 552 553
1008 2 2 11 11 519 553 520
1009 2 2 11 11 520 553 554
1010 2 2 11 11 520 554 521
1011 2 2 11 11 521 554 555
1012 2 2 11 11 521 555 522
1013 2 2 11 11 522 555 556
1014 2 2 11 11 522 556 523
1015 2 2 11 11 523 556 557
1016 2 2 11 11 523 557 524
1017 2 2 11 11 524 557 558
1018 2 2 11 11 524 558 525
1019 2 2 11 11 525 558 559
1020 2 2 11 11 525 559 526
1021 2 2 11 11 526 559 560
1022 2 2 11 11 526 560 527
1023 2 2 11 11 527 560 561
1024 2 2 11 11 527 561 528
1025 2 2 10 10 529 562 563
1026 2 2 10 10 529 563 530
1027 2 2 10 10 530 563 564
1028 2 2 10 10 530 564 531
1029 2 2 10 10 531 564 565
1030 2 2 10 10 531 565 532
1031 2 2 10 10 532 565 566
1032 2 2 10 10 532 566 533
1033 2 2 10 10 533 566 567
1034 2 2 10 10 533 567 534
1035 2 2 10 10 534 567 568
1036 2 2 10 10 534 568 535
1037 2 2 10 10 535 568 569
1038 2 2 10 10 535 569 536
1039 2 2 10 10 536 569 570
1040 2 2 10 10 536 570 537
1041 2 2 10 10 537 570 571
1042 2 2 10 10 537 571 538
1043 2 2 10 10 538 571 572
1044 2 2 10 10 538 572 539
1045 2 2 10 10 539 572 573
1046 2 2 10 10 539 573 540
1047 2 2 10 10 540 573 574
1048 2 2 10 10 540 574 541
1049 2 2 1 1 541 574 575
1050 2 2 1 1 541 575 542
1051 2 2 1 1 542 575 576
1052 2 2 1 1 542 576 543
1053 2 2 1 1 543 576 577
1054 2 2 1 1 543 577 544
1055 2 2 1 1 544 577 578
1056 2 2 1 1 544 578 545
1057 2 2 1 1 545 578 579
1058 2 2 1 1 545 579 546
1059 2 2 1 1 546 579 580
1060 2 2 1 1 546 580 547
1061 2 2 1 1 547 580 581
1062 2 2 1 1 547 581 548
1063 2 2 1 1 548 581 582
1064 2 2 1 1 548 582 549
1065 2 2 11 11 549 582 583
1066 2 2 11 11 549 583 550
1067 2 2 11 11 550 583 584
1068 2 2 11 11 550 584 551
1069 2 2 11 11 551 584 585
1070 2 2 11 11 551 585 552
1071 2 2 11 11 552 585 586
1072 2 2 11 11 552 586 553
1073 2 2 11 11 553 586 587
1074 2 2 11 11 553 587 554
1075 2 2 11 11 554 587 588
1076 2 2 11 11 554 588 555
1077 2 2 11 11 555 588 589
1078 2 2 11 11 555 589 556
1079 2 2 11 11 556 589 590
1080 2 2 11 11 556 590 557
1081 2 2 11 11 557 590 591
1082 2 2 11 11 557 591 558
1083 2 2 11 11 558 591 592
1084 2 2 11 11 558 592 559
1085 2 2 11 11 559 592 593
1086 2 2 11 11 559 593 560
1087 2 2 11 11 560 593 594
1088 2 2 11 11 560 594 561
1089 2 2 10 10 562 595 596
1090 2 2 10 10 562 596 563
1091 2 2 10 10 563 596 597
1092 2 2 10 10 563 597 564
1093 2 2 10 10 564 597 598
1094 2 2 10 10 564 598 565
1095 2 2 10 10 565 598 599
1096 2 2 10 10 565 599 566
1097 2 2 10 10 566 599 600
1098 2 2 10 10 566 600 567
1099 2 2 10 10 567 600 601
1100 2 2 10 10 567 601 568
1101 2 2 10 10 568 601 602
1102 2 2 10 10 568 602 569
1103 2 2 10 10 569 602 603
1104 2 2 10 10 569 603 570
1105 2 2 10 10 570 603 604
1106 2 2 10 10 570 604 571
1107 2 2 10 10 571 604 605
1108 2 2 10 10 571 605 572
1109 2 2 10 10 572 605 606
1110 2 2 10 10 572 606 573
1111 2 2 10 10 573 606 607
1112 2 2 10 10 573 607 574
1113 2 2 1 1 574 607 608
1114 2 2 1 1 574 608 575
1115 2 2 1 1 575 608 609
1116 2 2 1 1 575 609 576
1117 2 2 1 1 576 609 610
1118 2 2 1 1 576 610 577
1119 2 2 1 1 577 610 611
1120 2 2 1 1 577 611 578
1121 2 2 1 1 578 611 612
1122 2 2 1 1 578 612 579
1123 2 2 1 1 579 612 613
1124 2 2 1 1 579 613 580
1125 2 2 1 1 580 613 614
1126 2 2 1 1 580 614 581
1127 2 2 1 1 581 614 615
1128 2 2 1 1 581 615 582
1129 2 2 11 11 582 615 616
1130 2 2 11 11 582 616 583
1131 2 2 11 11 583 616 617
1132 2 2 11 11 583 617 584
1133 2 2 11 11 584 617 618
1134 2 2 11 11 584 618 585
1135 2 2 11 11 585 618 619
1136 2 2 11 11 585 619 586
1137 2 2 11 11 586 619 620
1138 2 2 11 11 586 620 587
1139 2 2 11 11 587 620 621
1140 2 2 11 11 587 621 588
1141 2 2 11 11 588 621 622
1142 2 2 11 11 588 622 589
1143 2 2 11 11 589 622 623
1144 2 2 11 11 589 623 590
1145 2 2 11 11 590 623 624
1146 2 2 11 11 590 624 591
1147 2 2 11 11 591 624 625
1148 2 2 11 11 591 625 592
1149 2 2 11 11 592 625 626
1150 2 2 11 11 592 626 593
1151 2 2 11 11 593 626 627
1152 2 2 11 11 593 627 594
1153 2 2 10 10 595 628 629
1154 2 2 10 10 595 629 596
1155 2 2 10 10 596 629 630
1156 2 2 10 10 596 630 597
1157 2 2 10 10 597 630 631
1158 2 2 10 10 597 631 598
1159 2 2 10 10 598 631 632
1160 2 2 10 10 598 632 599
1161 2 2 10 10 599 632 633
1162 2 2 10 10 599 633 600
1163 2 2 10 10 600 633 634
1164 2 2 10 10 600 634 601
1165 2 2 10 10 601 634 635
1166 2 2 10 10 601 635 602
1167 2 2 10 10 602 635 636
1168 2 2 10 10 602 636 603
1169 2 2 10 10 603 636 637
1170 2 2 10 10 603 637 604
1171 2 2 10 10 604 637 638
1172 2 2 10 10 604 638 605
1173 2 2 10 10 605 638 639
1174 2 2 10 10 605 639 606
1175 2 2 10 10 606 639 640
1176 2 2 10 10 606 640 607
1177 2 2 1 1 607 640 641
1178 2 2 1 1 607 641 608
1179 2 2 1 1 608 641 642
1180 2 2 1 1 608 642 609
1181 2 2 1 1 609 642 643
1182 2 2 1 1 609 643 610
1183 2 2 1 1 610 643 644
1184 2 2 1 1 610 644 611
1185 2 2 1 1 611 644 645
1186 2 2 1 1 611 645 612
1187 2 2 1 1 612 645 646
1188 2 2 1 1 612 646 613
1189 2 2 1 1 613 646 647
1190 2 2 1 1 613 647 614
1191 2 2 1 1 614 647 648
1192 2 2 1 1 614 648 615
1193 2 2 11 11 615 648 649
1194 2 2 11 11 615 649 616
1195 2 2 11 11 616 649 650
1196 2 2 11 11 616 650 617
1197 2 2 11 11 617 650 651
1198 2 2 11 11 617 651 618
1199 2 2 11 11 618 651 652
1200 2 2 11 11 618 652 619
1201 2 2 11 11 619 652 653
1202 2 2 11 11 619 653 620
1203 2 2 11 11 620 653 654
1204 2 2 11 11 620 654 621
1205 2 2 11 11 621 654 655
1206 2 2 11 11 621 655 622
1207 2 2 11 11 622 655 656
1208 2 2 11 11 622 656 623
1209 2 2 11 11 623 656 657
1210 2 2 11 11 623 657 624
1211 2 2 11 11 624 657 658
1212 2 2 11 11 624 658 625
1213 2 2 11 11 625 658 659
1214 2 2 11 11 625 659 626
1215 2 2 11 11 626 659 660
1216 2 2 11 11 626 660 627
1217 2 2 10 10 628 661 662
1218 2 2 10 10 628 662 629
1219 2 2 10 10 629 662 663
1220 2 2 10 10 629 663 630
1221 2 2 10 10 630 663 664
1222 2 2 10 10 630 664 631
1223 2 2 10 10 631 664 665
1224 2 2 10 10 631 665 632
1225 2 2 10 10 632 665 666
1226 2 2 10 10 632 666 633
1227 2 2 10 10 633 666 667
1228 2 2 10 10 633 667 634
1229 2 2 10 10 634 667 668
1230 2 2 10 10 634 668 635
1231 2 2 10 10 635 668 669
1232 2 2 10 10 635 669 636
1233 2 2 10 10 636 669 670
1234 2 2 10 10 636 670 637
1235 2 2 10 10 637 670 671
1236 2 2 10 10 637 671 638
1237 2 2 10 10 638 671 672
1238 2 2 10 10 638 672 639
1239 2 2 10 10 639 672 673
1240 2 2 10 10 639 673 640
1241 2 2 1 1 640 673 674
1242 2 2 1 1 640 674 641
1243 2 2 1 1 641 674 675
1244 2 2 1 1 641 675 642
1245 2 2 1 1 642 675 676
1246 2 2 1 1 642 676 643
1247 2 2 1 1 643 676 677
1248 2 2 1 1 643 677 644
1249 2 2 1 1 644 677 678
1250 2 2 1 1 644 678 645
1251 2 2 1 1 645 678 679
1252 2 2 1 1 645 679 646
1253 2 2 1 1 646 679 680
1254 2 2 1 1 646 680 647
1255 2 2 1 1 647 680 681
1256 2 2 1 1 647 681 648
1257 2 2 11 11 648 681 682
1258 2 2 11 11 648 682 649
1259 2 2 11 11 649 682 683
1260 2 2 11 11 649 683 650
1261 2 2 11 11 650 683 684
1262 2 2 11 11 650 684 651
1263 2 2 11 11 651 684 685
1264 2 2 11 11 651 685 652
1265 2 2 11 11 652 685 686
1266 2 2 11 11 652 686 653
1267 2 2 11 11 653 686 687
1268 2 2 11 11 653 687 654
1269 2 2 11 11 654 687 688
1270 2 2 11 11 654 688 655
1271 2 2 11 11 655 688 689
1272 2 2 11 11 655 689 656
1273 2 2 11 11 656 689 690
1274 2 2 11 11 656 690 657
1275 2 2 11 11 657 690 691
1276 2 2 11 11 657 691 658
1277 2 2 11 11 658 691 692
1278 2 2 11 11 658 692 659
1279 2 2 11 11 659 692 693
1280 2 2 11 11 659 693 660
1281 2 2 10 10 661 694 695
1282 2 2 10 10 661 695 662
1283 2 2 10 10 662 695 696
1284 2 2 10 10 662 696 663
1285 2 2 10 10 663 696 697
1286 2 2 10 10 663 697 664
1287 2 2 10 10 664 697 698
1288 2 2 10 10 664 698 665
1289 2 2 10 10 665 698 699
1290 2 2 10 10 665 699 666
1291 2 2 10 10 666 699 700
1292 2 2 10 10 666 700 667
1293 2 2 10 10 667 700 701
1294 2 2 10 10 667 701 668
1295 2 2 10 10 668 701 702
1296 2 2 10 10 668 702 669
1297 2 2 10 10 669 702 703
1298 2 2 10 10 669 703 670
1299 2 2 10 10 670 703 704
1300 2 2 10 10 670 704 671
1301 2 2 10 10 671 704 705
1302 2 2 10 10 671 705 672
1303 2 2 10 10 672 705 706
1304 2 2 10 10 672 706 673
1305 2 2 1 1 673 706 707
1306 2 2 1 1 673 707 674
1307 2 2 1 1 674 707 708
1308 2 2 1 1 674 708 675
1309 2 2 1 1 675 708 709
1310 2 2 1 1 675 709 676
1311 2 2 1 1 676 709 710
1312 2 2 1 1 676 710 677
1313 2 2 1 1 677 710 711
1314 2 2 1 1 677 711 678
1315 2 2 1 1 678 711 712
1316 2 2 1 1 678 712 679
1317 2 2 1 1 679 712 713
1318 2 2 1 1 679 713 680
1319 2 2 1 1 680 713 714
1320 2 2 1 1 680 714 681
1321 2 2 11 11 681 714 715
1322 2 2 11 11 681 715 682
1323 2 2 11 11 682 715 716
1324 2 2 11 11 682 716 683
1325 2 2 11 11 683 716 717
1326 2 2 11 11 683 717 684
1327 2 2 11 11 684 717 718
1328 2 2 11 11 684 718 685
1329 2 2 11 11 685 718 719
1330 2 2 11 11 685 719 686
1331 2 2 11 11 686 719 720
1332 2 2 11 11 686 720 687
1333 2 2 11 11 687 720 721
1334 2 2 11 11 687 721 688
1335 2 2 11 11 688 721 722
1336 2 2 11 11 688 722 689
1337 2 2 11 11 689 722 723
1338 2 2 11 11 689 723 690
1339 2 2 11 11 690 723 724
1340 2 2 11 11 690 724 691
1341 2 2 11 11 691 724 725
1342 2 2 11 11 691 725 692
1343 2 2 11 11 692 725 726
1344 2 2 11 11 692 726 693
1345 2 2 10 10 694 727 728
1346 2 2 10 10 694 728 695
1347 2 2 10 10 695 728 729
1348 2 2 10 10 695 729 696
1349 2 2 10 10 696 729 730
1350 2 2 10 10 696 730 697
1351 2 2 10 10 697 730 731
1352 2 2 10 10 697 731 698
1353 2 2 10 10 698 731 732
1354 2 2 10 10 698 732 699
1355 2 2 10 10 699 732 733
1356 2 2 10 10 699 733 700
1357 2 2 10 10 700 733 734
1358 2 2 10 10 700 734 701
1359 2 2 10 10 701 734 735
1360 2 2 10 10 701 735 702
1361 2 2 10 10 702 735 736
1362 2 2 10 10 702 736 703
1363 2 2 10 10 703 736 737
1364 2 2 10 10 703 737 704
1365 2 2 10 10 704 737 738
1366 2 2 10 10 704 738 705
1367 2 2 10 10 705 738 739
1368 2 2 10 10 705 739 706
1369 2 2 1 1 706 739 740
1370 2 2 1 1 706 740 707
1371 2 2 1 1 707 740 741
1372 2 2 1 1 707 741 708
1373 2 2 1 1 708 741 742
1374 2 2 1 1 708 742 709
1375 2 2 1 1 709 742 743
1376 2 2 1 1 709 743 710
1377 2 2 1 1 710 743 744
1378 2 2 1 1 710 744 711
1379 2 2 1 1 711 744 745
1380 2 2 1 1 711 745 712
1381 2 2 1 1 712 745 746
1382 2 2 1 1 712 746 713
1383 2 2 1 1 713 746 747
1384 2 2 1 1 713 747 714
1385 2 2 11 11 714 747 748
1386 2 2 11 11 714 748 715
1387 2 2 11 11 715 748 749
1388 2 2 11 11 715 749 716
1389 2 2 11 11 716 749 750
1390 2 2 11 11 716 750 717
1391 2 2 11 11 717 750 751
1392 2 2 11 11 717 751 718
1393 2 2 11 11 718 751 752
1394 2 2 11 11 718 752 719
1395 2 2 11 11 719 752 753
1396 2 2 11 11 719 753 720
1397 2 2 11 11 720 753 754
1398 2 2 11 11 720 754 721
1399 2 2 11 11 721 754 755
1400 2 2 11 11 721 755 722
1401 2 2 11 11 722 755 756
1402 2 2 11 11 722 756 723
1403 2 2 11 11 723 756 757
1404 2 2 11 11 723 757 724
1405 2 2 11 11 724 757 758
1406 2 2 11 11 724 758 725
1407 2 2 11 11 725 758 759
1408 2 2 11 11 725 759 726
1409 2 2 10 10 727 760 761
1410 2 2 10 10 727 761 728
1411 2 2 10 10 728 761 762
1412 2 2 10 10 728 762 729
1413 2 2 10 10 729 762 763
1414 2 2 10 10 729 763 730
1415 2 2 10 10 730 763 764
1416 2 2 10 10 730 764 731
1417 2 2 10 10 731 764 765
1418 2 2 10 10 731 765 732
1419 2 2 10 10 732 765 766
1420 2 2 10 10 732 766 733
1421 2 2 10 10 733 766 767
1422 2 2 10 10 733 767 734
1423 2 2 10 10 734 767 768
1424 2 2 10 10 734 768 735
1425 2 2 10 10 735 768 769
1426 2 2 10 10 735 769 736
1427 2 2 10 10 736 769 770
1428 2 2 10 10 736 770 737
1429 2 2 10 10 737 770 771
1430 2 2 10 10 737 771 738
1431 2 2 10 10 738 771 772
1432 2 2 10 10 738 772 739
1433 2 2 1 1 739 772 773
1434 2 2 1 1 739 773 740
1435 2 2 1 1 740 773 774
1436 2 2 1 1 740 774 741
1437 2 2 1 1 741 774 775
1438 2 2 1 1 741 775 742
1439 2 2 1 1 742 775 776
1440 2 2 1 1 742 776 743
1441 2 2 1 1 743 776 777
1442 2 2 1 1 743 777 744
1443 2 2 1 1 744 777 778
1444 2 2 1 1 744 778 745
1445 2 2 1 1 745 778 779
1446 2 2 1 1 745 779 746
1447 2 2 1 1 746 779 780
1448 2 2 1 1 746 780 747
1449 2 2 11 11 747 780 781
1450 2 2 11 11 747 781 748
1451 2 2 11 11 748 781 782
1452 2 2 11 11 748 782 749
1453 2 2 11 11 749 782 783
1454 2 2 11 11 749 783 750
1455 2 2 11 11 750 783 784
1456 2 2 11 11 750 784 751
1457 2 2 11 11 751 784 785
1458 2 2 11 11 751 785 752
1459 2 2 11 11 752 785 786
1460 2 2 11 11 752 786 753
1461 2 2 11 11 753 786 787
1462 2 2 11 11 753 787 754
1463 2 2 11 11 754 787 788
1464 2 2 11 11 754 788 755
1465 2 2 11 11 755 788 789
1466 2 2 11 11 755 789 756
1467 2 2 11 11 756 789 790
1468 2 2 11 11 756 790 757
1469 2 2 11 11 757 790 791
1470 2 2 11 11 757 791 758
1471 2 2 11 11 758 791 792
1472 2 2 11 11 758 792 759
1473 2 2 10 10 760 793 794
1474 2 2 10 10 760 794 761
1475 2 2 10 10 761 794 795
1476 2 2 10 10 761 795 762
1477 2 2 10 10 762 795 796
1478 2 2 10 10 762 796 763
1479 2 2 10 10 763 796 797
1480 2 2 10 10 763 797 764
1481 2 2 10 10 764 797 798
1482 2 2 10 10 764 798 765
1483 2 2 10 10 765 798 799
1484 2 2 10 10 765 799 766
1485 2 2 10 10 766 799 800
1486 2 2 10 10 766 800 767
1487 2 2 10 10 767 800 801
1488 2 2 10 10 767 801 768
1489 2 2 10 10 768 801 802
1490 2 2 10 10 768 802 769
1491 2 2 10 10 769 802 803
1492 2 2 10 10 769 803 770
1493 2 2 10 10 770 803 804
1494 2 2 10 10 770 804 771
1495 2 2 10 10 771 804 805
1496 2 2 10 10 771 805 772
1497 2 2 1 1 772 805 806
1498 2 2 1 1 772 806 773
1499 2 2 1 1 773 806 807
1500 2 2 1 1 773 807 774
1501 2 2 1 1 774 807 808
1502 2 2 1 1 774 808 775
1503 2 2 1 1 775 808 809
1504 2 2 1 1 775 809 776
1505 2 2 1 1 776 809 810
1506 2 2 1 1 776 810 777
1507 2 2 1 1 777 810 811
1508 2 2 1 1 777 811 778
1509 2 2 1 1 778 811 812
1510 2 2 1 1 778 812 779
1511 2 2 1 1 779 812 813
1512 2 2 1 1 779 813 780
1513 2 2 11 11 780 813 814
1514 2 2 11 11 780 814 781
1515 2 2 11 11 781 814 815
1516 2 2 11 11 781 815 782
1517 2 2 11 11 782 815 816
1518 2 2 11 11 782 816 783
1519 2 2 11 11 783 816 817
1520 2 2 11 11 783 817 784
1521 2 2 11 11 784 817 818
1522 2 2 11 11 784 818 785
1523 2 2 11 11 785 818 819
1524 2 2 11 11 785 819 786
1525 2 2 11 11 786 819 820
1526 2 2 11 11 786 820 787
1527 2 2 11 11 787 820 821
1528 2 2 11 11 787 821 788
1529 2 2 11 11 788 821 822
1530 2 2 11 11 788 822 789
1531 2 2 11 11 789 822 823
1532 2 2 11 11 789 823 790
1533 2 2 11 11 790 823 824
1534 2 2 11 11 790 824 791
1535 2 2 11 11 791 824 825
1536 2 2 11 11 791 825 792
1537 2 2 10 10 793 826 827
1538 2 2 10 10 793 827 794
1539 2 2 10 10 794 827 828
1540 2 2 10 10 794 828 795
1541 2 2 10 10 795 828 829
1542 2 2 10 10 795 829 796
1543 2 2 10 10 796 829 830
1544 2 2 10 10 796 830 797
1545 2 2 10 10 797 830 831
1546 2 2 10 10 797 831 798
1547 2 2 10 10 798 831 832
1548 2 2 10 10 798 832 799
1549 2 2 10 10 799 832 833
1550 2 2 10 10 799 833 800
1551 2 2 10 10 800 833 834
1552 2 2 10 10 800 834 801
1553 2 2 10 10 801 834 835
1554 2 2 10 10 801 835 802
1555 2 2 10 10 802 835 836
1556 2 2 10 10 802 836 803
1557 2 2 10 10 803 836 837
1558 2 2 10 10 803 837 804
1559 2 2 10 10 804 837 838
1560 2 2 10 10 804 838 805
1561 2 2 1 1 805 838 839
1562 2 2 1 1 805 839 806
1563 2 2 1 1 806 839 840
1564 2 2 1 1 806 840 807
1565 2 2 1 1 807 840 841
1566 2 2 1 1 807 841 808
1567 2 2 1 1 808 841 842
1568 2 2 1 1 808 842 809
1569 2 2 1 1 809 842 843
1570 2 2 1 1 809 843 810
1571 2 2 1 1 810 843 844
1572 2 2 1 1 810 844 811
1573 2 2 1 1 811 844 845
1574 2 2 1 1 811 845 812
1575 2 2 1 1 812 845 846
1576 2 2 1 1 812 846 813
1577 2 2 11 11 813 846 847
1578 2 2 11 11 813 847 814
1579 2 2 11 11 814 847 848
1580 2 2 11 11 814 848 815
1581 2 2 11 11 815 848 849
1582 2 2 11 11 815 849 816
1583 2 2 11 11 816 849 850
1584 2 2 11 11 816 850 817
1585 2 2 11 11 817 850 851
1586 2 2 11 11 817 851 818
1587 2 2 11 11 818 851 852
1588 2 2 11 11 818 852 819
1589 2 2 11 11 819 852 853
1590 2 2 11 11 819 853 820
1591 2 2 11 11 820 853 854
1592 2 2 11 11 820 854 821
1593 2 2 11 11 821 854 855
1594 2 2 11 11 821 855 822
1595 2 2 11 11 822 855 856
1596 2 2 11 11 822 856 823
1597 2 2 11 11 823 856 857
1598 2 2 11 11 823 857 824
1599 2 2 11 11 824 857 858
1600 2 2 11 11 824 858 825
1601 2 2 10 10 826 859 860
1602 2 2 10 10 826 860 827
1603 2 2 10 10 827 860 861
1604 2 2 10 10 827 861 828
1605 2 2 10 10 828 861 862
1606 2 2 10 10 828 862 829
1607 2 2 10 10 829 862 863
1608 2 2 10 10 829 863 830
1609 2 2 10 10 830 863 864
1610 2 2 10 10 830 864 831
1611 2 2 10 10 831 864 865
1612 2 2 10 10 831 865 832
1613 2 2 10 10 832 865 866
1614 2 2 10 10 832 866 833
1615 2 2 10 10 833 866 867
1616 2 2 10 10 833 867 834
1617 2 2 10 10 834 867 868
1618 2 2 10 10 834 868 835
1619 2 2 10 10 835 868 869
1620 2 2 10 10 835 869 836
1621 2 2 10 10 836 869 870
1622 2 2 10 10 836 870 837
1623 2 2 10 10 837 870 871
1624 2 2 10 10 837 871 838
1625 2 2 1 1 838 871 872
1626 2 2 1 1 838 872 839
1627 2 2 1 1 839 872 873
1628 2 2 1 1 839 873 840
1629 2 2 1 1 840 873 874
1630 2 2 1 1 840 874 841
1631 2 2 1 1 841 874 875
1632 2 2 1 1 841 875 842
1633 2 2 1 1 842 875 876
1634 2 2 1 1 842 876 843
1635 2 2 1 1 843 876 877
1636 2 2 1 1 843 877 844
1637 2 2 1 1 844 877 878
1638 2 2 1 1 844 878 845
1639 2 2 1 1 845 878 879
1640 2 2 1 1 845 879 846
1641 2 2 11 11 846 879 880
1642 2 2 11 11 846 880 847
1643 2 2 11 11 847 880 881
1644 2 2 11 11 847 881 848
1645 2 2 11 11 848 881 882
1646 2 2 11 11 848 882 849
1647 2 2 11 11 849 882 883
1648 2 2 11 11 849 883 850
1649 2 2 11 11 850 883 884
1650 2 2 11 11 850 884 851
1651 2 2 11 11 851 884 885
1652 2 2 11 11 851 885 852
1653 2 2 11 11 852 885 886
1654 2 2 11 11 852 886 853
1655 2 2 11 11 853 886 887
1656 2 2 11 11 853 887 854
1657 2 2 11 11 854 887 888
1658 2 2 11 11 854 888 855
1659 2 2 11 11 855 888 889
1660 2 2 11 11 855 889 856
1661 2 2 11 11 856 889 890
1662 2 2 11 11 856 890 857
1663 2 2 11 11 857 890 891
1664 2 2 11 11 857 891 858
1665 2 2 10 10 859 892 893
1666 2 2 10 10 859 893 860
1667 2 2 10 10 860 893 894
1668 2 2 10 10 860 894 861
1669 2 2 10 10 861 894 895
1670 2 2 10 10 861 895 862
1671 2 2 10 10 862 895 896
1672 2 2 10 10 862 896 863
1673 2 2 10 10 863 896 897
1674 2 2 10 10 863 897 864
1675 2 2 10 10 864 897 898
1676 2 2 10 10 864 898 865
1677 2 2 10 10 865 898 899
1678 2 2 10 10 865 899 866
1679 2 2 10 10 866 899 900
1680 2 2 10 10 866 900 867
1681 2 2 10 10 867 900 901
1682 2 2 10 10 867 901 868
1683 2 2 10 10 868 901 902
1684 2 2 10 10 868 902 869
1685 2 2 10 10 869 902 903
1686 2 2 10 10 869 903 870
1687 2 2 10 10 870 903 904
1688 2 2 10 10 870 904 871
1689 2 2 1 1 871 904 905
1690 2 2 1 1 871 905 872
1691 2 2 1 1 872 905 906
1692 2 2 1 1 872 906 873
1693 2 2 1 1 873 906 907
1694 2 2 1 1 873 907 874
1695 2 2 1 1 874 907 908
1696 2 2 1 1 874 908 875
1697 2 2 1 1 875 908 909
1698 2 2 1 1 875 909 876
1699 2 2 1 1 876 909 910
1700 2 2 1 1 876 910 877
1701 2 2 1 1 877 910 911
1702 2 2 1 1 877 911 878
1703 2 2 1 1 878 911 912
1704 2 2 1 1 878 912 879
1705 2 2 11 11 879 912 913
1706 2 2 11 11 879 913 880
1707 2 2 11 11 880 913 914
1708 2 2 11 11 880 914 881
1709 2 2 11 11 881 914 915
1710 2 2 11 11 881 915 882
1711 2 2 11 11 882 915 916
1712 2 2 11 11 882 916 883
1713 2 2 11 11 883 916 917
1714 2 2 11 11 883 917 884
1715 2 2 11 11 884 917 918
1716 2 2 11 11 884 918 885
1717 2 2 11 11 885 918 919
1718 2 2 11 11 885 919 886
1719 2 2 11 11 886 919 920
1720 2 2 11 11 886 920 887
1721 2 2 11 11 887 920 921
1722 2 2 11 11 887 921 888
1723 2 2 11 11 888 921 922
1724 2 2 11 11 888 922 889
1725 2 2 11 11 889 922 923
1726 2 2 11 11 889 923 890
1727 2 2 11 11 890 923 924
1728 2 2 11 11 890 924 891
1729 2 2 10 10 892 925 926
1730 2 2 10 10 892 926 893
1731 2 2 10 10 893 926 927
1732 2 2 10 10 893 927 894
1733 2 2 10 10 894 927 928
1734 2 2 10 10 894 928 895
1735 2 2 10 10 895 928 929
1736 2 2 10 10 895 929 896
1737 2 2 10 10 896 929 930
1738 2 2 10 10 896 930 897
1739 2 2 10 10 897 930 931
1740 2 2 10 10 897 931 898
1741 2 2 10 10 898 931 932
1742 2 2 10 10 898 932 899
1743 2 2 10 10 899 932 933
1744 2 2 10 10 899 933 900
1745 2 2 10 10 900 933 934
1746 2 2 10 10 900 934 901
1747 2 2 10 10 901 934 935
1748 2 2 10 10 901 935 902
1749 2 2 10 10 902 935 936
1750 2 2 10 10 902 936 903
1751 2 2 10 10 903 936 937
1752 2 2 10 10 903 937 904
1753 2 2 1 1 904 937 938
1754 2 2 1 1 904 938 905
1755 2 2 1 1 905 938 939
1756 2 2 1 1 905 939 906
1757 2 2 1 1 906 939 940
1758 2 2 1 1 906 940 907
1759 2 2 1 1 907 940 941
1760 2 2 1 1 907 941 908
1761 2 2 1 1 908 941 942
1762 2 2 1 1 908 942 909
1763 2 2 1 1 909 942 943
1764 2 2 1 1 909 943 910
1765 2 2 1 1 910 943 944
1766 2 2 1 1 910 944 911
1767 2 2 1 1 911 944 945
1768 2 2 1 1 911 945 912
1769 2 2 11 11 912 945 946
1770 2 2 11 11 912 946 913
1771 2 2 11 11 913 946 947
1772 2 2 11 11 913 947 914
1773 2 2 11 11 914 947 948
1774 2 2 11 11 914 948 915
1775 2 2 11 11 915 948 949
1776 2 2 11 11 915 949 916
1777 2 2 11 11 916 949 950
1778 2 2 11 11 916 950 917
1779 2 2 11 11 917 950 951
1780 2 2 11 11 917 951 918
1781 2 2 11 11 918 951 952
1782 2 2 11 11 918 952 919
1783 2 2 11 11 919 952 953
1784 2 2 11 11 919 953 920
1785 2 2 11 11 920 953 954
1786 2 2 11 11 920 954 921
1787 2 2 11 11 921 954 955
1788 2 2 11 11 921 955 922
1789 2 2 11 11 922 955 956
1790 2 2 11 11 922 956 923
1791 2 2 11 11 923 956 957
1792 2 2 11 11 923 957 924
1793 2 2 10 10 925 958 959
1794 2 2 10 10 925 959 926
1795 2 2 10 10 926 959 960
1796 2 2 10 10 926 960 927
1797 2 2 10 10 927 960 961
1798 2 2 10 10 927 961 928
1799 2 2 10 10 928 961 962
1800 2 2 10 10 928 962 929
1801 2 2 10 10 929 962 963
1802 2 2 10 10 929 963 930
1803 2 2 10 10 930 963 964
1804 2 2 10 10 930 964 931
1805 2 2 10 10 931 964 965
1806 2 2 10 10 931 965 932
1807 2 2 10 10 932 965 966
1808 2 2 10 10 932 966 933
1809 2 2 10 10 933 966 967
1810 2 2 10 10 933 967 934
1811 2 2 10 10 934 967 968
1812 2 2 10 10 934 968 935
1813 2 2 10 10 935 968 969
1814 2 2 10 10 935 969 936
1815 2 2 10 10 936 969 970
1816 2 2 10 10 936 970 937
1817 2 2 1 1 937 970 971
1818 2 2 1 1 937 971 938
1819 2 2 1 1 938 971 972
1820 2 2 1 1 938 972 939
1821 2 2 1 1 939 972 973
1822 2 2 1 1 939 973 940
1823 2 2 1 1 940 973 974
1824 2 2 1 1 940 974 941
1825 2 2 1 1 941 974 975
1826 2 2 1 1 941 975 942
1827 2 2 1 1 942 975 976
1828 2 2 1 1 942 976 943
1829 2 2 1 1 943 976 977
1830 2 2 1 1 943 977 944
1831 2 2 1 1 944 977 978
1832 2 2 1 1 944 978 945
1833 2 2 11 11 945 978 979
1834 2 2 11 11 945 979 946
1835 2 2 11 11 946 979 980
1836 2 2 11 11 946 980 947
1837 2 2 11 11 947 980 981
1838 2 2 11 11 947 981 948
1839 2 2 11 11 948 981 982
1840 2 2 11 11 948 982 949
1841 2 2 11 11 949 982 983
1842 2 2 11 11 949 983 950
1843 2 2 11 11 950 983 984
1844 2 2 11 11 950 984 951
1845 2 2 11 11 951 984 985
1846 2 2 11 11 951 985 952
1847 2 2 11 11 952 985 986
1848 2 2 11 11 952 986 953
1849 2 2 11 11 953 986 987
1850 2 2 11 11 953 987 954
1851 2 2 11 11 954 987 988
1852 2 2 11 11 954 988 955
1853 2 2 11 11 955 988 989
1854 2 2 11 11 955 989 956
1855 2 2 11 11 956 989 990
1856 2 2 11 11 956 990 957
1857 2 2 10 10 958 991 992
1858 2 2 10 10 958 992 959
1859 2 2 10 10 959 992 993
1860 2 2 10 10 959 993 960
1861 2 2 10 10 960 993 994
1862 2 2 10 10 960 994 961
1863 2 2 10 10 961 994 995
1864 2 2 10 10 961 995 962
1865 2 2 10 10 962 995 996
1866 2 2 10 10 962 996 963
1867 2 2 10 10 963 996 997
1868 2 2 10 10 963 997 964
1869 2 2 10 10 964 997 998
1870 2 2 10 10 964 998 965
1871 2 2 10 10 965 998 999
1872 2 2 10 10 965 999 966
1873 2 2 10 10 966 999 1000
1874 2 2 10 10 966 1000 967
1875 2 2 10 10 967 1000 1001
1876 2 2 10 10 967 1001 968
1877 2 2 10 10 968 1001 1002
1878 2 2 10 10 968 1002 969
1879 2 2 10 10 969 1002 1003
1880 2 2 10 10 969 1003 970
1881 2 2 1 1 970 1003 1004
1882 2 2 1 1 970 1004 971
1883 2 2 1 1 971 1004 1005
1884 2 2 1 1 971 1005 972
1885 2 2 1 1 972 1005 1006
1886 2 2 1 1 972 1006 973
1887 2 2 1 1 973 1006 1007
1888 2 2 1 1 973 1007 974
1889 2 2 1 1 974 1007 1008
1890 2 2 1 1 974 1008 975
1891 2 2 1 1 975 1008 1009
1892 2 2 1 1 975 1009 976
1893 2 2 1 1 976 1009 1010
1894 2 2 1 1 976 1010 977
1895 2 2 1 1 977 1010 1011
1896 2 2 1 1 977 1011 978
1897 2 2 11 11 978 1011 1012
1898 2 2 11 11 978 1012 979
1899 2 2 11 11 979 1012 1013
1900 2 2 11 11 979 1013 980
1901 2 2 11 11 980 1013 1014
1902 2 2 11 11 980 1014 981
1903 2 2 11 11 981 1014 1015
1904 2 2 11 11 981 1015 982
1905 2 2 11 11 982 1015 1016
1906 2 2 11 11 982 1016 983
1907 2 2 11 11 983 1016 1017
1908 2 2 11 11 983 1017 984
1909 2 2 11 11 984 1017 1018
1910 2 2 11 11 984 1018 985
1911 2 2 11 11 985 1018 1019
1912 2 2 11 11 985 1019 986
1913 2 2 11 11 986 1019 1020
1914 2 2 11 11 986 1020 987
1915 2 2 11 11 987 1020 1021
1916 2 2 11 11 987 1021 988
1917 2 2 11 11 988 1021 1022
1918 2 2 11 11 988 1022 989
1919 2 2 11 11 989 1022 1023
1920 2 2 11 11 989 1023 990
1921 2 2 10 10 991 1024 1025
1922 2 2 10 10 991 1025 992
1923 2 2 10 10 992 1025 1026
1924 2 2 10 10 992 1026 993
1925 2 2 10 10 993 1026 1027
1926 2 2 10 10 993 1027 994
1927 2 2 10 10 994 1027 1028
1928 2 2 10 10 994 1028 995
1929 2 2 10 10 995 1028 1029
1930 2 2 10 10 995 1029 996
1931 2 2 10 10 996 1029 1030
1932 2 2 10 10 996 1030 997
1933 2 2 10 10 997 1030 1031
1934 2 2 10 10 997 1031 998
1935 2 2 10 10 998 1031 1032
1936 2 2 10 10 998 1032 999
1937 2 2 10 10 999 1032 1033
1938 2 2 10 10 999 1033 1000
1939 2 2 10 10 1000 1033 1034
1940 2 2 10 10 1000 1034 1001
1941 2 2 10 10 1001 1034 1035
1942 2 2 10 10 1001 1035 1002
1943 2 2 10 10 1002 1035 1036
1944 2 2 10 10 1002 1036 1003
1945 2 2 1 1 1003 1036 1037
1946 2 2 1 1 1003 1037 1004
1947 2 2 1 1 1004 1037 1038
1948 2 2 1 1 1004 1038 1005
1949 2 2 1 1 1005 1038 1039
1950 2 2 1 1 1005 1039 1006
1951 2 2 1 1 1006 1039 1040
1952 2 2 1 1 1006 1040 1007
1953 2 2 1 1 1007 1040 1041
1954 2 2 1 1 1007 1041 1008
1955 2 2 1 1 1008 1041 1042
1956 2 2 1 1 1008 1042 1009
1957 2 2 1 1 1009 1042 1043
1958 2 2 1 1 1009 1043 1010
1959 2 2 1 1 1010 1043 1044
1960 2 2 1 1 1010 1044 1011
1961 2 2 11 11 1011 1044 1045
1962 2 2 11 11 1011 1045 1012
1963 2 2 11 11 1012 1045 1046
1964 2 2 11 11 1012 1046 1013
1965 2 2 11 11 1013 1046 1047
1966 2 2 11 11 1013 1047 1014
1967 2 2 11 11 1014 1047 1048
1968 2 2 11 11 1014 1048 1015
1969 2 2 11 11 1015 1048 1049
1970 2 2 11 11 1015 1049 1016
1971 2 2 11 11 1016 1049 1050
1972 2 2 11 11 1016 1050 1017
1973 2 2 11 11 1017 1050 1051
1974 2 2 11 11 1017 1051 1018
1975 2 2 11 11 1018 1051 1052
1976 2 2 11 11 1018 1052 1019
1977 2 2 11 11 1019 1052 1053
1978 2 2 11 11 1019 1053 1020
1979 2 2 11 11 1020 1053 1054
1980 2 2 11 11 1020 1054 1021
1981 2 2 11 11 1021 1054 1055
1982 2 2 11 11 1021 1055 1022
1983 2 2 11 11 1022 1055 1056
1984 2 2 11 11 1022 1056 1023
1985 2 2 10 10 1024 1057 1058
1986 2 2 10 10 1024 1058 1025
1987 2 2 10 10 1025 1058 1059
1988 2 2 10 10 1025 1059 1026
1989 2 2 10 10 1026 1059 1060
1990 2 2 10 10 1026 1060 1027
1991 2 2 10 10 1027 1060 1061
1992 2 2 10 10 1027 1061 1028
1993 2 2 10 10 1028 1061 1062
1994 2 2 10 10 1028 1062 1029
1995 2 2 10 10 1029 1062 1063
1996 2 2 10 10 1029 1063 1030
1997 2 2 10 10 1030 1063 1064
1998 2 2 10 10 1030 1064 1031
1999 2 2 10 10 1031 1064 1065
2000 2 2 10 10 1031 1065 1032
2001 2 2 10 10 1032 1065 1066
2002 2 2 10 10 1032 1066 1033
2003 2 2 10 10 1033 1066 1067
2004 2 2 10 10 1033 1067 1034
2005 2 2 10 10 1034 1067 1068
2006 2 2 10 10 1034 1068 1035
2007 2 2 10 10 1035 1068 1069
2008 2 2 10 10 1035 1069 1036
2009 2 2 1 1 1036 1069 1070
2010 2 2 1 1 1036 1070 1037
2011 2 2 1 1 1037 1070 1071
2012 2 2 1 1 1037 1071 1038
2013 2 2 1 1 1038 1071 1072
2014 2 2 1 1 1038 1072 1039
2015 2 2 1 1 1039 1072 1073
2016 2 2 1 1 1039 1073 1040
2017 2 2 1 1 1040 1073 1074
2018 2 2 1 1 1040 1074 1041
2019 2 2 1 1 1041 1074 1075
2020 2 2 1 1 1041 1075 1042
2021 2 2 1 1 1042 1075 1076
2022 2 2 1 1 1042 1076 1043
2023 2 2 1 1 1043 1076 1077
2024 2 2 1 1 1043 1077 1044
2025 2 2 11 11 1044 1077 1078
2026 2 2 11 11 1044 1078 1045
2027 2 2 11 11 1045 1078 1079
2028 2 2 11 11 1045 1079 1046
2029 2 2 11 11 1046 1079 1080
2030 2 2 11 11 1046 1080 1047
2031 2 2 11 11 1047 1080 1081
2032 2 2 11 11 1047 1081 1048
2033 2 2 11 11 1048 1081 1082
2034 2 2 11 11 1048 1082 1049
2035 2 2 11 11 1049 1082 1083
2036 2 2 11 11 1049 1083 1050
2037 2 2 11 11 1050 1083 1084
2038 2 2 11 11 1050 1084 1051
2039 2 2 11 11 1051 1084 1085
2040 2 2 11 11 1051 1085 1052
2041 2 2 11 11 1052 1085 1086
2042 2 2 11 11 1052 1086 1053
2043 2 2 11 11 1053 1086 1087
2044 2 2 11 11 1053 1087 1054
2045 2 2 11 11 1054 1087 1088
2046 2 2 11 11 1054 1088 1055
2047 2 2 11 11 1055 1088 1089
2048 2 2 11 11 1055 1089 1056
2049 2 2 10 10 1057 1090 1091
2050 2 2 10 10 1057 1091 1058
2051 2 2 10 10 1058 1091 1092
2052 2 2 10 10 1058 1092 1059
2053 2 2 10 10 1059 1092 1093
2054 2 2 10 10 1059 1093 1060
2055 2 2 10 10 1060 1093 1094
2056 2 2 10 10 1060 1094 1061
2057 2 2 10 10 1061 1094 1095
2058 2 2 10 10 1061 1095 1062
2059 2 2 10 10 1062 1095 1096
2060 2 2 10 10 1062 1096 1063
2061 2 2 10 10 1063 1096 1097
2062 2 2 10 10 1063 1097 1064
2063 2 2 10 10 1064 1097 1098
2064 2 2 10 10 1064 1098 1065
2065 2 2 10 10 1065 1098 1099
2066 2 2 10 10 1065 1099 1066
2067 2 2 10 10 1066 1099 1100
2068 2 2 10 10 1066 1100 1067
2069 2 2 10 10 1067 1100 1101
2070 2 2 10 10 1067 1101 1068
2071 2 2 10 10 1068 1101 1102
2072 2 2 10 10 1068 1102 1069
2073 2 2 1 1 1069 1102 1103
2074 2 2 1 1 1069 1103 1070
2075 2 2 1 1 1070 1103 1104
2076 2 2 1 1 1070 1104 1071
2077 2 2 1 1 1071 1104 1105
2078 2 2 1 1 1071 1105 1072
2079 2 2 1 1 1072 1105 1106
2080 2 2 1 1 1072 1106 1073
2081 2 2 1 1 1073 1106 1107
2082 2 2 1 1 1073 1107 1074
2083 2 2 1 1 1074 1107 1108
2084 2 2 1 1 1074 1108 1075
2085 2 2 1 1 1075 1108 1109
2086 2 2 1 1 1075 1109 1076
2087 2 2 1 1 1076 1109 1110
2088 2 2 1 1 1076 1110 1077
2089 2 2 11 11 1077 1110 1111
2090 2 2 11 11 1077 1111 1078
2091 2 2 11 11 1078 1111 1112
2092 2 2 11 11 1078 1112 1079
2093 2 2 11 11 1079 1112 1113
2094 2 2 11 11 1079 1113 1080
2095 2 2 11 11 1080 1113 1114
2096 2 2 11 11 1080 1114 1081
2097 2 2 11 11 1081 1114 1115
2098 2 2 11 11 1081 1115 1082
2099 2 2 11 11 1082 1115 1116
2100 2 2 11 11 1082 1116 1083
2101 2 2 11 11 1083 1116 1117
2102 2 2 11 11 1083 1117 1084
2103 2 2 11 11 1084 1117 1118
2104 2 2 11 11 1084 1118 1085
2105 2 2 11 11 1085 1118 1119
2106 2 2 11 11 1085 1119 1086
2107 2 2 11 11 1086 1119 1120
2108 2 2 11 11 1086 1120 1087
2109 2 2 11 11 1087 1120 1121
2110 2 2 11 11 1087 1121 1088
2111 2 2 11 11 1088 1121 1122
2112 2 2 11 11 1088 1122 1089
2113 2 2 10 10 1090 1123 1124
2114 2 2 10 10 1090 1124 1091
2115 2 2 10 10 1091 1124 1125
2116 2 2 10 10 1091 1125 1092
2117 2 2 10 10 1092 1125 1126
2118 2 2 10 10 1092 1126 1093
2119 2 2 10 10 1093 1126 1127
2120 2 2 10 10 1093 1127 1094
2121 2 2 10 10 1094 1127 1128
2122 2 2 10 10 1094 1128 1095
2123 2 2 10 10 1095 1128 1129
2124 2 2 10 10 1095 1129 1096
2125 2 2 10 10 1096 1129 1130
2126 2 2 10 10 1096 1130 1097
2127 2 2 10 10 1097 1130 1131
2128 2 2 10 10 1097 1131 1098
2129 2 2 10 10 1098 1131 1132
2130 2 2 10 10 1098 1132 1099
2131 2 2 10 10 1099 1132 1133
2132 2 2 10 10 1099 1133 1100
2133 2 2 10 10 1100 1133 1134
2134 2 2 10 10 1100 1134 1101
2135 2 2 10 10 1101 1134 1135
2136 2 2 10 10 1101 1135 1102
2137 2 2 1 1 1102 1135 1136
2138 2 2 1 1 1102 1136 1103
2139 2 2 1 1 1103 1136 1137
2140 2 2 1 1 1103 1137 1104
2141 2 2 1 1 1104 1137 1138
2142 2 2 1 1 1104 1138 1105
2143 2 2 1 1 1105 1138 1139
2144 2 2 1 1 1105 1139 1106
2145 2 2 1 1 1106 1139 1140
2146 2 2 1 1 1106 1140 1107
2147 2 2 1 1 1107 1140 1141
2148 2 2 1 1 1107 1141 1108
2149 2 2 1 1 1108 1141 1142
2150 2 2 1 1 1108 1142 1109
2151 2 2 1 1 1109 1142 1143
2152 2 2 1 1 1109 1143 1110
2153 2 2 11 11 1110 1143 1144
2154 2 2 11 11 1110 1144 1111
2155 2 2 11 11 1111 1144 1145
2156 2 2 11 11 1111 1145 1112
2157 2 2 11 11 1112 1145 1146
2158 2 2 11 11 1112 1146 1113
2159 2 2 11 11 1113 1146 1147
2160 2 2 11 11 1113 1147 1114
2161 2 2 11 11 1114 1147 1148
2162 2 2 11 11 1114 1148 1115
2163 2 2 11 11 1115 1148 1149
2164 2 2 11 11 1115 1149 1116
2165 2 2 11 11 1116 1149 1150
2166 2 2 11 11 1116 1150 1117
2167 2 2 11 11 1117 1150 1151
2168 2 2 11 11 1117 1151 1118
2169 2 2 11 11 1118 1151 1152
2170 2 2 11 11 1118 1152 1119
2171 2 2 11 11 1119 1152 1153
2172 2 2 11 11 1119 1153 1120
2173 2 2 11 11 1120 1153 1154
2174 2 2 11 11 1120 1154 1121
2175 2 2 11 11 1121 1154 1155
2176 2 2 11 11 1121 1155 1122
2177 2 2 10 10 1123 1156 1157
2178 2 2 10 10 1123 1157 1124
2179 2 2 10 10 1124 1157 1158
2180 2 2 10 10 1124 1158 1125
2181 2 2 10 10 1125 1158 1159
2182 2 2 10 10 1125 1159 1126
2183 2 2 10 10 1126 1159 1160
2184 2 2 10 10 1126 1160 1127
2185 2 2 10 10 1127 1160 1161
2186 2 2 10 10 1127 1161 1128
2187 2 2 10 10 1128 1161 1162
2188 2 2 10 10 1128 1162 1129
2189 2 2 10 10 1129 1162 1163
2190 2 2 10 10 1129 1163 1130
2191 2 2 10 10 1130 1163 1164
2192 2 2 10 10 1130 1164 1131
2193 2 2 10 10 1131 1164 1165
2194 2 2 10 10 1131 1165 1132
2195 2 2 10 10 1132 1165 1166
2196 2 2 10 10 1132 1166 1133
2197 2 2 10 10 1133 1166 1167
2198 2 2 10 10 1133 1167 1134
2199 2 2 10 10 1134 1167 1168
2200 2 2 10 10 1134 1168 1135
2201 2 2 1 1 1135 1168 1169
2202 2 2 1 1 1135 1169 1136
2203 2 2 1 1 1136 1169 1170
2204 2 2 1 1 1136 1170 1137
2205 2 2 1 1 1137 1170 1171
2206 2 2 1 1 1137 1171 1138
2207 2 2 1 1 1138 1171 1172
2208 2 2 1 1 1138 1172 1139
2209 2 2 1 1 1139 1172 1173
2210 2 2 1 1 1139 1173 1140
2211 2 2 1 1 1140 1173 1174
2212 2 2 1 1 1140 1174 1141
2213 2 2 1 1 1141 1174 1175
2214 2 2 1 1 1141 1175 1142
2215 2 2 1 1 1142 1175 1176
2216 2 2 1 1 1142 1176 1143
2217 2 2 11 11 1143 1176 1177
2218 2 2 11 11 1143 1177 1144
2219 2 2 11 11 1144 1177 1178
2220 2 2 11 11 1144 1178 1145
2221 2 2 11 11 1145 1178 1179
2222 2 2 11 11 1145 1179 1146
2223 2 2 11 11 1146 1179 1180
2224 2 2 11 11 1146 1180 1147
2225 2 2 11 11 1147 1180 1181
2226 2 2 11 11 1147 1181 1148
2227 2 2 11 11 1148 1181 1182
2228 2 2 11 11 1148 1182 1149
2229 2 2 11 11 1149 1182 1183
2230 2 2 11 11 1149 1183 1150
2231 2 2 11 11 1150 1183 1184
2232 2 2 11 11 1150 1184 1151
2233 2 2 11 11 1151 1184 1185
2234 2 2 11 11 1151 1185 1152
2235 2 2 11 11 1152 1185 1186
2236 2 2 11 11 1152 1186 1153
2237 2 2 11 11 1153 1186 1187
2238 2 2 11 11 1153 1187 1154
2239 2 2 11 11 1154 1187 1188
2240 2 2 11 11 1154 1188 1155
2241 2 2 10 10 1156 1189 1190
2242 2 2 10 10 1156 1190 1157
2243 2 2 10 10 1157 1190 1191
2244 2 2 10 10 1157 1191 1158
2245 2 2 10 10 1158 1191 1192
2246 2 2 10 10 1158 1192 1159
2247 2 2 10 10 1159 1192 1193
2248 2 2 10 10 1159 1193 1160
2249 2 2 10 10 1160 1193 1194
2250 2 2 10 10 1160 1194 1161
2251 2 2 10 10 1161 1194 1195
2252 2 2 10 10 1161 1195 1162
2253 2 2 10 10 1162 1195 1196
2254 2 2 10 10 1162 1196 1163
2255 2 2 10 10 1163 1196 1197
2256 2 2 10 10 1163 1197 1164
2257 2 2 10 10 1164 1197 1198
2258 2 2 10 10 1164 1198 1165
2259 2 2 10 10 1165 1198 1199
2260 2 2 10 10 1165 1199 1166
2261 2 2 10 10 1166 1199 1200
2262 2 2 10 10 1166 1200 1167
2263 2 2 10 10 1167 1200 1201
2264 2 2 10 10 1167 1201 1168
2265 2 2 1 1 1168 1201 1202
2266 2 2 1 1 1168 1202 1169
2267 2 2 1 1 1169 1202 1203
2268 2 2 1 1 1169 1203 1170
2269 2 2 1 1 1170 1203 1204
2270 2 2 1 1 1170 1204 1171
2271 2 2 1 1 1171 1204 1205
2272 2 2 1 1 1171 1205 1172
2273 2 2 1 1 1172 1205 1206
2274 2 2 1 1 1172 1206 1173
2275 2 2 1 1 1173 1206 1207
2276 2 2 1 1 1173 1207 1174
2277 2 2 1 1 1174 1207 1208
2278 2 2 1 1 1174 1208 1175
2279 2 2 1 1 1175 1208 1209
2280 2 2 1 1 1175 1209 1176
2281 2 2 11 11 1176 1209 1210
2282 2 2 11 11 1176 1210 1177
2283 2 2 11 11 1177 1210 1211
2284 2 2 11 11 1177 1211 1178
2285 2 2 11 11 1178 1211 1212
2286 2 2 11 11 1178 1212 1179
2287 2 2 11 11 1179 1212 1213
2288 2 2 11 11 1179 1213 1180
2289 2 2 11 11 1180 1213 1214
2290 2 2 11 11 1180 1214 1181
2291 2 2 11 11 1181 1214 1215
2292 2 2 11 11 1181 1215 1182
2293 2 2 11 11 1182 1215 1216
2294 2 2 11 11 1182 1216 1183
2295 2 2 11 11 1183 1216 1217
2296 2 2 11 11 1183 1217 1184
2297 2 2 11 11 1184 1217 1218
2298 2 2 11 11 1184 1218 1185
2299 2 2 11 11 1185 1218 1219
2300 2 2 11 11 1185 1219 1186
2301 2 2 11 11 1186 1219 1220
2302 2 2 11 11 1186 1220 1187
2303 2 2 11 11 1187 1220 1221
2304 2 2 11 11 1187 1221 1188
2305 2 2 10 10 1189 1222 1223
2306 2 2 10 10 1189 1223 1190
2307 2 2 10 10 1190 1223 1224
2308 2 2 10 10 1190 1224 1191
2309 2 2 10 10 1191 1224 1225
2310 2 2 10 10 1191 1225 1192
2311 2 2 10 10 1192 1225 1226
2312 2 2 10 10 1192 1226 1193
2313 2 2 10 10 1193 1226 1227
2314 2 2 10 10 1193 1227 1194
2315 2 2 10 10 1194 1227 1228
2316 2 2 10 10 1194 1228 1195
2317 2 2 10 10 1195 1228 1229
2318 2 2 10 10 1195 1229 1196
2319 2 2 10 10 1196 1229 1230
2320 2 2 10 10 1196 1230 1197
2321 2 2 10 10 1197 1230 1231
2322 2 2 10 10 1197 1231 1198
2323 2 2 10 10 1198 1231 1232
2324 2 2 10 10 1198 1232 1199
2325 2 2 10 10 1199 1232 1233
2326 2 2 10 10 1199 1233 1200
2327 2 2 10 10 1200 1233 1234
2328 2 2 10 10 1200 1234 1201
2329 2 2 1 1 1201 1234 1235
2330 2 2 1 1 1201 1235 1202
2331 2 2 1 1 1202 1235 1236
2332 2 2 1 1 1202 1236 1203
2333 2 2 1 1 1203 1236 1237
2334 2 2 1 1 1203 1237 1204
2335 2 2 1 1 1204 1237 1238
2336 2 2 1 1 1204 1238 1205
2337 2 2 1 1 1205 1238 1239
2338 2 2 1 1 1205 1239 1206
2339 2 2 1 1 1206 1239 1240
2340 2 2 1 1 1206 1240 1207
2341 2 2 1 1 1207 1240 1241
2342 2 2 1 1 1207 1241 1208
2343 2 2 1 1 1208 1241 1242
2344 2 2 1 1 1208 1242 1209
2345 2 2 11 11 1209 1242 1243
2346 2 2 11 11 1209 1243 1210
2347 2 2 11 11 1210 1243 1244
2348 2 2 11 11 1210 1244 1211
2349 2 2 11 11 1211 1244 1245
2350 2 2 11 11 1211 1245 1212
2351 2 2 11 11 1212 1245 1246
2352 2 2 11 11 1212 1246 1213
2353 2 2 11 11 1213 1246 1247
2354 2 2 11 11 1213 1247 1214
2355 2 2 11 11 1214 1247 1248
2356 2 2 11 11 1214 1248 1215
2357 2 2 11 11 1215 1248 1249
2358 2 2 11 11 1215 1249 1216
2359 2 2 11 11 1216 1249 1250
2360 2 2 11 11 1216 1250 1217
2361 2 2 11 11 1217 1250 1251
2362 2 2 11 11 1217 1251 1218
2363 2 2 11 11 1218 1251 1252
2364 2 2 11 11 1218 1252 1219
2365 2 2 11 11 1219 1252 1253
2366 2 2 11 11 1219 1253 1220
2367 2 2 11 11 1220 1253 1254
2368 2 2 11 11 1220 1254 1221
2369 2 2 10 10 1222 1255 1256
2370 2 2 10 10 1222 1256 1223
2371 2 2 10 10 1223 1256 1257
2372 2 2 10 10 1223 1257 1224
2373 2 2 10 10 1224 1257 1258
2374 2 2 10 10 1224 1258 1225
2375 2 2 10 10 1225 1258 1259
2376 2 2 10 10 1225 1259 1226
2377 2 2 10 10 1226 1259 1260
2378 2 2 10 10 1226 1260 1227
2379 2 2 10 10 1227 1260 1261
2380 2 2 10 10 1227 1261 1228
2381 2 2 10 10 1228 1261 1262
2382 2 2 10 10 1228 1262 1229
2383 2 2 10 10 1229 1262 1263
2384 2 2 10 10 1229 1263 1230
2385 2 2 10 10 1230 1263 1264
2386 2 2 10 10 1230 1264 1231
2387 2 2 10 10 1231 1264 1265
2388 2 2 10 10 1231 1265 1232
2389 2 2 10 10 1232 1265 1266
2390 2 2 10 10 1232 1266 1233
2391 2 2 10 10 1233 1266 1267
2392 2 2 10 10 1233 1267 1234
2393 2 2 1 1 1234 1267 1268
2394 2 2 1 1 1234 1268 1235
2395 2 2 1 1 1235 1268 1269
2396 2 2 1 1 1235 1269 1236
2397 2 2 1 1 1236 1269 1270
2398 2 2 1 1 1236 1270 1237
2399 2 2 1 1 1237 1270 1271
2400 2 2 1 1 1237 1271 1238
2401 2 2 1 1 1238 1271 1272
2402 2 2 1 1 1238 1272 1239
2403 2 2 1 1 1239 1272 1273
2404 2 2 1 1 1239 1273 1240
2405 2 2 1 1 1240 1273 1274
2406 2 2 1 1 1240 1274 1241
2407 2 2 1 1 1241 1274 1275
2408 2 2 1 1 1241 1275 1242
2409 2 2 11 11 1242 1275 1276
2410 2 2 11 11 1242 1276 1243
2411 2 2 11 11 1243 1276 1277
2412 2 2 11 11 1243 1277 1244
2413 2 2 11 11 1244 1277 1278
2414 2 2 11 11 1244 1278 1245
2415 2 2 11 11 1245 1278 1279
2416 2 2 11 11 1245 1279 1246
2417 2 2 11 11 1246 1279 1280
2418 2 2 11 11 1246 1280 1247
2419 2 2 11 11 1247 1280 1281
2420 2 2 11 11 1247 1281 1248
2421 2 2 11 11 1248 1281 1282
2422 2 2 11 11 1248 1282 1249
2423 2 2 11 11 1249 1282 1283
2424 2 2 11 11 1249 1283 1250
2425 2 2 11 11 1250 1283 1284
2426 2 2 11 11 1250 1284 1251
2427 2 2 11 11 1251 1284 1285
2428 2 2 11 11 1251 1285 1252
2429 2 2 11 11 1252 1285 1286
2430 2 2 11 11 1252 1286 1253
2431 2 2 11 11 1253 1286 1287
2432 2 2 11 11 1253 1287 1254
2433 2 2 10 10 1255 1288 1289
2434 2 2 10 10 1255 1289 1256
2435 2 2 10 10 1256 1289 1290
2436 2 2 10 10 1256 1290 1257
2437 2 2 10 10 1257 1290 1291
2438 2 2 10 10 1257 1291 1258
2439 2 2 10 10 1258 1291 1292
2440 2 2 10 10 1258 1292 1259
2441 2 2 10 10 1259 1292 1293
2442 2 2 10 10 1259 1293 1260
2443 2 2 10 10 1260 1293 1294
2444 2 2 10 10 1260 1294 1261
2445 2 2 10 10 1261 1294 1295
2446 2 2 10 10 1261 1295 1262
2447 2 2 10 10 1262 1295 1296
2448 2 2 10 10 1262 1296 1263
2449 2 2 10 10 1263 1296 1297
2450 2 2 10 10 1263 1297 1264
2451 2 2 10 10 1264 1297 1298
2452 2 2 10 10 1264 1298 1265
2453 2 2 10 10 1265 1298 1299
2454 2 2 10 10 1265 1299 1266
2455 2 2 10 10 1266 1299 1300
2456 2 2 10 10 1266 1300 1267
2457 2 2 1 1 1267 1300 1301
2458 2 2 1 1 1267 1301 1268
2459 2 2 1 1 1268 1301 1302
2460 2 2 1 1 1268 1302 1269
2461 2 2 1 1 1269 1302 1303
2462 2 2 1 1 1269 1303 1270
2463 2 2 1 1 1270 1303 1304
2464 2 2 1 1 1270 1304 1271
2465 2 2 1 1 1271 1304 1305
2466 2 2 1 1 1271 1305 1272
2467 2 2 1 1 1272 1305 1306
2468 2 2 1 1 1272 1306 1273
2469 2 2 1 1 1273 1306 1307
2470 2 2 1 1 1273 1307 1274
2471 2 2 1 1 1274 1307 1308
2472 2 2 1 1 1274 1308 1275
2473 2 2 11 11 1275 1308 1309
2474 2 2 11 11 1275 1309 1276
2475 2 2 11 11 1276 1309 1310
2476 2 2 11 11 1276 1310 1277
2477 2 2 11 11 1277 1310 1311
2478 2 2 11 11 1277 1311 1278
2479 2 2 11 11 1278 1311 1312
2480 2 2 11 11 1278 1312 1279
2481 2 2 11 11 1279 1312 1313
2482 2 2 11 11 1279 1313 1280
2483 2 2 11 11 1280 1313 1314
2484 2 2 11 11 1280 1314 1281
2485 2 2 11 11 1281 1314 1315
2486 2 2 11 11 1281 1315 1282
2487 2 2 11 11 1282 1315 1316
2488 2 2 11 11 1282 1316 1283
2489 2 2 11 11 1283 1316 1317
2490 2 2 11 11 1283 1317 1284
2491 2 2 11 11 1284 1317 1318
2492 2 2 11 11 1284 1318 1285
2493 2 2 11 11 1285 1318 1319
2494 2 2 11 11 1285 1319 1286
2495 2 2 11 11 1286 1319 1320
2496 2 2 11 11 1286 1320 1287
2497 2 2 10 10 1288 1321 1322
2498 2 2 10 10 1288 1322 1289
2499 2 2 10 10 1289 1322 1323
2500 2 2 10 10 1289 1323 1290
2501 2 2 10 10 1290 1323 1324
2502 2 2 10 10 1290 1324 1291
2503 2 2 10 10 1291 1324 1325
2504 2 2 10 10 1291 1325 1292
2505 2 2 10 10 1292 1325 1326
2506 2 2 10 10 1292 1326 1293
2507 2 2 10 10 1293 1326 1327
2508 2 2 10 10 1293 1327 1294
2509 2 2 10 10 1294 1327 1328
2510 2 2 10 10 1294 1328 1295
2511 2 2 10 10 1295 1328 1329
2512 2 2 10 10 1295 1329 1296
2513 2 2 10 10 1296 1329 1330
2514 2 2 10 10 1296 1330 1297
2515 2 2 10 10 1297 1330 1331
2516 2 2 10 10 1297 1331 1298
2517 2 2 10 10 1298 1331 1332
2518 2 2 10 10 1298 1332 1299
2519 2 2 10 10 1299 1332 1333
2520 2 2 10 10 1299 1333 1300
2521 2 2 1 1 1300 1333 1334
2522 2 2 1 1 1300 1334 1301
2523 2 2 1 1 1301 1334 1335
2524 2 2 1 1 1301 1335 1302
2525 2 2 1 1 1302 1335 1336
2526 2 2 1 1 1302 1336 1303
2527 2 2 1 1 1303 1336 1337
2528 2 2 1 1 1303 1337 1304
2529 2 2 1 1 1304 1337 1338
2530 2 2 1 1 1304 1338 1305
2531 2 2 1 1 1305 1338 1339
2532 2 2 1 1 1305 1339 1306
2533 2 2 1 1 1306 1339 1340
2534 2 2 1 1 1306 1340 1307
2535 2 2 1 1 1307 1340 1341
2536 2 2 1 1 1307 1341 1308
2537 2 2 11 11 1308 1341 1342
2538 2 2 11 11 1308 1342 1309
2539 2 2 11 11 1309 1342 1343
2540 2 2 11 11 1309 1343 1310
2541 2 2 11 11 1310 1343 1344
2542 2 2 11 11 1310 1344 1311
2543 2 2 11 11 1311 1344 1345
2544 2 2 11 11 1311 1345 1312
2545 2 2 11 11 1312 1345 1346
2546 2 2 11 11 1312 1346 1313
2547 2 2 11 11 1313 1346 1347
2548 2 2 11 11 1313 1347 1314
2549 2 2 11 11 1314 1347 1348
2550 2 2 11 11 1314 1348 1315
2551 2 2 11 11 1315 1348 1349
2552 2 2 11 11 1315 1349 1316
2553 2 2 11 11 1316 1349 1350
2554 2 2 11 11 1316 1350 1317
2555 2 2 11 11 1317 1350 1351
2556 2 2 11 11 1317 1351 1318
2557 2 2 11 11 1318 1351 1352
2558 2 2 11 11 1318 1352 1319
2559 2 2 11 11 1319 1352 1353
2560 2 2 11 11 1319 1353 1320
$EndElements
