$MeshFormat
2.2 0 8
$EndMeshFormat
$Nodes
1353
1 0 -5e-05 -0.0005
2 0 -4.826850796703854e-05 -0.0005
3 0 -4.593099372254057e-05 -0.0005
4 0 -4.277534949246831e-05 -0.0005
5 0 -3.851522978187075e-05 -0.0005
6 0 -3.276406817256406e-05 -0.0005
7 0 -2.5e-05 -0.0005
8 0 -1.723593182743596e-05 -0.0005
9 0 -1.148477021812926e-05 -0.0005
10 0 -7.224650507531695e-06 -0.0005
11 0 -4.069006277459433e-06 -0.0005
12 0 -1.73149203296146e-06 -0.0005
13 0 0 -0.0005
14 0 1.507641859676234e-05 -0.0005
15 0 3.54295837023915e-05 -0.0005
16 0 6.290635659499086e-05 -0.0005
17 0 0.0001 -0.0005
18 0 0.0001370936434050091 -0.0005
19 0 0.0001645704162976085 -0.0005
20 0 0.0001849235814032377 -0.0005
21 0 0.0002 -0.0005
22 0 0.0002017314920329615 -0.0005
23 0 0.0002040690062774595 -0.0005
24 0 0.0002072246505075317 -0.0005
25 0 0.0002114847702181292 -0.0005
26 0 0.000217235931827436 -0.0005
27 0 0.000225 -0.0005
28 0 0.0002327640681725641 -0.0005
29 0 0.0002385152297818707 -0.0005
30 0 0.0002427753494924683 -0.0005
31 0 0.0002459309937225406 -0.0005
32 0 0.0002482685079670386 -0.0005
33 0 0.00025 -0.0005
34 0 -5e-05 -0.000475
35 0 -4.826850796703854e-05 -0.000475
36 0 -4.593099372254057e-05 -0.000475
37 0 -4.277534949246831e-05 -0.000475
38 0 -3.851522978187075e-05 -0.000475
39 0 -3.276406817256406e-05 -0.000475
40 0 -2.5e-05 -0.000475
41 0 -1.723593182743596e-05 -0.000475
42 0 -1.148477021812926e-05 -0.000475
43 0 -7.224650507531695e-06 -0.000475
44 0 -4.069006277459433e-06 -0.000475
45 0 -1.73149203296146e-06 -0.000475
46 0 0 -0.000475
47 0 1.507641859676234e-05 -0.000475
48 0 3.54295837023915e-05 -0.000475
49 0 6.290635659499086e-05 -0.000475
50 0 0.0001 -0.000475
51 0 0.0001370936434050091 -0.000475
52 0 0.0001645704162976085 -0.000475
53 0 0.0001849235814032377 -0.000475
54 0 0.0002 -0.000475
55 0 0.0002017314920329615 -0.000475
56 0 0.0002040690062774595 -0.000475
57 0 0.0002072246505075317 -0.000475
58 0 0.0002114847702181292 -0.000475
59 0 0.000217235931827436 -0.000475
60 0 0.000225 -0.000475
61 0 0.0002327640681725641 -0.000475
62 0 0.0002385152297818707 -0.000475
63 0 0.0002427753494924683 -0.000475
64 0 0.0002459309937225406 -0.000475
65 0 0.0002482685079670386 -0.000475
66 0 0.00025 -0.000475
67 0 -5e-05 -0.00045
68 0 -4.826850796703854e-05 -0.00045
69 0 -4.593099372254057e-05 -0.00045
70 0 -4.277534949246831e-05 -0.00045
71 0 -3.851522978187075e-05 -0.00045
72 0 -3.276406817256406e-05 -0.00045
73 0 -2.5e-05 -0.00045
74 0 -1.723593182743596e-05 -0.00045
75 0 -1.148477021812926e-05 -0.00045
76 0 -7.224650507531695e-06 -0.00045
77 0 -4.069006277459433e-06 -0.00045
78 0 -1.73149203296146e-06 -0.00045
79 0 0 -0.00045
80 0 1.507641859676234e-05 -0.00045
81 0 3.54295837023915e-05 -0.00045
82 0 6.290635659499086e-05 -0.00045
83 0 0.0001 -0.00045
84 0 0.0001370936434050091 -0.00045
85 0 0.0001645704162976085 -0.00045
86 0 0.0001849235814032377 -0.00045
87 0 0.0002 -0.00045
88 0 0.0002017314920329615 -0.00045
89 0 0.0002040690062774595 -0.00045
90 0 0.0002072246505075317 -0.00045
91 0 0.0002114847702181292 -0.00045
92 0 0.000217235931827436 -0.00045
93 0 0.000225 -0.00045
94 0 0.0002327640681725641 -0.00045
95 0 0.0002385152297818707 -0.00045
96 0 0.0002427753494924683 -0.00045
97 0 0.0002459309937225406 -0.00045
98 0 0.0002482685079670386 -0.00045
99 0 0.00025 -0.00045
100 0 -5e-05 -0.000425
101 0 -4.826850796703854e-05 -0.000425
102 0 -4.593099372254057e-05 -0.000425
103 0 -4.277534949246831e-05 -0.000425
104 0 -3.851522978187075e-05 -0.000425
105 0 -3.276406817256406e-05 -0.000425
106 0 -2.5e-05 -0.000425
107 0 -1.723593182743596e-05 -0.000425
108 0 -1.148477021812926e-05 -0.000425
109 0 -7.224650507531695e-06 -0.000425
110 0 -4.069006277459433e-06 -0.000425
111 0 -1.73149203296146e-06 -0.000425
112 0 0 -0.000425
113 0 1.507641859676234e-05 -0.000425
114 0 3.54295837023915e-05 -0.000425
115 0 6.290635659499086e-05 -0.000425
116 0 0.0001 -0.000425
117 0 0.0001370936434050091 -0.000425
118 0 0.0001645704162976085 -0.000425
119 0 0.0001849235814032377 -0.000425
120 0 0.0002 -0.000425
121 0 0.0002017314920329615 -0.000425
122 0 0.0002040690062774595 -0.000425
123 0 0.0002072246505075317 -0.000425
124 0 0.0002114847702181292 -0.000425
125 0 0.000217235931827436 -0.000425
126 0 0.000225 -0.000425
127 0 0.0002327640681725641 -0.000425
128 0 0.0002385152297818707 -0.000425
129 0 0.0002427753494924683 -0.000425
130 0 0.0002459309937225406 -0.000425
131 0 0.0002482685079670386 -0.000425
132 0 0.00025 -0.000425
133 0 -5e-05 -0.0004
134 0 -4.826850796703854e-05 -0.0004
135 0 -4.593099372254057e-05 -0.0004
136 0 -4.277534949246831e-05 -0.0004
137 0 -3.851522978187075e-05 -0.0004
138 0 -3.276406817256406e-05 -0.0004
139 0 -2.5e-05 -0.0004
140 0 -1.723593182743596e-05 -0.0004
141 0 -1.148477021812926e-05 -0.0004
142 0 -7.224650507531695e-06 -0.0004
143 0 -4.069006277459433e-06 -0.0004
144 0 -1.73149203296146e-06 -0.0004
145 0 0 -0.0004
146 0 1.507641859676234e-05 -0.0004
147 0 3.54295837023915e-05 -0.0004
148 0 6.290635659499086e-05 -0.0004
149 0 0.0001 -0.0004
150 0 0.0001370936434050091 -0.0004
151 0 0.0001645704162976085 -0.0004
152 0 0.0001849235814032377 -0.0004
153 0 0.0002 -0.0004
154 0 0.0002017314920329615 -0.0004
155 0 0.0002040690062774595 -0.0004
156 0 0.0002072246505075317 -0.0004
157 0 0.0002114847702181292 -0.0004
158 0 0.000217235931827436 -0.0004
159 0 0.000225 -0.0004
160 0 0.0002327640681725641 -0.0004
161 0 0.0002385152297818707 -0.0004
162 0 0.0002427753494924683 -0.0004
163 0 0.0002459309937225406 -0.0004
164 0 0.0002482685079670386 -0.0004
165 0 0.00025 -0.0004
166 0 -5e-05 -0.000375
167 0 -4.826850796703854e-05 -0.000375
168 0 -4.593099372254057e-05 -0.000375
169 0 -4.277534949246831e-05 -0.000375
170 0 -3.851522978187075e-05 -0.000375
171 0 -3.276406817256406e-05 -0.000375
172 0 -2.5e-05 -0.000375
173 0 -1.723593182743596e-05 -0.000375
174 0 -1.148477021812926e-05 -0.000375
175 0 -7.224650507531695e-06 -0.000375
176 0 -4.069006277459433e-06 -0.000375
177 0 -1.73149203296146e-06 -0.000375
178 0 0 -0.000375
179 0 1.507641859676234e-05 -0.000375
180 0 3.54295837023915e-05 -0.000375
181 0 6.290635659499086e-05 -0.000375
182 0 0.0001 -0.000375
183 0 0.0001370936434050091 -0.000375
184 0 0.0001645704162976085 -0.000375
185 0 0.0001849235814032377 -0.000375
186 0 0.0002 -0.000375
187 0 0.0002017314920329615 -0.000375
188 0 0.0002040690062774595 -0.000375
189 0 0.0002072246505075317 -0.000375
190 0 0.0002114847702181292 -0.000375
191 0 0.000217235931827436 -0.000375
192 0 0.000225 -0.000375
193 0 0.0002327640681725641 -0.000375
194 0 0.0002385152297818707 -0.000375
195 0 0.0002427753494924683 -0.000375
196 0 0.0002459309937225406 -0.000375
197 0 0.0002482685079670386 -0.000375
198 0 0.00025 -0.000375
199 0 -5e-05 -0.00035
200 0 -4.826850796703854e-05 -0.00035
201 0 -4.593099372254057e-05 -0.00035
202 0 -4.277534949246831e-05 -0.00035
203 0 -3.851522978187075e-05 -0.00035
204 0 -3.276406817256406e-05 -0.00035
205 0 -2.5e-05 -0.00035
206 0 -1.723593182743596e-05 -0.00035
207 0 -1.148477021812926e-05 -0.00035
208 0 -7.224650507531695e-06 -0.00035
209 0 -4.069006277459433e-06 -0.00035
210 0 -1.73149203296146e-06 -0.00035
211 0 0 -0.00035
212 0 1.507641859676234e-05 -0.00035
213 0 3.54295837023915e-05 -0.00035
214 0 6.290635659499086e-05 -0.00035
215 0 0.0001 -0.00035
216 0 0.0001370936434050091 -0.00035
217 0 0.0001645704162976085 -0.00035
218 0 0.0001849235814032377 -0.00035
219 0 0.0002 -0.00035
220 0 0.0002017314920329615 -0.00035
221 0 0.0002040690062774595 -0.00035
222 0 0.0002072246505075317 -0.00035
223 0 0.0002114847702181292 -0.00035
224 0 0.000217235931827436 -0.00035
225 0 0.000225 -0.00035
226 0 0.0002327640681725641 -0.00035
227 0 0.0002385152297818707 -0.00035
228 0 0.0002427753494924683 -0.00035
229 0 0.0002459309937225406 -0.00035
230 0 0.0002482685079670386 -0.00035
231 0 0.00025 -0.00035
232 0 -5e-05 -0.000325
233 0 -4.826850796703854e-05 -0.000325
234 0 -4.593099372254057e-05 -0.000325
235 0 -4.277534949246831e-05 -0.000325
236 0 -3.851522978187075e-05 -0.000325
237 0 -3.276406817256406e-05 -0.000325
238 0 -2.5e-05 -0.000325
239 0 -1.723593182743596e-05 -0.000325
240 0 -1.148477021812926e-05 -0.000325
241 0 -7.224650507531695e-06 -0.000325
242 0 -4.069006277459433e-06 -0.000325
243 0 -1.73149203296146e-06 -0.000325
244 0 0 -0.000325
245 0 1.507641859676234e-05 -0.000325
246 0 3.54295837023915e-05 -0.000325
247 0 6.290635659499086e-05 -0.000325
248 0 0.0001 -0.000325
249 0 0.0001370936434050091 -0.000325
250 0 0.0001645704162976085 -0.000325
251 0 0.0001849235814032377 -0.000325
252 0 0.0002 -0.000325
253 0 0.0002017314920329615 -0.000325
254 0 0.0002040690062774595 -0.000325
255 0 0.0002072246505075317 -0.000325
256 0 0.0002114847702181292 -0.000325
257 0 0.000217235931827436 -0.000325
258 0 0.000225 -0.000325
259 0 0.0002327640681725641 -0.000325
260 0 0.0002385152297818707 -0.000325
261 0 0.0002427753494924683 -0.000325
262 0 0.0002459309937225406 -0.000325
263 0 0.0002482685079670386 -0.000325
264 0 0.00025 -0.000325
265 0 -5e-05 -0.0003
266 0 -4.826850796703854e-05 -0.0003
267 0 -4.593099372254057e-05 -0.0003
268 0 -4.277534949246831e-05 -0.0003
269 0 -3.851522978187075e-05 -0.0003
270 0 -3.276406817256406e-05 -0.0003
271 0 -2.5e-05 -0.0003
272 0 -1.723593182743596e-05 -0.0003
273 0 -1.148477021812926e-05 -0.0003
274 0 -7.224650507531695e-06 -0.0003
275 0 -4.069006277459433e-06 -0.0003
276 0 -1.73149203296146e-06 -0.0003
277 0 0 -0.0003
278 0 1.507641859676234e-05 -0.0003
279 0 3.54295837023915e-05 -0.0003
280 0 6.290635659499086e-05 -0.0003
281 0 0.0001 -0.0003
282 0 0.0001370936434050091 -0.0003
283 0 0.0001645704162976085 -0.0003
284 0 0.0001849235814032377 -0.0003
285 0 0.0002 -0.0003
286 0 0.0002017314920329615 -0.0003
287 0 0.0002040690062774595 -0.0003
288 0 0.0002072246505075317 -0.0003
289 0 0.0002114847702181292 -0.0003
290 0 0.000217235931827436 -0.0003
291 0 0.000225 -0.0003
292 0 0.0002327640681725641 -0.0003
293 0 0.0002385152297818707 -0.0003
294 0 0.0002427753494924683 -0.0003
295 0 0.0002459309937225406 -0.0003
296 0 0.0002482685079670386 -0.0003
297 0 0.00025 -0.0003
298 0 -5e-05 -0.000275
299 0 -4.826850796703854e-05 -0.000275
300 0 -4.593099372254057e-05 -0.000275
301 0 -4.277534949246831e-05 -0.000275
302 0 -3.851522978187075e-05 -0.000275
303 0 -3.276406817256406e-05 -0.000275
304 0 -2.5e-05 -0.000275
305 0 -1.723593182743596e-05 -0.000275
306 0 -1.148477021812926e-05 -0.000275
307 0 -7.224650507531695e-06 -0.000275
308 0 -4.069006277459433e-06 -0.000275
309 0 -1.73149203296146e-06 -0.000275
310 0 0 -0.000275
311 0 1.507641859676234e-05 -0.000275
312 0 3.54295837023915e-05 -0.000275
313 0 6.290635659499086e-05 -0.000275
314 0 0.0001 -0.000275
315 0 0.0001370936434050091 -0.000275
316 0 0.0001645704162976085 -0.000275
317 0 0.0001849235814032377 -0.000275
318 0 0.0002 -0.000275
319 0 0.0002017314920329615 -0.000275
320 0 0.0002040690062774595 -0.000275
321 0 0.0002072246505075317 -0.000275
322 0 0.0002114847702181292 -0.000275
323 0 0.000217235931827436 -0.000275
324 0 0.000225 -0.000275
325 0 0.0002327640681725641 -0.000275
326 0 0.0002385152297818707 -0.000275
327 0 0.0002427753494924683 -0.000275
328 0 0.0002459309937225406 -0.000275
329 0 0.0002482685079670386 -0.000275
330 0 0.00025 -0.000275
331 0 -5e-05 -0.00025
332 0 -4.826850796703854e-05 -0.00025
333 0 -4.593099372254057e-05 -0.00025
334 0 -4.277534949246831e-05 -0.00025
335 0 -3.851522978187075e-05 -0.00025
336 0 -3.276406817256406e-05 -0.00025
337 0 -2.5e-05 -0.00025
338 0 -1.723593182743596e-05 -0.00025
339 0 -1.148477021812926e-05 -0.00025
340 0 -7.224650507531695e-06 -0.00025
341 0 -4.069006277459433e-06 -0.00025
342 0 -1.73149203296146e-06 -0.00025
343 0 0 -0.00025
344 0 1.507641859676234e-05 -0.00025
345 0 3.54295837023915e-05 -0.00025
346 0 6.290635659499086e-05 -0.00025
347 0 0.0001 -0.00025
348 0 0.0001370936434050091 -0.00025
349 0 0.0001645704162976085 -0.00025
350 0 0.0001849235814032377 -0.00025
351 0 0.0002 -0.00025
352 0 0.0002017314920329615 -0.00025
353 0 0.0002040690062774595 -0.00025
354 0 0.0002072246505075317 -0.00025
355 0 0.0002114847702181292 -0.00025
356 0 0.000217235931827436 -0.00025
357 0 0.000225 -0.00025
358 0 0.0002327640681725641 -0.00025
359 0 0.0002385152297818707 -0.00025
360 0 0.0002427753494924683 -0.00025
361 0 0.0002459309937225406 -0.00025
362 0 0.0002482685079670386 -0.00025
363 0 0.00025 -0.00025
364 0 -5e-05 -0.000225
365 0 -4.826850796703854e-05 -0.000225
366 0 -4.593099372254057e-05 -0.000225
367 0 -4.277534949246831e-05 -0.000225
368 0 -3.851522978187075e-05 -0.000225
369 0 -3.276406817256406e-05 -0.000225
370 0 -2.5e-05 -0.000225
371 0 -1.723593182743596e-05 -0.000225
372 0 -1.148477021812926e-05 -0.000225
373 0 -7.224650507531695e-06 -0.000225
374 0 -4.069006277459433e-06 -0.000225
375 0 -1.73149203296146e-06 -0.000225
376 0 0 -0.000225
377 0 1.507641859676234e-05 -0.000225
378 0 3.54295837023915e-05 -0.000225
379 0 6.290635659499086e-05 -0.000225
380 0 0.0001 -0.000225
381 0 0.0001370936434050091 -0.000225
382 0 0.0001645704162976085 -0.000225
383 0 0.0001849235814032377 -0.000225
384 0 0.0002 -0.000225
385 0 0.0002017314920329615 -0.000225
386 0 0.0002040690062774595 -0.000225
387 0 0.0002072246505075317 -0.000225
388 0 0.0002114847702181292 -0.000225
389 0 0.000217235931827436 -0.000225
390 0 0.000225 -0.000225
391 0 0.0002327640681725641 -0.000225
392 0 0.0002385152297818707 -0.000225
393 0 0.0002427753494924683 -0.000225
394 0 0.0002459309937225406 -0.000225
395 0 0.0002482685079670386 -0.000225
396 0 0.00025 -0.000225
397 0 -5e-05 -0.0002
398 0 -4.826850796703854e-05 -0.0002
399 0 -4.593099372254057e-05 -0.0002
400 0 -4.277534949246831e-05 -0.0002
401 0 -3.851522978187075e-05 -0.0002
402 0 -3.276406817256406e-05 -0.0002
403 0 -2.5e-05 -0.0002
404 0 -1.723593182743596e-05 -0.0002
405 0 -1.148477021812926e-05 -0.0002
406 0 -7.224650507531695e-06 -0.0002
407 0 -4.069006277459433e-06 -0.0002
408 0 -1.73149203296146e-06 -0.0002
409 0 0 -0.0002
410 0 1.507641859676234e-05 -0.0002
411 0 3.54295837023915e-05 -0.0002
412 0 6.290635659499086e-05 -0.0002
413 0 0.0001 -0.0002
414 0 0.0001370936434050091 -0.0002
415 0 0.0001645704162976085 -0.0002
416 0 0.0001849235814032377 -0.0002
417 0 0.0002 -0.0002
418 0 0.0002017314920329615 -0.0002
419 0 0.0002040690062774595 -0.0002
420 0 0.0002072246505075317 -0.0002
421 0 0.0002114847702181292 -0.0002
422 0 0.000217235931827436 -0.0002
423 0 0.000225 -0.0002
424 0 0.0002327640681725641 -0.0002
425 0 0.0002385152297818707 -0.0002
426 0 0.0002427753494924683 -0.0002
427 0 0.0002459309937225406 -0.0002
428 0 0.0002482685079670386 -0.0002
429 0 0.00025 -0.0002
430 0 -5e-05 -0.000175
431 0 -4.826850796703854e-05 -0.000175
432 0 -4.593099372254057e-05 -0.000175
433 0 -4.277534949246831e-05 -0.000175
434 0 -3.851522978187075e-05 -0.000175
435 0 -3.276406817256406e-05 -0.000175
436 0 -2.5e-05 -0.000175
437 0 -1.723593182743596e-05 -0.000175
438 0 -1.148477021812926e-05 -0.000175
439 0 -7.224650507531695e-06 -0.000175
440 0 -4.069006277459433e-06 -0.000175
441 0 -1.73149203296146e-06 -0.000175
442 0 0 -0.000175
443 0 1.507641859676234e-05 -0.000175
444 0 3.54295837023915e-05 -0.000175
445 0 6.290635659499086e-05 -0.000175
446 0 0.0001 -0.000175
447 0 0.0001370936434050091 -0.000175
448 0 0.0001645704162976085 -0.000175
449 0 0.0001849235814032377 -0.000175
450 0 0.0002 -0.000175
451 0 0.0002017314920329615 -0.000175
452 0 0.0002040690062774595 -0.000175
453 0 0.0002072246505075317 -0.000175
454 0 0.0002114847702181292 -0.000175
455 0 0.000217235931827436 -0.000175
456 0 0.000225 -0.000175
457 0 0.0002327640681725641 -0.000175
458 0 0.0002385152297818707 -0.000175
459 0 0.0002427753494924683 -0.000175
460 0 0.0002459309937225406 -0.000175
461 0 0.0002482685079670386 -0.000175
462 0 0.00025 -0.000175
463 0 -5e-05 -0.00015
464 0 -4.826850796703854e-05 -0.00015
465 0 -4.593099372254057e-05 -0.00015
466 0 -4.277534949246831e-05 -0.00015
467 0 -3.851522978187075e-05 -0.00015
468 0 -3.276406817256406e-05 -0.00015
469 0 -2.5e-05 -0.00015
470 0 -1.723593182743596e-05 -0.00015
471 0 -1.148477021812926e-05 -0.00015
472 0 -7.224650507531695e-06 -0.00015
473 0 -4.069006277459433e-06 -0.00015
474 0 -1.73149203296146e-06 -0.00015
475 0 0 -0.00015
476 0 1.507641859676234e-05 -0.00015
477 0 3.54295837023915e-05 -0.00015
478 0 6.290635659499086e-05 -0.00015
479 0 0.0001 -0.00015
480 0 0.0001370936434050091 -0.00015
481 0 0.0001645704162976085 -0.00015
482 0 0.0001849235814032377 -0.00015
483 0 0.0002 -0.00015
484 0 0.0002017314920329615 -0.00015
485 0 0.0002040690062774595 -0.00015
486 0 0.0002072246505075317 -0.00015
487 0 0.0002114847702181292 -0.00015
488 0 0.000217235931827436 -0.00015
489 0 0.000225 -0.00015
490 0 0.0002327640681725641 -0.00015
491 0 0.0002385152297818707 -0.00015
492 0 0.0002427753494924683 -0.00015
493 0 0.0002459309937225406 -0.00015
494 0 0.0002482685079670386 -0.00015
495 0 0.00025 -0.00015
496 0 -5e-05 -0.000125
497 0 -4.826850796703854e-05 -0.000125
498 0 -4.593099372254057e-05 -0.000125
499 0 -4.277534949246831e-05 -0.000125
500 0 -3.851522978187075e-05 -0.000125
501 0 -3.276406817256406e-05 -0.000125
502 0 -2.5e-05 -0.000125
503 0 -1.723593182743596e-05 -0.000125
504 0 -1.148477021812926e-05 -0.000125
505 0 -7.224650507531695e-06 -0.000125
506 0 -4.069006277459433e-06 -0.000125
507 0 -1.73149203296146e-06 -0.000125
508 0 0 -0.000125
509 0 1.507641859676234e-05 -0.000125
510 0 3.54295837023915e-05 -0.000125
511 0 6.290635659499086e-05 -0.000125
512 0 0.0001 -0.000125
513 0 0.0001370936434050091 -0.000125
514 0 0.0001645704162976085 -0.000125
515 0 0.0001849235814032377 -0.000125
516 0 0.0002 -0.000125
517 0 0.0002017314920329615 -0.000125
518 0 0.0002040690062774595 -0.000125
519 0 0.0002072246505075317 -0.000125
520 0 0.0002114847702181292 -0.000125
521 0 0.000217235931827436 -0.000125
522 0 0.000225 -0.000125
523 0 0.0002327640681725641 -0.000125
524 0 0.0002385152297818707 -0.000125
525 0 0.0002427753494924683 -0.000125
526 0 0.0002459309937225406 -0.000125
527 0 0.0002482685079670386 -0.000125
528 0 0.00025 -0.000125
529 0 -5e-05 -9.999999999999999e-05
530 0 -4.826850796703854e-05 -9.999999999999999e-05
531 0 -4.593099372254057e-05 -9.999999999999999e-05
532 0 -4.277534949246831e-05 -9.999999999999999e-05
533 0 -3.851522978187075e-05 -9.999999999999999e-05
534 0 -3.276406817256406e-05 -9.999999999999999e-05
535 0 -2.5e-05 -9.999999999999999e-05
536 0 -1.723593182743596e-05 -9.999999999999999e-05
537 0 -1.148477021812926e-05 -9.999999999999999e-05
538 0 -7.224650507531695e-06 -9.999999999999999e-05
539 0 -4.069006277459433e-06 -9.999999999999999e-05
540 0 -1.73149203296146e-06 -9.999999999999999e-05
541 0 0 -9.999999999999999e-05
542 0 1.507641859676234e-05 -9.999999999999999e-05
543 0 3.54295837023915e-05 -9.999999999999999e-05
544 0 6.290635659499086e-05 -9.999999999999999e-05
545 0 0.0001 -9.999999999999999e-05
546 0 0.0001370936434050091 -9.999999999999999e-05
547 0 0.0001645704162976085 -9.999999999999999e-05
548 0 0.0001849235814032377 -9.999999999999999e-05
549 0 0.0002 -9.999999999999999e-05
550 0 0.0002017314920329615 -9.999999999999999e-05
551 0 0.0002040690062774595 -9.999999999999999e-05
552 0 0.0002072246505075317 -9.999999999999999e-05
553 0 0.0002114847702181292 -9.999999999999999e-05
554 0 0.000217235931827436 -9.999999999999999e-05
555 0 0.000225 -9.999999999999999e-05
556 0 0.0002327640681725641 -9.999999999999999e-05
557 0 0.0002385152297818707 -9.999999999999999e-05
558 0 0.0002427753494924683 -9.999999999999999e-05
559 0 0.0002459309937225406 -9.999999999999999e-05
560 0 0.0002482685079670386 -9.999999999999999e-05
561 0 0.00025 -9.999999999999999e-05
562 0 -5e-05 -7.499999999999998e-05
563 0 -4.826850796703854e-05 -7.499999999999998e-05
564 0 -4.593099372254057e-05 -7.499999999999998e-05
565 0 -4.277534949246831e-05 -7.499999999999998e-05
566 0 -3.851522978187075e-05 -7.499999999999998e-05
567 0 -3.276406817256406e-05 -7.499999999999998e-05
568 0 -2.5e-05 -7.499999999999998e-05
569 0 -1.723593182743596e-05 -7.499999999999998e-05
570 0 -1.148477021812926e-05 -7.499999999999998e-05
571 0 -7.224650507531695e-06 -7.499999999999998e-05
572 0 -4.069006277459433e-06 -7.499999999999998e-05
573 0 -1.73149203296146e-06 -7.499999999999998e-05
574 0 0 -7.499999999999998e-05
575 0 1.507641859676234e-05 -7.499999999999998e-05
576 0 3.54295837023915e-05 -7.499999999999998e-05
577 0 6.290635659499086e-05 -7.499999999999998e-05
578 0 0.0001 -7.499999999999998e-05
579 0 0.0001370936434050091 -7.499999999999998e-05
580 0 0.0001645704162976085 -7.499999999999998e-05
581 0 0.0001849235814032377 -7.499999999999998e-05
582 0 0.0002 -7.499999999999998e-05
583 0 0.0002017314920329615 -7.499999999999998e-05
584 0 0.0002040690062774595 -7.499999999999998e-05
585 0 0.0002072246505075317 -7.499999999999998e-05
586 0 0.0002114847702181292 -7.499999999999998e-05
587 0 0.000217235931827436 -7.499999999999998e-05
588 0 0.000225 -7.499999999999998e-05
589 0 0.0002327640681725641 -7.499999999999998e-05
590 0 0.0002385152297818707 -7.499999999999998e-05
591 0 0.0002427753494924683 -7.499999999999998e-05
592 0 0.0002459309937225406 -7.499999999999998e-05
593 0 0.0002482685079670386 -7.499999999999998e-05
594 0 0.00025 -7.499999999999998e-05
595 0 -5e-05 -4.999999999999997e-05
596 0 -4.826850796703854e-05 -4.999999999999997e-05
597 0 -4.593099372254057e-05 -4.999999999999997e-05
598 0 -4.277534949246831e-05 -4.999999999999997e-05
599 0 -3.851522978187075e-05 -4.999999999999997e-05
600 0 -3.276406817256406e-05 -4.999999999999997e-05
601 0 -2.5e-05 -4.999999999999997e-05
602 0 -1.723593182743596e-05 -4.999999999999997e-05
603 0 -1.148477021812926e-05 -4.999999999999997e-05
604 0 -7.224650507531695e-06 -4.999999999999997e-05
605 0 -4.069006277459433e-06 -4.999999999999997e-05
606 0 -1.73149203296146e-06 -4.999999999999997e-05
607 0 0 -4.999999999999997e-05
608 0 1.507641859676234e-05 -4.999999999999997e-05
609 0 3.54295837023915e-05 -4.999999999999997e-05
610 0 6.290635659499086e-05 -4.999999999999997e-05
611 0 0.0001 -4.999999999999997e-05
612 0 0.0001370936434050091 -4.999999999999997e-05
613 0 0.0001645704162976085 -4.999999999999997e-05
614 0 0.0001849235814032377 -4.999999999999997e-05
615 0 0.0002 -4.999999999999997e-05
616 0 0.0002017314920329615 -4.999999999999997e-05
617 0 0.0002040690062774595 -4.999999999999997e-05
618 0 0.0002072246505075317 -4.999999999999997e-05
619 0 0.0002114847702181292 -4.999999999999997e-05
620 0 0.000217235931827436 -4.999999999999997e-05
621 0 0.000225 -4.999999999999997e-05
622 0 0.0002327640681725641 -4.999999999999997e-05
623 0 0.0002385152297818707 -4.999999999999997e-05
624 0 0.0002427753494924683 -4.999999999999997e-05
625 0 0.0002459309937225406 -4.999999999999997e-05
626 0 0.0002482685079670386 -4.999999999999997e-05
627 0 0.00025 -4.999999999999997e-05
628 0 -5e-05 -2.500000000000001e-05
629 0 -4.826850796703854e-05 -2.500000000000001e-05
630 0 -4.593099372254057e-05 -2.500000000000001e-05
631 0 -4.277534949246831e-05 -2.500000000000001e-05
632 0 -3.851522978187075e-05 -2.500000000000001e-05
633 0 -3.276406817256406e-05 -2.500000000000001e-05
634 0 -2.5e-05 -2.500000000000001e-05
635 0 -1.723593182743596e-05 -2.500000000000001e-05
636 0 -1.148477021812926e-05 -2.500000000000001e-05
637 0 -7.224650507531695e-06 -2.500000000000001e-05
638 0 -4.069006277459433e-06 -2.500000000000001e-05
639 0 -1.73149203296146e-06 -2.500000000000001e-05
640 0 0 -2.500000000000001e-05
641 0 1.507641859676234e-05 -2.500000000000001e-05
642 0 3.54295837023915e-05 -2.500000000000001e-05
643 0 6.290635659499086e-05 -2.500000000000001e-05
644 0 0.0001 -2.500000000000001e-05
645 0 0.0001370936434050091 -2.500000000000001e-05
646 0 0.0001645704162976085 -2.500000000000001e-05
647 0 0.0001849235814032377 -2.500000000000001e-05
648 0 0.0002 -2.500000000000001e-05
649 0 0.0002017314920329615 -2.500000000000001e-05
650 0 0.0002040690062774595 -2.500000000000001e-05
651 0 0.0002072246505075317 -2.500000000000001e-05
652 0 0.0002114847702181292 -2.500000000000001e-05
653 0 0.000217235931827436 -2.500000000000001e-05
654 0 0.000225 -2.500000000000001e-05
655 0 0.0002327640681725641 -2.500000000000001e-05
656 0 0.0002385152297818707 -2.500000000000001e-05
657 0 0.0002427753494924683 -2.500000000000001e-05
658 0 0.0002459309937225406 -2.500000000000001e-05
659 0 0.0002482685079670386 -2.500000000000001e-05
660 0 0.00025 -2.500000000000001e-05
661 0 -5e-05 0
662 0 -4.826850796703854e-05 0
663 0 -4.593099372254057e-05 0
664 0 -4.277534949246831e-05 0
665 0 -3.851522978187075e-05 0
666 0 -3.276406817256406e-05 0
667 0 -2.5e-05 0
668 0 -1.723593182743596e-05 0
669 0 -1.148477021812926e-05 0
670 0 -7.224650507531695e-06 0
671 0 -4.069006277459433e-06 0
672 0 -1.73149203296146e-06 0
673 0 0 0
674 0 1.507641859676234e-05 0
675 0 3.54295837023915e-05 0
676 0 6.290635659499086e-05 0
677 0 0.0001 0
678 0 0.0001370936434050091 0
679 0 0.0001645704162976085 0
680 0 0.0001849235814032377 0
681 0 0.0002 0
682 0 0.0002017314920329615 0
683 0 0.0002040690062774595 0
684 0 0.0002072246505075317 0
685 0 0.0002114847702181292 0
686 0 0.000217235931827436 0
687 0 0.000225 0
688 0 0.0002327640681725641 0
689 0 0.0002385152297818707 0
690 0 0.0002427753494924683 0
691 0 0.0002459309937225406 0
692 0 0.0002482685079670386 0
693 0 0.00025 0
694 0 -5e-05 2.500000000000007e-05
695 0 -4.826850796703854e-05 2.500000000000007e-05
696 0 -4.593099372254057e-05 2.500000000000007e-05
697 0 -4.277534949246831e-05 2.500000000000007e-05
698 0 -3.851522978187075e-05 2.500000000000007e-05
699 0 -3.276406817256406e-05 2.500000000000007e-05
700 0 -2.5e-05 2.500000000000007e-05
701 0 -1.723593182743596e-05 2.500000000000007e-05
702 0 -1.148477021812926e-05 2.500000000000007e-05
703 0 -7.224650507531695e-06 2.500000000000007e-05
704 0 -4.069006277459433e-06 2.500000000000007e-05
705 0 -1.73149203296146e-06 2.500000000000007e-05
706 0 0 2.500000000000007e-05
707 0 1.507641859676234e-05 2.500000000000007e-05
708 0 3.54295837023915e-05 2.500000000000007e-05
709 0 6.290635659499086e-05 2.500000000000007e-05
710 0 0.0001 2.500000000000007e-05
711 0 0.0001370936434050091 2.500000000000007e-05
712 0 0.0001645704162976085 2.500000000000007e-05
713 0 0.0001849235814032377 2.500000000000007e-05
714 0 0.0002 2.500000000000007e-05
715 0 0.0002017314920329615 2.500000000000007e-05
716 0 0.0002040690062774595 2.500000000000007e-05
717 0 0.0002072246505075317 2.500000000000007e-05
718 0 0.0002114847702181292 2.500000000000007e-05
719 0 0.000217235931827436 2.500000000000007e-05
720 0 0.000225 2.500000000000007e-05
721 0 0.0002327640681725641 2.500000000000007e-05
722 0 0.0002385152297818707 2.500000000000007e-05
723 0 0.0002427753494924683 2.500000000000007e-05
724 0 0.0002459309937225406 2.500000000000007e-05
725 0 0.0002482685079670386 2.500000000000007e-05
726 0 0.00025 2.500000000000007e-05
727 0 -5e-05 4.999999999999991e-05
728 0 -4.826850796703854e-05 4.999999999999991e-05
729 0 -4.593099372254057e-05 4.999999999999991e-05
730 0 -4.277534949246831e-05 4.999999999999991e-05
731 0 -3.851522978187075e-05 4.999999999999991e-05
732 0 -3.276406817256406e-05 4.999999999999991e-05
733 0 -2.5e-05 4.999999999999991e-05
734 0 -1.723593182743596e-05 4.999999999999991e-05
735 0 -1.148477021812926e-05 4.999999999999991e-05
736 0 -7.224650507531695e-06 4.999999999999991e-05
737 0 -4.069006277459433e-06 4.999999999999991e-05
738 0 -1.73149203296146e-06 4.999999999999991e-05
739 0 0 4.999999999999991e-05
740 0 1.507641859676234e-05 4.999999999999991e-05
741 0 3.54295837023915e-05 4.999999999999991e-05
742 0 6.290635659499086e-05 4.999999999999991e-05
743 0 0.0001 4.999999999999991e-05
744 0 0.0001370936434050091 4.999999999999991e-05
745 0 0.0001645704162976085 4.999999999999991e-05
746 0 0.0001849235814032377 4.999999999999991e-05
747 0 0.0002 4.999999999999991e-05
748 0 0.0002017314920329615 4.999999999999991e-05
749 0 0.0002040690062774595 4.999999999999991e-05
750 0 0.0002072246505075317 4.999999999999991e-05
751 0 0.0002114847702181292 4.999999999999991e-05
752 0 0.000217235931827436 4.999999999999991e-05
753 0 0.000225 4.999999999999991e-05
754 0 0.0002327640681725641 4.999999999999991e-05
755 0 0.0002385152297818707 4.999999999999991e-05
756 0 0.0002427753494924683 4.999999999999991e-05
757 0 0.0002459309937225406 4.999999999999991e-05
758 0 0.0002482685079670386 4.999999999999991e-05
759 0 0.00025 4.999999999999991e-05
760 0 -5e-05 7.499999999999998e-05
761 0 -4.826850796703854e-05 7.499999999999998e-05
762 0 -4.593099372254057e-05 7.499999999999998e-05
763 0 -4.277534949246831e-05 7.499999999999998e-05
764 0 -3.851522978187075e-05 7.499999999999998e-05
765 0 -3.276406817256406e-05 7.499999999999998e-05
766 0 -2.5e-05 7.499999999999998e-05
767 0 -1.723593182743596e-05 7.499999999999998e-05
768 0 -1.148477021812926e-05 7.499999999999998e-05
769 0 -7.224650507531695e-06 7.499999999999998e-05
770 0 -4.069006277459433e-06 7.499999999999998e-05
771 0 -1.73149203296146e-06 7.499999999999998e-05
772 0 0 7.499999999999998e-05
773 0 1.507641859676234e-05 7.499999999999998e-05
774 0 3.54295837023915e-05 7.499999999999998e-05
775 0 6.290635659499086e-05 7.499999999999998e-05
776 0 0.0001 7.499999999999998e-05
777 0 0.0001370936434050091 7.499999999999998e-05
778 0 0.0001645704162976085 7.499999999999998e-05
779 0 0.0001849235814032377 7.499999999999998e-05
780 0 0.0002 7.499999999999998e-05
781 0 0.0002017314920329615 7.499999999999998e-05
782 0 0.0002040690062774595 7.499999999999998e-05
783 0 0.0002072246505075317 7.499999999999998e-05
784 0 0.0002114847702181292 7.499999999999998e-05
785 0 0.000217235931827436 7.499999999999998e-05
786 0 0.000225 7.499999999999998e-05
787 0 0.0002327640681725641 7.499999999999998e-05
788 0 0.0002385152297818707 7.499999999999998e-05
789 0 0.0002427753494924683 7.499999999999998e-05
790 0 0.0002459309937225406 7.499999999999998e-05
791 0 0.0002482685079670386 7.499999999999998e-05
792 0 0.00025 7.499999999999998e-05
793 0 -5e-05 0.0001
794 0 -4.826850796703854e-05 0.0001
795 0 -4.593099372254057e-05 0.0001
796 0 -4.277534949246831e-05 0.0001
797 0 -3.851522978187075e-05 0.0001
798 0 -3.276406817256406e-05 0.0001
799 0 -2.5e-05 0.0001
800 0 -1.723593182743596e-05 0.0001
801 0 -1.148477021812926e-05 0.0001
802 0 -7.224650507531695e-06 0.0001
803 0 -4.069006277459433e-06 0.0001
804 0 -1.73149203296146e-06 0.0001
805 0 0 0.0001
806 0 1.507641859676234e-05 0.0001
807 0 3.54295837023915e-05 0.0001
808 0 6.290635659499086e-05 0.0001
809 0 0.0001 0.0001
810 0 0.0001370936434050091 0.0001
811 0 0.0001645704162976085 0.0001
812 0 0.0001849235814032377 0.0001
813 0 0.0002 0.0001
814 0 0.0002017314920329615 0.0001
815 0 0.0002040690062774595 0.0001
816 0 0.0002072246505075317 0.0001
817 0 0.0002114847702181292 0.0001
818 0 0.000217235931827436 0.0001
819 0 0.000225 0.0001
820 0 0.0002327640681725641 0.0001
821 0 0.0002385152297818707 0.0001
822 0 0.0002427753494924683 0.0001
823 0 0.0002459309937225406 0.0001
824 0 0.0002482685079670386 0.0001
825 0 0.00025 0.0001
826 0 -5e-05 0.000125
827 0 -4.826850796703854e-05 0.000125
828 0 -4.593099372254057e-05 0.000125
829 0 -4.277534949246831e-05 0.000125
830 0 -3.851522978187075e-05 0.000125
831 0 -3.276406817256406e-05 0.000125
832 0 -2.5e-05 0.000125
833 0 -1.723593182743596e-05 0.000125
834 0 -1.148477021812926e-05 0.000125
835 0 -7.224650507531695e-06 0.000125
836 0 -4.069006277459433e-06 0.000125
837 0 -1.73149203296146e-06 0.000125
838 0 0 0.000125
839 0 1.507641859676234e-05 0.000125
840 0 3.54295837023915e-05 0.000125
841 0 6.290635659499086e-05 0.000125
842 0 0.0001 0.000125
843 0 0.0001370936434050091 0.000125
844 0 0.0001645704162976085 0.000125
845 0 0.0001849235814032377 0.000125
846 0 0.0002 0.000125
847 0 0.0002017314920329615 0.000125
848 0 0.0002040690062774595 0.000125
849 0 0.0002072246505075317 0.000125
850 0 0.0002114847702181292 0.000125
851 0 0.000217235931827436 0.000125
852 0 0.000225 0.000125
853 0 0.0002327640681725641 0.000125
854 0 0.0002385152297818707 0.000125
855 0 0.0002427753494924683 0.000125
856 0 0.0002459309937225406 0.000125
857 0 0.0002482685079670386 0.000125
858 0 0.00025 0.000125
859 0 -5e-05 0.0001500000000000001
860 0 -4.826850796703854e-05 0.0001500000000000001
861 0 -4.593099372254057e-05 0.0001500000000000001
862 0 -4.277534949246831e-05 0.0001500000000000001
863 0 -3.851522978187075e-05 0.0001500000000000001
864 0 -3.276406817256406e-05 0.0001500000000000001
865 0 -2.5e-05 0.0001500000000000001
866 0 -1.723593182743596e-05 0.0001500000000000001
867 0 -1.148477021812926e-05 0.0001500000000000001
868 0 -7.224650507531695e-06 0.0001500000000000001
869 0 -4.069006277459433e-06 0.0001500000000000001
870 0 -1.73149203296146e-06 0.0001500000000000001
871 0 0 0.0001500000000000001
872 0 1.507641859676234e-05 0.0001500000000000001
873 0 3.54295837023915e-05 0.0001500000000000001
874 0 6.290635659499086e-05 0.0001500000000000001
875 0 0.0001 0.0001500000000000001
876 0 0.0001370936434050091 0.0001500000000000001
877 0 0.0001645704162976085 0.0001500000000000001
878 0 0.0001849235814032377 0.0001500000000000001
879 0 0.0002 0.0001500000000000001
880 0 0.0002017314920329615 0.0001500000000000001
881 0 0.0002040690062774595 0.0001500000000000001
882 0 0.0002072246505075317 0.0001500000000000001
883 0 0.0002114847702181292 0.0001500000000000001
884 0 0.000217235931827436 0.0001500000000000001
885 0 0.000225 0.0001500000000000001
886 0 0.0002327640681725641 0.0001500000000000001
887 0 0.0002385152297818707 0.0001500000000000001
888 0 0.0002427753494924683 0.0001500000000000001
889 0 0.0002459309937225406 0.0001500000000000001
890 0 0.0002482685079670386 0.0001500000000000001
891 0 0.00025 0.0001500000000000001
892 0 -5e-05 0.000175
893 0 -4.826850796703854e-05 0.000175
894 0 -4.593099372254057e-05 0.000175
895 0 -4.277534949246831e-05 0.000175
896 0 -3.851522978187075e-05 0.000175
897 0 -3.276406817256406e-05 0.000175
898 0 -2.5e-05 0.000175
899 0 -1.723593182743596e-05 0.000175
900 0 -1.148477021812926e-05 0.000175
901 0 -7.224650507531695e-06 0.000175
902 0 -4.069006277459433e-06 0.000175
903 0 -1.73149203296146e-06 0.000175
904 0 0 0.000175
905 0 1.507641859676234e-05 0.000175
906 0 3.54295837023915e-05 0.000175
907 0 6.290635659499086e-05 0.000175
908 0 0.0001 0.000175
909 0 0.0001370936434050091 0.000175
910 0 0.0001645704162976085 0.000175
911 0 0.0001849235814032377 0.000175
912 0 0.0002 0.000175
913 0 0.0002017314920329615 0.000175
914 0 0.0002040690062774595 0.000175
915 0 0.0002072246505075317 0.000175
916 0 0.0002114847702181292 0.000175
917 0 0.000217235931827436 0.000175
918 0 0.000225 0.000175
919 0 0.0002327640681725641 0.000175
920 0 0.0002385152297818707 0.000175
921 0 0.0002427753494924683 0.000175
922 0 0.0002459309937225406 0.000175
923 0 0.0002482685079670386 0.000175
924 0 0.00025 0.000175
925 0 -5e-05 0.0002
926 0 -4.826850796703854e-05 0.0002
927 0 -4.593099372254057e-05 0.0002
928 0 -4.277534949246831e-05 0.0002
929 0 -3.851522978187075e-05 0.0002
930 0 -3.276406817256406e-05 0.0002
931 0 -2.5e-05 0.0002
932 0 -1.723593182743596e-05 0.0002
933 0 -1.148477021812926e-05 0.0002
934 0 -7.224650507531695e-06 0.0002
935 0 -4.069006277459433e-06 0.0002
936 0 -1.73149203296146e-06 0.0002
937 0 0 0.0002
938 0 1.507641859676234e-05 0.0002
939 0 3.54295837023915e-05 0.0002
940 0 6.290635659499086e-05 0.0002
941 0 0.0001 0.0002
942 0 0.0001370936434050091 0.0002
943 0 0.0001645704162976085 0.0002
944 0 0.0001849235814032377 0.0002
945 0 0.0002 0.0002
946 0 0.0002017314920329615 0.0002
947 0 0.0002040690062774595 0.0002
948 0 0.0002072246505075317 0.0002
949 0 0.0002114847702181292 0.0002
950 0 0.000217235931827436 0.0002
951 0 0.000225 0.0002
952 0 0.0002327640681725641 0.0002
953 0 0.0002385152297818707 0.0002
954 0 0.0002427753494924683 0.0002
955 0 0.0002459309937225406 0.0002
956 0 0.0002482685079670386 0.0002
957 0 0.00025 0.0002
958 0 -5e-05 0.000225
959 0 -4.826850796703854e-05 0.000225
960 0 -4.593099372254057e-05 0.000225
961 0 -4.277534949246831e-05 0.000225
962 0 -3.851522978187075e-05 0.000225
963 0 -3.276406817256406e-05 0.000225
964 0 -2.5e-05 0.000225
965 0 -1.723593182743596e-05 0.000225
966 0 -1.148477021812926e-05 0.000225
967 0 -7.224650507531695e-06 0.000225
968 0 -4.069006277459433e-06 0.000225
969 0 -1.73149203296146e-06 0.000225
970 0 0 0.000225
971 0 1.507641859676234e-05 0.000225
972 0 3.54295837023915e-05 0.000225
973 0 6.290635659499086e-05 0.000225
974 0 0.0001 0.000225
975 0 0.0001370936434050091 0.000225
976 0 0.0001645704162976085 0.000225
977 0 0.0001849235814032377 0.000225
978 0 0.0002 0.000225
979 0 0.0002017314920329615 0.000225
980 0 0.0002040690062774595 0.000225
981 0 0.0002072246505075317 0.000225
982 0 0.0002114847702181292 0.000225
983 0 0.000217235931827436 0.000225
984 0 0.000225 0.000225
985 0 0.0002327640681725641 0.000225
986 0 0.0002385152297818707 0.000225
987 0 0.0002427753494924683 0.000225
988 0 0.0002459309937225406 0.000225
989 0 0.0002482685079670386 0.000225
990 0 0.00025 0.000225
991 0 -5e-05 0.00025
992 0 -4.826850796703854e-05 0.00025
993 0 -4.593099372254057e-05 0.00025
994 0 -4.277534949246831e-05 0.00025
995 0 -3.851522978187075e-05 0.00025
996 0 -3.276406817256406e-05 0.00025
997 0 -2.5e-05 0.00025
998 0 -1.723593182743596e-05 0.00025
999 0 -1.148477021812926e-05 0.00025
1000 0 -7.224650507531695e-06 0.00025
1001 0 -4.069006277459433e-06 0.00025
1002 0 -1.73149203296146e-06 0.00025
1003 0 0 0.00025
1004 0 1.507641859676234e-05 0.00025
1005 0 3.54295837023915e-05 0.00025
1006 0 6.290635659499086e-05 0.00025
1007 0 0.0001 0.00025
1008 0 0.0001370936434050091 0.00025
1009 0 0.0001645704162976085 0.00025
1010 0 0.0001849235814032377 0.00025
1011 0 0.0002 0.00025
1012 0 0.0002017314920329615 0.00025
1013 0 0.0002040690062774595 0.00025
1014 0 0.0002072246505075317 0.00025
1015 0 0.0002114847702181292 0.00025
1016 0 0.000217235931827436 0.00025
1017 0 0.000225 0.00025
1018 0 0.0002327640681725641 0.00025
1019 0 0.0002385152297818707 0.00025
1020 0 0.0002427753494924683 0.00025
1021 0 0.0002459309937225406 0.00025
1022 0 0.0002482685079670386 0.00025
1023 0 0.00025 0.00025
1024 0 -5e-05 0.000275
1025 0 -4.826850796703854e-05 0.000275
1026 0 -4.593099372254057e-05 0.000275
1027 0 -4.277534949246831e-05 0.000275
1028 0 -3.851522978187075e-05 0.000275
1029 0 -3.276406817256406e-05 0.000275
1030 0 -2.5e-05 0.000275
1031 0 -1.723593182743596e-05 0.000275
1032 0 -1.148477021812926e-05 0.000275
1033 0 -7.224650507531695e-06 0.000275
1034 0 -4.069006277459433e-06 0.000275
1035 0 -1.73149203296146e-06 0.000275
1036 0 0 0.000275
1037 0 1.507641859676234e-05 0.000275
1038 0 3.54295837023915e-05 0.000275
1039 0 6.290635659499086e-05 0.000275
1040 0 0.0001 0.000275
1041 0 0.0001370936434050091 0.000275
1042 0 0.0001645704162976085 0.000275
1043 0 0.0001849235814032377 0.000275
1044 0 0.0002 0.000275
1045 0 0.0002017314920329615 0.000275
1046 0 0.0002040690062774595 0.000275
1047 0 0.0002072246505075317 0.000275
1048 0 0.0002114847702181292 0.000275
1049 0 0.000217235931827436 0.000275
1050 0 0.000225 0.000275
1051 0 0.0002327640681725641 0.000275
1052 0 0.0002385152297818707 0.000275
1053 0 0.0002427753494924683 0.000275
1054 0 0.0002459309937225406 0.000275
1055 0 0.0002482685079670386 0.000275
1056 0 0.00025 0.000275
1057 0 -5e-05 0.0003
1058 0 -4.826850796703854e-05 0.0003
1059 0 -4.593099372254057e-05 0.0003
1060 0 -4.277534949246831e-05 0.0003
1061 0 -3.851522978187075e-05 0.0003
1062 0 -3.276406817256406e-05 0.0003
1063 0 -2.5e-05 0.0003
1064 0 -1.723593182743596e-05 0.0003
1065 0 -1.148477021812926e-05 0.0003
1066 0 -7.224650507531695e-06 0.0003
1067 0 -4.069006277459433e-06 0.0003
1068 0 -1.73149203296146e-06 0.0003
1069 0 0 0.0003
1070 0 1.507641859676234e-05 0.0003
1071 0 3.54295837023915e-05 0.0003
1072 0 6.290635659499086e-05 0.0003
1073 0 0.0001 0.0003
1074 0 0.0001370936434050091 0.0003
1075 0 0.0001645704162976085 0.0003
1076 0 0.0001849235814032377 0.0003
1077 0 0.0002 0.0003
1078 0 0.0002017314920329615 0.0003
1079 0 0.0002040690062774595 0.0003
1080 0 0.0002072246505075317 0.0003
1081 0 0.0002114847702181292 0.0003
1082 0 0.000217235931827436 0.0003
1083 0 0.000225 0.0003
1084 0 0.0002327640681725641 0.0003
1085 0 0.0002385152297818707 0.0003
1086 0 0.0002427753494924683 0.0003
1087 0 0.0002459309937225406 0.0003
1088 0 0.0002482685079670386 0.0003
1089 0 0.00025 0.0003
1090 0 -5e-05 0.000325
1091 0 -4.826850796703854e-05 0.000325
1092 0 -4.593099372254057e-05 0.000325
1093 0 -4.277534949246831e-05 0.000325
1094 0 -3.851522978187075e-05 0.000325
1095 0 -3.276406817256406e-05 0.000325
1096 0 -2.5e-05 0.000325
1097 0 -1.723593182743596e-05 0.000325
1098 0 -1.148477021812926e-05 0.000325
1099 0 -7.224650507531695e-06 0.000325
1100 0 -4.069006277459433e-06 0.000325
1101 0 -1.73149203296146e-06 0.000325
1102 0 0 0.000325
1103 0 1.507641859676234e-05 0.000325
1104 0 3.54295837023915e-05 0.000325
1105 0 6.290635659499086e-05 0.000325
1106 0 0.0001 0.000325
1107 0 0.0001370936434050091 0.000325
1108 0 0.0001645704162976085 0.000325
1109 0 0.0001849235814032377 0.000325
1110 0 0.0002 0.000325
1111 0 0.0002017314920329615 0.000325
1112 0 0.0002040690062774595 0.000325
1113 0 0.0002072246505075317 0.000325
1114 0 0.0002114847702181292 0.000325
1115 0 0.000217235931827436 0.000325
1116 0 0.000225 0.000325
1117 0 0.0002327640681725641 0.000325
1118 0 0.0002385152297818707 0.000325
1119 0 0.0002427753494924683 0.000325
1120 0 0.0002459309937225406 0.000325
1121 0 0.0002482685079670386 0.000325
1122 0 0.00025 0.000325
1123 0 -5e-05 0.0003500000000000001
1124 0 -4.826850796703854e-05 0.0003500000000000001
1125 0 -4.593099372254057e-05 0.0003500000000000001
1126 0 -4.277534949246831e-05 0.0003500000000000001
1127 0 -3.851522978187075e-05 0.0003500000000000001
1128 0 -3.276406817256406e-05 0.0003500000000000001
1129 0 -2.5e-05 0.0003500000000000001
1130 0 -1.723593182743596e-05 0.0003500000000000001
1131 0 -1.148477021812926e-05 0.0003500000000000001
1132 0 -7.224650507531695e-06 0.0003500000000000001
1133 0 -4.069006277459433e-06 0.0003500000000000001
1134 0 -1.73149203296146e-06 0.0003500000000000001
1135 0 0 0.0003500000000000001
1136 0 1.507641859676234e-05 0.0003500000000000001
1137 0 3.54295837023915e-05 0.0003500000000000001
1138 0 6.290635659499086e-05 0.0003500000000000001
1139 0 0.0001 0.0003500000000000001
1140 0 0.0001370936434050091 0.0003500000000000001
1141 0 0.0001645704162976085 0.0003500000000000001
1142 0 0.0001849235814032377 0.0003500000000000001
1143 0 0.0002 0.0003500000000000001
1144 0 0.0002017314920329615 0.0003500000000000001
1145 0 0.0002040690062774595 0.0003500000000000001
1146 0 0.0002072246505075317 0.0003500000000000001
1147 0 0.0002114847702181292 0.0003500000000000001
1148 0 0.000217235931827436 0.0003500000000000001
1149 0 0.000225 0.0003500000000000001
1150 0 0.0002327640681725641 0.0003500000000000001
1151 0 0.0002385152297818707 0.0003500000000000001
1152 0 0.0002427753494924683 0.0003500000000000001
1153 0 0.0002459309937225406 0.0003500000000000001
1154 0 0.0002482685079670386 0.0003500000000000001
1155 0 0.00025 0.0003500000000000001
1156 0 -5e-05 0.0003750000000000001
1157 0 -4.826850796703854e-05 0.0003750000000000001
1158 0 -4.593099372254057e-05 0.0003750000000000001
1159 0 -4.277534949246831e-05 0.0003750000000000001
1160 0 -3.851522978187075e-05 0.0003750000000000001
1161 0 -3.276406817256406e-05 0.0003750000000000001
1162 0 -2.5e-05 0.0003750000000000001
1163 0 -1.723593182743596e-05 0.0003750000000000001
1164 0 -1.148477021812926e-05 0.0003750000000000001
1165 0 -7.224650507531695e-06 0.0003750000000000001
1166 0 -4.069006277459433e-06 0.0003750000000000001
1167 0 -1.73149203296146e-06 0.0003750000000000001
1168 0 0 0.0003750000000000001
1169 0 1.507641859676234e-05 0.0003750000000000001
1170 0 3.54295837023915e-05 0.0003750000000000001
1171 0 6.290635659499086e-05 0.0003750000000000001
1172 0 0.0001 0.0003750000000000001
1173 0 0.0001370936434050091 0.0003750000000000001
1174 0 0.0001645704162976085 0.0003750000000000001
1175 0 0.0001849235814032377 0.0003750000000000001
1176 0 0.0002 0.0003750000000000001
1177 0 0.0002017314920329615 0.0003750000000000001
1178 0 0.0002040690062774595 0.0003750000000000001
1179 0 0.0002072246505075317 0.0003750000000000001
1180 0 0.0002114847702181292 0.0003750000000000001
1181 0 0.000217235931827436 0.0003750000000000001
1182 0 0.000225 0.0003750000000000001
1183 0 0.0002327640681725641 0.0003750000000000001
1184 0 0.0002385152297818707 0.0003750000000000001
1185 0 0.0002427753494924683 0.0003750000000000001
1186 0 0.0002459309937225406 0.0003750000000000001
1187 0 0.0002482685079670386 0.0003750000000000001
1188 0 0.00025 0.0003750000000000001
1189 0 -5e-05 0.0004000000000000001
1190 0 -4.826850796703854e-05 0.0004000000000000001
1191 0 -4.593099372254057e-05 0.0004000000000000001
1192 0 -4.277534949246831e-05 0.0004000000000000001
1193 0 -3.851522978187075e-05 0.0004000000000000001
1194 0 -3.276406817256406e-05 0.0004000000000000001
1195 0 -2.5e-05 0.0004000000000000001
1196 0 -1.723593182743596e-05 0.0004000000000000001
1197 0 -1.148477021812926e-05 0.0004000000000000001
1198 0 -7.224650507531695e-06 0.0004000000000000001
1199 0 -4.069006277459433e-06 0.0004000000000000001
1200 0 -1.73149203296146e-06 0.0004000000000000001
1201 0 0 0.0004000000000000001
1202 0 1.507641859676234e-05 0.0004000000000000001
1203 0 3.54295837023915e-05 0.0004000000000000001
1204 0 6.290635659499086e-05 0.0004000000000000001
1205 0 0.0001 0.0004000000000000001
1206 0 0.0001370936434050091 0.0004000000000000001
1207 0 0.0001645704162976085 0.0004000000000000001
1208 0 0.0001849235814032377 0.0004000000000000001
1209 0 0.0002 0.0004000000000000001
1210 0 0.0002017314920329615 0.0004000000000000001
1211 0 0.0002040690062774595 0.0004000000000000001
1212 0 0.0002072246505075317 0.0004000000000000001
1213 0 0.0002114847702181292 0.0004000000000000001
1214 0 0.000217235931827436 0.0004000000000000001
1215 0 0.000225 0.0004000000000000001
1216 0 0.0002327640681725641 0.0004000000000000001
1217 0 0.0002385152297818707 0.0004000000000000001
1218 0 0.0002427753494924683 0.0004000000000000001
1219 0 0.0002459309937225406 0.0004000000000000001
1220 0 0.0002482685079670386 0.0004000000000000001
1221 0 0.00025 0.0004000000000000001
1222 0 -5e-05 0.0004249999999999999
1223 0 -4.826850796703854e-05 0.0004249999999999999
1224 0 -4.593099372254057e-05 0.0004249999999999999
1225 0 -4.277534949246831e-05 0.0004249999999999999
1226 0 -3.851522978187075e-05 0.0004249999999999999
1227 0 -3.276406817256406e-05 0.0004249999999999999
1228 0 -2.5e-05 0.0004249999999999999
1229 0 -1.723593182743596e-05 0.0004249999999999999
1230 0 -1.148477021812926e-05 0.0004249999999999999
1231 0 -7.224650507531695e-06 0.0004249999999999999
1232 0 -4.069006277459433e-06 0.0004249999999999999
1233 0 -1.73149203296146e-06 0.0004249999999999999
1234 0 0 0.0004249999999999999
1235 0 1.507641859676234e-05 0.0004249999999999999
1236 0 3.54295837023915e-05 0.0004249999999999999
1237 0 6.290635659499086e-05 0.0004249999999999999
1238 0 0.0001 0.0004249999999999999
1239 0 0.0001370936434050091 0.0004249999999999999
1240 0 0.0001645704162976085 0.0004249999999999999
1241 0 0.0001849235814032377 0.0004249999999999999
1242 0 0.0002 0.0004249999999999999
1243 0 0.0002017314920329615 0.0004249999999999999
1244 0 0.0002040690062774595 0.0004249999999999999
1245 0 0.0002072246505075317 0.0004249999999999999
1246 0 0.0002114847702181292 0.0004249999999999999
1247 0 0.000217235931827436 0.0004249999999999999
1248 0 0.000225 0.0004249999999999999
1249 0 0.0002327640681725641 0.0004249999999999999
1250 0 0.0002385152297818707 0.0004249999999999999
1251 0 0.0002427753494924683 0.0004249999999999999
1252 0 0.0002459309937225406 0.0004249999999999999
1253 0 0.0002482685079670386 0.0004249999999999999
1254 0 0.00025 0.0004249999999999999
1255 0 -5e-05 0.00045
1256 0 -4.826850796703854e-05 0.00045
1257 0 -4.593099372254057e-05 0.00045
1258 0 -4.277534949246831e-05 0.00045
1259 0 -3.851522978187075e-05 0.00045
1260 0 -3.276406817256406e-05 0.00045
1261 0 -2.5e-05 0.00045
1262 0 -1.723593182743596e-05 0.00045
1263 0 -1.148477021812926e-05 0.00045
1264 0 -7.224650507531695e-06 0.00045
1265 0 -4.069006277459433e-06 0.00045
1266 0 -1.73149203296146e-06 0.00045
1267 0 0 0.00045
1268 0 1.507641859676234e-05 0.00045
1269 0 3.54295837023915e-05 0.00045
1270 0 6.290635659499086e-05 0.00045
1271 0 0.0001 0.00045
1272 0 0.0001370936434050091 0.00045
1273 0 0.0001645704162976085 0.00045
1274 0 0.0001849235814032377 0.00045
1275 0 0.0002 0.00045
1276 0 0.0002017314920329615 0.00045
1277 0 0.0002040690062774595 0.00045
1278 0 0.0002072246505075317 0.00045
1279 0 0.0002114847702181292 0.00045
1280 0 0.000217235931827436 0.00045
1281 0 0.000225 0.00045
1282 0 0.0002327640681725641 0.00045
1283 0 0.0002385152297818707 0.00045
1284 0 0.0002427753494924683 0.00045
1285 0 0.0002459309937225406 0.00045
1286 0 0.0002482685079670386 0.00045
1287 0 0.00025 0.00045
1288 0 -5e-05 0.0004749999999999999
1289 0 -4.826850796703854e-05 0.0004749999999999999
1290 0 -4.593099372254057e-05 0.0004749999999999999
1291 0 -4.277534949246831e-05 0.0004749999999999999
1292 0 -3.851522978187075e-05 0.0004749999999999999
1293 0 -3.276406817256406e-05 0.0004749999999999999
1294 0 -2.5e-05 0.0004749999999999999
1295 0 -1.723593182743596e-05 0.0004749999999999999
1296 0 -1.148477021812926e-05 0.0004749999999999999
1297 0 -7.224650507531695e-06 0.0004749999999999999
1298 0 -4.069006277459433e-06 0.0004749999999999999
1299 0 -1.73149203296146e-06 0.0004749999999999999
1300 0 0 0.0004749999999999999
1301 0 1.507641859676234e-05 0.0004749999999999999
1302 0 3.54295837023915e-05 0.0004749999999999999
1303 0 6.290635659499086e-05 0.0004749999999999999
1304 0 0.0001 0.0004749999999999999
1305 0 0.0001370936434050091 0.0004749999999999999
1306 0 0.0001645704162976085 0.0004749999999999999
1307 0 0.0001849235814032377 0.0004749999999999999
1308 0 0.0002 0.0004749999999999999
1309 0 0.0002017314920329615 0.0004749999999999999
1310 0 0.0002040690062774595 0.0004749999999999999
1311 0 0.0002072246505075317 0.0004749999999999999
1312 0 0.0002114847702181292 0.0004749999999999999
1313 0 0.000217235931827436 0.0004749999999999999
1314 0 0.000225 0.0004749999999999999
1315 0 0.0002327640681725641 0.0004749999999999999
1316 0 0.0002385152297818707 0.0004749999999999999
1317 0 0.0002427753494924683 0.0004749999999999999
1318 0 0.0002459309937225406 0.0004749999999999999
1319 0 0.0002482685079670386 0.0004749999999999999
1320 0 0.00025 0.0004749999999999999
1321 0 -5e-05 0.0005
1322 0 -4.826850796703854e-05 0.0005
1323 0 -4.593099372254057e-05 0.0005
1324 0 -4.277534949246831e-05 0.0005
1325 0 -3.851522978187075e-05 0.0005
1326 0 -3.276406817256406e-05 0.0005
1327 0 -2.5e-05 0.0005
1328 0 -1.723593182743596e-05 0.0005
1329 0 -1.148477021812926e-05 0.0005
1330 0 -7.224650507531695e-06 0.0005
1331 0 -4.069006277459433e-06 0.0005
1332 0 -1.73149203296146e-06 0.0005
1333 0 0 0.0005
1334 0 1.507641859676234e-05 0.0005
1335 0 3.54295837023915e-05 0.0005
1336 0 6.290635659499086e-05 0.0005
1337 0 0.0001 0.0005
1338 0 0.0001370936434050091 0.0005
1339 0 0.0001645704162976085 0.0005
1340 0 0.0001849235814032377 0.0005
1341 0 0.0002 0.0005
1342 0 0.0002017314920329615 0.0005
1343 0 0.0002040690062774595 0.0005
1344 0 0.0002072246505075317 0.0005
1345 0 0.0002114847702181292 0.0005
1346 0 0.000217235931827436 0.0005
1347 0 0.000225 0.0005
1348 0 0.0002327640681725641 0.0005
1349 0 0.0002385152297818707 0.0005
1350 0 0.0002427753494924683 0.0005
1351 0 0.0002459309937225406 0.0005
1352 0 0.0002482685079670386 0.0005
1353 0 0.00025 0.0005
$EndNodes
$Elements
2560
1 2 2 10 10 1 34 35
2 2 2 10 10 1 35 2
3 2 2 10 10 2 35 36
4 2 2 10 10 2 36 3
5 2 2 10 10 3 36 37
6 2 2 10 10 3 37 4
7 2 2 10 10 4 37 38
8 2 2 10 10 4 38 5
9 2 2 10 10 5 38 39
10 2 2 10 10 5 39 6
11 2 2 10 10 6 39 40
12 2 2 10 10 6 40 7
13 2 2 10 10 7 40 41
14 2 2 10 10 7 41 8
15 2 2 10 10 8 41 42
16 2 2 10 10 8 42 9
17 2 2 10 10 9 42 43
18 2 2 10 10 9 43 10
19 2 2 10 10 10 43 44
20 2 2 10 10 10 44 11
21 2 2 10 10 11 44 45
22 2 2 10 10 11 45 12
23 2 2 10 10 12 45 46
24 2 2 10 10 12 46 13
25 2 2 1 1 13 46 47
26 2 2 1 1 13 47 14
27 2 2 1 1 14 47 48
28 2 2 1 1 14 48 15
29 2 2 1 1 15 48 49
30 2 2 1 1 15 49 16
31 2 2 1 1 16 49 50
32 2 2 1 1 16 50 17
33 2 2 1 1 17 50 51
34 2 2 1 1 17 51 18
35 2 2 1 1 18 51 52
36 2 2 1 1 18 52 19
37 2 2 1 1 19 52 53
38 2 2 1 1 19 53 20
39 2 2 1 1 20 53 54
40 2 2 1 1 20 54 21
41 2 2 11 11 21 54 55
42 2 2 11 11 21 55 22
43 2 2 11 11 22 55 56
44 2 2 11 11 22 56 23
45 2 2 11 11 23 56 57
46 2 2 11 11 23 57 24
47 2 2 11 11 24 57 58
48 2 2 11 11 24 58 25
49 2 2 11 11 25 58 59
50 2 2 11 11 25 59 26
51 2 2 11 11 26 59 60
52 2 2 11 11 26 60 27
53 2 2 11 11 27 60 61
54 2 2 11 11 27 61 28
55 2 2 11 11 28 61 62
56 2 2 11 11 28 62 29
57 2 2 11 11 29 62 63
58 2 2 11 11 29 63 30
59 2 2 11 11 30 63 64
60 2 2 11 11 30 64 31
61 2 2 11 11 31 64 65
62 2 2 11 11 31 65 32
63 2 2 11 11 32 65 66
64 2 2 11 11 32 66 33
65 2 2 10 10 34 67 68
66 2 2 10 10 34 68 35
67 2 2 10 10 35 68 69
68 2 2 10 10 35 69 36
69 2 2 10 10 36 69 70
70 2 2 10 10 36 70 37
71 2 2 10 10 37 70 71
72 2 2 10 10 37 71 38
73 2 2 10 10 38 71 72
74 2 2 10 10 38 72 39
75 2 2 10 10 39 72 73
76 2 2 10 10 39 73 40
77 2 2 10 10 40 73 74
78 2 2 10 10 40 74 41
79 2 2 10 10 41 74 75
80 2 2 10 10 41 75 42
81 2 2 10 10 42 75 76
82 2 2 10 10 42 76 43
83 2 2 10 10 43 76 77
84 2 2 10 10 43 77 44
85 2 2 10 10 44 77 78
86 2 2 10 10 44 78 45
87 2 2 10 10 45 78 79
88 2 2 10 10 45 79 46
89 2 2 1 1 46 79 80
90 2 2 1 1 46 80 47
91 2 2 1 1 47 80 81
92 2 2 1 1 47 81 48
93 2 2 1 1 48 81 82
94 2 2 1 1 48 82 49
95 2 2 1 1 49 82 83
96 2 2 1 1 49 83 50
97 2 2 1 1 50 83 84
98 2 2 1 1 50 84 51
99 2 2 1 1 51 84 85
100 2 2 1 1 51 85 52
101 2 2 1 1 52 85 86
102 2 2 1 1 52 86 53
103 2 2 1 1 53 86 87
104 2 2 1 1 53 87 54
105 2 2 11 11 54 87 88
106 2 2 11 11 54 88 55
107 2 2 11 11 55 88 89
108 2 2 11 11 55 89 56
109 2 2 11 11 56 89 90
110 2 2 11 11 56 90 57
111 2 2 11 11 57 90 91
112 2 2 11 11 57 91 58
113 2 2 11 11 58 91 92
114 2 2 11 11 58 92 59
115 2 2 11 11 59 92 93
116 2 2 11 11 59 93 60
117 2 2 11 11 60 93 94
118 2 2 11 11 60 94 61
119 2 2 11 11 61 94 95
120 2 2 11 11 61 95 62
121 2 2 11 11 62 95 96
122 2 2 11 11 62 96 63
123 2 2 11 11 63 96 97
124 2 2 11 11 63 97 64
125 2 2 11 11 64 97 98
126 2 2 11 11 64 98 65
127 2 2 11 11 65 98 99
128 2 2 11 11 65 99 66
129 2 2 10 10 67 100 101
130 2 2 10 10 67 101 68
131 2 2 10 10 68 101 102
132 2 2 10 10 68 102 69
133 2 2 10 10 69 102 103
134 2 2 10 10 69 103 70
135 2 2 10 10 70 103 104
136 2 2 10 10 70 104 71
137 2 2 10 10 71 104 105
138 2 2 10 10 71 105 72
139 2 2 10 10 72 105 106
140 2 2 10 10 72 106 73
141 2 2 10 10 73 106 107
142 2 2 10 10 73 107 74
143 2 2 10 10 74 107 108
144 2 2 10 10 74 108 75
145 2 2 10 10 75 108 109
146 2 2 10 10 75 109 76
147 2 2 10 10 76 109 110
148 2 2 10 10 76 110 77
149 2 2 10 10 77 110 111
150 2 2 10 10 77 111 78
151 2 2 10 10 78 111 112
152 2 2 10 10 78 112 79
153 2 2 1 1 79 112 113
154 2 2 1 1 79 113 80
155 2 2 1 1 80 113 114
156 2 2 1 1 80 114 81
157 2 2 1 1 81 114 115
158 2 2 1 1 81 115 82
159 2 2 1 1 82 115 116
160 2 2 1 1 82 116 83
161 2 2 1 1 83 116 117
162 2 2 1 1 83 117 84
163 2 2 1 1 84 117 118
164 2 2 1 1 84 118 85
165 2 2 1 1 85 118 119
166 2 2 1 1 85 119 86
167 2 2 1 1 86 119 120
168 2 2 1 1 86 120 87
169 2 2 11 11 87 120 121
170 2 2 11 11 87 121 88
171 2 2 11 11 88 121 122
172 2 2 11 11 88 122 89
173 2 2 11 11 89 122 123
174 2 2 11 11 89 123 90
175 2 2 11 11 90 123 124
176 2 2 11 11 90 124 91
177 2 2 11 11 91 124 125
178 2 2 11 11 91 125 92
179 2 2 11 11 92 125 126
180 2 2 11 11 92 126 93
181 2 2 11 11 93 126 127
182 2 2 11 11 93 127 94
183 2 2 11 11 94 127 128
184 2 2 11 11 94 128 95
185 2 2 11 11 95 128 129
186 2 2 11 11 95 129 96
187 2 2 11 11 96 129 130
188 2 2 11 11 96 130 97
189 2 2 11 11 97 130 131
190 2 2 11 11 97 131 98
191 2 2 11 11 98 131 132
192 2 2 11 11 98 132 99
193 2 2 10 10 100 133 134
194 2 2 10 10 100 134 101
195 2 2 10 10 101 134 135
196 2 2 10 10 101 135 102
197 2 2 10 10 102 135 136
198 2 2 10 10 102 136 103
199 2 2 10 10 103 136 137
200 2 2 10 10 103 137 104
201 2 2 10 10 104 137 138
202 2 2 10 10 104 138 105
203 2 2 10 10 105 138 139
204 2 2 10 10 105 139 106
205 2 2 10 10 106 139 140
206 2 2 10 10 106 140 107
207 2 2 10 10 107 140 141
208 2 2 10 10 107 141 108
209 2 2 10 10 108 141 142
210 2 2 10 10 108 142 109
211 2 2 10 10 109 142 143
212 2 2 10 10 109 143 110
213 2 2 10 10 110 143 144
214 2 2 10 10 110 144 111
215 2 2 10 10 111 144 145
216 2 2 10 10 111 145 112
217 2 2 1 1 112 145 146
218 2 2 1 1 112 146 113
219 2 2 1 1 113 146 147
220 2 2 1 1 113 147 114
221 2 2 1 1 114 147 148
222 2 2 1 1 114 148 115
223 2 2 1 1 115 148 149
224 2 2 1 1 115 149 116
225 2 2 1 1 116 149 150
226 2 2 1 1 116 150 117
227 2 2 1 1 117 150 151
228 2 2 1 1 117 151 118
229 2 2 1 1 118 151 152
230 2 2 1 1 118 152 119
231 2 2 1 1 119 152 153
232 2 2 1 1 119 153 120
233 2 2 11 11 120 153 154
234 2 2 11 11 120 154 121
235 2 2 11 11 121 154 155
236 2 2 11 11 121 155 122
237 2 2 11 11 122 155 156
238 2 2 11 11 122 156 123
239 2 2 11 11 123 156 157
240 2 2 11 11 123 157 124
241 2 2 11 11 124 157 158
242 2 2 11 11 124 158 125
243 2 2 11 11 125 158 159
244 2 2 11 11 125 159 126
245 2 2 11 11 126 159 160
246 2 2 11 11 126 160 127
247 2 2 11 11 127 160 161
248 2 2 11 11 127 161 128
249 2 2 11 11 128 161 162
250 2 2 11 11 128 162 129
251 2 2 11 11 129 162 163
252 2 2 11 11 129 163 130
253 2 2 11 11 130 163 164
254 2 2 11 11 130 164 131
255 2 2 11 11 131 164 165
256 2 2 11 11 131 165 132
257 2 2 10 10 133 166 167
258 2 2 10 10 133 167 134
259 2 2 10 10 134 167 168
260 2 2 10 10 134 168 135
261 2 2 10 10 135 168 169
262 2 2 10 10 135 169 136
263 2 2 10 10 136 169 170
264 2 2 10 10 136 170 137
265 2 2 10 10 137 170 171
266 2 2 10 10 137 171 138
267 2 2 10 10 138 171 172
268 2 2 10 10 138 172 139
269 2 2 10 10 139 172 173
270 2 2 10 10 139 173 140
271 2 2 10 10 140 173 174
272 2 2 10 10 140 174 141
273 2 2 10 10 141 174 175
274 2 2 10 10 141 175 142
275 2 2 10 10 142 175 176
276 2 2 10 10 142 176 143
277 2 2 10 10 143 176 177
278 2 2 10 10 143 177 144
279 2 2 10 10 144 177 178
280 2 2 10 10 144 178 145
281 2 2 1 1 145 178 179
282 2 2 1 1 145 179 146
283 2 2 1 1 146 179 180
284 2 2 1 1 146 180 147
285 2 2 1 1 147 180 181
286 2 2 1 1 147 181 148
287 2 2 1 1 148 181 182
288 2 2 1 1 148 182 149
289 2 2 1 1 149 182 183
290 2 2 1 1 149 183 150
291 2 2 1 1 150 183 184
292 2 2 1 1 150 184 151
293 2 2 1 1 151 184 185
294 2 2 1 1 151 185 152
295 2 2 1 1 152 185 186
296 2 2 1 1 152 186 153
297 2 2 11 11 153 186 187
298 2 2 11 11 153 187 154
299 2 2 11 11 154 187 188
300 2 2 11 11 154 188 155
301 2 2 11 11 155 188 189
302 2 2 11 11 155 189 156
303 2 2 11 11 156 189 190
304 2 2 11 11 156 190 157
305 2 2 11 11 157 190 191
306 2 2 11 11 157 191 158
307 2 2 11 11 158 191 192
308 2 2 11 11 158 192 159
309 2 2 11 11 159 192 193
310 2 2 11 11 159 193 160
311 2 2 11 11 160 193 194
312 2 2 11 11 160 194 161
313 2 2 11 11 161 194 195
314 2 2 11 11 161 195 162
315 2 2 11 11 162 195 196
316 2 2 11 11 162 196 163
317 2 2 11 11 163 196 197
318 2 2 11 11 163 197 164
319 2 2 11 11 164 197 198
320 2 2 11 11 164 198 165
321 2 2 10 10 166 199 200
322 2 2 10 10 166 200 167
323 2 2 10 10 167 200 201
324 2 2 10 10 167 201 168
325 2 2 10 10 168 201 202
326 2 2 10 10 168 202 169
327 2 2 10 10 169 202 203
328 2 2 10 10 169 203 170
329 2 2 10 10 170 203 204
330 2 2 10 10 170 204 171
331 2 2 10 10 171 204 205
332 2 2 10 10 171 205 172
333 2 2 10 10 172 205 206
334 2 2 10 10 172 206 173
335 2 2 10 10 173 206 207
336 2 2 10 10 173 207 174
337 2 2 10 10 174 207 208
338 2 2 10 10 174 208 175
339 2 2 10 10 175 208 209
340 2 2 10 10 175 209 176
341 2 2 10 10 176 209 210
342 2 2 10 10 176 210 177
343 2 2 10 10 177 210 211
344 2 2 10 10 177 211 178
345 2 2 1 1 178 211 212
346 2 2 1 1 178 212 179
347 2 2 1 1 179 212 213
348 2 2 1 1 179 213 180
349 2 2 1 1 180 213 214
350 2 2 1 1 180 214 181
351 2 2 1 1 181 214 215
352 2 2 1 1 181 215 182
353 2 2 1 1 182 215 216
354 2 2 1 1 182 216 183
355 2 2 1 1 183 216 217
356 2 2 1 1 183 217 184
357 2 2 1 1 184 217 218
358 2 2 1 1 184 218 185
359 2 2 1 1 185 218 219
360 2 2 1 1 185 219 186
361 2 2 11 11 186 219 220
362 2 2 11 11 186 220 187
363 2 2 11 11 187 220 221
364 2 2 11 11 187 221 188
365 2 2 11 11 188 221 222
366 2 2 11 11 188 222 189
367 2 2 11 11 189 222 223
368 2 2 11 11 189 223 190
369 2 2 11 11 190 223 224
370 2 2 11 11 190 224 191
371 2 2 11 11 191 224 225
372 2 2 11 11 191 225 192
373 2 2 11 11 192 225 226
374 2 2 11 11 192 226 193
375 2 2 11 11 193 226 227
376 2 2 11 11 193 227 194
377 2 2 11 11 194 227 228
378 2 2 11 11 194 228 195
379 2 2 11 11 195 228 229
380 2 2 11 11 195 229 196
381 2 2 11 11 196 229 230
382 2 2 11 11 196 230 197
383 2 2 11 11 197 230 231
384 2 2 11 11 197 231 198
385 2 2 10 10 199 232 233
386 2 2 10 10 199 233 200
387 2 2 10 10 200 233 234
388 2 2 10 10 200 234 201
389 2 2 10 10 201 234 235
390 2 2 10 10 201 235 202
391 2 2 10 10 202 235 236
392 2 2 10 10 202 236 203
393 2 2 10 10 203 236 237
394 2 2 10 10 203 237 204
395 2 2 10 10 204 237 238
396 2 2 10 10 204 238 205
397 2 2 10 10 205 238 239
398 2 2 10 10 205 239 206
399 2 2 10 10 206 239 240
400 2 2 10 10 206 240 207
401 2 2 10 10 207 240 241
402 2 2 10 10 207 241 208
403 2 2 10 10 208 241 242
404 2 2 10 10 208 242 209
405 2 2 10 10 209 242 243
406 2 2 10 10 209 243 210
407 2 2 10 10 210 243 244
408 2 2 10 10 210 244 211
409 2 2 1 1 211 244 245
410 2 2 1 1 211 245 212
411 2 2 1 1 212 245 246
412 2 2 1 1 212 246 213
413 2 2 1 1 213 246 247
414 2 2 1 1 213 247 214
415 2 2 1 1 214 247 248
416 2 2 1 1 214 248 215
417 2 2 1 1 215 248 249
418 2 2 1 1 215 249 216
419 2 2 1 1 216 249 250
420 2 2 1 1 216 250 217
421 2 2 1 1 217 250 251
422 2 2 1 1 217 251 218
423 2 2 1 1 218 251 252
424 2 2 1 1 218 252 219
425 2 2 11 11 219 252 253
426 2 2 11 11 219 253 220
427 2 2 11 11 220 253 254
428 2 2 11 11 220 254 221
429 2 2 11 11 221 254 255
430 2 2 11 11 221 255 222
431 2 2 11 11 222 255 256
432 2 2 11 11 222 256 223
433 2 2 11 11 223 256 257
434 2 2 11 11 223 257 224
435 2 2 11 11 224 257 258
436 2 2 11 11 224 258 225
437 2 2 11 11 225 258 259
438 2 2 11 11 225 259 226
439 2 2 11 11 226 259 260
440 2 2 11 11 226 260 227
441 2 2 11 11 227 260 261
442 2 2 11 11 227 261 228
443 2 2 11 11 228 261 262
444 2 2 11 11 228 262 229
445 2 2 11 11 229 262 263
446 2 2 11 11 229 263 230
447 2 2 11 11 230 263 264
448 2 2 11 11 230 264 231
449 2 2 10 10 232 265 266
450 2 2 10 10 232 266 233
451 2 2 10 10 233 266 267
452 2 2 10 10 233 267 234
453 2 2 10 10 234 267 268
454 2 2 10 10 234 268 235
455 2 2 10 10 235 268 269
456 2 2 10 10 235 269 236
457 2 2 10 10 236 269 270
458 2 2 10 10 236 270 237
459 2 2 10 10 237 270 271
460 2 2 10 10 237 271 238
461 2 2 10 10 238 271 272
462 2 2 10 10 238 272 239
463 2 2 10 10 239 272 273
464 2 2 10 10 239 273 240
465 2 2 10 10 240 273 274
466 2 2 10 10 240 274 241
467 2 2 10 10 241 274 275
468 2 2 10 10 241 275 242
469 2 2 10 10 242 275 276
470 2 2 10 10 242 276 243
471 2 2 10 10 243 276 277
472 2 2 10 10 243 277 244
473 2 2 1 1 244 277 278
474 2 2 1 1 244 278 245
475 2 2 1 1 245 278 279
476 2 2 1 1 245 279 246
477 2 2 1 1 246 279 280
478 2 2 1 1 246 280 247
479 2 2 1 1 247 280 281
480 2 2 1 1 247 281 248
481 2 2 1 1 248 281 282
482 2 2 1 1 248 282 249
483 2 2 1 1 249 282 283
484 2 2 1 1 249 283 250
485 2 2 1 1 250 283 284
486 2 2 1 1 250 284 251
487 2 2 1 1 251 284 285
488 2 2 1 1 251 285 252
489 2 2 11 11 252 285 286
490 2 2 11 11 252 286 253
491 2 2 11 11 253 286 287
492 2 2 11 11 253 287 254
493 2 2 11 11 254 287 288
494 2 2 11 11 254 288 255
495 2 2 11 11 255 288 289
496 2 2 11 11 255 289 256
497 2 2 11 11 256 289 290
498 2 2 11 11 256 290 257
499 2 2 11 11 257 290 291
500 2 2 11 11 257 291 258
501 2 2 11 11 258 291 292
502 2 2 11 11 258 292 259
503 2 2 11 11 259 292 293
504 2 2 11 11 259 293 260
505 2 2 11 11 260 293 294
506 2 2 11 11 260 294 261
507 2 2 11 11 261 294 295
508 2 2 11 11 261 295 262
509 2 2 11 11 262 295 296
510 2 2 11 11 262 296 263
511 2 2 11 11 263 296 297
512 2 2 11 11 263 297 264
513 2 2 10 10 265 298 299
514 2 2 10 10 265 299 266
515 2 2 10 10 266 299 300
516 2 2 10 10 266 300 267
517 2 2 10 10 267 300 301
518 2 2 10 10 267 301 268
519 2 2 10 10 268 301 302
520 2 2 10 10 268 302 269
521 2 2 10 10 269 302 303
522 2 2 10 10 269 303 270
523 2 2 10 10 270 303 304
524 2 2 10 10 270 304 271
525 2 2 10 10 271 304 305
526 2 2 10 10 271 305 272
527 2 2 10 10 272 305 306
528 2 2 10 10 272 306 273
529 2 2 10 10 273 306 307
530 2 2 10 10 273 307 274
531 2 2 10 10 274 307 308
532 2 2 10 10 274 308 275
533 2 2 10 10 275 308 309
534 2 2 10 10 275 309 276
535 2 2 10 10 276 309 310
536 2 2 10 10 276 310 277
537 2 2 1 1 277 310 311
538 2 2 1 1 277 311 278
539 2 2 1 1 278 311 312
540 2 2 1 1 278 312 279
541 2 2 1 1 279 312 313
542 2 2 1 1 279 313 280
543 2 2 1 1 280 313 314
544 2 2 1 1 280 314 281
545 2 2 1 1 281 314 315
546 2 2 1 1 281 315 282
547 2 2 1 1 282 315 316
548 2 2 1 1 282 316 283
549 2 2 1 1 283 316 317
550 2 2 1 1 283 317 284
551 2 2 1 1 284 317 318
552 2 2 1 1 284 318 285
553 2 2 11 11 285 318 319
554 2 2 11 11 285 319 286
555 2 2 11 11 286 319 320
556 2 2 11 11 286 320 287
557 2 2 11 11 287 320 321
558 2 2 11 11 287 321 288
559 2 2 11 11 288 321 322
560 2 2 11 11 288 322 289
561 2 2 11 11 289 322 323
562 2 2 11 11 289 323 290
563 2 2 11 11 290 323 324
564 2 2 11 11 290 324 291
565 2 2 11 11 291 324 325
566 2 2 11 11 291 325 292
567 2 2 11 11 292 325 326
568 2 2 11 11 292 326 293
569 2 2 11 11 293 326 327
570 2 2 11 11 293 327 294
571 2 2 11 11 294 327 328
572 2 2 11 11 294 328 295
573 2 2 11 11 295 328 329
574 2 2 11 11 295 329 296
575 2 2 11 11 296 329 330
576 2 2 11 11 296 330 297
577 2 2 10 10 298 331 332
578 2 2 10 10 298 332 299
579 2 2 10 10 299 332 333
580 2 2 10 10 299 333 300
581 2 2 10 10 300 333 334
582 2 2 10 10 300 334 301
583 2 2 10 10 301 334 335
584 2 2 10 10 301 335 302
585 2 2 10 10 302 335 336
586 2 2 10 10 302 336 303
587 2 2 10 10 303 336 337
588 2 2 10 10 303 337 304
589 2 2 10 10 304 337 338
590 2 2 10 10 304 338 305
591 2 2 10 10 305 338 339
592 2 2 10 10 305 339 306
593 2 2 10 10 306 339 340
594 2 2 10 10 306 340 307
595 2 2 10 10 307 340 341
596 2 2 10 10 307 341 308
597 2 2 10 10 308 341 342
598 2 2 10 10 308 342 309
599 2 2 10 10 309 342 343
600 2 2 10 10 309 343 310
601 2 2 1 1 310 343 344
602 2 2 1 1 310 344 311
603 2 2 1 1 311 344 345
604 2 2 1 1 311 345 312
605 2 2 1 1 312 345 346
606 2 2 1 1 312 346 313
607 2 2 1 1 313 346 347
608 2 2 1 1 313 347 314
609 2 2 1 1 314 347 348
610 2 2 1 1 314 348 315
611 2 2 1 1 315 348 349
612 2 2 1 1 315 349 316
613 2 2 1 1 316 349 350
614 2 2 1 1 316 350 317
615 2 2 1 1 317 350 351
616 2 2 1 1 317 351 318
617 2 2 11 11 318 351 352
618 2 2 11 11 318 352 319
619 2 2 11 11 319 352 353
620 2 2 11 11 319 353 320
621 2 2 11 11 320 353 354
622 2 2 11 11 320 354 321
623 2 2 11 11 321 354 355
624 2 2 11 11 321 355 322
625 2 2 11 11 322 355 356
626 2 2 11 11 322 356 323
627 2 2 11 11 323 356 357
628 2 2 11 11 323 357 324
629 2 2 11 11 324 357 358
630 2 2 11 11 324 358 325
631 2 2 11 11 325 358 359
632 2 2 11 11 325 359 326
633 2 2 11 11 326 359 360
634 2 2 11 11 326 360 327
635 2 2 11 11 327 360 361
636 2 2 11 11 327 361 328
637 2 2 11 11 328 361 362
638 2 2 11 11 328 362 329
639 2 2 11 11 329 362 363
640 2 2 11 11 329 363 330
641 2 2 10 10 331 364 365
642 2 2 10 10 331 365 332
643 2 2 10 10 332 365 366
644 2 2 10 10 332 366 333
645 2 2 10 10 333 366 367
646 2 2 10 10 333 367 334
647 2 2 10 10 334 367 368
648 2 2 10 10 334 368 335
649 2 2 10 10 335 368 369
650 2 2 10 10 335 369 336
651 2 2 10 10 336 369 370
652 2 2 10 10 336 370 337
653 2 2 10 10 337 370 371
654 2 2 10 10 337 371 338
655 2 2 10 10 338 371 372
656 2 2 10 10 338 372 339
657 2 2 10 10 339 372 373
658 2 2 10 10 339 373 340
659 2 2 10 10 340 373 374
660 2 2 10 10 340 374 341
661 2 2 10 10 341 374 375
662 2 2 10 10 341 375 342
663 2 2 10 10 342 375 376
664 2 2 10 10 342 376 343
665 2 2 1 1 343 376 377
666 2 2 1 1 343 377 344
667 2 2 1 1 344 377 378
668 2 2 1 1 344 378 345
669 2 2 1 1 345 378 379
670 2 2 1 1 345 379 346
671 2 2 1 1 346 379 380
672 2 2 1 1 346 380 347
673 2 2 1 1 347 380 381
674 2 2 1 1 347 381 348
675 2 2 1 1 348 381 382
676 2 2 1 1 348 382 349
677 2 2 1 1 349 382 383
678 2 2 1 1 349 383 350
679 2 2 1 1 350 383 384
680 2 2 1 1 350 384 351
681 2 2 11 11 351 384 385
682 2 2 11 11 351 385 352
683 2 2 11 11 352 385 386
684 2 2 11 11 352 386 353
685 2 2 11 11 353 386 387
686 2 2 11 11 353 387 354
687 2 2 11 11 354 387 388
688 2 2 11 11 354 388 355
689 2 2 11 11 355 388 389
690 2 2 11 11 355 389 356
691 2 2 11 11 356 389 390
692 2 2 11 11 356 390 357
693 2 2 11 11 357 390 391
694 2 2 11 11 357 391 358
695 2 2 11 11 358 391 392
696 2 2 11 11 358 392 359
697 2 2 11 11 359 392 393
698 2 2 11 11 359 393 360
699 2 2 11 11 360 393 394
700 2 2 11 11 360 394 361
701 2 2 11 11 361 394 395
702 2 2 11 11 361 395 362
703 2 2 11 11 362 395 396
704 2 2 11 11 362 396 363
705 2 2 10 10 364 397 398
706 2 2 10 10 364 398 365
707 2 2 10 10 365 398 399
708 2 2 10 10 365 399 366
709 2 2 10 10 366 399 400
710 2 2 10 10 366 400 367
711 2 2 10 10 367 400 401
712 2 2 10 10 367 401 368
713 2 2 10 10 368 401 402
714 2 2 10 10 368 402 369
715 2 2 10 10 369 402 403
716 2 2 10 10 369 403 370
717 2 2 10 10 370 403 404
718 2 2 10 10 370 404 371
719 2 2 10 10 371 404 405
720 2 2 10 10 371 405 372
721 2 2 10 10 372 405 406
722 2 2 10 10 372 406 373
723 2 2 10 10 373 406 407
724 2 2 10 10 373 407 374
725 2 2 10 10 374 407 408
726 2 2 10 10 374 408 375
727 2 2 10 10 375 408 409
728 2 2 10 10 375 409 376
729 2 2 1 1 376 409 410
730 2 2 1 1 376 410 377
731 2 2 1 1 377 410 411
732 2 2 1 1 377 411 378
733 2 2 1 1 378 411 412
734 2 2 1 1 378 412 379
735 2 2 1 1 379 412 413
736 2 2 1 1 379 413 380
737 2 2 1 1 380 413 414
738 2 2 1 1 380 414 381
739 2 2 1 1 381 414 415
740 2 2 1 1 381 415 382
741 2 2 1 1 382 415 416
742 2 2 1 1 382 416 383
743 2 2 1 1 383 416 417
744 2 2 1 1 383 417 384
745 2 2 11 11 384 417 418
746 2 2 11 11 384 418 385
747 2 2 11 11 385 418 419
748 2 2 11 11 385 419 386
749 2 2 11 11 386 419 420
750 2 2 11 11 386 420 387
751 2 2 11 11 387 420 421
752 2 2 11 11 387 421 388
753 2 2 11 11 388 421 422
754 2 2 11 11 388 422 389
755 2 2 11 11 389 422 423
756 2 2 11 11 389 423 390
757 2 2 11 11 390 423 424
758 2 2 11 11 390 424 391
759 2 2 11 11 391 424 425
760 2 2 11 11 391 425 392
761 2 2 11 11 392 425 426
762 2 2 11 11 392 426 393
763 2 2 11 11 393 426 427
764 2 2 11 11 393 427 394
765 2 2 11 11 394 427 428
766 2 2 11 11 394 428 395
767 2 2 11 11 395 428 429
768 2 2 11 11 395 429 396
769 2 2 10 10 397 430 431
770 2 2 10 10 397 431 398
771 2 2 10 10 398 431 432
772 2 2 10 10 398 432 399
773 2 2 10 10 399 432 433
774 2 2 10 10 399 433 400
775 2 2 10 10 400 433 434
776 2 2 10 10 400 434 401
777 2 2 10 10 401 434 435
778 2 2 10 10 401 435 402
779 2 2 10 10 402 435 436
780 2 2 10 10 402 436 403
781 2 2 10 10 403 436 437
782 2 2 10 10 403 437 404
783 2 2 10 10 404 437 438
784 2 2 10 10 404 438 405
785 2 2 10 10 405 438 439
786 2 2 10 10 405 439 406
787 2 2 10 10 406 439 440
788 2 2 10 10 406 440 407
789 2 2 10 10 407 440 441
790 2 2 10 10 407 441 408
791 2 2 10 10 408 441 442
792 2 2 10 10 408 442 409
793 2 2 1 1 409 442 443
794 2 2 1 1 409 443 410
795 2 2 1 1 410 443 444
796 2 2 1 1 410 444 411
797 2 2 1 1 411 444 445
798 2 2 1 1 411 445 412
799 2 2 1 1 412 445 446
800 2 2 1 1 412 446 413
801 2 2 1 1 413 446 447
802 2 2 1 1 413 447 414
803 2 2 1 1 414 447 448
804 2 2 1 1 414 448 415
805 2 2 1 1 415 448 449
806 2 2 1 1 415 449 416
807 2 2 1 1 416 449 450
808 2 2 1 1 416 450 417
809 2 2 11 11 417 450 451
810 2 2 11 11 417 451 418
811 2 2 11 11 418 451 452
812 2 2 11 11 418 452 419
813 2 2 11 11 419 452 453
814 2 2 11 11 419 453 420
815 2 2 11 11 420 453 454
816 2 2 11 11 420 454 421
817 2 2 11 11 421 454 455
818 2 2 11 11 421 455 422
819 2 2 11 11 422 455 456
820 2 2 11 11 422 456 423
821 2 2 11 11 423 456 457
822 2 2 11 11 423 457 424
823 2 2 11 11 424 457 458
824 2 2 11 11 424 458 425
825 2 2 11 11 425 458 459
826 2 2 11 11 425 459 426
827 2 2 11 11 426 459 460
828 2 2 11 11 426 460 427
829 2 2 11 11 427 460 461
830 2 2 11 11 427 461 428
831 2 2 11 11 428 461 462
832 2 2 11 11 428 462 429
833 2 2 10 10 430 463 464
834 2 2 10 10 430 464 431
835 2 2 10 10 431 464 465
836 2 2 10 10 431 465 432
837 2 2 10 10 432 465 466
838 2 2 10 10 432 466 433
839 2 2 10 10 433 466 467
840 2 2 10 10 433 467 434
841 2 2 10 10 434 467 468
842 2 2 10 10 434 468 435
843 2 2 10 10 435 468 469
844 2 2 10 10 435 469 436
845 2 2 10 10 436 469 470
846 2 2 10 10 436 470 437
847 2 2 10 10 437 470 471
848 2 2 10 10 437 471 438
849 2 2 10 10 438 471 472
850 2 2 10 10 438 472 439
851 2 2 10 10 439 472 473
852 2 2 10 10 439 473 440
853 2 2 10 10 440 473 474
854 2 2 10 10 440 474 441
855 2 2 10 10 441 474 475
856 2 2 10 10 441 475 442
857 2 2 1 1 442 475 476
858 2 2 1 1 442 476 443
859 2 2 1 1 443 476 477
860 2 2 1 1 443 477 444
861 2 2 1 1 444 477 478
862 2 2 1 1 444 478 445
863 2 2 1 1 445 478 479
864 2 2 1 1 445 479 446
865 2 2 1 1 446 479 480
866 2 2 1 1 446 480 447
867 2 2 1 1 447 480 481
868 2 2 1 1 447 481 448
869 2 2 1 1 448 481 482
870 2 2 1 1 448 482 449
871 2 2 1 1 449 482 483
872 2 2 1 1 449 483 450
873 2 2 11 11 450 483 484
874 2 2 11 11 450 484 451
875 2 2 11 11 451 484 485
876 2 2 11 11 451 485 452
877 2 2 11 11 452 485 486
878 2 2 11 11 452 486 453
879 2 2 11 11 453 486 487
880 2 2 11 11 453 487 454
881 2 2 11 11 454 487 488
882 2 2 11 11 454 488 455
883 2 2 11 11 455 488 489
884 2 2 11 11 455 489 456
885 2 2 11 11 456 489 490
886 2 2 11 11 456 490 457
887 2 2 11 11 457 490 491
888 2 2 11 11 457 491 458
889 2 2 11 11 458 491 492
890 2 2 11 11 458 492 459
891 2 2 11 11 459 492 493
892 2 2 11 11 459 493 460
893 2 2 11 11 460 493 494
894 2 2 11 11 460 494 461
895 2 2 11 11 461 494 495
896 2 2 11 11 461 495 462
897 2 2 10 10 463 496 497
898 2 2 10 10 463 497 464
899 2 2 10 10 464 497 498
900 2 2 10 10 464 498 465
901 2 2 10 10 465 498 499
902 2 2 10 10 465 499 466
903 2 2 10 10 466 499 500
904 2 2 10 10 466 500 467
905 2 2 10 10 467 500 501
906 2 2 10 10 467 501 468
907 2 2 10 10 468 501 502
908 2 2 10 10 468 502 469
909 2 2 10 10 469 502 503
910 2 2 10 10 469 503 470
911 2 2 10 10 470 503 504
912 2 2 10 10 470 504 471
913 2 2 10 10 471 504 505
914 2 2 10 10 471 505 472
915 2 2 10 10 472 505 506
916 2 2 10 10 472 506 473
917 2 2 10 10 473 506 507
918 2 2 10 10 473 507 474
919 2 2 10 10 474 507 508
920 2 2 10 10 474 508 475
921 2 2 1 1 475 508 509
922 2 2 1 1 475 509 476
923 2 2 1 1 476 509 510
924 2 2 1 1 476 510 477
925 2 2 1 1 477 510 511
926 2 2 1 1 477 511 478
927 2 2 1 1 478 511 512
928 2 2 1 1 478 512 479
929 2 2 1 1 479 512 513
930 2 2 1 1 479 513 480
931 2 2 1 1 480 513 514
932 2 2 1 1 480 514 481
933 2 2 1 1 481 514 515
934 2 2 1 1 481 515 482
935 2 2 1 1 482 515 516
936 2 2 1 1 482 516 483
937 2 2 11 11 483 516 517
938 2 2 11 11 483 517 484
939 2 2 11 11 484 517 518
940 2 2 11 11 484 518 485
941 2 2 11 11 485 518 519
942 2 2 11 11 485 519 486
943 2 2 11 11 486 519 520
944 2 2 11 11 486 520 487
945 2 2 11 11 487 520 521
946 2 2 11 11 487 521 488
947 2 2 11 11 488 521 522
948 2 2 11 11 488 522 489
949 2 2 11 11 489 522 523
950 2 2 11 11 489 523 490
951 2 2 11 11 490 523 524
952 2 2 11 11 490 524 491
953 2 2 11 11 491 524 525
954 2 2 11 11 491 525 492
955 2 2 11 11 492 525 526
956 2 2 11 11 492 526 493
957 2 2 11 11 493 526 527
958 2 2 11 11 493 527 494
959 2 2 11 11 494 527 528
960 2 2 11 11 494 528 495
961 2 2 10 10 496 529 530
962 2 2 10 10 496 530 497
963 2 2 10 10 497 530 531
964 2 2 10 10 497 531 498
965 2 2 10 10 498 531 532
966 2 2 10 10 498 532 499
967 2 2 10 10 499 532 533
968 2 2 10 10 499 533 500
969 2 2 10 10 500 533 534
970 2 2 10 10 500 534 501
971 2 2 10 10 501 534 535
972 2 2 10 10 501 535 502
973 2 2 10 10 502 535 536
974 2 2 10 10 502 536 503
975 2 2 10 10 503 536 537
976 2 2 10 10 503 537 504
977 2 2 10 10 504 537 538
978 2 2 10 10 504 538 505
979 2 2 10 10 505 538 539
980 2 2 10 10 505 539 506
981 2 2 10 10 506 539 540
982 2 2 10 10 506 540 507
983 2 2 10 10 507 540 541
984 2 2 10 10 507 541 508
985 2 2 1 1 508 541 542
986 2 2 1 1 508 542 509
987 2 2 1 1 509 542 543
988 2 2 1 1 509 543 510
989 2 2 1 1 510 543 544
990 2 2 1 1 510 544 511
991 2 2 1 1 511 544 545
992 2 2 1 1 511 545 512
993 2 2 1 1 512 545 546
994 2 2 1 1 512 546 513
995 2 2 1 1 513 546 547
996 2 2 1 1 513 547 514
997 2 2 1 1 514 547 548
998 2 2 1 1 514 548 515
999 2 2 1 1 515 548 549
1000 2 2 1 1 515 549 516
1001 2 2 11 11 516 549 550
1002 2 2 11 11 516 550 517
1003 2 2 11 11 517 550 551
1004 2 2 11 11 517 551 518
1005 2 2 11 11 518 551 552
1006 2 2 11 11 518 552 519
1007 2 2 11 11 519 552 553
1008 2 2 11 11 519 553 520
1009 2 2 11 11 520 553 554
1010 2 2 11 11 520 554 521
1011 2 2 11 11 521 554 555
1012 2 2 11 11 521 555 522
1013 2 2 11 11 522 555 556
1014 2 2 11 11 522 556 523
1015 2 2 11 11 523 556 557
1016 2 2 11 11 523 557 524
1017 2 2 11 11 524 557 558
1018 2 2 11 11 524 558 525
1019 2 2 11 11 525 558 559
1020 2 2 11 11 525 559 526
1021 2 2 11 11 526 559 560
1022 2 2 11 11 526 560 527
1023 2 2 11 11 527 560 561
1024 2 2 11 11 527 561 528
1025 2 2 10 10 529 562 563
1026 2 2 10 10 529 563 530
1027 2 2 10 10 530 563 564
1028 2 2 10 10 530 564 531
1029 2 2 10 10 531 564 565
1030 2 2 10 10 531 565 532
1031 2 2 10 10 532 565 566
1032 2 2 10 10 532 566 533
1033 2 2 10 10 533 566 567
1034 2 2 10 10 533 567 534
1035 2 2 10 10 534 567 568
1036 2 2 10 10 534 568 535
1037 2 2 10 10 535 568 569
1038 2 2 10 10 535 569 536
1039 2 2 10 10 536 569 570
1040 2 2 10 10 536 570 537
1041 2 2 10 10 537 570 571
1042 2 2 10 10 537 571 538
1043 2 2 10 10 538 571 572
1044 2 2 10 10 538 572 539
1045 2 2 10 10 539 572 573
1046 2 2 10 10 539 573 540
1047 2 2 10 10 540 573 574
1048 2 2 10 10 540 574 541
1049 2 2 1 1 541 574 575
1050 2 2 1 1 541 575 542
1051 2 2 1 1 542 575 576
1052 2 2 1 1 542 576 543
1053 2 2 1 1 543 576 577
1054 2 2 1 1 543 577 544
1055 2 2 1 1 544 577 578
1056 2 2 1 1 544 578 545
1057 2 2 1 1 545 578 579
1058 2 2 1 1 545 579 546
1059 2 2 1 1 546 579 580
1060 2 2 1 1 546 580 547
1061 2 2 1 1 547 580 581
1062 2 2 1 1 547 581 548
1063 2 2 1 1 548 581 582
1064 2 2 1 1 548 582 549
1065 2 2 11 11 549 582 583
1066 2 2 11 11 549 583 550
1067 2 2 11 11 550 583 584
1068 2 2 11 11 550 584 551
1069 2 2 11 11 551 584 585
1070 2 2 11 11 551 585 552
1071 2 2 11 11 552 585 586
1072 2 2 11 11 552 586 553
1073 2 2 11 11 553 586 587
1074 2 2 11 11 553 587 554
1075 2 2 11 11 554 587 588
1076 2 2 11 11 554 588 555
1077 2 2 11 11 555 588 589
1078 2 2 11 11 555 589 556
1079 2 2 11 11 556 589 590
1080 2 2 11 11 556 590 557
1081 2 2 11 11 557 590 591
1082 2 2 11 11 557 591 558
1083 2 2 11 11 558 591 592
1084 2 2 11 11 558 592 559
1085 2 2 11 11 559 592 593
1086 2 2 11 11 559 593 560
1087 2 2 11 11 560 593 594
1088 2 2 11 11 560 594 561
1089 2 2 10 10 562 595 596
1090 2 2 10 10 562 596 563
1091 2 2 10 10 563 596 597
1092 2 2 10 10 563 597 564
1093 2 2 10 10 564 597 598
1094 2 2 10 10 564 598 565
1095 2 2 10 10 565 598 599
1096 2 2 10 10 565 599 566
1097 2 2 10 10 566 599 600
1098 2 2 10 10 566 600 567
1099 2 2 10 10 567 600 601
1100 2 2 10 10 567 601 568
1101 2 2 10 10 568 601 602
1102 2 2 10 10 568 602 569
1103 2 2 10 10 569 602 603
1104 2 2 10 10 569 603 570
1105 2 2 10 10 570 603 604
1106 2 2 10 10 570 604 571
1107 2 2 10 10 571 604 605
1108 2 2 10 10 571 605 572
1109 2 2 10 10 572 605 606
1110 2 2 10 10 572 606 573
1111 2 2 10 10 573 606 607
1112 2 2 10 10 573 607 574
1113 2 2 1 1 574 607 608
1114 2 2 1 1 574 608 575
1115 2 2 1 1 575 608 609
1116 2 2 1 1 575 609 576
1117 2 2 1 1 576 609 610
1118 2 2 1 1 576 610 577
1119 2 2 1 1 577 610 611
1120 2 2 1 1 577 611 578
1121 2 2 1 1 578 611 612
1122 2 2 1 1 578 612 579
1123 2 2 1 1 579 612 613
1124 2 2 1 1 579 613 580
1125 2 2 1 1 580 613 614
1126 2 2 1 1 580 614 581
1127 2 2 1 1 581 614 615
1128 2 2 1 1 581 615 582
1129 2 2 11 11 582 615 616
1130 2 2 11 11 582 616 583
1131 2 2 11 11 583 616 617
1132 2 2 11 11 583 617 584
1133 2 2 11 11 584 617 618
1134 2 2 11 11 584 618 585
1135 2 2 11 11 585 618 619
1136 2 2 11 11 585 619 586
1137 2 2 11 11 586 619 620
1138 2 2 11 11 586 620 587
1139 2 2 11 11 587 620 621
1140 2 2 11 11 587 621 588
1141 2 2 11 11 588 621 622
1142 2 2 11 11 588 622 589
1143 2 2 11 11 589 622 623
1144 2 2 11 11 589 623 590
1145 2 2 11 11 590 623 624
1146 2 2 11 11 590 624 591
1147 2 2 11 11 591 624 625
1148 2 2 11 11 591 625 592
1149 2 2 11 11 592 625 626
1150 2 2 11 11 592 626 593
1151 2 2 11 11 593 626 627
1152 2 2 11 11 593 627 594
1153 2 2 10 10 595 628 629
1154 2 2 10 10 595 629 596
1155 2 2 10 10 596 629 630
1156 2 2 10 10 596 630 597
1157 2 2 10 10 597 630 631
1158 2 2 10 10 597 631 598
1159 2 2 10 10 598 631 632
1160 2 2 10 10 598 632 599
1161 2 2 10 10 599 632 633
1162 2 2 10 10 599 633 600
1163 2 2 10 10 600 633 634
1164 2 2 10 10 600 634 601
1165 2 2 10 10 601 634 635
1166 2 2 10 10 601 635 602
1167 2 2 10 10 602 635 636
1168 2 2 10 10 602 636 603
1169 2 2 10 10 603 636 637
1170 2 2 10 10 603 637 604
1171 2 2 10 10 604 637 638
1172 2 2 10 10 604 638 605
1173 2 2 10 10 605 638 639
1174 2 2 10 10 605 639 606
1175 2 2 10 10 606 639 640
1176 2 2 10 10 606 640 607
1177 2 2 1 1 607 640 641
1178 2 2 1 1 607 641 608
1179 2 2 1 1 608 641 642
1180 2 2 1 1 608 642 609
1181 2 2 1 1 609 642 643
1182 2 2 1 1 609 643 610
1183 2 2 1 1 610 643 644
1184 2 2 1 1 610 644 611
1185 2 2 1 1 611 644 645
1186 2 2 1 1 611 645 612
1187 2 2 1 1 612 645 646
1188 2 2 1 1 612 646 613
1189 2 2 1 1 613 646 647
1190 2 2 1 1 613 647 614
1191 2 2 1 1 614 647 648
1192 2 2 1 1 614 648 615
1193 2 2 11 11 615 648 649
1194 2 2 11 11 615 649 616
1195 2 2 11 11 616 649 650
1196 2 2 11 11 616 650 617
1197 2 2 11 11 617 650 651
1198 2 2 11 11 617 651 618
1199 2 2 11 11 618 651 652
1200 2 2 11 11 618 652 619
1201 2 2 11 11 619 652 653
1202 2 2 11 11 619 653 620
1203 2 2 11 11 620 653 654
1204 2 2 11 11 620 654 621
1205 2 2 11 11 621 654 655
1206 2 2 11 11 621 655 622
1207 2 2 11 11 622 655 656
1208 2 2 11 11 622 656 623
1209 2 2 11 11 623 656 657
1210 2 2 11 11 623 657 624
1211 2 2 11 11 624 657 658
1212 2 2 11 11 624 658 625
1213 2 2 11 11 625 658 659
1214 2 2 11 11 625 659 626
1215 2 2 11 11 626 659 660
1216 2 2 11 11 626 660 627
1217 2 2 10 10 628 661 662
1218 2 2 10 10 628 662 629
1219 2 2 10 10 629 662 663
1220 2 2 10 10 629 663 630
1221 2 2 10 10 630 663 664
1222 2 2 10 10 630 664 631
1223 2 2 10 10 631 664 665
1224 2 2 10 10 631 665 632
1225 2 2 10 10 632 665 666
1226 2 2 10 10 632 666 633
1227 2 2 10 10 633 666 667
1228 2 2 10 10 633 667 634
1229 2 2 10 10 634 667 668
1230 2 2 10 10 634 668 635
1231 2 2 10 10 635 668 669
1232 2 2 10 10 635 669 636
1233 2 2 10 10 636 669 670
1234 2 2 10 10 636 670 637
1235 2 2 10 10 637 670 671
1236 2 2 10 10 637 671 638
1237 2 2 10 10 638 671 672
1238 2 2 10 10 638 672 639
1239 2 2 10 10 639 672 673
1240 2 2 10 10 639 673 640
1241 2 2 1 1 640 673 674
1242 2 2 1 1 640 674 641
1243 2 2 1 1 641 674 675
1244 2 2 1 1 641 675 642
1245 2 2 1 1 642 675 676
1246 2 2 1 1 642 676 643
1247 2 2 1 1 643 676 677
1248 2 2 1 1 643 677 644
1249 2 2 1 1 644 677 678
1250 2 2 1 1 644 678 645
1251 2 2 1 1 645 678 679
1252 2 2 1 1 645 679 646
1253 2 2 1 1 646 679 680
1254 2 2 1 1 646 680 647
1255 2 2 1 1 647 680 681
1256 2 2 1 1 647 681 648
1257 2 2 11 11 648 681 682
1258 2 2 11 11 648 682 649
1259 2 2 11 11 649 682 683
1260 2 2 11 11 649 683 650
1261 2 2 11 11 650 683 684
1262 2 2 11 11 650 684 651
1263 2 2 11 11 651 684 685
1264 2 2 11 11 651 685 652
1265 2 2 11 11 652 685 686
1266 2 2 11 11 652 686 653
1267 2 2 11 11 653 686 687
1268 2 2 11 11 653 687 654
1269 2 2 11 11 654 687 688
1270 2 2 11 11 654 688 655
1271 2 2 11 11 655 688 689
1272 2 2 11 11 655 689 656
1273 2 2 11 11 656 689 690
1274 2 2 11 11 656 690 657
1275 2 2 11 11 657 690 691
1276 2 2 11 11 657 691 658
1277 2 2 11 11 658 691 692
1278 2 2 11 11 658 692 659
1279 2 2 11 11 659 692 693
1280 2 2 11 11 659 693 660
1281 2 2 10 10 661 694 695
1282 2 2 10 10 661 695 662
1283 2 2 10 10 662 695 696
1284 2 2 10 10 662 696 663
1285 2 2 10 10 663 696 697
1286 2 2 10 10 663 697 664
1287 2 2 10 10 664 697 698
1288 2 2 10 10 664 698 665
1289 2 2 10 10 665 698 699
1290 2 2 10 10 665 699 666
1291 2 2 10 10 666 699 700
1292 2 2 10 10 666 700 667
1293 2 2 10 10 667 700 701
1294 2 2 10 10 667 701 668
1295 2 2 10 10 668 701 702
1296 2 2 10 10 668 702 669
1297 2 2 10 10 669 702 703
1298 2 2 10 10 669 703 670
1299 2 2 10 10 670 703 704
1300 2 2 10 10 670 704 671
1301 2 2 10 10 671 704 705
1302 2 2 10 10 671 705 672
1303 2 2 10 10 672 705 706
1304 2 2 10 10 672 706 673
1305 2 2 1 1 673 706 707
1306 2 2 1 1 673 707 674
1307 2 2 1 1 674 707 708
1308 2 2 1 1 674 708 675
1309 2 2 1 1 675 708 709
1310 2 2 1 1 675 709 676
1311 2 2 1 1 676 709 710
1312 2 2 1 1 676 710 677
1313 2 2 1 1 677 710 711
1314 2 2 1 1 677 711 678
1315 2 2 1 1 678 711 712
1316 2 2 1 1 678 712 679
1317 2 2 1 1 679 712 713
1318 2 2 1 1 679 713 680
1319 2 2 1 1 680 713 714
1320 2 2 1 1 680 714 681
1321 2 2 11 11 681 714 715
1322 2 2 11 11 681 715 682
1323 2 2 11 11 682 715 716
1324 2 2 11 11 682 716 683
1325 2 2 11 11 683 716 717
1326 2 2 11 11 683 717 684
1327 2 2 11 11 684 717 718
1328 2 2 11 11 684 718 685
1329 2 2 11 11 685 718 719
1330 2 2 11 11 685 719 686
1331 2 2 11 11 686 719 720
1332 2 2 11 11 686 720 687
1333 2 2 11 11 687 720 721
1334 2 2 11 11 687 721 688
1335 2 2 11 11 688 721 722
1336 2 2 11 11 688 722 689
1337 2 2 11 11 689 722 723
1338 2 2 11 11 689 723 690
1339 2 2 11 11 690 723 724
1340 2 2 11 11 690 724 691
1341 2 2 11 11 691 724 725
1342 2 2 11 11 691 725 692
1343 2 2 11 11 692 725 726
1344 2 2 11 11 692 726 693
1345 2 2 10 10 694 727 728
1346 2 2 10 10 694 728 695
1347 2 2 10 10 695 728 729
1348 2 2 10 10 695 729 696
1349 2 2 10 10 696 729 730
1350 2 2 10 10 696 730 697
1351 2 2 10 10 697 730 731
1352 2 2 10 10 697 731 698
1353 2 2 10 10 698 731 732
1354 2 2 10 10 698 732 699
1355 2 2 10 10 699 732 733
1356 2 2 10 10 699 733 700
1357 2 2 10 10 700 733 734
1358 2 2 10 10 700 734 701
1359 2 2 10 10 701 734 735
1360 2 2 10 10 701 735 702
1361 2 2 10 10 702 735 736
1362 2 2 10 10 702 736 703
1363 2 2 10 10 703 736 737
1364 2 2 10 10 703 737 704
1365 2 2 10 10 704 737 738
1366 2 2 10 10 704 738 705
1367 2 2 10 10 705 738 739
1368 2 2 10 10 705 739 706
1369 2 2 1 1 706 739 740
1370 2 2 1 1 706 740 707
1371 2 2 1 1 707 740 741
1372 2 2 1 1 707 741 708
1373 2 2 1 1 708 741 742
1374 2 2 1 1 708 742 709
1375 2 2 1 1 709 742 743
1376 2 2 1 1 709 743 710
1377 2 2 1 1 710 743 744
1378 2 2 1 1 710 744 711
1379 2 2 1 1 711 744 745
1380 2 2 1 1 711 745 712
1381 2 2 1 1 712 745 746
1382 2 2 1 1 712 746 713
1383 2 2 1 1 713 746 747
1384 2 2 1 1 713 747 714
1385 2 2 11 11 714 747 748
1386 2 2 11 11 714 748 715
1387 2 2 11 11 715 748 749
1388 2 2 11 11 715 749 716
1389 2 2 11 11 716 749 750
1390 2 2 11 11 716 750 717
1391 2 2 11 11 717 750 751
1392 2 2 11 11 717 751 718
1393 2 2 11 11 718 751 752
1394 2 2 11 11 718 752 719
1395 2 2 11 11 719 752 753
1396 2 2 11 11 719 753 720
1397 2 2 11 11 720 753 754
1398 2 2 11 11 720 754 721
1399 2 2 11 11 721 754 755
1400 2 2 11 11 721 755 722
1401 2 2 11 11 722 755 756
1402 2 2 11 11 722 756 723
1403 2 2 11 11 723 756 757
1404 2 2 11 11 723 757 724
1405 2 2 11 11 724 757 758
1406 2 2 11 11 724 758 725
1407 2 2 11 11 725 758 759
1408 2 2 11 11 725 759 726
1409 2 2 10 10 727 760 761
1410 2 2 10 10 727 761 728
1411 2 2 10 10 728 761 762
1412 2 2 10 10 728 762 729
1413 2 2 10 10 729 762 763
1414 2 2 10 10 729 763 730
1415 2 2 10 10 730 763 764
1416 2 2 10 10 730 764 731
1417 2 2 10 10 731 764 765
1418 2 2 10 10 731 765 732
1419 2 2 10 10 732 765 766
1420 2 2 10 10 732 766 733
1421 2 2 10 10 733 766 767
1422 2 2 10 10 733 767 734
1423 2 2 10 10 734 767 768
1424 2 2 10 10 734 768 735
1425 2 2 10 10 735 768 769
1426 2 2 10 10 735 769 736
1427 2 2 10 10 736 769 770
1428 2 2 10 10 736 770 737
1429 2 2 10 10 737 770 771
1430 2 2 10 10 737 771 738
1431 2 2 10 10 738 771 772
1432 2 2 10 10 738 772 739
1433 2 2 1 1 739 772 773
1434 2 2 1 1 739 773 740
1435 2 2 1 1 740 773 774
1436 2 2 1 1 740 774 741
1437 2 2 1 1 741 774 775
1438 2 2 1 1 741 775 742
1439 2 2 1 1 742 775 776
1440 2 2 1 1 742 776 743
1441 2 2 1 1 743 776 777
1442 2 2 1 1 743 777 744
1443 2 2 1 1 744 777 778
1444 2 2 1 1 744 778 745
1445 2 2 1 1 745 778 779
1446 2 2 1 1 745 779 746
1447 2 2 1 1 746 779 780
1448 2 2 1 1 746 780 747
1449 2 2 11 11 747 780 781
1450 2 2 11 11 747 781 748
1451 2 2 11 11 748 781 782
1452 2 2 11 11 748 782 749
1453 2 2 11 11 749 782 783
1454 2 2 11 11 749 783 750
1455 2 2 11 11 750 783 784
1456 2 2 11 11 750 784 751
1457 2 2 11 11 751 784 785
1458 2 2 11 11 751 785 752
1459 2 2 11 11 752 785 786
1460 2 2 11 11 752 786 753
1461 2 2 11 11 753 786 787
1462 2 2 11 11 753 787 754
1463 2 2 11 11 754 787 788
1464 2 2 11 11 754 788 755
1465 2 2 11 11 755 788 789
1466 2 2 11 11 755 789 756
1467 2 2 11 11 756 789 790
1468 2 2 11 11 756 790 757
1469 2 2 11 11 757 790 791
1470 2 2 11 11 757 791 758
1471 2 2 11 11 758 791 792
1472 2 2 11 11 758 792 759
1473 2 2 10 10 760 793 794
1474 2 2 10 10 760 794 761
1475 2 2 10 10 761 794 795
1476 2 2 10 10 761 795 762
1477 2 2 10 10 762 795 796
1478 2 2 10 10 762 796 763
1479 2 2 10 10 763 796 797
1480 2 2 10 10 763 797 764
1481 2 2 10 10 764 797 798
1482 2 2 10 10 764 798 765
1483 2 2 10 10 765 798 799
1484 2 2 10 10 765 799 766
1485 2 2 10 10 766 799 800
1486 2 2 10 10 766 800 767
1487 2 2 10 10 767 800 801
1488 2 2 10 10 767 801 768
1489 2 2 10 10 768 801 802
1490 2 2 10 10 768 802 769
1491 2 2 10 10 769 802 803
1492 2 2 10 10 769 803 770
1493 2 2 10 10 770 803 804
1494 2 2 10 10 770 804 771
1495 2 2 10 10 771 804 805
1496 2 2 10 10 771 805 772
1497 2 2 1 1 772 805 806
1498 2 2 1 1 772 806 773
1499 2 2 1 1 773 806 807
1500 2 2 1 1 773 807 774
1501 2 2 1 1 774 807 808
1502 2 2 1 1 774 808 775
1503 2 2 1 1 775 808 809
1504 2 2 1 1 775 809 776
1505 2 2 1 1 776 809 810
1506 2 2 1 1 776 810 777
1507 2 2 1 1 777 810 811
1508 2 2 1 1 777 811 778
1509 2 2 1 1 778 811 812
1510 2 2 1 1 778 812 779
1511 2 2 1 1 779 812 813
1512 2 2 1 1 779 813 780
1513 2 2 11 11 780 813 814
1514 2 2 11 11 780 814 781
1515 2 2 11 11 781 814 815
1516 2 2 11 11 781 815 782
1517 2 2 11 11 782 815 816
1518 2 2 11 11 782 816 783
1519 2 2 11 11 783 816 817
1520 2 2 11 11 783 817 784
1521 2 2 11 11 784 817 818
1522 2 2 11 11 784 818 785
1523 2 2 11 11 785 818 819
1524 2 2 11 11 785 819 786
1525 2 2 11 11 786 819 820
1526 2 2 11 11 786 820 787
1527 2 2 11 11 787 820 821
1528 2 2 11 11 787 821 788
1529 2 2 11 11 788 821 822
1530 2 2 11 11 788 822 789
1531 2 2 11 11 789 822 823
1532 2 2 11 11 789 823 790
1533 2 2 11 11 790 823 824
1534 2 2 11 11 790 824 791
1535 2 2 11 11 791 824 825
1536 2 2 11 11 791 825 792
1537 2 2 10 10 793 826 827
1538 2 2 10 10 793 827 794
1539 2 2 10 10 794 827 828
1540 2 2 10 10 794 828 795
1541 2 2 10 10 795 828 829
1542 2 2 10 10 795 829 796
1543 2 2 10 10 796 829 830
1544 2 2 10 10 796 830 797
1545 2 2 10 10 797 830 831
1546 2 2 10 10 797 831 798
1547 2 2 10 10 798 831 832
1548 2 2 10 10 798 832 799
1549 2 2 10 10 799 832 833
1550 2 2 10 10 799 833 800
1551 2 2 10 10 800 833 834
1552 2 2 10 10 800 834 801
1553 2 2 10 10 801 834 835
1554 2 2 10 10 801 835 802
1555 2 2 10 10 802 835 836
1556 2 2 10 10 802 836 803
1557 2 2 10 10 803 836 837
1558 2 2 10 10 803 837 804
1559 2 2 10 10 804 837 838
1560 2 2 10 10 804 838 805
1561 2 2 1 1 805 838 839
1562 2 2 1 1 805 839 806
1563 2 2 1 1 806 839 840
1564 2 2 1 1 806 840 807
1565 2 2 1 1 807 840 841
1566 2 2 1 1 807 841 808
1567 2 2 1 1 808 841 842
1568 2 2 1 1 808 842 809
1569 2 2 1 1 809 842 843
1570 2 2 1 1 809 843 810
1571 2 2 1 1 810 843 844
1572 2 2 1 1 810 844 811
1573 2 2 1 1 811 844 845
1574 2 2 1 1 811 845 812
1575 2 2 1 1 812 845 846
1576 2 2 1 1 812 846 813
1577 2 2 11 11 813 846 847
1578 2 2 11 11 813 847 814
1579 2 2 11 11 814 847 848
1580 2 2 11 11 814 848 815
1581 2 2 11 11 815 848 849
1582 2 2 11 11 815 849 816
1583 2 2 11 11 816 849 850
1584 2 2 11 11 816 850 817
1585 2 2 11 11 817 850 851
1586 2 2 11 11 817 851 818
1587 2 2 11 11 818 851 852
1588 2 2 11 11 818 852 819
1589 2 2 11 11 819 852 853
1590 2 2 11 11 819 853 820
1591 2 2 11 11 820 853 854
1592 2 2 11 11 820 854 821
1593 2 2 11 11 821 854 855
1594 2 2 11 11 821 855 822
1595 2 2 11 11 822 855 856
1596 2 2 11 11 822 856 823
1597 2 2 11 11 823 856 857
1598 2 2 11 11 823 857 824
1599 2 2 11 11 824 857 858
1600 2 2 11 11 824 858 825
1601 2 2 10 10 826 859 860
1602 2 2 10 10 826 860 827
1603 2 2 10 10 827 860 861
1604 2 2 10 10 827 861 828
1605 2 2 10 10 828 861 862
1606 2 2 10 10 828 862 829
1607 2 2 10 10 829 862 863
1608 2 2 10 10 829 863 830
1609 2 2 10 10 830 863 864
1610 2 2 10 10 830 864 831
1611 2 2 10 10 831 864 865
1612 2 2 10 10 831 865 832
1613 2 2 10 10 832 865 866
1614 2 2 10 10 832 866 833
1615 2 2 10 10 833 866 867
1616 2 2 10 10 833 867 834
1617 2 2 10 10 834 867 868
1618 2 2 10 10 834 868 835
1619 2 2 10 10 835 868 869
1620 2 2 10 10 835 869 836
1621 2 2 10 10 836 869 870
1622 2 2 10 10 836 870 837
1623 2 2 10 10 837 870 871
1624 2 2 10 10 837 871 838
1625 2 2 1 1 838 871 872
1626 2 2 1 1 838 872 839
1627 2 2 1 1 839 872 873
1628 2 2 1 1 839 873 840
1629 2 2 1 1 840 873 874
1630 2 2 1 1 840 874 841
1631 2 2 1 1 841 874 875
1632 2 2 1 1 841 875 842
1633 2 2 1 1 842 875 876
1634 2 2 1 1 842 876 843
1635 2 2 1 1 843 876 877
1636 2 2 1 1 843 877 844
1637 2 2 1 1 844 877 878
1638 2 2 1 1 844 878 845
1639 2 2 1 1 845 878 879
1640 2 2 1 1 845 879 846
1641 2 2 11 11 846 879 880
1642 2 2 11 11 846 880 847
1643 2 2 11 11 847 880 881
1644 2 2 11 11 847 881 848
1645 2 2 11 11 848 881 882
1646 2 2 11 11 848 882 849
1647 2 2 11 11 849 882 883
1648 2 2 11 11 849 883 850
1649 2 2 11 11 850 883 884
1650 2 2 11 11 850 884 851
1651 2 2 11 11 851 884 885
1652 2 2 11 11 851 885 852
1653 2 2 11 11 852 885 886
1654 2 2 11 11 852 886 853
1655 2 2 11 11 853 886 887
1656 2 2 11 11 853 887 854
1657 2 2 11 11 854 887 888
1658 2 2 11 11 854 888 855
1659 2 2 11 11 855 888 889
1660 2 2 11 11 855 889 856
1661 2 2 11 11 856 889 890
1662 2 2 11 11 856 890 857
1663 2 2 11 11 857 890 891
1664 2 2 11 11 857 891 858
1665 2 2 10 10 859 892 893
1666 2 2 10 10 859 893 860
1667 2 2 10 10 860 893 894
1668 2 2 10 10 860 894 861
1669 2 2 10 10 861 894 895
1670 2 2 10 10 861 895 862
1671 2 2 10 10 862 895 896
1672 2 2 10 10 862 896 863
1673 2 2 10 10 863 896 897
1674 2 2 10 10 863 897 864
1675 2 2 10 10 864 897 898
1676 2 2 10 10 864 898 865
1677 2 2 10 10 865 898 899
1678 2 2 10 10 865 899 866
1679 2 2 10 10 866 899 900
1680 2 2 10 10 866 900 867
1681 2 2 10 10 867 900 901
1682 2 2 10 10 867 901 868
1683 2 2 10 10 868 901 902
1684 2 2 10 10 868 902 869
1685 2 2 10 10 869 902 903
1686 2 2 10 10 869 903 870
1687 2 2 10 10 870 903 904
1688 2 2 10 10 870 904 871
1689 2 2 1 1 871 904 905
1690 2 2 1 1 871 905 872
1691 2 2 1 1 872 905 906
1692 2 2 1 1 872 906 873
1693 2 2 1 1 873 906 907
1694 2 2 1 1 873 907 874
1695 2 2 1 1 874 907 908
1696 2 2 1 1 874 908 875
1697 2 2 1 1 875 908 909
1698 2 2 1 1 875 909 876
1699 2 2 1 1 876 909 910
1700 2 2 1 1 876 910 877
1701 2 2 1 1 877 910 911
1702 2 2 1 1 877 911 878
1703 2 2 1 1 878 911 912
1704 2 2 1 1 878 912 879
1705 2 2 11 11 879 912 913
1706 2 2 11 11 879 913 880
1707 2 2 11 11 880 913 914
1708 2 2 11 11 880 914 881
1709 2 2 11 11 881 914 915
1710 2 2 11 11 881 915 882
1711 2 2 11 11 882 915 916
1712 2 2 11 11 882 916 883
1713 2 2 11 11 883 916 917
1714 2 2 11 11 883 917 884
1715 2 2 11 11 884 917 918
1716 2 2 11 11 884 918 885
1717 2 2 11 11 885 918 919
1718 2 2 11 11 885 919 886
1719 2 2 11 11 886 919 920
1720 2 2 11 11 886 920 887
1721 2 2 11 11 887 920 921
1722 2 2 11 11 887 921 888
1723 2 2 11 11 888 921 922
1724 2 2 11 11 888 922 889
1725 2 2 11 11 889 922 923
1726 2 2 11 11 889 923 890
1727 2 2 11 11 890 923 924
1728 2 2 11 11 890 924 891
1729 2 2 10 10 892 925 926
1730 2 2 10 10 892 926 893
1731 2 2 10 10 893 926 927
1732 2 2 10 10 893 927 894
1733 2 2 10 10 894 927 928
1734 2 2 10 10 894 928 895
1735 2 2 10 10 895 928 929
1736 2 2 10 10 895 929 896
1737 2 2 10 10 896 929 930
1738 2 2 10 10 896 930 897
1739 2 2 10 10 897 930 931
1740 2 2 10 10 897 931 898
1741 2 2 10 10 898 931 932
1742 2 2 10 10 898 932 899
1743 2 2 10 10 899 932 933
1744 2 2 10 10 899 933 900
1745 2 2 10 10 900 933 934
1746 2 2 10 10 900 934 901
1747 2 2 10 10 901 934 935
1748 2 2 10 10 901 935 902
1749 2 2 10 10 902 935 936
1750 2 2 10 10 902 936 903
1751 2 2 10 10 903 936 937
1752 2 2 10 10 903 937 904
1753 2 2 1 1 904 937 938
1754 2 2 1 1 904 938 905
1755 2 2 1 1 905 938 939
1756 2 2 1 1 905 939 906
1757 2 2 1 1 906 939 940
1758 2 2 1 1 906 940 907
1759 2 2 1 1 907 940 941
1760 2 2 1 1 907 941 908
1761 2 2 1 1 908 941 942
1762 2 2 1 1 908 942 909
1763 2 2 1 1 909 942 943
1764 2 2 1 1 909 943 910
1765 2 2 1 1 910 943 944
1766 2 2 1 1 910 944 911
1767 2 2 1 1 911 944 945
1768 2 2 1 1 911 945 912
1769 2 2 11 11 912 945 946
1770 2 2 11 11 912 946 913
1771 2 2 11 11 913 946 947
1772 2 2 11 11 913 947 914
1773 2 2 11 11 914 947 948
1774 2 2 11 11 914 948 915
1775 2 2 11 11 915 948 949
1776 2 2 11 11 915 949 916
1777 2 2 11 11 916 949 950
1778 2 2 11 11 916 950 917
1779 2 2 11 11 917 950 951
1780 2 2 11 11 917 951 918
1781 2 2 11 11 918 951 952
1782 2 2 11 11 918 952 919
1783 2 2 11 11 919 952 953
1784 2 2 11 11 919 953 920
1785 2 2 11 11 920 953 954
1786 2 2 11 11 920 954 921
1787 2 2 11 11 921 954 955
1788 2 2 11 11 921 955 922
1789 2 2 11 11 922 955 956
1790 2 2 11 11 922 956 923
1791 2 2 11 11 923 956 957
1792 2 2 11 11 923 957 924
1793 2 2 10 10 925 958 959
1794 2 2 10 10 925 959 926
1795 2 2 10 10 926 959 960
1796 2 2 10 10 926 960 927
1797 2 2 10 10 927 960 961
1798 2 2 10 10 927 961 928
1799 2 2 10 10 928 961 962
1800 2 2 10 10 928 962 929
1801 2 2 10 10 929 962 963
1802 2 2 10 10 929 963 930
1803 2 2 10 10 930 963 964
1804 2 2 10 10 930 964 931
1805 2 2 10 10 931 964 965
1806 2 2 10 10 931 965 932
1807 2 2 10 10 932 965 966
1808 2 2 10 10 932 966 933
1809 2 2 10 10 933 966 967
1810 2 2 10 10 933 967 934
1811 2 2 10 10 934 967 968
1812 2 2 10 10 934 968 935
1813 2 2 10 10 935 968 969
1814 2 2 10 10 935 969 936
1815 2 2 10 10 936 969 970
1816 2 2 10 10 936 970 937
1817 2 2 1 1 937 970 971
1818 2 2 1 1 937 971 938
1819 2 2 1 1 938 971 972
1820 2 2 1 1 938 972 939
1821 2 2 1 1 939 972 973
1822 2 2 1 1 939 973 940
1823 2 2 1 1 940 973 974
1824 2 2 1 1 940 974 941
1825 2 2 1 1 941 974 975
1826 2 2 1 1 941 975 942
1827 2 2 1 1 942 975 976
1828 2 2 1 1 942 976 943
1829 2 2 1 1 943 976 977
1830 2 2 1 1 943 977 944
1831 2 2 1 1 944 977 978
1832 2 2 1 1 944 978 945
1833 2 2 11 11 945 978 979
1834 2 2 11 11 945 979 946
1835 2 2 11 11 946 979 980
1836 2 2 11 11 946 980 947
1837 2 2 11 11 947 980 981
1838 2 2 11 11 947 981 948
1839 2 2 11 11 948 981 982
1840 2 2 11 11 948 982 949
1841 2 2 11 11 949 982 983
1842 2 2 11 11 949 983 950
1843 2 2 11 11 950 983 984
1844 2 2 11 11 950 984 951
1845 2 2 11 11 951 984 985
1846 2 2 11 11 951 985 952
1847 2 2 11 11 952 985 986
1848 2 2 11 11 952 986 953
1849 2 2 11 11 953 986 987
1850 2 2 11 11 953 987 954
1851 2 2 11 11 954 987 988
1852 2 2 11 11 954 988 955
1853 2 2 11 11 955 988 989
1854 2 2 11 11 955 989 956
1855 2 2 11 11 956 989 990
1856 2 2 11 11 956 990 957
1857 2 2 10 10 958 991 992
1858 2 2 10 10 958 992 959
1859 2 2 10 10 959 992 993
1860 2 2 10 10 959 993 960
1861 2 2 10 10 960 993 994
1862 2 2 10 10 960 994 961
1863 2 2 10 10 961 994 995
1864 2 2 10 10 961 995 962
1865 2 2 10 10 962 995 996
1866 2 2 10 10 962 996 963
1867 2 2 10 10 963 996 997
1868 2 2 10 10 963 997 964
1869 2 2 10 10 964 997 998
1870 2 2 10 10 964 998 965
1871 2 2 10 10 965 998 999
1872 2 2 10 10 965 999 966
1873 2 2 10 10 966 999 1000
1874 2 2 10 10 966 1000 967
1875 2 2 10 10 967 1000 1001
1876 2 2 10 10 967 1001 968
1877 2 2 10 10 968 1001 1002
1878 2 2 10 10 968 1002 969
1879 2 2 10 10 969 1002 1003
1880 2 2 10 10 969 1003 970
1881 2 2 1 1 970 1003 1004
1882 2 2 1 1 970 1004 971
1883 2 2 1 1 971 1004 1005
1884 2 2 1 1 971 1005 972
1885 2 2 1 1 972 1005 1006
1886 2 2 1 1 972 1006 973
1887 2 2 1 1 973 1006 1007
1888 2 2 1 1 973 1007 974
1889 2 2 1 1 974 1007 1008
1890 2 2 1 1 974 1008 975
1891 2 2 1 1 975 1008 1009
1892 2 2 1 1 975 1009 976
1893 2 2 1 1 976 1009 1010
1894 2 2 1 1 976 1010 977
1895 2 2 1 1 977 1010 1011
1896 2 2 1 1 977 1011 978
1897 2 2 11 11 978 1011 1012
1898 2 2 11 11 978 1012 979
1899 2 2 11 11 979 1012 1013
1900 2 2 11 11 979 1013 980
1901 2 2 11 11 980 1013 1014
1902 2 2 11 11 980 1014 981
1903 2 2 11 11 981 1014 1015
1904 2 2 11 11 981 1015 982
1905 2 2 11 11 982 1015 1016
1906 2 2 11 11 982 1016 983
1907 2 2 11 11 983 1016 1017
1908 2 2 11 11 983 1017 984
1909 2 2 11 11 984 1017 1018
1910 2 2 11 11 984 1018 985
1911 2 2 11 11 985 1018 1019
1912 2 2 11 11 985 1019 986
1913 2 2 11 11 986 1019 1020
1914 2 2 11 11 986 1020 987
1915 2 2 11 11 987 1020 1021
1916 2 2 11 11 987 1021 988
1917 2 2 11 11 988 1021 1022
1918 2 2 11 11 988 1022 989
1919 2 2 11 11 989 1022 1023
1920 2 2 11 11 989 1023 990
1921 2 2 10 10 991 1024 1025
1922 2 2 10 10 991 1025 992
1923 2 2 10 10 992 1025 1026
1924 2 2 10 10 992 1026 993
1925 2 2 10 10 993 1026 1027
1926 2 2 10 10 993 1027 994
1927 2 2 10 10 994 1027 1028
1928 2 2 10 10 994 1028 995
1929 2 2 10 10 995 1028 1029
1930 2 2 10 10 995 1029 996
1931 2 2 10 10 996 1029 1030
1932 2 2 10 10 996 1030 997
1933 2 2 10 10 997 1030 1031
1934 2 2 10 10 997 1031 998
1935 2 2 10 10 998 1031 1032
1936 2 2 10 10 998 1032 999
1937 2 2 10 10 999 1032 1033
1938 2 2 10 10 999 1033 1000
1939 2 2 10 10 1000 1033 1034
1940 2 2 10 10 1000 1034 1001
1941 2 2 10 10 1001 1034 1035
1942 2 2 10 10 1001 1035 1002
1943 2 2 10 10 1002 1035 1036
1944 2 2 10 10 1002 1036 1003
1945 2 2 1 1 1003 1036 1037
1946 2 2 1 1 1003 1037 1004
1947 2 2 1 1 1004 1037 1038
1948 2 2 1 1 1004 1038 1005
1949 2 2 1 1 1005 1038 1039
1950 2 2 1 1 1005 1039 1006
1951 2 2 1 1 1006 1039 1040
1952 2 2 1 1 1006 1040 1007
1953 2 2 1 1 1007 1040 1041
1954 2 2 1 1 1007 1041 1008
1955 2 2 1 1 1008 1041 1042
1956 2 2 1 1 1008 1042 1009
1957 2 2 1 1 1009 1042 1043
1958 2 2 1 1 1009 1043 1010
1959 2 2 1 1 1010 1043 1044
1960 2 2 1 1 1010 1044 1011
1961 2 2 11 11 1011 1044 1045
1962 2 2 11 11 1011 1045 1012
1963 2 2 11 11 1012 1045 1046
1964 2 2 11 11 1012 1046 1013
1965 2 2 11 11 1013 1046 1047
1966 2 2 11 11 1013 1047 1014
1967 2 2 11 11 1014 1047 1048
1968 2 2 11 11 1014 1048 1015
1969 2 2 11 11 1015 1048 1049
1970 2 2 11 11 1015 1049 1016
1971 2 2 11 11 1016 1049 1050
1972 2 2 11 11 1016 1050 1017
1973 2 2 11 11 1017 1050 1051
1974 2 2 11 11 1017 1051 1018
1975 2 2 11 11 1018 1051 1052
1976 2 2 11 11 1018 1052 1019
1977 2 2 11 11 1019 1052 1053
1978 2 2 11 11 1019 1053 1020
1979 2 2 11 11 1020 1053 1054
1980 2 2 11 11 1020 1054 1021
1981 2 2 11 11 1021 1054 1055
1982 2 2 11 11 1021 1055 1022
1983 2 2 11 11 1022 1055 1056
1984 2 2 11 11 1022 1056 1023
1985 2 2 10 10 1024 1057 1058
1986 2 2 10 10 1024 1058 1025
1987 2 2 10 10 1025 1058 1059
1988 2 2 10 10 1025 1059 1026
1989 2 2 10 10 1026 1059 1060
1990 2 2 10 10 1026 1060 1027
1991 2 2 10 10 1027 1060 1061
1992 2 2 10 10 1027 1061 1028
1993 2 2 10 10 1028 1061 1062
1994 2 2 10 10 1028 1062 1029
1995 2 2 10 10 1029 1062 1063
1996 2 2 10 10 1029 1063 1030
1997 2 2 10 10 1030 1063 1064
1998 2 2 10 10 1030 1064 1031
1999 2 2 10 10 1031 1064 1065
2000 2 2 10 10 1031 1065 1032
2001 2 2 10 10 1032 1065 1066
2002 2 2 10 10 1032 1066 1033
2003 2 2 10 10 1033 1066 1067
2004 2 2 10 10 1033 1067 1034
2005 2 2 10 10 1034 1067 1068
2006 2 2 10 10 1034 1068 1035
2007 2 2 10 10 1035 1068 1069
2008 2 2 10 10 1035 1069 1036
2009 2 2 1 1 1036 1069 1070
2010 2 2 1 1 1036 1070 1037
2011 2 2 1 1 1037 1070 1071
2012 2 2 1 1 1037 1071 1038
2013 2 2 1 1 1038 1071 1072
2014 2 2 1 1 1038 1072 1039
2015 2 2 1 1 1039 1072 1073
2016 2 2 1 1 1039 1073 1040
2017 2 2 1 1 1040 1073 1074
2018 2 2 1 1 1040 1074 1041
2019 2 2 1 1 1041 1074 1075
2020 2 2 1 1 1041 1075 1042
2021 2 2 1 1 1042 1075 1076
2022 2 2 1 1 1042 1076 1043
2023 2 2 1 1 1043 1076 1077
2024 2 2 1 1 1043 1077 1044
2025 2 2 11 11 1044 1077 1078
2026 2 2 11 11 1044 1078 1045
2027 2 2 11 11 1045 1078 1079
2028 2 2 11 11 1045 1079 1046
2029 2 2 11 11 1046 1079 1080
2030 2 2 11 11 1046 1080 1047
2031 2 2 11 11 1047 1080 1081
2032 2 2 11 11 1047 1081 1048
2033 2 2 11 11 1048 1081 1082
2034 2 2 11 11 1048 1082 1049
2035 2 2 11 11 1049 1082 1083
2036 2 2 11 11 1049 1083 1050
2037 2 2 11 11 1050 1083 1084
2038 2 2 11 11 1050 1084 1051
2039 2 2 11 11 1051 1084 1085
2040 2 2 11 11 1051 1085 1052
2041 2 2 11 11 1052 1085 1086
2042 2 2 11 11 1052 1086 1053
2043 2 2 11 11 1053 1086 1087
2044 2 2 11 11 1053 1087 1054
2045 2 2 11 11 1054 1087 1088
2046 2 2 11 11 1054 1088 1055
2047 2 2 11 11 1055 1088 1089
2048 2 2 11 11 1055 1089 1056
2049 2 2 10 10 1057 1090 1091
2050 2 2 10 10 1057 1091 1058
2051 2 2 10 10 1058 1091 1092
2052 2 2 10 10 1058 1092 1059
2053 2 2 10 10 1059 1092 1093
2054 2 2 10 10 1059 1093 1060
2055 2 2 10 10 1060 1093 1094
2056 2 2 10 10 1060 1094 1061
2057 2 2 10 10 1061 1094 1095
2058 2 2 10 10 1061 1095 1062
2059 2 2 10 10 1062 1095 1096
2060 2 2 10 10 1062 1096 1063
2061 2 2 10 10 1063 1096 1097
2062 2 2 10 10 1063 1097 1064
2063 2 2 10 10 1064 1097 1098
2064 2 2 10 10 1064 1098 1065
2065 2 2 10 10 1065 1098 1099
2066 2 2 10 10 1065 1099 1066
2067 2 2 10 10 1066 1099 1100
2068 2 2 10 10 1066 1100 1067
2069 2 2 10 10 1067 1100 1101
2070 2 2 10 10 1067 1101 1068
2071 2 2 10 10 1068 1101 1102
2072 2 2 10 10 1068 1102 1069
2073 2 2 1 1 1069 1102 1103
2074 2 2 1 1 1069 1103 1070
2075 2 2 1 1 1070 1103 1104
2076 2 2 1 1 1070 1104 1071
2077 2 2 1 1 1071 1104 1105
2078 2 2 1 1 1071 1105 1072
2079 2 2 1 1 1072 1105 1106
2080 2 2 1 1 1072 1106 1073
2081 2 2 1 1 1073 1106 1107
2082 2 2 1 1 1073 1107 1074
2083 2 2 1 1 1074 1107 1108
2084 2 2 1 1 1074 1108 1075
2085 2 2 1 1 1075 1108 1109
2086 2 2 1 1 1075 1109 1076
2087 2 2 1 1 1076 1109 1110
2088 2 2 1 1 1076 1110 1077
2089 2 2 11 11 1077 1110 1111
2090 2 2 11 11 1077 1111 1078
2091 2 2 11 11 1078 1111 1112
2092 2 2 11 11 1078 1112 1079
2093 2 2 11 11 1079 1112 1113
2094 2 2 11 11 1079 1113 1080
2095 2 2 11 11 1080 1113 1114
2096 2 2 11 11 1080 1114 1081
2097 2 2 11 11 1081 1114 1115
2098 2 2 11 11 1081 1115 1082
2099 2 2 11 11 1082 1115 1116
2100 2 2 11 11 1082 1116 1083
2101 2 2 11 11 1083 1116 1117
2102 2 2 11 11 1083 1117 1084
2103 2 2 11 11 1084 1117 1118
2104 2 2 11 11 1084 1118 1085
2105 2 2 11 11 1085 1118 1119
2106 2 2 11 11 1085 1119 1086
2107 2 2 11 11 1086 1119 1120
2108 2 2 11 11 1086 1120 1087
2109 2 2 11 11 1087 1120 1121
2110 2 2 11 11 1087 1121 1088
2111 2 2 11 11 1088 1121 1122
2112 2 2 11 11 1088 1122 1089
2113 2 2 10 10 1090 1123 1124
2114 2 2 10 10 1090 1124 1091
2115 2 2 10 10 1091 1124 1125
2116 2 2 10 10 1091 1125 1092
2117 2 2 10 10 1092 1125 1126
2118 2 2 10 10 1092 1126 1093
2119 2 2 10 10 1093 1126 1127
2120 2 2 10 10 1093 1127 1094
2121 2 2 10 10 1094 1127 1128
2122 2 2 10 10 1094 1128 1095
2123 2 2 10 10 1095 1128 1129
2124 2 2 10 10 1095 1129 1096
2125 2 2 10 10 1096 1129 1130
2126 2 2 10 10 1096 1130 1097
2127 2 2 10 10 1097 1130 1131
2128 2 2 10 10 1097 1131 1098
2129 2 2 10 10 1098 1131 1132
2130 2 2 10 10 1098 1132 1099
2131 2 2 10 10 1099 1132 1133
2132 2 2 10 10 1099 1133 1100
2133 2 2 10 10 1100 1133 1134
2134 2 2 10 10 1100 1134 1101
2135 2 2 10 10 1101 1134 1135
2136 2 2 10 10 1101 1135 1102
2137 2 2 1 1 1102 1135 1136
2138 2 2 1 1 1102 1136 1103
2139 2 2 1 1 1103 1136 1137
2140 2 2 1 1 1103 1137 1104
2141 2 2 1 1 1104 1137 1138
2142 2 2 1 1 1104 1138 1105
2143 2 2 1 1 1105 1138 1139
2144 2 2 1 1 1105 1139 1106
2145 2 2 1 1 1106 1139 1140
2146 2 2 1 1 1106 1140 1107
2147 2 2 1 1 1107 1140 1141
2148 2 2 1 1 1107 1141 1108
2149 2 2 1 1 1108 1141 1142
2150 2 2 1 1 1108 1142 1109
2151 2 2 1 1 1109 1142 1143
2152 2 2 1 1 1109 1143 1110
2153 2 2 11 11 1110 1143 1144
2154 2 2 11 11 1110 1144 1111
2155 2 2 11 11 1111 1144 1145
2156 2 2 11 11 1111 1145 1112
2157 2 2 11 11 1112 1145 1146
2158 2 2 11 11 1112 1146 1113
2159 2 2 11 11 1113 1146 1147
2160 2 2 11 11 1113 1147 1114
2161 2 2 11 11 1114 1147 1148
2162 2 2 11 11 1114 1148 1115
2163 2 2 11 11 1115 1148 1149
2164 2 2 11 11 1115 1149 1116
2165 2 2 11 11 1116 1149 1150
2166 2 2 11 11 1116 1150 1117
2167 2 2 11 11 1117 1150 1151
2168 2 2 11 11 1117 1151 1118
2169 2 2 11 11 1118 1151 1152
2170 2 2 11 11 1118 1152 1119
2171 2 2 11 11 1119 1152 1153
2172 2 2 11 11 1119 1153 1120
2173 2 2 11 11 1120 1153 1154
2174 2 2 11 11 1120 1154 1121
2175 2 2 11 11 1121 1154 1155
2176 2 2 11 11 1121 1155 1122
2177 2 2 10 10 1123 1156 1157
2178 2 2 10 10 1123 1157 1124
2179 2 2 10 10 1124 1157 1158
2180 2 2 10 10 1124 1158 1125
2181 2 2 10 10 1125 1158 1159
2182 2 2 10 10 1125 1159 1126
2183 2 2 10 10 1126 1159 1160
2184 2 2 10 10 1126 1160 1127
2185 2 2 10 10 1127 1160 1161
2186 2 2 10 10 1127 1161 1128
2187 2 2 10 10 1128 1161 1162
2188 2 2 10 10 1128 1162 1129
2189 2 2 10 10 1129 1162 1163
2190 2 2 10 10 1129 1163 1130
2191 2 2 10 10 1130 1163 1164
2192 2 2 10 10 1130 1164 1131
2193 2 2 10 10 1131 1164 1165
2194 2 2 10 10 1131 1165 1132
2195 2 2 10 10 1132 1165 1166
2196 2 2 10 10 1132 1166 1133
2197 2 2 10 10 1133 1166 1167
2198 2 2 10 10 1133 1167 1134
2199 2 2 10 10 1134 1167 1168
2200 2 2 10 10 1134 1168 1135
2201 2 2 1 1 1135 1168 1169
2202 2 2 1 1 1135 1169 1136
2203 2 2 1 1 1136 1169 1170
2204 2 2 1 1 1136 1170 1137
2205 2 2 1 1 1137 1170 1171
2206 2 2 1 1 1137 1171 1138
2207 2 2 1 1 1138 1171 1172
2208 2 2 1 1 1138 1172 1139
2209 2 2 1 1 1139 1172 1173
2210 2 2 1 1 1139 1173 1140
2211 2 2 1 1 1140 1173 1174
2212 2 2 1 1 1140 1174 1141
2213 2 2 1 1 1141 1174 1175
2214 2 2 1 1 1141 1175 1142
2215 2 2 1 1 1142 1175 1176
2216 2 2 1 1 1142 1176 1143
2217 2 2 11 11 1143 1176 1177
2218 2 2 11 11 1143 1177 1144
2219 2 2 11 11 1144 1177 1178
2220 2 2 11 11 1144 1178 1145
2221 2 2 11 11 1145 1178 1179
2222 2 2 11 11 1145 1179 1146
2223 2 2 11 11 1146 1179 1180
2224 2 2 11 11 1146 1180 1147
2225 2 2 11 11 1147 1180 1181
2226 2 2 11 11 1147 1181 1148
2227 2 2 11 11 1148 1181 1182
2228 2 2 11 11 1148 1182 1149
2229 2 2 11 11 1149 1182 1183
2230 2 2 11 11 1149 1183 1150
2231 2 2 11 11 1150 1183 1184
2232 2 2 11 11 1150 1184 1151
2233 2 2 11 11 1151 1184 1185
2234 2 2 11 11 1151 1185 1152
2235 2 2 11 11 1152 1185 1186
2236 2 2 11 11 1152 1186 1153
2237 2 2 11 11 1153 1186 1187
2238 2 2 11 11 1153 1187 1154
2239 2 2 11 11 1154 1187 1188
2240 2 2 11 11 1154 1188 1155
2241 2 2 10 10 1156 1189 1190
2242 2 2 10 10 1156 1190 1157
2243 2 2 10 10 1157 1190 1191
2244 2 2 10 10 1157 1191 1158
2245 2 2 10 10 1158 1191 1192
2246 2 2 10 10 1158 1192 1159
2247 2 2 10 10 1159 1192 1193
2248 2 2 10 10 1159 1193 1160
2249 2 2 10 10 1160 1193 1194
2250 2 2 10 10 1160 1194 1161
2251 2 2 10 10 1161 1194 1195
2252 2 2 10 10 1161 1195 1162
2253 2 2 10 10 1162 1195 1196
2254 2 2 10 10 1162 1196 1163
2255 2 2 10 10 1163 1196 1197
2256 2 2 10 10 1163 1197 1164
2257 2 2 10 10 1164 1197 1198
2258 2 2 10 10 1164 1198 1165
2259 2 2 10 10 1165 1198 1199
2260 2 2 10 10 1165 1199 1166
2261 2 2 10 10 1166 1199 1200
2262 2 2 10 10 1166 1200 1167
2263 2 2 10 10 1167 1200 1201
2264 2 2 10 10 1167 1201 1168
2265 2 2 1 1 1168 1201 1202
2266 2 2 1 1 1168 1202 1169
2267 2 2 1 1 1169 1202 1203
2268 2 2 1 1 1169 1203 1170
2269 2 2 1 1 1170 1203 1204
2270 2 2 1 1 1170 1204 1171
2271 2 2 1 1 1171 1204 1205
2272 2 2 1 1 1171 1205 1172
2273 2 2 1 1 1172 1205 1206
2274 2 2 1 1 1172 1206 1173
2275 2 2 1 1 1173 1206 1207
2276 2 2 1 1 1173 1207 1174
2277 2 2 1 1 1174 1207 1208
2278 2 2 1 1 1174 1208 1175
2279 2 2 1 1 1175 1208 1209
2280 2 2 1 1 1175 1209 1176
2281 2 2 11 11 1176 1209 1210
2282 2 2 11 11 1176 1210 1177
2283 2 2 11 11 1177 1210 1211
2284 2 2 11 11 1177 1211 1178
2285 2 2 11 11 1178 1211 1212
2286 2 2 11 11 1178 1212 1179
2287 2 2 11 11 1179 1212 1213
2288 2 2 11 11 1179 1213 1180
2289 2 2 11 11 1180 1213 1214
2290 2 2 11 11 1180 1214 1181
2291 2 2 11 11 1181 1214 1215
2292 2 2 11 11 1181 1215 1182
2293 2 2 11 11 1182 1215 1216
2294 2 2 11 11 1182 1216 1183
2295 2 2 11 11 1183 1216 1217
2296 2 2 11 11 1183 1217 1184
2297 2 2 11 11 1184 1217 1218
2298 2 2 11 11 1184 1218 1185
2299 2 2 11 11 1185 1218 1219
2300 2 2 11 11 1185 1219 1186
2301 2 2 11 11 1186 1219 1220
2302 2 2 11 11 1186 1220 1187
2303 2 2 11 11 1187 1220 1221
2304 2 2 11 11 1187 1221 1188
2305 2 2 10 10 1189 1222 1223
2306 2 2 10 10 1189 1223 1190
2307 2 2 10 10 1190 1223 1224
2308 2 2 10 10 1190 1224 1191
2309 2 2 10 10 1191 1224 1225
2310 2 2 10 10 1191 1225 1192
2311 2 2 10 10 1192 1225 1226
2312 2 2 10 10 1192 1226 1193
2313 2 2 10 10 1193 1226 1227
2314 2 2 10 10 1193 1227 1194
2315 2 2 10 10 1194 1227 1228
2316 2 2 10 10 1194 1228 1195
2317 2 2 10 10 1195 1228 1229
2318 2 2 10 10 1195 1229 1196
2319 2 2 10 10 1196 1229 1230
2320 2 2 10 10 1196 1230 1197
2321 2 2 10 10 1197 1230 1231
2322 2 2 10 10 1197 1231 1198
2323 2 2 10 10 1198 1231 1232
2324 2 2 10 10 1198 1232 1199
2325 2 2 10 10 1199 1232 1233
2326 2 2 10 10 1199 1233 1200
2327 2 2 10 10 1200 1233 1234
2328 2 2 10 10 1200 1234 1201
2329 2 2 1 1 1201 1234 1235
2330 2 2 1 1 1201 1235 1202
2331 2 2 1 1 1202 1235 1236
2332 2 2 1 1 1202 1236 1203
2333 2 2 1 1 1203 1236 1237
2334 2 2 1 1 1203 1237 1204
2335 2 2 1 1 1204 1237 1238
2336 2 2 1 1 1204 1238 1205
2337 2 2 1 1 1205 1238 1239
2338 2 2 1 1 1205 1239 1206
2339 2 2 1 1 1206 1239 1240
2340 2 2 1 1 1206 1240 1207
2341 2 2 1 1 1207 1240 1241
2342 2 2 1 1 1207 1241 1208
2343 2 2 1 1 1208 1241 1242
2344 2 2 1 1 1208 1242 1209
2345 2 2 11 11 1209 1242 1243
2346 2 2 11 11 1209 1243 1210
2347 2 2 11 11 1210 1243 1244
2348 2 2 11 11 1210 1244 1211
2349 2 2 11 11 1211 1244 1245
2350 2 2 11 11 1211 1245 1212
2351 2 2 11 11 1212 1245 1246
2352 2 2 11 11 1212 1246 1213
2353 2 2 11 11 1213 1246 1247
2354 2 2 11 11 1213 1247 1214
2355 2 2 11 11 1214 1247 1248
2356 2 2 11 11 1214 1248 1215
2357 2 2 11 11 1215 1248 1249
2358 2 2 11 11 1215 1249 1216
2359 2 2 11 11 1216 1249 1250
2360 2 2 11 11 1216 1250 1217
2361 2 2 11 11 1217 1250 1251
2362 2 2 11 11 1217 1251 1218
2363 2 2 11 11 1218 1251 1252
2364 2 2 11 11 1218 1252 1219
2365 2 2 11 11 1219 1252 1253
2366 2 2 11 11 1219 1253 1220
2367 2 2 11 11 1220 1253 1254
2368 2 2 11 11 1220 1254 1221
2369 2 2 10 10 1222 1255 1256
2370 2 2 10 10 1222 1256 1223
2371 2 2 10 10 1223 1256 1257
2372 2 2 10 10 1223 1257 1224
2373 2 2 10 10 1224 1257 1258
2374 2 2 10 10 1224 1258 1225
2375 2 2 10 10 1225 1258 1259
2376 2 2 10 10 1225 1259 1226
2377 2 2 10 10 1226 1259 1260
2378 2 2 10 10 1226 1260 1227
2379 2 2 10 10 1227 1260 1261
2380 2 2 10 10 1227 1261 1228
2381 2 2 10 10 1228 1261 1262
2382 2 2 10 10 1228 1262 1229
2383 2 2 10 10 1229 1262 1263
2384 2 2 10 10 1229 1263 1230
2385 2 2 10 10 1230 1263 1264
2386 2 2 10 10 1230 1264 1231
2387 2 2 10 10 1231 1264 1265
2388 2 2 10 10 1231 1265 1232
2389 2 2 10 10 1232 1265 1266
2390 2 2 10 10 1232 1266 1233
2391 2 2 10 10 1233 1266 1267
2392 2 2 10 10 1233 1267 1234
2393 2 2 1 1 1234 1267 1268
2394 2 2 1 1 1234 1268 1235
2395 2 2 1 1 1235 1268 1269
2396 2 2 1 1 1235 1269 1236
2397 2 2 1 1 1236 1269 1270
2398 2 2 1 1 1236 1270 1237
2399 2 2 1 1 1237 1270 1271
2400 2 2 1 1 1237 1271 1238
2401 2 2 1 1 1238 1271 1272
2402 2 2 1 1 1238 1272 1239
2403 2 2 1 1 1239 1272 1273
2404 2 2 1 1 1239 1273 1240
2405 2 2 1 1 1240 1273 1274
2406 2 2 1 1 1240 1274 1241
2407 2 2 1 1 1241 1274 1275
2408 2 2 1 1 1241 1275 1242
2409 2 2 11 11 1242 1275 1276
2410 2 2 11 11 1242 1276 1243
2411 2 2 11 11 1243 1276 1277
2412 2 2 11 11 1243 1277 1244
2413 2 2 11 11 1244 1277 1278
2414 2 2 11 11 1244 1278 1245
2415 2 2 11 11 1245 1278 1279
2416 2 2 11 11 1245 1279 1246
2417 2 2 11 11 1246 1279 1280
2418 2 2 11 11 1246 1280 1247
2419 2 2 11 11 1247 1280 1281
2420 2 2 11 11 1247 1281 1248
2421 2 2 11 11 1248 1281 1282
2422 2 2 11 11 1248 1282 1249
2423 2 2 11 11 1249 1282 1283
2424 2 2 11 11 1249 1283 1250
2425 2 2 11 11 1250 1283 1284
2426 2 2 11 11 1250 1284 1251
2427 2 2 11 11 1251 1284 1285
2428 2 2 11 11 1251 1285 1252
2429 2 2 11 11 1252 1285 1286
2430 2 2 11 11 1252 1286 1253
2431 2 2 11 11 1253 1286 1287
2432 2 2 11 11 1253 1287 1254
2433 2 2 10 10 1255 1288 1289
2434 2 2 10 10 1255 1289 1256
2435 2 2 10 10 1256 1289 1290
2436 2 2 10 10 1256 1290 1257
2437 2 2 10 10 1257 1290 1291
2438 2 2 10 10 1257 1291 1258
2439 2 2 10 10 1258 1291 1292
2440 2 2 10 10 1258 1292 1259
2441 2 2 10 10 1259 1292 1293
2442 2 2 10 10 1259 1293 1260
2443 2 2 10 10 1260 1293 1294
2444 2 2 10 10 1260 1294 1261
2445 2 2 10 10 1261 1294 1295
2446 2 2 10 10 1261 1295 1262
2447 2 2 10 10 1262 1295 1296
2448 2 2 10 10 1262 1296 1263
2449 2 2 10 10 1263 1296 1297
2450 2 2 10 10 1263 1297 1264
2451 2 2 10 10 1264 1297 1298
2452 2 2 10 10 1264 1298 1265
2453 2 2 10 10 1265 1298 1299
2454 2 2 10 10 1265 1299 1266
2455 2 2 10 10 1266 1299 1300
2456 2 2 10 10 1266 1300 1267
2457 2 2 1 1 1267 1300 1301
2458 2 2 1 1 1267 1301 1268
2459 2 2 1 1 1268 1301 1302
2460 2 2 1 1 1268 1302 1269
2461 2 2 1 1 1269 1302 1303
2462 2 2 1 1 1269 1303 1270
2463 2 2 1 1 1270 1303 1304
2464 2 2 1 1 1270 1304 1271
2465 2 2 1 1 1271 1304 1305
2466 2 2 1 1 1271 1305 1272
2467 2 2 1 1 1272 1305 1306
2468 2 2 1 1 1272 1306 1273
2469 2 2 1 1 1273 1306 1307
2470 2 2 1 1 1273 1307 1274
2471 2 2 1 1 1274 1307 1308
2472 2 2 1 1 1274 1308 1275
2473 2 2 11 11 1275 1308 1309
2474 2 2 11 11 1275 1309 1276
2475 2 2 11 11 1276 1309 1310
2476 2 2 11 11 1276 1310 1277
2477 2 2 11 11 1277 1310 1311
2478 2 2 11 11 1277 1311 1278
2479 2 2 11 11 1278 1311 1312
2480 2 2 11 11 1278 1312 1279
2481 2 2 11 11 1279 1312 1313
2482 2 2 11 11 1279 1313 1280
2483 2 2 11 11 1280 1313 1314
2484 2 2 11 11 1280 1314 1281
2485 2 2 11 11 1281 1314 1315
2486 2 2 11 11 1281 1315 1282
2487 2 2 11 11 1282 1315 1316
2488 2 2 11 11 1282 1316 1283
2489 2 2 11 11 1283 1316 1317
2490 2 2 11 11 1283 1317 1284
2491 2 2 11 11 1284 1317 1318
2492 2 2 11 11 1284 1318 1285
2493 2 2 11 11 1285 1318 1319
2494 2 2 11 11 1285 1319 1286
2495 2 2 11 11 1286 1319 1320
2496 2 2 11 11 1286 1320 1287
2497 2 2 10 10 1288 1321 1322
2498 2 2 10 10 1288 1322 1289
2499 2 2 10 10 1289 1322 1323
2500 2 2 10 10 1289 1323 1290
2501 2 2 10 10 1290 1323 1324
2502 2 2 10 10 1290 1324 1291
2503 2 2 10 10 1291 1324 1325
2504 2 2 10 10 1291 1325 1292
2505 2 2 10 10 1292 1325 1326
2506 2 2 10 10 1292 1326 1293
2507 2 2 10 10 1293 1326 1327
2508 2 2 10 10 1293 1327 1294
2509 2 2 10 10 1294 1327 1328
2510 2 2 10 10 1294 1328 1295
2511 2 2 10 10 1295 1328 1329
2512 2 2 10 10 1295 1329 1296
2513 2 2 10 10 1296 1329 1330
2514 2 2 10 10 1296 1330 1297
2515 2 2 10 10 1297 1330 1331
2516 2 2 10 10 1297 1331 1298
2517 2 2 10 10 1298 1331 1332
2518 2 2 10 10 1298 1332 1299
2519 2 2 10 10 1299 1332 1333
2520 2 2 10 10 1299 1333 1300
2521 2 2 1 1 1300 1333 1334
2522 2 2 1 1 1300 1334 1301
2523 2 2 1 1 1301 1334 1335
2524 2 2 1 1 1301 1335 1302
2525 2 2 1 1 1302 1335 1336
2526 2 2 1 1 1302 1336 1303
2527 2 2 1 1 1303 1336 1337
2528 2 2 1 1 1303 1337 1304
2529 2 2 1 1 1304 1337 1338
2530 2 2 1 1 1304 1338 1305
2531 2 2 1 1 1305 1338 1339
2532 2 2 1 1 1305 1339 1306
2533 2 2 1 1 1306 1339 1340
2534 2 2 1 1 1306 1340 1307
2535 2 2 1 1 1307 1340 1341
2536 2 2 1 1 1307 1341 1308
2537 2 2 11 11 1308 1341 1342
2538 2 2 11 11 1308 1342 1309
2539 2 2 11 11 1309 1342 1343
2540 2 2 11 11 1309 1343 1310
2541 2 2 11 11 1310 1343 1344
2542 2 2 11 11 1310 1344 1311
2543 2 2 11 11 1311 1344 1345
2544 2 2 11 11 1311 1345 1312
2545 2 2 11 11 1312 1345 1346
2546 2 2 11 11 1312 1346 1313
2547 2 2 11 11 1313 1346 1347
2548 2 2 11 11 1313 1347 1314
2549 2 2 11 11 1314 1347 1348
2550 2 2 11 11 1314 1348 1315
2551 2 2 11 11 1315 1348 1349
2552 2 2 11 11 1315 1349 1316
2553 2 2 11 11 1316 1349 1350
2554 2 2 11 11 1316 1350 1317
2555 2 2 11 11 1317 1350 1351
2556 2 2 11 11 1317 1351 1318
2557 2 2 11 11 1318 1351 1352
2558 2 2 11 11 1318 1352 1319
2559 2 2 11 11 1319 1352 1353
2560 2 2 11 11 1319 1353 1320
$EndElements
